image_id,p_180
test_00000,0.0000276120
test_00001,0.9999772540
test_00002,0.9999995250
test_00003,0.0007148343
test_00004,0.9993888447
test_00005,0.0012552766
test_00006,0.9998614190
test_00007,0.9999929476
test_00008,0.9999996832
test_00009,0.0000190401
test_00010,0.9999945438
test_00011,0.0000001104
test_00012,0.0000197264
test_00013,0.9999962061
test_00014,0.9976108064
test_00015,0.9999997753
test_00016,0.9999972313
test_00017,0.0000019577
test_00018,0.0000018886
test_00019,0.0000001017
test_00020,0.0000000480
test_00021,0.0000492307
test_00022,0.9999971979
test_00023,0.0000395534
test_00024,0.0197845159
test_00025,0.9997834711
test_00026,0.9985666848
test_00027,0.0001005317
test_00028,0.9782880012
test_00029,0.9999991874
test_00030,0.0000030381
test_00031,0.9991847637
test_00032,0.9857015786
test_00033,0.9998893337
test_00034,0.9985192024
test_00035,0.9999892533
test_00036,0.0000457369
test_00037,0.0000480512
test_00038,0.0158594460
test_00039,0.0000278809
test_00040,0.0004654204
test_00041,0.0006622959
test_00042,0.9997075367
test_00043,0.0000005572
test_00044,0.0774318674
test_00045,0.9996887300
test_00046,0.0000001058
test_00047,0.9999974575
test_00048,0.9999920713
test_00049,0.9993293198
test_00050,0.9999975727
test_00051,0.0000058688
test_00052,0.0000000637
test_00053,0.9997523988
test_00054,0.0003049823
test_00055,0.9998250284
test_00056,0.0000001119
test_00057,0.9998286456
test_00058,0.0000239711
test_00059,0.0001365902
test_00060,0.9996867664
test_00061,0.0000014034
test_00062,0.0001250211
test_00063,0.0000024762
test_00064,0.0000280059
test_00065,0.9999996159
test_00066,0.0585864545
test_00067,0.0000031550
test_00068,0.0000151381
test_00069,0.1153376330
test_00070,0.9996181440
test_00071,0.9999586712
test_00072,0.9959117073
test_00073,0.9999990192
test_00074,0.9851659355
test_00075,0.9998546444
test_00076,0.0000072935
test_00077,0.9997778055
test_00078,0.9999944944
test_00079,0.0169899550
test_00080,0.0001736363
test_00081,0.9999977539
test_00082,0.9824198213
test_00083,0.0000033711
test_00084,0.9999960620
test_00085,0.9999860154
test_00086,0.9999928784
test_00087,0.9999998563
test_00088,0.0000237965
test_00089,0.9930953809
test_00090,0.0004482892
test_00091,0.0000000781
test_00092,0.9993843938
test_00093,0.0017029734
test_00094,0.9877667840
test_00095,0.9999990143
test_00096,0.0000100159
test_00097,0.0000395310
test_00098,0.0000002148
test_00099,0.0000023419
test_00100,0.0013774336
test_00101,0.0000104247
test_00102,0.0004109160
test_00103,0.9999999019
test_00104,0.9999823652
test_00105,0.0000000577
test_00106,0.0000054592
test_00107,0.9990785309
test_00108,0.0011094272
test_00109,0.0003991859
test_00110,0.9999980427
test_00111,0.0023930706
test_00112,0.9999902450
test_00113,0.0000020081
test_00114,0.9999767746
test_00115,0.0007087493
test_00116,0.0000751104
test_00117,0.9994378839
test_00118,0.9999866123
test_00119,0.1360551006
test_00120,0.0000020262
test_00121,0.9999988575
test_00122,0.9999278741
test_00123,0.9999975583
test_00124,0.0446739870
test_00125,0.0016065796
test_00126,0.0000054945
test_00127,0.9999996909
test_00128,0.0001544084
test_00129,0.0000310892
test_00130,0.9998791696
test_00131,0.0000002464
test_00132,0.9999487498
test_00133,0.9999791420
test_00134,0.0000001340
test_00135,0.9974651062
test_00136,0.0000443146
test_00137,0.9999980348
test_00138,0.9999838307
test_00139,0.0000049150
test_00140,0.9999994705
test_00141,0.0000184517
test_00142,0.9999898785
test_00143,0.9973947025
test_00144,0.0020544075
test_00145,0.0000014435
test_00146,0.0000001182
test_00147,0.9977851403
test_00148,0.9999990457
test_00149,0.9998637962
test_00150,0.0000174303
test_00151,0.9999916145
test_00152,0.0000112968
test_00153,0.0000877484
test_00154,0.9999895126
test_00155,0.9999996905
test_00156,0.9999915326
test_00157,0.0000282543
test_00158,0.9999994599
test_00159,0.9999908793
test_00160,0.9999798949
test_00161,0.0096604951
test_00162,0.0069126134
test_00163,0.9999305552
test_00164,0.0001029654
test_00165,0.9999998672
test_00166,0.9141606947
test_00167,0.3613606567
test_00168,0.0000004638
test_00169,0.0000001439
test_00170,0.9999976388
test_00171,0.9999696488
test_00172,0.9999952121
test_00173,0.0000011546
test_00174,0.0000000904
test_00175,0.9999998551
test_00176,0.9999463163
test_00177,0.0009924474
test_00178,0.0000136993
test_00179,0.9994819442
test_00180,0.0000071974
test_00181,0.9999994139
test_00182,0.9999972820
test_00183,0.9999982712
test_00184,0.9996515441
test_00185,0.9999846420
test_00186,0.0000058660
test_00187,0.9999932837
test_00188,0.9999994108
test_00189,0.9999930843
test_00190,0.0000018410
test_00191,0.9999545508
test_00192,0.0000160221
test_00193,0.9999988015
test_00194,0.0000040342
test_00195,0.0000294576
test_00196,0.0022498092
test_00197,0.9989307840
test_00198,0.0076187360
test_00199,0.9999883880
test_00200,0.9999998655
test_00201,0.9999196063
test_00202,0.9999306602
test_00203,0.9999517004
test_00204,0.9999823124
test_00205,0.0000054443
test_00206,0.0000011352
test_00207,0.0000077412
test_00208,0.0038836754
test_00209,0.0001265311
test_00210,0.0025489298
test_00211,0.9999998263
test_00212,0.9999626459
test_00213,0.9999742949
test_00214,0.9999990234
test_00215,0.0000008393
test_00216,0.0000020477
test_00217,0.0001071624
test_00218,0.0012474009
test_00219,0.9999995134
test_00220,0.9999997950
test_00221,0.9999914691
test_00222,0.0003668688
test_00223,0.9999189936
test_00224,0.9625202097
test_00225,0.9997112383
test_00226,0.0000001221
test_00227,0.0000015020
test_00228,0.9999949376
test_00229,0.0001072455
test_00230,0.0000526210
test_00231,0.9999526970
test_00232,0.9991265156
test_00233,0.9999726199
test_00234,0.0000902185
test_00235,0.9999412054
test_00236,0.0000006025
test_00237,0.0000003354
test_00238,0.9999932340
test_00239,0.0000013844
test_00240,0.0000000565
test_00241,0.0000000865
test_00242,0.0000607493
test_00243,0.9998661550
test_00244,0.9999985597
test_00245,0.9999980345
test_00246,0.0000091369
test_00247,0.9999399829
test_00248,0.9986860016
test_00249,0.9999285094
test_00250,0.9999985997
test_00251,0.0002169094
test_00252,0.0110276052
test_00253,0.9999979836
test_00254,0.0000018551
test_00255,0.0000000857
test_00256,0.0002091866
test_00257,0.0000011793
test_00258,0.0066510717
test_00259,0.0002778722
test_00260,0.0000294933
test_00261,0.9996699317
test_00262,0.9999964239
test_00263,0.0000501720
test_00264,0.9999851476
test_00265,0.9998013516
test_00266,0.0000340619
test_00267,0.2020974973
test_00268,0.0000686932
test_00269,0.9999981266
test_00270,0.9778209886
test_00271,0.8172895910
test_00272,0.9999987983
test_00273,0.0000001596
test_00274,0.1233118424
test_00275,0.0000020680
test_00276,0.0159552947
test_00277,0.9999698877
test_00278,0.0001162170
test_00279,0.0018055254
test_00280,0.9997860993
test_00281,0.9998172956
test_00282,0.9999960746
test_00283,0.0091567067
test_00284,0.0069018694
test_00285,0.0001456860
test_00286,0.0000058691
test_00287,0.9999922999
test_00288,0.9999847644
test_00289,0.9999926185
test_00290,0.9999707175
test_00291,0.9999997303
test_00292,0.9999926283
test_00293,0.0000002417
test_00294,0.9999995702
test_00295,0.9999791906
test_00296,0.0272851852
test_00297,0.9764323247
test_00298,0.0734502000
test_00299,0.9999881469
test_00300,0.0000542726
test_00301,0.9999998055
test_00302,0.0000008119
test_00303,0.0977394211
test_00304,0.0000249252
test_00305,0.9998208644
test_00306,0.9999996406
test_00307,0.0199202715
test_00308,0.0000049211
test_00309,0.9971870801
test_00310,0.9972285701
test_00311,0.9999989430
test_00312,0.0000632849
test_00313,0.9999974124
test_00314,0.0000015161
test_00315,0.9971727239
test_00316,0.9994806358
test_00317,0.0000583050
test_00318,0.9999710178
test_00319,0.9999914242
test_00320,0.9999996494
test_00321,0.0030062200
test_00322,0.9999981545
test_00323,0.9996956306
test_00324,0.0000604558
test_00325,0.9999320785
test_00326,0.0000267158
test_00327,0.0110701770
test_00328,0.6972397740
test_00329,0.9999969587
test_00330,0.9999945664
test_00331,0.9999988240
test_00332,0.9999993252
test_00333,0.9999980928
test_00334,0.9999999136
test_00335,0.3764509753
test_00336,0.0000003600
test_00337,0.9989596339
test_00338,0.0287337198
test_00339,0.9995407027
test_00340,0.3434293292
test_00341,0.0000002857
test_00342,0.9999994715
test_00343,0.9999990136
test_00344,0.9999994358
test_00345,0.9999839895
test_00346,0.0000080548
test_00347,0.0000006521
test_00348,0.9998904469
test_00349,0.0001677711
test_00350,0.9987200998
test_00351,0.0011758483
test_00352,0.9999806701
test_00353,0.9999987799
test_00354,0.0000037627
test_00355,0.9995034309
test_00356,0.0000231894
test_00357,0.0000001798
test_00358,0.9999989017
test_00359,0.9999998156
test_00360,0.9994966550
test_00361,0.9997279282
test_00362,0.9999750030
test_00363,0.9999998354
test_00364,0.9998431918
test_00365,0.9859639901
test_00366,0.9991568039
test_00367,0.0000001567
test_00368,0.0005906716
test_00369,0.9999960184
test_00370,0.0000140652
test_00371,0.0000006126
test_00372,0.9999993734
test_00373,0.9961684133
test_00374,0.9999990969
test_00375,0.9998477970
test_00376,0.0000012855
test_00377,0.0000005338
test_00378,0.7519137807
test_00379,0.0000000789
test_00380,0.0000398842
test_00381,0.9866781385
test_00382,0.0006465523
test_00383,0.0003777865
test_00384,0.9999997419
test_00385,0.0000451438
test_00386,0.9999440946
test_00387,0.9999997341
test_00388,0.0532752124
test_00389,0.9999999436
test_00390,0.9999842242
test_00391,0.0000001517
test_00392,0.9988299966
test_00393,0.9999962981
test_00394,0.0001082789
test_00395,0.0010645215
test_00396,0.0018503868
test_00397,0.9997572372
test_00398,0.0001237930
test_00399,0.9996323118
test_00400,0.9999998028
test_00401,0.8984062530
test_00402,0.9999838692
test_00403,0.0000049827
test_00404,0.0000002263
test_00405,0.9999997535
test_00406,0.9965179577
test_00407,0.0000052015
test_00408,0.9999994237
test_00409,0.9983764056
test_00410,0.0000000625
test_00411,0.0000040526
test_00412,0.0000021558
test_00413,0.0311116964
test_00414,0.6859886616
test_00415,0.9989879999
test_00416,0.0000000886
test_00417,0.0000019493
test_00418,0.9999944598
test_00419,0.9999939587
test_00420,0.0000019729
test_00421,0.9998816687
test_00422,0.9999959007
test_00423,0.0000000811
test_00424,0.0000096428
test_00425,0.0000001139
test_00426,0.9916576969
test_00427,0.0001166629
test_00428,0.0000017234
test_00429,0.9999240076
test_00430,0.9999996128
test_00431,0.9999970789
test_00432,0.9999998876
test_00433,0.0147595683
test_00434,0.0000125704
test_00435,0.0023303765
test_00436,0.9999714226
test_00437,0.1441160878
test_00438,0.9997484039
test_00439,0.9999676314
test_00440,0.0257965174
test_00441,0.0000314370
test_00442,0.9999985036
test_00443,0.9999389766
test_00444,0.9999965818
test_00445,0.0003078376
test_00446,0.0000004303
test_00447,0.0000019408
test_00448,0.9999729134
test_00449,0.0000029661
test_00450,0.0000017059
test_00451,0.9999663420
test_00452,0.9989742915
test_00453,0.0001390760
test_00454,0.3621144828
test_00455,0.9999997634
test_00456,0.9999700252
test_00457,0.0245301255
test_00458,0.9999862580
test_00459,0.9999118160
test_00460,0.0368054645
test_00461,0.9999975408
test_00462,0.0000974594
test_00463,0.9999867077
test_00464,0.0000000763
test_00465,0.0000041953
test_00466,0.9999656757
test_00467,0.6111969338
test_00468,0.9999746471
test_00469,0.0000008004
test_00470,0.0400793356
test_00471,0.0001398175
test_00472,0.0003776837
test_00473,0.0000567485
test_00474,0.0000006727
test_00475,0.0000034546
test_00476,0.9184203368
test_00477,0.0000606787
test_00478,0.0000249217
test_00479,0.9999972957
test_00480,0.9999990063
test_00481,0.0000011061
test_00482,0.0002788520
test_00483,0.9999546625
test_00484,0.0000001902
test_00485,0.0446343222
test_00486,0.0000866007
test_00487,0.9981793676
test_00488,0.0000004291
test_00489,0.9999993920
test_00490,0.9999690225
test_00491,0.0173618173
test_00492,0.9994643629
test_00493,0.9999974901
test_00494,0.9999967637
test_00495,0.9999911987
test_00496,0.0989707315
test_00497,0.9999897158
test_00498,0.0000009457
test_00499,0.0000024431
test_00500,0.9999996524
test_00501,0.0000040916
test_00502,0.9989411550
test_00503,0.0001434572
test_00504,0.9999995303
test_00505,0.9931754320
test_00506,0.9999764071
test_00507,0.0000001513
test_00508,0.9825742145
test_00509,0.0088166649
test_00510,0.9953417274
test_00511,0.9921050489
test_00512,0.9999990721
test_00513,0.9996083870
test_00514,0.0000001443
test_00515,0.0018537091
test_00516,0.0000028997
test_00517,0.0000104456
test_00518,0.0000212386
test_00519,0.9999476413
test_00520,0.0000075141
test_00521,0.9999996651
test_00522,0.9999592820
test_00523,0.0001459592
test_00524,0.9999965211
test_00525,0.9850504815
test_00526,0.0002031339
test_00527,0.0000099048
test_00528,0.0044536454
test_00529,0.9999995376
test_00530,0.0002654662
test_00531,0.9699182248
test_00532,0.0002387681
test_00533,0.0000020012
test_00534,0.9998988090
test_00535,0.0002455704
test_00536,0.0000027671
test_00537,0.0000418497
test_00538,0.9999995761
test_00539,0.4962557401
test_00540,0.9995693265
test_00541,0.0091325934
test_00542,0.0003210354
test_00543,0.9999969353
test_00544,0.9992803268
test_00545,0.0000086353
test_00546,0.0000448632
test_00547,0.9999998322
test_00548,0.0002254796
test_00549,0.9687409988
test_00550,0.0000520178
test_00551,0.0000004761
test_00552,0.0000045471
test_00553,0.9970467448
test_00554,0.9786392725
test_00555,0.0071818253
test_00556,0.9999978798
test_00557,0.9999128054
test_00558,0.0000020723
test_00559,0.0000545733
test_00560,0.9999983853
test_00561,0.0000038980
test_00562,0.5593868523
test_00563,0.0003410777
test_00564,0.9999998525
test_00565,0.9999915245
test_00566,0.0000002931
test_00567,0.9997727777
test_00568,0.0000001840
test_00569,0.0105846867
test_00570,0.0061231777
test_00571,0.0462442503
test_00572,0.0000082534
test_00573,0.0000005912
test_00574,0.0000261080
test_00575,0.9242124630
test_00576,0.9999923060
test_00577,0.9316244124
test_00578,0.0000133265
test_00579,0.9989472255
test_00580,0.9999978049
test_00581,0.9999998275
test_00582,0.0132847633
test_00583,0.9962067205
test_00584,0.0000003132
test_00585,0.0000069597
test_00586,0.9999983656
test_00587,0.9999998724
test_00588,0.0045193026
test_00589,0.0000006667
test_00590,0.0000046301
test_00591,0.0000001902
test_00592,0.0000008491
test_00593,0.9992591292
test_00594,0.9916967331
test_00595,0.2865332538
test_00596,0.0000005865
test_00597,0.0000063546
test_00598,0.9999993215
test_00599,0.0000024506
test_00600,0.4090708764
test_00601,0.9999981198
test_00602,0.9999480343
test_00603,0.0000123932
test_00604,0.9952536822
test_00605,0.9973930911
test_00606,0.9999980941
test_00607,0.0000473203
test_00608,0.0001062276
test_00609,0.0000000806
test_00610,0.9999236639
test_00611,0.0002139171
test_00612,0.0233337644
test_00613,0.0017831507
test_00614,0.9999692844
test_00615,0.9999973072
test_00616,0.0000946383
test_00617,0.9999929092
test_00618,0.0000078671
test_00619,0.9996191176
test_00620,0.9999916070
test_00621,0.6708607696
test_00622,0.9999999205
test_00623,0.9998808926
test_00624,0.0000265877
test_00625,0.0007017007
test_00626,0.9996258774
test_00627,0.0008708041
test_00628,0.0005564995
test_00629,0.0953751216
test_00630,0.9999991601
test_00631,0.9936992132
test_00632,0.9999536109
test_00633,0.9994956582
test_00634,0.9999999152
test_00635,0.0000000823
test_00636,0.9987682694
test_00637,0.0008664787
test_00638,0.0000730224
test_00639,0.9999939694
test_00640,0.0000005033
test_00641,0.9999996379
test_00642,0.9914678713
test_00643,0.0000066222
test_00644,0.9997385048
test_00645,0.9999997332
test_00646,0.0001650467
test_00647,0.0000277378
test_00648,0.9993140721
test_00649,0.9999925388
test_00650,0.0000014365
test_00651,0.0004433679
test_00652,0.0000038959
test_00653,0.9999994182
test_00654,0.9999350653
test_00655,0.9995601847
test_00656,0.0000114931
test_00657,0.0713993207
test_00658,0.9999545545
test_00659,0.1735784647
test_00660,0.0013346701
test_00661,0.0000001276
test_00662,0.0000033562
test_00663,0.0014880922
test_00664,0.0000205252
test_00665,0.0000192488
test_00666,0.9999101979
test_00667,0.5299965628
test_00668,0.0000174973
test_00669,0.0000061261
test_00670,0.9989848002
test_00671,0.9999727790
test_00672,0.9999972770
test_00673,0.9999967140
test_00674,0.9999983842
test_00675,0.9999987785
test_00676,0.0000365783
test_00677,0.0000053981
test_00678,0.9999930191
test_00679,0.0000134159
test_00680,0.0000677252
test_00681,0.9999991673
test_00682,0.9998087666
test_00683,0.9999963721
test_00684,0.9981338939
test_00685,0.9999984511
test_00686,0.9999451576
test_00687,0.0052059535
test_00688,0.0000004156
test_00689,0.9999979522
test_00690,0.0001002112
test_00691,0.9999996960
test_00692,0.9999838998
test_00693,0.9999699290
test_00694,0.0000000798
test_00695,0.0406414173
test_00696,0.0002831249
test_00697,0.9999999249
test_00698,0.0000129388
test_00699,0.0431584029
test_00700,0.9994318944
test_00701,0.9999988425
test_00702,0.9997067752
test_00703,0.0001423142
test_00704,0.0000054148
test_00705,0.9998354579
test_00706,0.0000120951
test_00707,0.9999994285
test_00708,0.0000004735
test_00709,0.9886180552
test_00710,0.0001507931
test_00711,0.9950396001
test_00712,0.9999951280
test_00713,0.0006469428
test_00714,0.0000746419
test_00715,0.9999987760
test_00716,0.9999422815
test_00717,0.9950038831
test_00718,0.0000379600
test_00719,0.0000002022
test_00720,0.9999995999
test_00721,0.0000026759
test_00722,0.0000025664
test_00723,0.9999974481
test_00724,0.9937208983
test_00725,0.9998148050
test_00726,0.0000009505
test_00727,0.0000088256
test_00728,0.9999933670
test_00729,0.9999956998
test_00730,0.9999211006
test_00731,0.0959878175
test_00732,0.0000002346
test_00733,0.0000040621
test_00734,0.9999532731
test_00735,0.0010430547
test_00736,0.9948629406
test_00737,0.9999960329
test_00738,0.0000055977
test_00739,0.9999989500
test_00740,0.0034311306
test_00741,0.9999960044
test_00742,0.9996196109
test_00743,0.9898957390
test_00744,0.0001693858
test_00745,0.9775656897
test_00746,0.0000047783
test_00747,0.0000119988
test_00748,0.9999993882
test_00749,0.0000026075
test_00750,0.0840496597
test_00751,0.9999720077
test_00752,0.0000276705
test_00753,0.0000071836
test_00754,0.0010517990
test_00755,0.9921888587
test_00756,0.0000013565
test_00757,0.0000024308
test_00758,0.0013549668
test_00759,0.0000188374
test_00760,0.9999327419
test_00761,0.9994135581
test_00762,0.0000590198
test_00763,0.9999986004
test_00764,0.0021157357
test_00765,0.9999961835
test_00766,0.0000053927
test_00767,0.9999782172
test_00768,0.0000018684
test_00769,0.0000001454
test_00770,0.9999998609
test_00771,0.0004705556
test_00772,0.0000006616
test_00773,0.9999994573
test_00774,0.9998476702
test_00775,0.9999998951
test_00776,0.9999995279
test_00777,0.0000407851
test_00778,0.0000502848
test_00779,0.0000015221
test_00780,0.9999486057
test_00781,0.0000105810
test_00782,0.0032684573
test_00783,0.0050160422
test_00784,0.9966136041
test_00785,0.9999941202
test_00786,0.9999955300
test_00787,0.0003548820
test_00788,0.9999330989
test_00789,0.9999994535
test_00790,0.9966384521
test_00791,0.9999488991
test_00792,0.9999368072
test_00793,0.0000007949
test_00794,0.9998757629
test_00795,0.0003311552
test_00796,0.0000032863
test_00797,0.0000060319
test_00798,0.9955232728
test_00799,0.9999346704
test_00800,0.0000067463
test_00801,0.0000020057
test_00802,0.0000118978
test_00803,0.0000305280
test_00804,0.0024965022
test_00805,0.0001544056
test_00806,0.9999997376
test_00807,0.9999967173
test_00808,0.0003822282
test_00809,0.2675449120
test_00810,0.9997329268
test_00811,0.9999990011
test_00812,0.9998962429
test_00813,0.0000186951
test_00814,0.9999600370
test_00815,0.0033695011
test_00816,0.0000446568
test_00817,0.0000006646
test_00818,0.0000111760
test_00819,0.9998745481
test_00820,0.0001762064
test_00821,0.0000017808
test_00822,0.9999167189
test_00823,0.0003316694
test_00824,0.0000001054
test_00825,0.9999987983
test_00826,0.9999851292
test_00827,0.9999478676
test_00828,0.9999987662
test_00829,0.9999963981
test_00830,0.9999986771
test_00831,0.9999595081
test_00832,0.0000016916
test_00833,0.0000405941
test_00834,0.0000009074
test_00835,0.2256975373
test_00836,0.9999541584
test_00837,0.9997674647
test_00838,0.0000009102
test_00839,0.0000004133
test_00840,0.0000007647
test_00841,0.0082122223
test_00842,0.9999949264
test_00843,0.9999963513
test_00844,0.0000003868
test_00845,0.0000037589
test_00846,0.9999979574
test_00847,0.5221736718
test_00848,0.0000002038
test_00849,0.3007310282
test_00850,0.0000421982
test_00851,0.9997647765
test_00852,0.9999960688
test_00853,0.9999974192
test_00854,0.9867172410
test_00855,0.0901483526
test_00856,0.9995871456
test_00857,0.0000022117
test_00858,0.0000152873
test_00859,0.9999828889
test_00860,0.0058208688
test_00861,0.9999664443
test_00862,0.0000003571
test_00863,0.9999997609
test_00864,0.0002477349
test_00865,0.0003003369
test_00866,0.0322619728
test_00867,0.0000023597
test_00868,0.9998166398
test_00869,0.1377302794
test_00870,0.0004252071
test_00871,0.0000003701
test_00872,0.0000001064
test_00873,0.9999984413
test_00874,0.0000289418
test_00875,0.6514509500
test_00876,0.0000645813
test_00877,0.0000003351
test_00878,0.0000127560
test_00879,0.9999986529
test_00880,0.0000449781
test_00881,0.9999998979
test_00882,0.9987805748
test_00883,0.8203025582
test_00884,0.9986793093
test_00885,0.9947253169
test_00886,0.0000700536
test_00887,0.0000010556
test_00888,0.0000171913
test_00889,0.9999840565
test_00890,0.9983869296
test_00891,0.9999949712
test_00892,0.0000023723
test_00893,0.9999985186
test_00894,0.9984380630
test_00895,0.9999645204
test_00896,0.9999979334
test_00897,0.9987197675
test_00898,0.9999248103
test_00899,0.0000081384
test_00900,0.0000127552
test_00901,0.9999996683
test_00902,0.4098317939
test_00903,0.9999995710
test_00904,0.9999999010
test_00905,0.0053067965
test_00906,0.0010301363
test_00907,0.9999902195
test_00908,0.0000002246
test_00909,0.9987125281
test_00910,0.0000023854
test_00911,0.9999928215
test_00912,0.9997501529
test_00913,0.0348651050
test_00914,0.0000119577
test_00915,0.9922944421
test_00916,0.0000134355
test_00917,0.9999990474
test_00918,0.0003549173
test_00919,0.0000003225
test_00920,0.0000001185
test_00921,0.0000031153
test_00922,0.9983787417
test_00923,0.0000001372
test_00924,0.9999449150
test_00925,0.9999996873
test_00926,0.9996846488
test_00927,0.0000068806
test_00928,0.9999640241
test_00929,0.9907017969
test_00930,0.0000013168
test_00931,0.9999889692
test_00932,0.0000182847
test_00933,0.9999982197
test_00934,0.9999961537
test_00935,0.0000359879
test_00936,0.9999942631
test_00937,0.9999998618
test_00938,0.0000096133
test_00939,0.9999996943
test_00940,0.9999971968
test_00941,0.9999913127
test_00942,0.9999976619
test_00943,0.0000010455
test_00944,0.0000091628
test_00945,0.9997925412
test_00946,0.9999555284
test_00947,0.0006364218
test_00948,0.0000025054
test_00949,0.0000549954
test_00950,0.0000013893
test_00951,0.9999399318
test_00952,0.9954344251
test_00953,0.9999409623
test_00954,0.0010838949
test_00955,0.9999853010
test_00956,0.9999982261
test_00957,0.0133618378
test_00958,0.0533177247
test_00959,0.9165861602
test_00960,0.0000029398
test_00961,0.9998396534
test_00962,0.0000248582
test_00963,0.9999974857
test_00964,0.9999960442
test_00965,0.9994389166
test_00966,0.9714713506
test_00967,0.0000007951
test_00968,0.0000079941
test_00969,0.9993260460
test_00970,0.9999981177
test_00971,0.9999976408
test_00972,0.4703646195
test_00973,0.0007511467
test_00974,0.0000117205
test_00975,0.9999980800
test_00976,0.9999948587
test_00977,0.9959699692
test_00978,0.0028967844
test_00979,0.3000272963
test_00980,0.9999999353
test_00981,0.9970368985
test_00982,0.5492201136
test_00983,0.0007146939
test_00984,0.0001118289
test_00985,0.9999990238
test_00986,0.0000019398
test_00987,0.0000001970
test_00988,0.0073157366
test_00989,0.9999350453
test_00990,0.0000140386
test_00991,0.9979295800
test_00992,0.0000006911
test_00993,0.0000012208
test_00994,0.0000050680
test_00995,0.0000011789
test_00996,0.9996490614
test_00997,0.9999907236
test_00998,0.0004468941
test_00999,0.0000026440
test_01000,0.0000021753
test_01001,0.9999992396
test_01002,0.0006307844
test_01003,0.9882277853
test_01004,0.2060674308
test_01005,0.0000084853
test_01006,0.0009625054
test_01007,0.0000493835
test_01008,0.9906443559
test_01009,0.9999914921
test_01010,0.9999754615
test_01011,0.9992047940
test_01012,0.0667441144
test_01013,0.0001192378
test_01014,0.0000290586
test_01015,0.9999996024
test_01016,0.9999908470
test_01017,0.0000622074
test_01018,0.9999999407
test_01019,0.9999707592
test_01020,0.4476589405
test_01021,0.9999924433
test_01022,0.0002314112
test_01023,0.9999891907
test_01024,0.0000005242
test_01025,0.0040420408
test_01026,0.9999966107
test_01027,0.0000021580
test_01028,0.0000022389
test_01029,0.9999993438
test_01030,0.9999996529
test_01031,0.0071222626
test_01032,0.0000030205
test_01033,0.9998804712
test_01034,0.9923236847
test_01035,0.1063631925
test_01036,0.9999162320
test_01037,0.9999908595
test_01038,0.9999058403
test_01039,0.9997983643
test_01040,0.9993017181
test_01041,0.9998339471
test_01042,0.9999975765
test_01043,0.8081588666
test_01044,0.9999989837
test_01045,0.9999073263
test_01046,0.0000004797
test_01047,0.9999553625
test_01048,0.9999985797
test_01049,0.0001263893
test_01050,0.0008968543
test_01051,0.9142208905
test_01052,0.9859193103
test_01053,0.0002165976
test_01054,0.6315006397
test_01055,0.0000439611
test_01056,0.0000009041
test_01057,0.0000020243
test_01058,0.9999980777
test_01059,0.9939256752
test_01060,0.9985339454
test_01061,0.9984319281
test_01062,0.8342044498
test_01063,0.0000079766
test_01064,0.0001574829
test_01065,0.0000165954
test_01066,0.9572495854
test_01067,0.0002497506
test_01068,0.9999982942
test_01069,0.0000005182
test_01070,0.9999996616
test_01071,0.9999945120
test_01072,0.9990351936
test_01073,0.9999982488
test_01074,0.9996476432
test_01075,0.0000003854
test_01076,0.0419069105
test_01077,0.9927695839
test_01078,0.0000072919
test_01079,0.9999996273
test_01080,0.9999944534
test_01081,0.9999998060
test_01082,0.9998236827
test_01083,0.9999891971
test_01084,0.0312618174
test_01085,0.9971591630
test_01086,0.9796334352
test_01087,0.0002034842
test_01088,0.0029968884
test_01089,0.9999702680
test_01090,0.9999999292
test_01091,0.9999997417
test_01092,0.2305524937
test_01093,0.0000621887
test_01094,0.0000004507
test_01095,0.9999997787
test_01096,0.0005348344
test_01097,0.9999968078
test_01098,0.9999928598
test_01099,0.5882891220
test_01100,0.0000004352
test_01101,0.0000015342
test_01102,0.9999992180
test_01103,0.0107751794
test_01104,0.0062920794
test_01105,0.9977817495
test_01106,0.0000487744
test_01107,0.9999993829
test_01108,0.9961565823
test_01109,0.0161045094
test_01110,0.9999503997
test_01111,0.0000002273
test_01112,0.0002096467
test_01113,0.9998240553
test_01114,0.0000006837
test_01115,0.0003874580
test_01116,0.9999389448
test_01117,0.9999996443
test_01118,0.0000024677
test_01119,0.0001052459
test_01120,0.0000008352
test_01121,0.9999532679
test_01122,0.0001132051
test_01123,0.9997948289
test_01124,0.0000050196
test_01125,0.9999804656
test_01126,0.9999991807
test_01127,0.0000028792
test_01128,0.9940208695
test_01129,0.2102321541
test_01130,0.9999994916
test_01131,0.0001193643
test_01132,0.0000086468
test_01133,0.0004895158
test_01134,0.0000019041
test_01135,0.9993882682
test_01136,0.0050991874
test_01137,0.9999831861
test_01138,0.9999756868
test_01139,0.0000006954
test_01140,0.0001813221
test_01141,0.9999987814
test_01142,0.9989532138
test_01143,0.9999606264
test_01144,0.9999817044
test_01145,0.9869757501
test_01146,0.9999989451
test_01147,0.0018308836
test_01148,0.9999995681
test_01149,0.0223754739
test_01150,0.9999939364
test_01151,0.0000003749
test_01152,0.0000520656
test_01153,0.9999703987
test_01154,0.9998815299
test_01155,0.1623457663
test_01156,0.0000011159
test_01157,0.0000442301
test_01158,0.0000746402
test_01159,0.0000138421
test_01160,0.0000697350
test_01161,0.0038408977
test_01162,0.0000013906
test_01163,0.9999990209
test_01164,0.0000000907
test_01165,0.0000004502
test_01166,0.9999965066
test_01167,0.9999891087
test_01168,0.9964595471
test_01169,0.0000966166
test_01170,0.0270688574
test_01171,0.9998588882
test_01172,0.9999985682
test_01173,0.0042121205
test_01174,0.9999083822
test_01175,0.0000006688
test_01176,0.0000001775
test_01177,0.9999983178
test_01178,0.9999711267
test_01179,0.0000989205
test_01180,0.0000000765
test_01181,0.0006942927
test_01182,0.9976488966
test_01183,0.9999927352
test_01184,0.9999939632
test_01185,0.0000604948
test_01186,0.0009227469
test_01187,0.0000552926
test_01188,0.0000000543
test_01189,0.0000001059
test_01190,0.0000206316
test_01191,0.3876880097
test_01192,0.9999438563
test_01193,0.0000059343
test_01194,0.9999546099
test_01195,0.9998599803
test_01196,0.9538624416
test_01197,0.9995798807
test_01198,0.0054310583
test_01199,0.0000005739
test_01200,0.9999968637
test_01201,0.0000705101
test_01202,0.9999992615
test_01203,0.9995324991
test_01204,0.0248199071
test_01205,0.0000070079
test_01206,0.6745802111
test_01207,0.0000032957
test_01208,0.9964875746
test_01209,0.0000428348
test_01210,0.9999998436
test_01211,0.9999905758
test_01212,0.0000018450
test_01213,0.9998029495
test_01214,0.9565016631
test_01215,0.0000012166
test_01216,0.9999989541
test_01217,0.0000257222
test_01218,0.0000132213
test_01219,0.0000547965
test_01220,0.9999997630
test_01221,0.9999992018
test_01222,0.0000306490
test_01223,0.9999053045
test_01224,0.9999993873
test_01225,0.9998283533
test_01226,0.0000103834
test_01227,0.9999859354
test_01228,0.0000782800
test_01229,0.9999944644
test_01230,0.9999989902
test_01231,0.9985478828
test_01232,0.0000052773
test_01233,0.9999849355
test_01234,0.0001572212
test_01235,0.9999937807
test_01236,0.9999993058
test_01237,0.0000398215
test_01238,0.0000007081
test_01239,0.9999975706
test_01240,0.9999978439
test_01241,0.9999913461
test_01242,0.0069362478
test_01243,0.0000292322
test_01244,0.0000040613
test_01245,0.9999988913
test_01246,0.9999938370
test_01247,0.9999727424
test_01248,0.0002619189
test_01249,0.9999981094
test_01250,0.9880428650
test_01251,0.9956665761
test_01252,0.0473765881
test_01253,0.0736568149
test_01254,0.9999995332
test_01255,0.9999624264
test_01256,0.9999499588
test_01257,0.0629421530
test_01258,0.0000061036
test_01259,0.4067410507
test_01260,0.0002395233
test_01261,0.9999988632
test_01262,0.9998609347
test_01263,0.9999912954
test_01264,0.0015801193
test_01265,0.9999833870
test_01266,0.0000052781
test_01267,0.0000038298
test_01268,0.0000813196
test_01269,0.9990851722
test_01270,0.9977538326
test_01271,0.0000008356
test_01272,0.0000006108
test_01273,0.0000006996
test_01274,0.0000008914
test_01275,0.9999965131
test_01276,0.0000001421
test_01277,0.0005931201
test_01278,0.8191933564
test_01279,0.0000011922
test_01280,0.9885906253
test_01281,0.9999988294
test_01282,0.9982302736
test_01283,0.9998804018
test_01284,0.0013359576
test_01285,0.0010752453
test_01286,0.9998387034
test_01287,0.9999977295
test_01288,0.0295545398
test_01289,0.9999894173
test_01290,0.9999868982
test_01291,0.0000003723
test_01292,0.9803408217
test_01293,0.0000011016
test_01294,0.9999996876
test_01295,0.9995322529
test_01296,0.9999974522
test_01297,0.9999866950
test_01298,0.0021887621
test_01299,0.9999800892
test_01300,0.0000139612
test_01301,0.9999994279
test_01302,0.9998909152
test_01303,0.0000463807
test_01304,0.0776567291
test_01305,0.0000052512
test_01306,0.0024586134
test_01307,0.9999997107
test_01308,0.9999998256
test_01309,0.0000001851
test_01310,0.9999789924
test_01311,0.0006993123
test_01312,0.9999997238
test_01313,0.0000022746
test_01314,0.9999992872
test_01315,0.0080930276
test_01316,0.7829068400
test_01317,0.9999955956
test_01318,0.0000787052
test_01319,0.0010228358
test_01320,0.1266437081
test_01321,0.0430378881
test_01322,0.9983711994
test_01323,0.0000314911
test_01324,0.0000007149
test_01325,0.9998820997
test_01326,0.0001195347
test_01327,0.9995174436
test_01328,0.9999997042
test_01329,0.9999998574
test_01330,0.9999998049
test_01331,0.0000010618
test_01332,0.9999633153
test_01333,0.9993956557
test_01334,0.0001197300
test_01335,0.9999998212
test_01336,0.9994138074
test_01337,0.9999989087
test_01338,0.9999990880
test_01339,0.9972617282
test_01340,0.0000805217
test_01341,0.9999886501
test_01342,0.9998790097
test_01343,0.9999632447
test_01344,0.9999998243
test_01345,0.9921285377
test_01346,0.0067814269
test_01347,0.9999980232
test_01348,0.0002880654
test_01349,0.0003454339
test_01350,0.9999863401
test_01351,0.9999990964
test_01352,0.9999960284
test_01353,0.0000006011
test_01354,0.9999959132
test_01355,0.9959371132
test_01356,0.0016862495
test_01357,0.0001163811
test_01358,0.9999982431
test_01359,0.9323597878
test_01360,0.0000038757
test_01361,0.9999964370
test_01362,0.0000212512
test_01363,0.9999975695
test_01364,0.9918766949
test_01365,0.1566350068
test_01366,0.0003352574
test_01367,0.9999993919
test_01368,0.0002809321
test_01369,0.0000387973
test_01370,0.0000062395
test_01371,0.0001968414
test_01372,0.0117659249
test_01373,0.9999960865
test_01374,0.9999666575
test_01375,0.0000001206
test_01376,0.0000000798
test_01377,0.0000021464
test_01378,0.0000073346
test_01379,0.0000008470
test_01380,0.0000055023
test_01381,0.0000062735
test_01382,0.9999366907
test_01383,0.9999751448
test_01384,0.9999955703
test_01385,0.9996280724
test_01386,0.0012340905
test_01387,0.0000336239
test_01388,0.0002187199
test_01389,0.0000002220
test_01390,0.0000014209
test_01391,0.0000077907
test_01392,0.9999763405
test_01393,0.9999992376
test_01394,0.0000100568
test_01395,0.9999999175
test_01396,0.9999992266
test_01397,0.9965778118
test_01398,0.0000488278
test_01399,0.0091664410
test_01400,0.0000010197
test_01401,0.0000079478
test_01402,0.0000074530
test_01403,0.9791861967
test_01404,0.9999951536
test_01405,0.9999790348
test_01406,0.0000187974
test_01407,0.9995972107
test_01408,0.9999995219
test_01409,0.9999983661
test_01410,0.9999962896
test_01411,0.0000023519
test_01412,0.0000004463
test_01413,0.0000226568
test_01414,0.0001002436
test_01415,0.9941424399
test_01416,0.9999997083
test_01417,0.0000000611
test_01418,0.9999982560
test_01419,0.0002623333
test_01420,0.0000000911
test_01421,0.0001719704
test_01422,0.0009400732
test_01423,0.9999955590
test_01424,0.9999737611
test_01425,0.9999995171
test_01426,0.9997751099
test_01427,0.0000264601
test_01428,0.9999900467
test_01429,0.9999840883
test_01430,0.0000485582
test_01431,0.0000118768
test_01432,0.9999716856
test_01433,0.9999461668
test_01434,0.9999897402
test_01435,0.0000004974
test_01436,0.0010692045
test_01437,0.0000007486
test_01438,0.0023624427
test_01439,0.9990281364
test_01440,0.9996898953
test_01441,0.0235650680
test_01442,0.9999930555
test_01443,0.0004623493
test_01444,0.0918581540
test_01445,0.9998925322
test_01446,0.3591165649
test_01447,0.9989774402
test_01448,0.9999934259
test_01449,0.9966869896
test_01450,0.9999424780
test_01451,0.0107432441
test_01452,0.9999999137
test_01453,0.9998581120
test_01454,0.9999657265
test_01455,0.9999945964
test_01456,0.9990036682
test_01457,0.9999941263
test_01458,0.9999325872
test_01459,0.9999989521
test_01460,0.0000004666
test_01461,0.0000025255
test_01462,0.0000000380
test_01463,0.9999996747
test_01464,0.0000001838
test_01465,0.9956915234
test_01466,0.9999972500
test_01467,0.9998618040
test_01468,0.9998893056
test_01469,0.0000102851
test_01470,0.0048607304
test_01471,0.2509349962
test_01472,0.9872228597
test_01473,0.0000001545
test_01474,0.9998587868
test_01475,0.0000132447
test_01476,0.0000060440
test_01477,0.0000014197
test_01478,0.0002079945
test_01479,0.7103163799
test_01480,0.9997178595
test_01481,0.9948938557
test_01482,0.3396580711
test_01483,0.8954325655
test_01484,0.0000000599
test_01485,0.9999979236
test_01486,0.9999976485
test_01487,0.0000030504
test_01488,0.9999998045
test_01489,0.9818511886
test_01490,0.9977057074
test_01491,0.0000060787
test_01492,0.0000025177
test_01493,0.0000038156
test_01494,0.0000005362
test_01495,0.0000006474
test_01496,0.9995474450
test_01497,0.9149857929
test_01498,0.9937816266
test_01499,0.0001510941
test_01500,0.0000372080
test_01501,0.0005647137
test_01502,0.0722435647
test_01503,0.9656413954
test_01504,0.9999961151
test_01505,0.0000035482
test_01506,0.9998255095
test_01507,0.9999970136
test_01508,0.9997753379
test_01509,0.9999917429
test_01510,0.2889704203
test_01511,0.9999972025
test_01512,0.9999994406
test_01513,0.9999933149
test_01514,0.0533884969
test_01515,0.9999992729
test_01516,0.0000169994
test_01517,0.0001146736
test_01518,0.9999473024
test_01519,0.9997586804
test_01520,0.9999996133
test_01521,0.9999941530
test_01522,0.9999987534
test_01523,0.9999941988
test_01524,0.9998948545
test_01525,0.9999978673
test_01526,0.0000002128
test_01527,0.9999951799
test_01528,0.9999972706
test_01529,0.0001015953
test_01530,0.9999996700
test_01531,0.0006390628
test_01532,0.9999818707
test_01533,0.9868052868
test_01534,0.0000153873
test_01535,0.0000046761
test_01536,0.0000395954
test_01537,0.9999930579
test_01538,0.0000618108
test_01539,0.9999998243
test_01540,0.4431702596
test_01541,0.0082870760
test_01542,0.9999549233
test_01543,0.9999998049
test_01544,0.0000139722
test_01545,0.9999997252
test_01546,0.9999837148
test_01547,0.9592728841
test_01548,0.0000003805
test_01549,0.9999932095
test_01550,0.9999742310
test_01551,0.0001638794
test_01552,0.9926788719
test_01553,0.9998223872
test_01554,0.0000014079
test_01555,0.9915831875
test_01556,0.9999970394
test_01557,0.9999992766
test_01558,0.9999995925
test_01559,0.0000031133
test_01560,0.9967884509
test_01561,0.0000064837
test_01562,0.0000376128
test_01563,0.9999925067
test_01564,0.0000001351
test_01565,0.9999910959
test_01566,0.9998940810
test_01567,0.0006668145
test_01568,0.0000001706
test_01569,0.0000105975
test_01570,0.0000279976
test_01571,0.9999222381
test_01572,0.9999673077
test_01573,0.9114691020
test_01574,0.3477532696
test_01575,0.0000231296
test_01576,0.9999944505
test_01577,0.0006251993
test_01578,0.9999167984
test_01579,0.9883337832
test_01580,0.0000736026
test_01581,0.9999998853
test_01582,0.0000014146
test_01583,0.0000003874
test_01584,0.3760276762
test_01585,0.0008301975
test_01586,0.9999996489
test_01587,0.9985295513
test_01588,0.0000023925
test_01589,0.0922794957
test_01590,0.9999983106
test_01591,0.9999996320
test_01592,0.0000172775
test_01593,0.0000038271
test_01594,0.9999875282
test_01595,0.9999996962
test_01596,0.0000015438
test_01597,0.0000091078
test_01598,0.0000012784
test_01599,0.9999377236
test_01600,0.0000032085
test_01601,0.9999902146
test_01602,0.0004180954
test_01603,0.9999520513
test_01604,0.9999997274
test_01605,0.0000002138
test_01606,0.0002243320
test_01607,0.9998875295
test_01608,0.9999248121
test_01609,0.9999984001
test_01610,0.9999670243
test_01611,0.0000823800
test_01612,0.9999822955
test_01613,0.0060034725
test_01614,0.0000581362
test_01615,0.9985378594
test_01616,0.0000528192
test_01617,0.9957176731
test_01618,0.9999691455
test_01619,0.0000000503
test_01620,0.0000268216
test_01621,0.0066166192
test_01622,0.9999952124
test_01623,0.9912728889
test_01624,0.9782749999
test_01625,0.9878326198
test_01626,0.9999989238
test_01627,0.9999799066
test_01628,0.0000080765
test_01629,0.9983372412
test_01630,0.9999816190
test_01631,0.9997680385
test_01632,0.0000000867
test_01633,0.9998762487
test_01634,0.0000024012
test_01635,0.9997794807
test_01636,0.9969592609
test_01637,0.0000034804
test_01638,0.9952072518
test_01639,0.0002826569
test_01640,0.0000007737
test_01641,0.0093948407
test_01642,0.9999817247
test_01643,0.0000017347
test_01644,0.8355643280
test_01645,0.9975460954
test_01646,0.4357245062
test_01647,0.9999796946
test_01648,0.9999991471
test_01649,0.0000003603
test_01650,0.0016454537
test_01651,0.0002221353
test_01652,0.9999998942
test_01653,0.0000111493
test_01654,0.9989017879
test_01655,0.9999959490
test_01656,0.9999989340
test_01657,0.0000461194
test_01658,0.1092932454
test_01659,0.0004148877
test_01660,0.9999998799
test_01661,0.0000023424
test_01662,0.9997918015
test_01663,0.0000007649
test_01664,0.0002836065
test_01665,0.9983014895
test_01666,0.0000034957
test_01667,0.0000015818
test_01668,0.9998715631
test_01669,0.0006115622
test_01670,0.9975976230
test_01671,0.9999995204
test_01672,0.9999992586
test_01673,0.0257414801
test_01674,0.0001354997
test_01675,0.0000342040
test_01676,0.9999563460
test_01677,0.0013323983
test_01678,0.9999092693
test_01679,0.9999724999
test_01680,0.0000020374
test_01681,0.9993270048
test_01682,0.9999992467
test_01683,0.0000031972
test_01684,0.9999812188
test_01685,0.9999450510
test_01686,0.9999941719
test_01687,0.9981200512
test_01688,0.0000200458
test_01689,0.0001266508
test_01690,0.9999982684
test_01691,0.0000033225
test_01692,0.0000006219
test_01693,0.0020978465
test_01694,0.0010409651
test_01695,0.0348807708
test_01696,0.9999990774
test_01697,0.9999521602
test_01698,0.9999358461
test_01699,0.0000010763
test_01700,0.9999992085
test_01701,0.0004481225
test_01702,0.0000069092
test_01703,0.9999997821
test_01704,0.0000001140
test_01705,0.2367251284
test_01706,0.9966185117
test_01707,0.9999897985
test_01708,0.9999994645
test_01709,0.9999959949
test_01710,0.9999923813
test_01711,0.0000015220
test_01712,0.0007841538
test_01713,0.0000023565
test_01714,0.0000816130
test_01715,0.9999996823
test_01716,0.9999767465
test_01717,0.9999942322
test_01718,0.0000031016
test_01719,0.0000004099
test_01720,0.9242250348
test_01721,0.0000000776
test_01722,0.9999993675
test_01723,0.0000192561
test_01724,0.0001150122
test_01725,0.0000202206
test_01726,0.0000002108
test_01727,0.9999934571
test_01728,0.0000412694
test_01729,0.9999912987
test_01730,0.0111162690
test_01731,0.0024213816
test_01732,0.0044835751
test_01733,0.9999880093
test_01734,0.9998634610
test_01735,0.9999999532
test_01736,0.9993909562
test_01737,0.9999989364
test_01738,0.9999943202
test_01739,0.4387590026
test_01740,0.9954850781
test_01741,0.0000003558
test_01742,0.0000002901
test_01743,0.9994659986
test_01744,0.9998283151
test_01745,0.0009562384
test_01746,0.0002719696
test_01747,0.9999993654
test_01748,0.0001537300
test_01749,0.9999626728
test_01750,0.9999996743
test_01751,0.0311539157
test_01752,0.0000442245
test_01753,0.9593287837
test_01754,0.0082644079
test_01755,0.9131935753
test_01756,0.9999614732
test_01757,0.9996912509
test_01758,0.0000137028
test_01759,0.0000230195
test_01760,0.9999969185
test_01761,0.0000291999
test_01762,0.0000311435
test_01763,0.0000037548
test_01764,0.9892107083
test_01765,0.9985913902
test_01766,0.0000020005
test_01767,0.0000005409
test_01768,0.0000442140
test_01769,0.9878754140
test_01770,0.9908390912
test_01771,0.0304275078
test_01772,0.0000220912
test_01773,0.9999923857
test_01774,0.9999985755
test_01775,0.9997663988
test_01776,0.9995870250
test_01777,0.9999796604
test_01778,0.9999966038
test_01779,0.0661254852
test_01780,0.0009184569
test_01781,0.9998158081
test_01782,0.0000007091
test_01783,0.9980763586
test_01784,0.0000207211
test_01785,0.9996991306
test_01786,0.9961454185
test_01787,0.2650171130
test_01788,0.9999984984
test_01789,0.4329518964
test_01790,0.0000002046
test_01791,0.9999985539
test_01792,0.0930056921
test_01793,0.0000206368
test_01794,0.9997921238
test_01795,0.0006069878
test_01796,0.0006477930
test_01797,0.0004350015
test_01798,0.9994277708
test_01799,0.6657569118
test_01800,0.9999165190
test_01801,0.9999997084
test_01802,0.0025499132
test_01803,0.9999953131
test_01804,0.9999923950
test_01805,0.0000000761
test_01806,0.0000454475
test_01807,0.9999998632
test_01808,0.9999907425
test_01809,0.9999975112
test_01810,0.9990923160
test_01811,0.9999914336
test_01812,0.9999985869
test_01813,0.0048256277
test_01814,0.0000000952
test_01815,0.9999992559
test_01816,0.9999561623
test_01817,0.0000180823
test_01818,0.9999984400
test_01819,0.9999812963
test_01820,0.0000426689
test_01821,0.9999962083
test_01822,0.6324698495
test_01823,0.0000005034
test_01824,0.9146605774
test_01825,0.0124989545
test_01826,0.9999538056
test_01827,0.0000023863
test_01828,0.9999999272
test_01829,0.0000006198
test_01830,0.9999995568
test_01831,0.1866352249
test_01832,0.0000118446
test_01833,0.0000608548
test_01834,0.9615663110
test_01835,0.8999571397
test_01836,0.0000092666
test_01837,0.9999989777
test_01838,0.0000840847
test_01839,0.9999930622
test_01840,0.0018085592
test_01841,0.9998978761
test_01842,0.0000167084
test_01843,0.0000017467
test_01844,0.9999118711
test_01845,0.9999660989
test_01846,0.9999997623
test_01847,0.9999982442
test_01848,0.0000018967
test_01849,0.9996703395
test_01850,0.9999796924
test_01851,0.9999980427
test_01852,0.0129623898
test_01853,0.0284054230
test_01854,0.0000018844
test_01855,0.0000047145
test_01856,0.9998614448
test_01857,0.0000000378
test_01858,0.9999961693
test_01859,0.9995661519
test_01860,0.9999992964
test_01861,0.0000051928
test_01862,0.0016225625
test_01863,0.9991516836
test_01864,0.0000000590
test_01865,0.9999209706
test_01866,0.3081008645
test_01867,0.0000402956
test_01868,0.0001807216
test_01869,0.9999917176
test_01870,0.0000003179
test_01871,0.9999985339
test_01872,0.0000816240
test_01873,0.9999406522
test_01874,0.3184432881
test_01875,0.0000890345
test_01876,0.9999661434
test_01877,0.9999997984
test_01878,0.0005267306
test_01879,0.9999994269
test_01880,0.9999528791
test_01881,0.9999970038
test_01882,0.0000001977
test_01883,0.0003109396
test_01884,0.0000019591
test_01885,0.0012224244
test_01886,0.0000003573
test_01887,0.9966705863
test_01888,0.1122608263
test_01889,0.0000363099
test_01890,0.9999989634
test_01891,0.0019078245
test_01892,0.0002391051
test_01893,0.9999969609
test_01894,0.0572757744
test_01895,0.0000001814
test_01896,0.9999601717
test_01897,0.0000031842
test_01898,0.9996971364
test_01899,0.4740309574
test_01900,0.9999996749
test_01901,0.0002177887
test_01902,0.9999831464
test_01903,0.0000542892
test_01904,0.0000000471
test_01905,0.9997065948
test_01906,0.0000842340
test_01907,0.9999938490
test_01908,0.9999982924
test_01909,0.0000027554
test_01910,0.0000002252
test_01911,0.0000042714
test_01912,0.9999995818
test_01913,0.0002440630
test_01914,0.9999998534
test_01915,0.0000324128
test_01916,0.9999997400
test_01917,0.9999996063
test_01918,0.9999763336
test_01919,0.0058001149
test_01920,0.9999992722
test_01921,0.0000405176
test_01922,0.9792568112
test_01923,0.9770054353
test_01924,0.9999908261
test_01925,0.9999997033
test_01926,0.0000364728
test_01927,0.9999533511
test_01928,0.0000030114
test_01929,0.9998517867
test_01930,0.9999993829
test_01931,0.0000000883
test_01932,0.9999995156
test_01933,0.9999994014
test_01934,0.9989991356
test_01935,0.0000007131
test_01936,0.0000301924
test_01937,0.9999997740
test_01938,0.0056780012
test_01939,0.9999919486
test_01940,0.0000016436
test_01941,0.9993740489
test_01942,0.9999985686
test_01943,0.0000894015
test_01944,0.9999486618
test_01945,0.0000071048
test_01946,0.9990152376
test_01947,0.0000288572
test_01948,0.0001303845
test_01949,0.0000146858
test_01950,0.9996944217
test_01951,0.0002105219
test_01952,0.9999994811
test_01953,0.0000002042
test_01954,0.9999998357
test_01955,0.0002670544
test_01956,0.9999998245
test_01957,0.9999986519
test_01958,0.0005403201
test_01959,0.0000002354
test_01960,0.9999994056
test_01961,0.9998611871
test_01962,0.0000000749
test_01963,0.0030717550
test_01964,0.0000200227
test_01965,0.9999954481
test_01966,0.0000003943
test_01967,0.0055253866
test_01968,0.9999977403
test_01969,0.0000018285
test_01970,0.0000837531
test_01971,0.9999601471
test_01972,0.9998715225
test_01973,0.0000020470
test_01974,0.3130681858
test_01975,0.9999974915
test_01976,0.9999978006
test_01977,0.0000074086
test_01978,0.9999994923
test_01979,0.0000174972
test_01980,0.0554390667
test_01981,0.0000774715
test_01982,0.0000022466
test_01983,0.0000101056
test_01984,0.9754043594
test_01985,0.9999896190
test_01986,0.9963839522
test_01987,0.0012829161
test_01988,0.0000004535
test_01989,0.9988914506
test_01990,0.0000365695
test_01991,0.9999992864
test_01992,0.1804102762
test_01993,0.9999595442
test_01994,0.0000261749
test_01995,0.9999715458
test_01996,0.9998993640
test_01997,0.9999834772
test_01998,0.0001587318
test_01999,0.0001353461
test_02000,0.9999998799
test_02001,0.0000003824
test_02002,0.0000009175
test_02003,0.9988258723
test_02004,0.0000457847
test_02005,0.9999202998
test_02006,0.0000745039
test_02007,0.1198545274
test_02008,0.0066922096
test_02009,0.9998699948
test_02010,0.9999997596
test_02011,0.9999891730
test_02012,0.9901363488
test_02013,0.9999996224
test_02014,0.0000001855
test_02015,0.0000107645
test_02016,0.9999991768
test_02017,0.0000146749
test_02018,0.9999939995
test_02019,0.9999856181
test_02020,0.0001433845
test_02021,0.9999013012
test_02022,0.5407196557
test_02023,0.0030089310
test_02024,0.0000027263
test_02025,0.9999966322
test_02026,0.9999983762
test_02027,0.0010851328
test_02028,0.9999999323
test_02029,0.9999294114
test_02030,0.9999989886
test_02031,0.9976453477
test_02032,0.0037504179
test_02033,0.0000001339
test_02034,0.0240774201
test_02035,0.9999789648
test_02036,0.0019199831
test_02037,0.0000064088
test_02038,0.9755788314
test_02039,0.9999814848
test_02040,0.2247401000
test_02041,0.9999991191
test_02042,0.0000001330
test_02043,0.0000002268
test_02044,0.0086864657
test_02045,0.9999972842
test_02046,0.0000017895
test_02047,0.0400054740
test_02048,0.9999812475
test_02049,0.0000471846
test_02050,0.9999268931
test_02051,0.9999404581
test_02052,0.0314542690
test_02053,0.9999815778
test_02054,0.7987987456
test_02055,0.9999188959
test_02056,0.9999906151
test_02057,0.9999179344
test_02058,0.3889408461
test_02059,0.9999999193
test_02060,0.9999942703
test_02061,0.9945760690
test_02062,0.0000258403
test_02063,0.0000001942
test_02064,0.9928497800
test_02065,0.9994687585
test_02066,0.9999955371
test_02067,0.0000009734
test_02068,0.0007200875
test_02069,0.9997145592
test_02070,0.0000023142
test_02071,0.0003140023
test_02072,0.9999983110
test_02073,0.0010310971
test_02074,0.9999535267
test_02075,0.9984966110
test_02076,0.0266576294
test_02077,0.0000052284
test_02078,0.9999945332
test_02079,0.0001162769
test_02080,0.9999945414
test_02081,0.0000029755
test_02082,0.9991742530
test_02083,0.0000013340
test_02084,0.0000021666
test_02085,0.0001000856
test_02086,0.0000015376
test_02087,0.0000016618
test_02088,0.0000009171
test_02089,0.0000024820
test_02090,0.1533548835
test_02091,0.0000003442
test_02092,0.0000013225
test_02093,0.0000001721
test_02094,0.9999962909
test_02095,0.0000146669
test_02096,0.0000675879
test_02097,0.0184809348
test_02098,0.9998637265
test_02099,0.9999981644
test_02100,0.9999999160
test_02101,0.9869845266
test_02102,0.9999998026
test_02103,0.0000519850
test_02104,0.0182817887
test_02105,0.9999932671
test_02106,0.9999975273
test_02107,0.0002616609
test_02108,0.0000013231
test_02109,0.0000158056
test_02110,0.9999823634
test_02111,0.0000018716
test_02112,0.0019102112
test_02113,0.9999969212
test_02114,0.9999955479
test_02115,0.0000520403
test_02116,0.9999627224
test_02117,0.0000397109
test_02118,0.0341369106
test_02119,0.9998774680
test_02120,0.0000044235
test_02121,0.9997773851
test_02122,0.0000006380
test_02123,0.0000427537
test_02124,0.0051155159
test_02125,0.9999995201
test_02126,0.0060856972
test_02127,0.0000001676
test_02128,0.0000064869
test_02129,0.9994426768
test_02130,0.9999940791
test_02131,0.9999996752
test_02132,0.9999734387
test_02133,0.9999980802
test_02134,0.0000094323
test_02135,0.9999995144
test_02136,0.9859350921
test_02137,0.9635349835
test_02138,0.8844619296
test_02139,0.9994664710
test_02140,0.0000291383
test_02141,0.9999993401
test_02142,0.9999999028
test_02143,0.0000029275
test_02144,0.9889429104
test_02145,0.0000022702
test_02146,0.0000086007
test_02147,0.9917136876
test_02148,0.9999130523
test_02149,0.0000133098
test_02150,0.9999958008
test_02151,0.0000346833
test_02152,0.0004765602
test_02153,0.9999922691
test_02154,0.9999979251
test_02155,0.9999996303
test_02156,0.0153517596
test_02157,0.0000078746
test_02158,0.0012058312
test_02159,0.9999798593
test_02160,0.9999874611
test_02161,0.9999985351
test_02162,0.9999981952
test_02163,0.0000000524
test_02164,0.0000000646
test_02165,0.0012702934
test_02166,0.0000055808
test_02167,0.1089000922
test_02168,0.0487884088
test_02169,0.0000077181
test_02170,0.9999923475
test_02171,0.0008503572
test_02172,0.9999953141
test_02173,0.0000265334
test_02174,0.9999888990
test_02175,0.9998001350
test_02176,0.0001007779
test_02177,0.9804468643
test_02178,0.0041704226
test_02179,0.9929286613
test_02180,0.9999996649
test_02181,0.9999951387
test_02182,0.0085677299
test_02183,0.0000000595
test_02184,0.0000009113
test_02185,0.9999997811
test_02186,0.0000000566
test_02187,0.9999951493
test_02188,0.0258421233
test_02189,0.9999832789
test_02190,0.9999976503
test_02191,0.9999908752
test_02192,0.0020429732
test_02193,0.0000007094
test_02194,0.9971998390
test_02195,0.9969681644
test_02196,0.0003240228
test_02197,0.9989357578
test_02198,0.0000092061
test_02199,0.0311889889
test_02200,0.0000013807
test_02201,0.0013311387
test_02202,0.0000110151
test_02203,0.0000010618
test_02204,0.0019487209
test_02205,0.0005558989
test_02206,0.9999642425
test_02207,0.0238958418
test_02208,0.9965079112
test_02209,0.9990397819
test_02210,0.0000806758
test_02211,0.0000648327
test_02212,0.1078507249
test_02213,0.9998651918
test_02214,0.9999915269
test_02215,0.0000156496
test_02216,0.0000705668
test_02217,0.0000115260
test_02218,0.9848303585
test_02219,0.0000818834
test_02220,0.0000007571
test_02221,0.0027432483
test_02222,0.9999692534
test_02223,0.0000259042
test_02224,0.9999996451
test_02225,0.0000008885
test_02226,0.0000014941
test_02227,0.0157592415
test_02228,0.9999997511
test_02229,0.9999991944
test_02230,0.0000043035
test_02231,0.0088055349
test_02232,0.9994284357
test_02233,0.9999848947
test_02234,0.0000013152
test_02235,0.9999170357
test_02236,0.8896610454
test_02237,0.9991012086
test_02238,0.0006525523
test_02239,0.9879416871
test_02240,0.9988880021
test_02241,0.9999997008
test_02242,0.0002076528
test_02243,0.0000114065
test_02244,0.9999997314
test_02245,0.0008942818
test_02246,0.9999992054
test_02247,0.9999960223
test_02248,0.9999911872
test_02249,0.9999890666
test_02250,0.9999960252
test_02251,0.0001555085
test_02252,0.9999904786
test_02253,0.9987867247
test_02254,0.0000003299
test_02255,0.9693854627
test_02256,0.0001419516
test_02257,0.9999392007
test_02258,0.0000147491
test_02259,0.9999433389
test_02260,0.4089607413
test_02261,0.0000093880
test_02262,0.1777888108
test_02263,0.9994653881
test_02264,0.0000262835
test_02265,0.9999994710
test_02266,0.9993956904
test_02267,0.0204687436
test_02268,0.0593394426
test_02269,0.9999071105
test_02270,0.9939247635
test_02271,0.0000002413
test_02272,0.0000023798
test_02273,0.9998542185
test_02274,0.7427997804
test_02275,0.9999998145
test_02276,0.9999735313
test_02277,0.9999998067
test_02278,0.9999998763
test_02279,0.9999821650
test_02280,0.0000148859
test_02281,0.9249907043
test_02282,0.0000019241
test_02283,0.8760455430
test_02284,0.0000001119
test_02285,0.9999788885
test_02286,0.0000234459
test_02287,0.0000001390
test_02288,0.0000007101
test_02289,0.0000057050
test_02290,0.0091531301
test_02291,0.0000012935
test_02292,0.0012652285
test_02293,0.0000253079
test_02294,0.9999960884
test_02295,0.7446874185
test_02296,0.9999998426
test_02297,0.9999994721
test_02298,0.9999816531
test_02299,0.9999883040
test_02300,0.0000036150
test_02301,0.8349632922
test_02302,0.9999998934
test_02303,0.9999988189
test_02304,0.0000052457
test_02305,0.9999979573
test_02306,0.9999922200
test_02307,0.4037745232
test_02308,0.0000371153
test_02309,0.0064447596
test_02310,0.9999948717
test_02311,0.9996786020
test_02312,0.0000476649
test_02313,0.0011839903
test_02314,0.0025795752
test_02315,0.9998632178
test_02316,0.9977579670
test_02317,0.0000009129
test_02318,0.9999970137
test_02319,0.9999993636
test_02320,0.8756952622
test_02321,0.5466449406
test_02322,0.9892290052
test_02323,0.0000067364
test_02324,0.9999973743
test_02325,0.9999991160
test_02326,0.0076010321
test_02327,0.9305138922
test_02328,0.0135649983
test_02329,0.0000273658
test_02330,0.0000033682
test_02331,0.0000011498
test_02332,0.0000097094
test_02333,0.0000008168
test_02334,0.9896212160
test_02335,0.9999977308
test_02336,0.9999998017
test_02337,0.0164228659
test_02338,0.0129709731
test_02339,0.9997686533
test_02340,0.9999035122
test_02341,0.9996366339
test_02342,0.0000743715
test_02343,0.9999978988
test_02344,0.0000689873
test_02345,0.0000004719
test_02346,0.9999480593
test_02347,0.9999958487
test_02348,0.9999981198
test_02349,0.9999997088
test_02350,0.0000007322
test_02351,0.0000015106
test_02352,0.0002175614
test_02353,0.0009774402
test_02354,0.9999995480
test_02355,0.9999697335
test_02356,0.9996386716
test_02357,0.0000063863
test_02358,0.9999816482
test_02359,0.9999965737
test_02360,0.0000046880
test_02361,0.4862201807
test_02362,0.9999416325
test_02363,0.9999949773
test_02364,0.9999994900
test_02365,0.9999995792
test_02366,0.0000112268
test_02367,0.9999997758
test_02368,0.0000002348
test_02369,0.0000000408
test_02370,0.9999998613
test_02371,0.9999942282
test_02372,0.0000094092
test_02373,0.0000005417
test_02374,0.9999993805
test_02375,0.9999883662
test_02376,0.8605875587
test_02377,0.9964446116
test_02378,0.9943139148
test_02379,0.0000518651
test_02380,0.9999930000
test_02381,0.9999974253
test_02382,0.9999606357
test_02383,0.0001698086
test_02384,0.0000004413
test_02385,0.9732207345
test_02386,0.0000067300
test_02387,0.9999990346
test_02388,0.0000013870
test_02389,0.0000029319
test_02390,0.0802674840
test_02391,0.0000313138
test_02392,0.9999914336
test_02393,0.0008020839
test_02394,0.0000436738
test_02395,0.9999938264
test_02396,0.0000473086
test_02397,0.9990316722
test_02398,0.9999851895
test_02399,0.0000008667
test_02400,0.9999996747
test_02401,0.9999701461
test_02402,0.9999856679
test_02403,0.0004784775
test_02404,0.9999890864
test_02405,0.9977039956
test_02406,0.9963520376
test_02407,0.9999974566
test_02408,0.0194274706
test_02409,0.0000008473
test_02410,0.0000001108
test_02411,0.9999630667
test_02412,0.9842213072
test_02413,0.9999990828
test_02414,0.9999999019
test_02415,0.9999998700
test_02416,0.0003856374
test_02417,0.9999883325
test_02418,0.0000085427
test_02419,0.0000052909
test_02420,0.0000002639
test_02421,0.9868131801
test_02422,0.0000034239
test_02423,0.9994089768
test_02424,0.0000008168
test_02425,0.0000001732
test_02426,0.9999956177
test_02427,0.9999778551
test_02428,0.0000000749
test_02429,0.0000224351
test_02430,0.9999896079
test_02431,0.0000087774
test_02432,0.0003802690
test_02433,0.9999812093
test_02434,0.9999979019
test_02435,0.9365344596
test_02436,0.0004501360
test_02437,0.9999552076
test_02438,0.9999997155
test_02439,0.9999998026
test_02440,0.9999993365
test_02441,0.9999261978
test_02442,0.0000176552
test_02443,0.9999923927
test_02444,0.8234426304
test_02445,0.8926057913
test_02446,0.0000038728
test_02447,0.9813930965
test_02448,0.9998405570
test_02449,0.0000188757
test_02450,0.9999952082
test_02451,0.9999974417
test_02452,0.0000011749
test_02453,0.9987251176
test_02454,0.9997873827
test_02455,0.0000658310
test_02456,0.0001261811
test_02457,0.0000224795
test_02458,0.0000063624
test_02459,0.0001373638
test_02460,0.9979121316
test_02461,0.9999984485
test_02462,0.9999998412
test_02463,0.0000003064
test_02464,0.9999979886
test_02465,0.0000395441
test_02466,0.0965692502
test_02467,0.0000004740
test_02468,0.9999961247
test_02469,0.0002725242
test_02470,0.9999955140
test_02471,0.9999996938
test_02472,0.0000021478
test_02473,0.9999642783
test_02474,0.0000000873
test_02475,0.0000062425
test_02476,0.0004413531
test_02477,0.9996587370
test_02478,0.9999562045
test_02479,0.9999930370
test_02480,0.9999313926
test_02481,0.9999929437
test_02482,0.8854832739
test_02483,0.0000006829
test_02484,0.9899645439
test_02485,0.0000019151
test_02486,0.9993368289
test_02487,0.0001206655
test_02488,0.0000274353
test_02489,0.9999977888
test_02490,0.9999997151
test_02491,0.9979840948
test_02492,0.0000414448
test_02493,0.0000166649
test_02494,0.9999539943
test_02495,0.0000037457
test_02496,0.9999088391
test_02497,0.4750975679
test_02498,0.9998373520
test_02499,0.1502032417
test_02500,0.9999947766
test_02501,0.0000002362
test_02502,0.0005821320
test_02503,0.9999359484
test_02504,0.9999990344
test_02505,0.0002203855
test_02506,0.0000008576
test_02507,0.9999403869
test_02508,0.0000019037
test_02509,0.9998254413
test_02510,0.0000569276
test_02511,0.9999974589
test_02512,0.9999908977
test_02513,0.9999988931
test_02514,0.0000039702
test_02515,0.9998569938
test_02516,0.9999991102
test_02517,0.0017506459
test_02518,0.1591829323
test_02519,0.9997244951
test_02520,0.0000055241
test_02521,0.0000272147
test_02522,0.9999794951
test_02523,0.0000003738
test_02524,0.9995458036
test_02525,0.9999993399
test_02526,0.0189741592
test_02527,0.9999977682
test_02528,0.9999888083
test_02529,0.9959204003
test_02530,0.9999978758
test_02531,0.9999542870
test_02532,0.0000849087
test_02533,0.9999203910
test_02534,0.0000199544
test_02535,0.9999963840
test_02536,0.9999835742
test_02537,0.9714794578
test_02538,0.9973533123
test_02539,0.9999984957
test_02540,0.0205123445
test_02541,0.1018624239
test_02542,0.9994184466
test_02543,0.9999886479
test_02544,0.9988729228
test_02545,0.9999492746
test_02546,0.0000003878
test_02547,0.9999188753
test_02548,0.0052728986
test_02549,0.9999960200
test_02550,0.9999999518
test_02551,0.0000923769
test_02552,0.9998308031
test_02553,0.9999596685
test_02554,0.9994325803
test_02555,0.0669445903
test_02556,0.0003918810
test_02557,0.9935970761
test_02558,0.9998960841
test_02559,0.0000004544
test_02560,0.0721845892
test_02561,0.9999944481
test_02562,0.0001188695
test_02563,0.9999981408
test_02564,0.9983994549
test_02565,0.9837074500
test_02566,0.1664769149
test_02567,0.0659761429
test_02568,0.0009746543
test_02569,0.0000898789
test_02570,0.9999991479
test_02571,0.0343877870
test_02572,0.7979405197
test_02573,0.0000002311
test_02574,0.9999267336
test_02575,0.0153331547
test_02576,0.9999356176
test_02577,0.9540668782
test_02578,0.9999909061
test_02579,0.0000078495
test_02580,0.0000110564
test_02581,0.9195544389
test_02582,0.0000001214
test_02583,0.9968012247
test_02584,0.9999997764
test_02585,0.0000060527
test_02586,0.9999922438
test_02587,0.0000303676
test_02588,0.1028433239
test_02589,0.0007498291
test_02590,0.9891833085
test_02591,0.9999741088
test_02592,0.9994641667
test_02593,0.9987799001
test_02594,0.9999672636
test_02595,0.9999798342
test_02596,0.0000012317
test_02597,0.9999998626
test_02598,0.9998794170
test_02599,0.0128999950
test_02600,0.9999982072
test_02601,0.0000010368
test_02602,0.0011723814
test_02603,0.0000363206
test_02604,0.0000025036
test_02605,0.0000334828
test_02606,0.9989512291
test_02607,0.9999975958
test_02608,0.9995543564
test_02609,0.9999993795
test_02610,0.0000016169
test_02611,0.9987097159
test_02612,0.0000876806
test_02613,0.0000004976
test_02614,0.0004768424
test_02615,0.0000120335
test_02616,0.9901926209
test_02617,0.9999873020
test_02618,0.0358068054
test_02619,0.9948665570
test_02620,0.0000188860
test_02621,0.9999972829
test_02622,0.0004904411
test_02623,0.9147739456
test_02624,0.9999997723
test_02625,0.0000448858
test_02626,0.9999989846
test_02627,0.9999990561
test_02628,0.0001103191
test_02629,0.0000003128
test_02630,0.9999984924
test_02631,0.0002328010
test_02632,0.0113554106
test_02633,0.9999971674
test_02634,0.0000190175
test_02635,0.0221302517
test_02636,0.0000020104
test_02637,0.9999998778
test_02638,0.9999770586
test_02639,0.0011472186
test_02640,0.9999847898
test_02641,0.9999979847
test_02642,0.0002297249
test_02643,0.9999964484
test_02644,0.0000152295
test_02645,0.0019126745
test_02646,0.0149708052
test_02647,0.0009184492
test_02648,0.0000000910
test_02649,0.9999815335
test_02650,0.0001276078
test_02651,0.9999680748
test_02652,0.0273776494
test_02653,0.9991106269
test_02654,0.9999811853
test_02655,0.0000057855
test_02656,0.0000003768
test_02657,0.0000638118
test_02658,0.9999875491
test_02659,0.9999694882
test_02660,0.1896204881
test_02661,0.9999597994
test_02662,0.0003176752
test_02663,0.0000300958
test_02664,0.9999988925
test_02665,0.9999684964
test_02666,0.9998987708
test_02667,0.9999496804
test_02668,0.9827383156
test_02669,0.0032340153
test_02670,0.9998300213
test_02671,0.0000512158
test_02672,0.9999878917
test_02673,0.9999973317
test_02674,0.5843158183
test_02675,0.9969481031
test_02676,0.9999997264
test_02677,0.0000018658
test_02678,0.9999991666
test_02679,0.9999470699
test_02680,0.0010424429
test_02681,0.0000350181
test_02682,0.0000028327
test_02683,0.9994919667
test_02684,0.0000356035
test_02685,0.0001278161
test_02686,0.9999993856
test_02687,0.0000081708
test_02688,0.9999998598
test_02689,0.9970303507
test_02690,0.0024013355
test_02691,0.0000964029
test_02692,0.9999997900
test_02693,0.9997487253
test_02694,0.9999861762
test_02695,0.9999930364
test_02696,0.9999536258
test_02697,0.0000000714
test_02698,0.0000022871
test_02699,0.9998797170
test_02700,0.0000107897
test_02701,0.0000148182
test_02702,0.9919823639
test_02703,0.0000040870
test_02704,0.0000067257
test_02705,0.9492106740
test_02706,0.0000006269
test_02707,0.9999985147
test_02708,0.9896845084
test_02709,0.9999765660
test_02710,0.9999835166
test_02711,0.0000539545
test_02712,0.9999242220
test_02713,0.0078647498
test_02714,0.0000021755
test_02715,0.9999623829
test_02716,0.0000104433
test_02717,0.9999893169
test_02718,0.0000000682
test_02719,0.9889254570
test_02720,0.0187632920
test_02721,0.0000008661
test_02722,0.0014360011
test_02723,0.9999993891
test_02724,0.0009762157
test_02725,0.0001124681
test_02726,0.9999852624
test_02727,0.0000803775
test_02728,0.0066385507
test_02729,0.0004258076
test_02730,0.9999998436
test_02731,0.0000075122
test_02732,0.9999009839
test_02733,0.9976875788
test_02734,0.0000013333
test_02735,0.9999928025
test_02736,0.0001601494
test_02737,0.9999997710
test_02738,0.9999848635
test_02739,0.9624791374
test_02740,0.9999971300
test_02741,0.0000102161
test_02742,0.0000052958
test_02743,0.0000135593
test_02744,0.0000000765
test_02745,0.9999983381
test_02746,0.0039963821
test_02747,0.0008356357
test_02748,0.0000019224
test_02749,0.9991677833
test_02750,0.9999998067
test_02751,0.0526473815
test_02752,0.9997553976
test_02753,0.9999978684
test_02754,0.0000105649
test_02755,0.9998839692
test_02756,0.9999914050
test_02757,0.0000047898
test_02758,0.0020748985
test_02759,0.9877238355
test_02760,0.0000026044
test_02761,0.9999996867
test_02762,0.0000000432
test_02763,0.0000098840
test_02764,0.9999671194
test_02765,0.0000223823
test_02766,0.1308151533
test_02767,0.0000007515
test_02768,0.0283397263
test_02769,0.0000003360
test_02770,0.0000042229
test_02771,0.9999760517
test_02772,0.9973803020
test_02773,0.0000131207
test_02774,0.9999933365
test_02775,0.9999738009
test_02776,0.9999797637
test_02777,0.9999971562
test_02778,0.0688817358
test_02779,0.0000668377
test_02780,0.9999986429
test_02781,0.9959944456
test_02782,0.9947492992
test_02783,0.0000384357
test_02784,0.0001140984
test_02785,0.9999993433
test_02786,0.0064028816
test_02787,0.0000038120
test_02788,0.9999902158
test_02789,0.0001469676
test_02790,0.0013503194
test_02791,0.0000811232
test_02792,0.8631497533
test_02793,0.0000068391
test_02794,0.0000079292
test_02795,0.9999907640
test_02796,0.9999956050
test_02797,0.0002108428
test_02798,0.9999991903
test_02799,0.0240027926
test_02800,0.0000843592
test_02801,0.0000001542
test_02802,0.0000087046
test_02803,0.0000135296
test_02804,0.0285365916
test_02805,0.0004045672
test_02806,0.9999993779
test_02807,0.0000018813
test_02808,0.0000106870
test_02809,0.5782781628
test_02810,0.0000075224
test_02811,0.0000152014
test_02812,0.8105627357
test_02813,0.9999101392
test_02814,0.9999985567
test_02815,0.0000003156
test_02816,0.9412343683
test_02817,0.0000002031
test_02818,0.0002684415
test_02819,0.9999672994
test_02820,0.0000029138
test_02821,0.9999331320
test_02822,0.9889438852
test_02823,0.9999381392
test_02824,0.0000063490
test_02825,0.9999941251
test_02826,0.9999998185
test_02827,0.8675510473
test_02828,0.9999995576
test_02829,0.9999987337
test_02830,0.9999996736
test_02831,0.9999998449
test_02832,0.0000404886
test_02833,0.0000080881
test_02834,0.9288881271
test_02835,0.0000001555
test_02836,0.9999994341
test_02837,0.9999994722
test_02838,0.0000080666
test_02839,0.9999951399
test_02840,0.9999815131
test_02841,0.9999991501
test_02842,0.9999959523
test_02843,0.0000005133
test_02844,0.0000008039
test_02845,0.0001671984
test_02846,0.9999981528
test_02847,0.9999916319
test_02848,0.0951249236
test_02849,0.0182025310
test_02850,0.0001031873
test_02851,0.9999984023
test_02852,0.0000012963
test_02853,0.0001963936
test_02854,0.5059168892
test_02855,0.9998174502
test_02856,0.0018479505
test_02857,0.9999940713
test_02858,0.9999994309
test_02859,0.9999954120
test_02860,0.9751548502
test_02861,0.9999998857
test_02862,0.0008157452
test_02863,0.0011170166
test_02864,0.9988911245
test_02865,0.9999972922
test_02866,0.9999462131
test_02867,0.9999991174
test_02868,0.0000000881
test_02869,0.9999943492
test_02870,0.9999147723
test_02871,0.9998976302
test_02872,0.0004306997
test_02873,0.9999973328
test_02874,0.9999980098
test_02875,0.9999960233
test_02876,0.9999935055
test_02877,0.0016551408
test_02878,0.0007095904
test_02879,0.0001785023
test_02880,0.9999984001
test_02881,0.0223366028
test_02882,0.0001278351
test_02883,0.9999997442
test_02884,0.0000008144
test_02885,0.9663592965
test_02886,0.0000008896
test_02887,0.0000017794
test_02888,0.0000020821
test_02889,0.0000004095
test_02890,0.0000002571
test_02891,0.0000031167
test_02892,0.0007121131
test_02893,0.0000199933
test_02894,0.0002457485
test_02895,0.0169565734
test_02896,0.9998684091
test_02897,0.0000010189
test_02898,0.9999968039
test_02899,0.9999991929
test_02900,0.9999803265
test_02901,0.9999839811
test_02902,0.0000001877
test_02903,0.0002481595
test_02904,0.1128440021
test_02905,0.9999788665
test_02906,0.9651752667
test_02907,0.9999721143
test_02908,0.0003211115
test_02909,0.0000047368
test_02910,0.0000000927
test_02911,0.0000001488
test_02912,0.9999997423
test_02913,0.0000576810
test_02914,0.9999934724
test_02915,0.9995206707
test_02916,0.9994838624
test_02917,0.0000086729
test_02918,0.0000009170
test_02919,0.0000206941
test_02920,0.0000009860
test_02921,0.9999932617
test_02922,0.9999984053
test_02923,0.0000021313
test_02924,0.0010019678
test_02925,0.0000326853
test_02926,0.9999890892
test_02927,0.9999608554
test_02928,0.9999993466
test_02929,0.0000085523
test_02930,0.9999996736
test_02931,0.9997112463
test_02932,0.9996691398
test_02933,0.0050230162
test_02934,0.6942963238
test_02935,0.9939499625
test_02936,0.9999996972
test_02937,0.0692794599
test_02938,0.2074930765
test_02939,0.9999999148
test_02940,0.0000008738
test_02941,0.9999147282
test_02942,0.0000039409
test_02943,0.9970453863
test_02944,0.0001996489
test_02945,0.9999866781
test_02946,0.0000001562
test_02947,0.0211005210
test_02948,0.0000022544
test_02949,0.2739336178
test_02950,0.0001079182
test_02951,0.0015441387
test_02952,0.9999957470
test_02953,0.9998373820
test_02954,0.9999998691
test_02955,0.0001450174
test_02956,0.0000006590
test_02957,0.0000000392
test_02958,0.9999959467
test_02959,0.0001122332
test_02960,0.9741214150
test_02961,0.7474249974
test_02962,0.9999754986
test_02963,0.0000562085
test_02964,0.9999937214
test_02965,0.0000011449
test_02966,0.0000039510
test_02967,0.0000857428
test_02968,0.9999973372
test_02969,0.9999988774
test_02970,0.3188640627
test_02971,0.9999996620
test_02972,0.9999978899
test_02973,0.0000170226
test_02974,0.3486565044
test_02975,0.0000232374
test_02976,0.9998127932
test_02977,0.9985995890
test_02978,0.9999993363
test_02979,0.9999996775
test_02980,0.0066709249
test_02981,0.9989059188
test_02982,0.9999888289
test_02983,0.9994560482
test_02984,0.9999987538
test_02985,0.0000520840
test_02986,0.9999080460
test_02987,0.0000430379
test_02988,0.0000011087
test_02989,0.9997266249
test_02990,0.9999997387
test_02991,0.9999987905
test_02992,0.0000065361
test_02993,0.0003760008
test_02994,0.9969535605
test_02995,0.0000001574
test_02996,0.0005257335
test_02997,0.0013163205
test_02998,0.0000042941
test_02999,0.9999886751
test_03000,0.9999999313
test_03001,0.9999955679
test_03002,0.9999996130
test_03003,0.9814350868
test_03004,0.0924450279
test_03005,0.0000012516
test_03006,0.9991149836
test_03007,0.1203183332
test_03008,0.0000454588
test_03009,0.0617976358
test_03010,0.9983358538
test_03011,0.9999994797
test_03012,0.0011749615
test_03013,0.9999996624
test_03014,0.9999994667
test_03015,0.0000008263
test_03016,0.0000041006
test_03017,0.9999411930
test_03018,0.0000001871
test_03019,0.0000003198
test_03020,0.9999995400
test_03021,0.0000002114
test_03022,0.9999991384
test_03023,0.0001178770
test_03024,0.9999992052
test_03025,0.0013583453
test_03026,0.0000397717
test_03027,0.0000022935
test_03028,0.0000628318
test_03029,0.0000001291
test_03030,0.0704070091
test_03031,0.0927102818
test_03032,0.0001591235
test_03033,0.9917510402
test_03034,0.0005668334
test_03035,0.0000070748
test_03036,0.0035272572
test_03037,0.0000002206
test_03038,0.0000007178
test_03039,0.0000248144
test_03040,0.9999987052
test_03041,0.9999965034
test_03042,0.9999996353
test_03043,0.9999981477
test_03044,0.9999973244
test_03045,0.9997814396
test_03046,0.9869127177
test_03047,0.9999525194
test_03048,0.0000004065
test_03049,0.9999944986
test_03050,0.0000003614
test_03051,0.0000051168
test_03052,0.0001219624
test_03053,0.0587265881
test_03054,0.0005491315
test_03055,0.9998171634
test_03056,0.9999995582
test_03057,0.0000000425
test_03058,0.0000806207
test_03059,0.9999901351
test_03060,0.9999641626
test_03061,0.9999995705
test_03062,0.9999993744
test_03063,0.0002249233
test_03064,0.9999966939
test_03065,0.0002678541
test_03066,0.9999754353
test_03067,0.9928971441
test_03068,0.9963847110
test_03069,0.9999981903
test_03070,0.9729323298
test_03071,0.9999961048
test_03072,0.1776638805
test_03073,0.0000001630
test_03074,0.9999946184
test_03075,0.9995009811
test_03076,0.0000342208
test_03077,0.9423963207
test_03078,0.0000005791
test_03079,0.0106936168
test_03080,0.0000525409
test_03081,0.9016498511
test_03082,0.9999997877
test_03083,0.9999484811
test_03084,0.0013247538
test_03085,0.2750827073
test_03086,0.0844687571
test_03087,0.0000304288
test_03088,0.9994573583
test_03089,0.0000007874
test_03090,0.9999351433
test_03091,0.9999966743
test_03092,0.0000046810
test_03093,0.9988820416
test_03094,0.9999997927
test_03095,0.8186095553
test_03096,0.9999991232
test_03097,0.0002955846
test_03098,0.0002007412
test_03099,0.9999970009
test_03100,0.9999953887
test_03101,0.2172494191
test_03102,0.9999929800
test_03103,0.1955265651
test_03104,0.2348562583
test_03105,0.0000011867
test_03106,0.0029086063
test_03107,0.0000267900
test_03108,0.0000232201
test_03109,0.0000013026
test_03110,0.0001117465
test_03111,0.0000204754
test_03112,0.0000001767
test_03113,0.0000156081
test_03114,0.0000079012
test_03115,0.0516271100
test_03116,0.9999545614
test_03117,0.0000002127
test_03118,0.0000491620
test_03119,0.9999902402
test_03120,0.0000054300
test_03121,0.0000062878
test_03122,0.9926011473
test_03123,0.9999998693
test_03124,0.9999993150
test_03125,0.0038148135
test_03126,0.9999993674
test_03127,0.9978676584
test_03128,0.0000031672
test_03129,0.0000054622
test_03130,0.9999696489
test_03131,0.0002298654
test_03132,0.9910971600
test_03133,0.2196519277
test_03134,0.5507330054
test_03135,0.9999267664
test_03136,0.0010648024
test_03137,0.0002127899
test_03138,0.0000005023
test_03139,0.0000000728
test_03140,0.0000125027
test_03141,0.9999825847
test_03142,0.9999999183
test_03143,0.4408742948
test_03144,0.9998743622
test_03145,0.9998726257
test_03146,0.0000004559
test_03147,0.0000241150
test_03148,0.0000005507
test_03149,0.1083417360
test_03150,0.9999996214
test_03151,0.0000009072
test_03152,0.9999430624
test_03153,0.0000706932
test_03154,0.9999993596
test_03155,0.0000000841
test_03156,0.9999997274
test_03157,0.0000001116
test_03158,0.9999998762
test_03159,0.9997345760
test_03160,0.0000364443
test_03161,0.0001534732
test_03162,0.9999734627
test_03163,0.0000007778
test_03164,0.9999933385
test_03165,0.0000001368
test_03166,0.0001068039
test_03167,0.0000004768
test_03168,0.0000051049
test_03169,0.0000080511
test_03170,0.0000000754
test_03171,0.9903828622
test_03172,0.9999723040
test_03173,0.9985305247
test_03174,0.9998844312
test_03175,0.9999895744
test_03176,0.9999957376
test_03177,0.0217006914
test_03178,0.9999319333
test_03179,0.0295748759
test_03180,0.9999994356
test_03181,0.9999967852
test_03182,0.0002079735
test_03183,0.9995844692
test_03184,0.9999997547
test_03185,0.9999857673
test_03186,0.0000068044
test_03187,0.9999691034
test_03188,0.0326592472
test_03189,0.9999878492
test_03190,0.0032745912
test_03191,0.0000060263
test_03192,0.9999378751
test_03193,0.0399839882
test_03194,0.9999567323
test_03195,0.0008683764
test_03196,0.9999968528
test_03197,0.0000006137
test_03198,0.0000001763
test_03199,0.1180291669
test_03200,0.0025107869
test_03201,0.0216927089
test_03202,0.0005027945
test_03203,0.0000152273
test_03204,0.9999617945
test_03205,0.0792442802
test_03206,0.0000013192
test_03207,0.9997639661
test_03208,0.0000083879
test_03209,0.6700012943
test_03210,0.9931270321
test_03211,0.0000006194
test_03212,0.9953346830
test_03213,0.9999997874
test_03214,0.0000128441
test_03215,0.9999998431
test_03216,0.0013404647
test_03217,0.0000097397
test_03218,0.0000007346
test_03219,0.9999638456
test_03220,0.9994422473
test_03221,0.9999930666
test_03222,0.0000086358
test_03223,0.0003710270
test_03224,0.9999998151
test_03225,0.9999832273
test_03226,0.0000273852
test_03227,0.9999752715
test_03228,0.9999969374
test_03229,0.0000150202
test_03230,0.9908427450
test_03231,0.9999972139
test_03232,0.9998858182
test_03233,0.0000064179
test_03234,0.0028370915
test_03235,0.0193033293
test_03236,0.0000041966
test_03237,0.9999297055
test_03238,0.0068409338
test_03239,0.0001392427
test_03240,0.0597098713
test_03241,0.1460716807
test_03242,0.0000100858
test_03243,0.0000000666
test_03244,0.0036931804
test_03245,0.9997193423
test_03246,0.9919781238
test_03247,0.9999536073
test_03248,0.0023929978
test_03249,0.9999690161
test_03250,0.0000406311
test_03251,0.0000000630
test_03252,0.9999961059
test_03253,0.9999994868
test_03254,0.0000009762
test_03255,0.0000609819
test_03256,0.9997619101
test_03257,0.9999990178
test_03258,0.0000036930
test_03259,0.9991313266
test_03260,0.0032607954
test_03261,0.0000045925
test_03262,0.9999947603
test_03263,0.0466312954
test_03264,0.0018362882
test_03265,0.0000212140
test_03266,0.9999994804
test_03267,0.9999991655
test_03268,0.0113920742
test_03269,0.9999997496
test_03270,0.0000050439
test_03271,0.0000009708
test_03272,0.9996769518
test_03273,0.0000046916
test_03274,0.0000814614
test_03275,0.0000002034
test_03276,0.0000053426
test_03277,0.0000007799
test_03278,0.9999947700
test_03279,0.9906601169
test_03280,0.9720990801
test_03281,0.9999822257
test_03282,0.9203107327
test_03283,0.1351121799
test_03284,0.0000037275
test_03285,0.9999928200
test_03286,0.9999898531
test_03287,0.9999997467
test_03288,0.0480323632
test_03289,0.9999848813
test_03290,0.0884413051
test_03291,0.1330602655
test_03292,0.9347475999
test_03293,0.9999998042
test_03294,0.9999877399
test_03295,0.0000472607
test_03296,0.0002701780
test_03297,0.9999995799
test_03298,0.0000002065
test_03299,0.9999987675
test_03300,0.9999992910
test_03301,0.0000976416
test_03302,0.9999923778
test_03303,0.0000072077
test_03304,0.0000000742
test_03305,0.9999973120
test_03306,0.9986773219
test_03307,0.9999345621
test_03308,0.9999929752
test_03309,0.0000139826
test_03310,0.9999696070
test_03311,0.0000021388
test_03312,0.9874462637
test_03313,0.0000125000
test_03314,0.0000030653
test_03315,0.9840138499
test_03316,0.9999687942
test_03317,0.9999883655
test_03318,0.9999995715
test_03319,0.0000006987
test_03320,0.9999998951
test_03321,0.9998359059
test_03322,0.9999987817
test_03323,0.9882683296
test_03324,0.0015553688
test_03325,0.0000644927
test_03326,0.0019052191
test_03327,0.9999582001
test_03328,0.9415690660
test_03329,0.0022769295
test_03330,0.9997964976
test_03331,0.0000023891
test_03332,0.9997685173
test_03333,0.0335168297
test_03334,0.9999972916
test_03335,0.9999121999
test_03336,0.0000018729
test_03337,0.0000295917
test_03338,0.0000049004
test_03339,0.9850957287
test_03340,0.9999852603
test_03341,0.0001699331
test_03342,0.0016262828
test_03343,0.0000086962
test_03344,0.9994125749
test_03345,0.0000031432
test_03346,0.0018935786
test_03347,0.1730225284
test_03348,0.0000598244
test_03349,0.9999597287
test_03350,0.9996854920
test_03351,0.3626936148
test_03352,0.9999954550
test_03353,0.3289806870
test_03354,0.0000088466
test_03355,0.9755512532
test_03356,0.0089760454
test_03357,0.9999971360
test_03358,0.0001458963
test_03359,0.9999993078
test_03360,0.5430369817
test_03361,0.0015661989
test_03362,0.9999915157
test_03363,0.9998157180
test_03364,0.9340030256
test_03365,0.8561907989
test_03366,0.0871327403
test_03367,0.9096776575
test_03368,0.9999870469
test_03369,0.0003943555
test_03370,0.9999986683
test_03371,0.9999999001
test_03372,0.0045052932
test_03373,0.0003139783
test_03374,0.9938411033
test_03375,0.0000139655
test_03376,0.9999986699
test_03377,0.0001366004
test_03378,0.0000113320
test_03379,0.9999299110
test_03380,0.9999997681
test_03381,0.9999995218
test_03382,0.9999993203
test_03383,0.0030718780
test_03384,0.9993409826
test_03385,0.9998770658
test_03386,0.7794768468
test_03387,0.9999994927
test_03388,0.0000056829
test_03389,0.9999868283
test_03390,0.9739288868
test_03391,0.9998900096
test_03392,0.0006478748
test_03393,0.0000083278
test_03394,0.0182826717
test_03395,0.9570555523
test_03396,0.0379699474
test_03397,0.0000902961
test_03398,0.9999971718
test_03399,0.9999989000
test_03400,0.0003460942
test_03401,0.0000887056
test_03402,0.9999957720
test_03403,0.0000207386
test_03404,0.0000129860
test_03405,0.9999926861
test_03406,0.0002499878
test_03407,0.0000024065
test_03408,0.0005109737
test_03409,0.0001464487
test_03410,0.0598631591
test_03411,0.9987112541
test_03412,0.9999793120
test_03413,0.0000030893
test_03414,0.0000233878
test_03415,0.9987532929
test_03416,0.0000368904
test_03417,0.0000238206
test_03418,0.0032236310
test_03419,0.0000425731
test_03420,0.9999995871
test_03421,0.0003716364
test_03422,0.9999942409
test_03423,0.0000119560
test_03424,0.0000006517
test_03425,0.0000002463
test_03426,0.9999994010
test_03427,0.9999231076
test_03428,0.0092419897
test_03429,0.9999920342
test_03430,0.9999995998
test_03431,0.9999935534
test_03432,0.0000002534
test_03433,0.9999924026
test_03434,0.0000730622
test_03435,0.9999979495
test_03436,0.0000025410
test_03437,0.2978313047
test_03438,0.0000072348
test_03439,0.9999991508
test_03440,0.9256748907
test_03441,0.9997723803
test_03442,0.9701173763
test_03443,0.9999918177
test_03444,0.1453717800
test_03445,0.0006385564
test_03446,0.9990524054
test_03447,0.9999494230
test_03448,0.9996806831
test_03449,0.9999998639
test_03450,0.9331834296
test_03451,0.0000038626
test_03452,0.0000027605
test_03453,0.0961754813
test_03454,0.0001145098
test_03455,0.0000001426
test_03456,0.0000032587
test_03457,0.0072782186
test_03458,0.9999998903
test_03459,0.0000140690
test_03460,0.0000056140
test_03461,0.9272058138
test_03462,0.9999806800
test_03463,0.0000111125
test_03464,0.9999946499
test_03465,0.0000007107
test_03466,0.0013588719
test_03467,0.9999552324
test_03468,0.0000001713
test_03469,0.0098546810
test_03470,0.0000001351
test_03471,0.9767560076
test_03472,0.9999965591
test_03473,0.9981539930
test_03474,0.9999998948
test_03475,0.9999879958
test_03476,0.0001990837
test_03477,0.1802644713
test_03478,0.0000001685
test_03479,0.0003344531
test_03480,0.9999997430
test_03481,0.9999654028
test_03482,0.9999944640
test_03483,0.0000145388
test_03484,0.9998597028
test_03485,0.0000016573
test_03486,0.9999736021
test_03487,0.9999764917
test_03488,0.9999993096
test_03489,0.0000006862
test_03490,0.9997811059
test_03491,0.9844823691
test_03492,0.9999947932
test_03493,0.9999944621
test_03494,0.0000183070
test_03495,0.0000013514
test_03496,0.0000984914
test_03497,0.9999988992
test_03498,0.9999996034
test_03499,0.9999945118
test_03500,0.6929917300
test_03501,0.0002623552
test_03502,0.4320361924
test_03503,0.0133296020
test_03504,0.0005874722
test_03505,0.0000001623
test_03506,0.0531381563
test_03507,0.0005144126
test_03508,0.0030247599
test_03509,0.0108358939
test_03510,0.9999350539
test_03511,0.0001433889
test_03512,0.9998429635
test_03513,0.0000032504
test_03514,0.9999985629
test_03515,0.9526424887
test_03516,0.0003933050
test_03517,0.9998875239
test_03518,0.0000000991
test_03519,0.9993990031
test_03520,0.9999997306
test_03521,0.9999736147
test_03522,0.9985222654
test_03523,0.9999918981
test_03524,0.0000050937
test_03525,0.9998514480
test_03526,0.9999889658
test_03527,0.9700379950
test_03528,0.0009617732
test_03529,0.0000136452
test_03530,0.0000013716
test_03531,0.0000007846
test_03532,0.9999884986
test_03533,0.0000050015
test_03534,0.9998998546
test_03535,0.0000169270
test_03536,0.9999992787
test_03537,0.0000514277
test_03538,0.0000003185
test_03539,0.0560243663
test_03540,0.9999970479
test_03541,0.0003045715
test_03542,0.0970387652
test_03543,0.9960633343
test_03544,0.0000067937
test_03545,0.0000003935
test_03546,0.9988669898
test_03547,0.9999470267
test_03548,0.9999983033
test_03549,0.0000404646
test_03550,0.9999600213
test_03551,0.9999998705
test_03552,0.9999937457
test_03553,0.9999981412
test_03554,0.1447284615
test_03555,0.0000002051
test_03556,0.0332983367
test_03557,0.9992549611
test_03558,0.9991236822
test_03559,0.0000016601
test_03560,0.9997165643
test_03561,0.9999996337
test_03562,0.9999969603
test_03563,0.9619934907
test_03564,0.9999926283
test_03565,0.9999998342
test_03566,0.0000007440
test_03567,0.9997815140
test_03568,0.0000006751
test_03569,0.0000175396
test_03570,0.9999993226
test_03571,0.0000537054
test_03572,0.9999979354
test_03573,0.9996821171
test_03574,0.9981755701
test_03575,0.9999862443
test_03576,0.9999995304
test_03577,0.0000208787
test_03578,0.0000165786
test_03579,0.0000016415
test_03580,0.9999926811
test_03581,0.0000000477
test_03582,0.9741275605
test_03583,0.9999493577
test_03584,0.0000001325
test_03585,0.9999981243
test_03586,0.0000169040
test_03587,0.0024257042
test_03588,0.0000001498
test_03589,0.1081834108
test_03590,0.0000032644
test_03591,0.0000020066
test_03592,0.9999967882
test_03593,0.9999651029
test_03594,0.0000180773
test_03595,0.9999984909
test_03596,0.9999984461
test_03597,0.0000001232
test_03598,0.8163247858
test_03599,0.9999879751
test_03600,0.0000475087
test_03601,0.9999904193
test_03602,0.0000017737
test_03603,0.9999993212
test_03604,0.9999768419
test_03605,0.9999991902
test_03606,0.0001431543
test_03607,0.0000656996
test_03608,0.9999997309
test_03609,0.0000042713
test_03610,0.0000017146
test_03611,0.9883594597
test_03612,0.9999985186
test_03613,0.9999989884
test_03614,0.0000001302
test_03615,0.9998631097
test_03616,0.0000822850
test_03617,0.0000231447
test_03618,0.9999999155
test_03619,0.0000021940
test_03620,0.0000337673
test_03621,0.0012056932
test_03622,0.0000021429
test_03623,0.0000005648
test_03624,0.0151362115
test_03625,0.9999972539
test_03626,0.4681273815
test_03627,0.0017210339
test_03628,0.0000000628
test_03629,0.9998103927
test_03630,0.0001126810
test_03631,0.0000004807
test_03632,0.9997273818
test_03633,0.0002225748
test_03634,0.0000041650
test_03635,0.9999281593
test_03636,0.0566648738
test_03637,0.0000003736
test_03638,0.9999594655
test_03639,0.0000034547
test_03640,0.0000010056
test_03641,0.9995352939
test_03642,0.9525098641
test_03643,0.9999685033
test_03644,0.0000055165
test_03645,0.9999953518
test_03646,0.9966036866
test_03647,0.1202334799
test_03648,0.9978297019
test_03649,0.9999985848
test_03650,0.9999996302
test_03651,0.0013627657
test_03652,0.0000470226
test_03653,0.9998577659
test_03654,0.9998431836
test_03655,0.9999937875
test_03656,0.4999836888
test_03657,0.1135651970
test_03658,0.9986165587
test_03659,0.9999818910
test_03660,0.9999992112
test_03661,0.0000707059
test_03662,0.9999991715
test_03663,0.9999664995
test_03664,0.9999986879
test_03665,0.9999998153
test_03666,0.0000073776
test_03667,0.0002228746
test_03668,0.9999900268
test_03669,0.9999716831
test_03670,0.0001991644
test_03671,0.0000014268
test_03672,0.9877314705
test_03673,0.9999895515
test_03674,0.0000154624
test_03675,0.9999864822
test_03676,0.9999991729
test_03677,0.9867359716
test_03678,0.6299192447
test_03679,0.0000008121
test_03680,0.9998677481
test_03681,0.0062636322
test_03682,0.9927045463
test_03683,0.9999972325
test_03684,0.9999966105
test_03685,0.9999994404
test_03686,0.9999996436
test_03687,0.0357912155
test_03688,0.9999988069
test_03689,0.0000006936
test_03690,0.9980246688
test_03691,0.9999922707
test_03692,0.0062707183
test_03693,0.9970135999
test_03694,0.9999978943
test_03695,0.0000004168
test_03696,0.0000006336
test_03697,0.9813848810
test_03698,0.9999988090
test_03699,0.9999805872
test_03700,0.9999998286
test_03701,0.0004043161
test_03702,0.9999111795
test_03703,0.9999997137
test_03704,0.0000020892
test_03705,0.0000979052
test_03706,0.0000001785
test_03707,0.9999944371
test_03708,0.0523855578
test_03709,0.9999961600
test_03710,0.0000204378
test_03711,0.0001811198
test_03712,0.9999988089
test_03713,0.0001271784
test_03714,0.0062130184
test_03715,0.9999997863
test_03716,0.9999996227
test_03717,0.0000032626
test_03718,0.0000000930
test_03719,0.9999998285
test_03720,0.0000000943
test_03721,0.0000120010
test_03722,0.0000013165
test_03723,0.0000231328
test_03724,0.9999602432
test_03725,0.0000014840
test_03726,0.9999998143
test_03727,0.0000009157
test_03728,0.0417149396
test_03729,0.0000023816
test_03730,0.9999574538
test_03731,0.8586882706
test_03732,0.9998717908
test_03733,0.9999730519
test_03734,0.9999997508
test_03735,0.0002547643
test_03736,0.0000434685
test_03737,0.9999956109
test_03738,0.9985662102
test_03739,0.9999895721
test_03740,0.0000165799
test_03741,0.0428614984
test_03742,0.9062643738
test_03743,0.9999996562
test_03744,0.9999954080
test_03745,0.9999779982
test_03746,0.0001617299
test_03747,0.0041072489
test_03748,0.0000015956
test_03749,0.8911551362
test_03750,0.9999965476
test_03751,0.9999682535
test_03752,0.9973514051
test_03753,0.9987048818
test_03754,0.9999803107
test_03755,0.9999994981
test_03756,0.9998263571
test_03757,0.0000004146
test_03758,0.9999993216
test_03759,0.0000005300
test_03760,0.2154675572
test_03761,0.0000107029
test_03762,0.9999880231
test_03763,0.3638555555
test_03764,0.9998300230
test_03765,0.0024892030
test_03766,0.9999883889
test_03767,0.9586996682
test_03768,0.0000313474
test_03769,0.0000086309
test_03770,0.9935338656
test_03771,0.9914474451
test_03772,0.9999883664
test_03773,0.0000023426
test_03774,0.7579942327
test_03775,0.9999985501
test_03776,0.0000026617
test_03777,0.0000802663
test_03778,0.9999985548
test_03779,0.0000063628
test_03780,0.0000490496
test_03781,0.0000247336
test_03782,0.0000001388
test_03783,0.0000001931
test_03784,0.0000002215
test_03785,0.9999998605
test_03786,0.0300069652
test_03787,0.0000000857
test_03788,0.0000000607
test_03789,0.1401803589
test_03790,0.9686436043
test_03791,0.9985000923
test_03792,0.9999995882
test_03793,0.0000130062
test_03794,0.9998677749
test_03795,0.9999932616
test_03796,0.9993903834
test_03797,0.0000011107
test_03798,0.9999831437
test_03799,0.0000544265
test_03800,0.9999998381
test_03801,0.0000044473
test_03802,0.0016876680
test_03803,0.0000699269
test_03804,0.0020070276
test_03805,0.1422970285
test_03806,0.0000117391
test_03807,0.8226365347
test_03808,0.9999996529
test_03809,0.0000069556
test_03810,0.0000061690
test_03811,0.0000344126
test_03812,0.0000013280
test_03813,0.9999995171
test_03814,0.0001341664
test_03815,0.9887722778
test_03816,0.0000003589
test_03817,0.9930584592
test_03818,0.0000261606
test_03819,0.8635958660
test_03820,0.9999568352
test_03821,0.9999904657
test_03822,0.9989499242
test_03823,0.0000197903
test_03824,0.9927312527
test_03825,0.9954056562
test_03826,0.9999997834
test_03827,0.0000026732
test_03828,0.9999939869
test_03829,0.0001866436
test_03830,0.9998248724
test_03831,0.0000004323
test_03832,0.0000490215
test_03833,0.0000006656
test_03834,0.9999998352
test_03835,0.9999975116
test_03836,0.0000762049
test_03837,0.0054078194
test_03838,0.0000014534
test_03839,0.0000097665
test_03840,0.9999759252
test_03841,0.9999997088
test_03842,0.0000171180
test_03843,0.9997026396
test_03844,0.0000025795
test_03845,0.9999998468
test_03846,0.9999754297
test_03847,0.0000129812
test_03848,0.9999359560
test_03849,0.9995951031
test_03850,0.0102947603
test_03851,0.0000411430
test_03852,0.0000166954
test_03853,0.9999956973
test_03854,0.9999998762
test_03855,0.0001973314
test_03856,0.0033891965
test_03857,0.0000001926
test_03858,0.0000029106
test_03859,0.0000004280
test_03860,0.0006667855
test_03861,0.0000513757
test_03862,0.9999998392
test_03863,0.9999157609
test_03864,0.9999980785
test_03865,0.0000058392
test_03866,0.9999910473
test_03867,0.0002248163
test_03868,0.0000027361
test_03869,0.9999638366
test_03870,0.9998075059
test_03871,0.0000093839
test_03872,0.0000009610
test_03873,0.0029520658
test_03874,0.0000522116
test_03875,0.0000252243
test_03876,0.9999998365
test_03877,0.0002515705
test_03878,0.9999507046
test_03879,0.9999998112
test_03880,0.9999940161
test_03881,0.0000005444
test_03882,0.9999994063
test_03883,0.0004446011
test_03884,0.9999942801
test_03885,0.0000048730
test_03886,0.0000814147
test_03887,0.0001060787
test_03888,0.9999925232
test_03889,0.0000004257
test_03890,0.9140965292
test_03891,0.0000006297
test_03892,0.0905107076
test_03893,0.0001050667
test_03894,0.0003514826
test_03895,0.1679149386
test_03896,0.9999946393
test_03897,0.9999975632
test_03898,0.0000344610
test_03899,0.9890843689
test_03900,0.4737715614
test_03901,0.0000001258
test_03902,0.0000019649
test_03903,0.9998028622
test_03904,0.0000870936
test_03905,0.9985691274
test_03906,0.0000218570
test_03907,0.9999924870
test_03908,0.9876333267
test_03909,0.9999977262
test_03910,0.0000040260
test_03911,0.9970438215
test_03912,0.9999996351
test_03913,0.0013152753
test_03914,0.0009475511
test_03915,0.0000014975
test_03916,0.9999998734
test_03917,0.9999187537
test_03918,0.9986781142
test_03919,0.9999685534
test_03920,0.7561025401
test_03921,0.0000010377
test_03922,0.0000014597
test_03923,0.9999972484
test_03924,0.3395167958
test_03925,0.0000108903
test_03926,0.9999337761
test_03927,0.0028276037
test_03928,0.0000057933
test_03929,0.9999985791
test_03930,0.9957197830
test_03931,0.9999996415
test_03932,0.0000135078
test_03933,0.0000002790
test_03934,0.9999964062
test_03935,0.0000002587
test_03936,0.0240881253
test_03937,0.0000004110
test_03938,0.9996262932
test_03939,0.0000083889
test_03940,0.0000880753
test_03941,0.2394597993
test_03942,0.0001971932
test_03943,0.0000103748
test_03944,0.9999996131
test_03945,0.9999833374
test_03946,0.9238376050
test_03947,0.9929055748
test_03948,0.9999881817
test_03949,0.9999002055
test_03950,0.9963670735
test_03951,0.0000002267
test_03952,0.9633060652
test_03953,0.9999998028
test_03954,0.9999891105
test_03955,0.0000204153
test_03956,0.0000007462
test_03957,0.9999913409
test_03958,0.9999998754
test_03959,0.4432802346
test_03960,0.0000069411
test_03961,0.9999998028
test_03962,0.9999991917
test_03963,0.0001945640
test_03964,0.9998296858
test_03965,0.0000062266
test_03966,0.0000323141
test_03967,0.0000027310
test_03968,0.9999990964
test_03969,0.9999382219
test_03970,0.9970685345
test_03971,0.0002285690
test_03972,0.0000142985
test_03973,0.9999997872
test_03974,0.0008643871
test_03975,0.9999781680
test_03976,0.9999947305
test_03977,0.9999965444
test_03978,0.0168743787
test_03979,0.9999992270
test_03980,0.9990671247
test_03981,0.9999998090
test_03982,0.9605587870
test_03983,0.9999475019
test_03984,0.9996522063
test_03985,0.0000129617
test_03986,0.0000027709
test_03987,0.9997870772
test_03988,0.9999958405
test_03989,0.0000002411
test_03990,0.0000078973
test_03991,0.0000000387
test_03992,0.9597218282
test_03993,0.0000172093
test_03994,0.0004185607
test_03995,0.0000733141
test_03996,0.9999945517
test_03997,0.9996372789
test_03998,0.9999659783
test_03999,0.9999997743
test_04000,0.9999929402
test_04001,0.0066800475
test_04002,0.9999999051
test_04003,0.9998832050
test_04004,0.9976392418
test_04005,0.0000422813
test_04006,0.0003019331
test_04007,0.0000007294
test_04008,0.9999949682
test_04009,0.0000094128
test_04010,0.0000624211
test_04011,0.0016212427
test_04012,0.0000003768
test_04013,0.0000015814
test_04014,0.9999993898
test_04015,0.9970049729
test_04016,0.9999996408
test_04017,0.0004535886
test_04018,0.9953920803
test_04019,0.9999722944
test_04020,0.9999954453
test_04021,0.0001246520
test_04022,0.0000452126
test_04023,0.4703770444
test_04024,0.0000144915
test_04025,0.0000027635
test_04026,0.9999992396
test_04027,0.0000210653
test_04028,0.0601607005
test_04029,0.6984854744
test_04030,0.9999996559
test_04031,0.0000060910
test_04032,0.0002661955
test_04033,0.9999990809
test_04034,0.9999997374
test_04035,0.9884595860
test_04036,0.9999958980
test_04037,0.9999975287
test_04038,0.0016555785
test_04039,0.0000011773
test_04040,0.9999901899
test_04041,0.9894589461
test_04042,0.9999971445
test_04043,0.0017415329
test_04044,0.0000160296
test_04045,0.0000228523
test_04046,0.0000011296
test_04047,0.9999955054
test_04048,0.9981640866
test_04049,0.9996421816
test_04050,0.0000082196
test_04051,0.9999998771
test_04052,0.9999821970
test_04053,0.6847943627
test_04054,0.0268041685
test_04055,0.9999964098
test_04056,0.9999842166
test_04057,0.9999972755
test_04058,0.9999946456
test_04059,0.9692424681
test_04060,0.9999998591
test_04061,0.0491197604
test_04062,0.0000234113
test_04063,0.0002468798
test_04064,0.9999996914
test_04065,0.9894796300
test_04066,0.9999996588
test_04067,0.0000002571
test_04068,0.0000012001
test_04069,0.0000028788
test_04070,0.0000003200
test_04071,0.9999509955
test_04072,0.0001413894
test_04073,0.0000030824
test_04074,0.0000538407
test_04075,0.9999757096
test_04076,0.9999754117
test_04077,0.9956662058
test_04078,0.9999998335
test_04079,0.0000004473
test_04080,0.2031517154
test_04081,0.9946646927
test_04082,0.0000001028
test_04083,0.8507131195
test_04084,0.9906310579
test_04085,0.0001058841
test_04086,0.0000077405
test_04087,0.9997227854
test_04088,0.9999967292
test_04089,0.0001054579
test_04090,0.9999994527
test_04091,0.9999974627
test_04092,0.9999993089
test_04093,0.9999996558
test_04094,0.1369750863
test_04095,0.8898790603
test_04096,0.0000471658
test_04097,0.9835100226
test_04098,0.0000022811
test_04099,0.9999938023
test_04100,0.9999993707
test_04101,0.0000018855
test_04102,0.0021261859
test_04103,0.0006558375
test_04104,0.9981747334
test_04105,0.0000009220
test_04106,0.0000001038
test_04107,0.0000102663
test_04108,0.9999695127
test_04109,0.9999998168
test_04110,0.8951888848
test_04111,0.9997839786
test_04112,0.0017662562
test_04113,0.9999949534
test_04114,0.9999937656
test_04115,0.9999924441
test_04116,0.9999528546
test_04117,0.9999996453
test_04118,0.0001411889
test_04119,0.0683759514
test_04120,0.8612910274
test_04121,0.6853560372
test_04122,0.0004215856
test_04123,0.9999964328
test_04124,0.9999970518
test_04125,0.0001812420
test_04126,0.0000568373
test_04127,0.0000056530
test_04128,0.9999996540
test_04129,0.9999994010
test_04130,0.0000005351
test_04131,0.0000204464
test_04132,0.0880512782
test_04133,0.0000021253
test_04134,0.9999977453
test_04135,0.9999923640
test_04136,0.9985190160
test_04137,0.0000189405
test_04138,0.0206687601
test_04139,0.9861967974
test_04140,0.9999998430
test_04141,0.0419033875
test_04142,0.9999837312
test_04143,0.9986987179
test_04144,0.9999934796
test_04145,0.9996082140
test_04146,0.0000047229
test_04147,0.0016414339
test_04148,0.9993966822
test_04149,0.9999832223
test_04150,0.0000052841
test_04151,0.4947142051
test_04152,0.0000044777
test_04153,0.9999331623
test_04154,0.0001542425
test_04155,0.0000090952
test_04156,0.9999994444
test_04157,0.9999945548
test_04158,0.9998391284
test_04159,0.0000015289
test_04160,0.9998889433
test_04161,0.0000408831
test_04162,0.9999990421
test_04163,0.0008631146
test_04164,0.9937831596
test_04165,0.9999967973
test_04166,0.0006701796
test_04167,0.0000048758
test_04168,0.0000086708
test_04169,0.9999753575
test_04170,0.9999997706
test_04171,0.9999983141
test_04172,0.0000046886
test_04173,0.9999317843
test_04174,0.0000182243
test_04175,0.9999214576
test_04176,0.7231967229
test_04177,0.0002505468
test_04178,0.9999978465
test_04179,0.0008136756
test_04180,0.0000092392
test_04181,0.9999764297
test_04182,0.9999992552
test_04183,0.9742306045
test_04184,0.9998797042
test_04185,0.9949661255
test_04186,0.9997903188
test_04187,0.9999988040
test_04188,0.0000888958
test_04189,0.0000022141
test_04190,0.9999950284
test_04191,0.9998830073
test_04192,0.0000005028
test_04193,0.0000060768
test_04194,0.0000209212
test_04195,0.0000004416
test_04196,0.9999967369
test_04197,0.0000005337
test_04198,0.9999971813
test_04199,0.0000047189
test_04200,0.0003320994
test_04201,0.9999638088
test_04202,0.9998582157
test_04203,0.9984036244
test_04204,0.1928562693
test_04205,0.0000022968
test_04206,0.0000000422
test_04207,0.9992502806
test_04208,0.0000034083
test_04209,0.0025950787
test_04210,0.9999985524
test_04211,0.9997947594
test_04212,0.9998794705
test_04213,0.0012492109
test_04214,0.9999870913
test_04215,0.0000855308
test_04216,0.0000594595
test_04217,0.9999968265
test_04218,0.0003182999
test_04219,0.9999609619
test_04220,0.0000267588
test_04221,0.9999841965
test_04222,0.9980275016
test_04223,0.9999965078
test_04224,0.9999996517
test_04225,0.1080885018
test_04226,0.9999568570
test_04227,0.9999973243
test_04228,0.9999997625
test_04229,0.9999874495
test_04230,0.0002525112
test_04231,0.9988036728
test_04232,0.9999918435
test_04233,0.9999998000
test_04234,0.9999857333
test_04235,0.9999948286
test_04236,0.0000071589
test_04237,0.9666997326
test_04238,0.0000001913
test_04239,0.9999992892
test_04240,0.9999369128
test_04241,0.9999967172
test_04242,0.9934487564
test_04243,0.0000823258
test_04244,0.9999393895
test_04245,0.9999855948
test_04246,0.9999971333
test_04247,0.9991299283
test_04248,0.9999995165
test_04249,0.9999997927
test_04250,0.9993786089
test_04251,0.9999658343
test_04252,0.0000018196
test_04253,0.0000019107
test_04254,0.0000009938
test_04255,0.9983141324
test_04256,0.9999983216
test_04257,0.0000007133
test_04258,0.0126447387
test_04259,0.9999589025
test_04260,0.9757467768
test_04261,0.9999032945
test_04262,0.0003877108
test_04263,0.0000258513
test_04264,0.9999905604
test_04265,0.9999992273
test_04266,0.0005872941
test_04267,0.0000011908
test_04268,0.9999993742
test_04269,0.9999996900
test_04270,0.0165623524
test_04271,0.0003664504
test_04272,0.0002746192
test_04273,0.0000786259
test_04274,0.0003754446
test_04275,0.0029292522
test_04276,0.9999937158
test_04277,0.0000176901
test_04278,0.9996619679
test_04279,0.0002042909
test_04280,0.0000233720
test_04281,0.9999998759
test_04282,0.9915074884
test_04283,0.0000133937
test_04284,0.0000004283
test_04285,0.9997683483
test_04286,0.0000005835
test_04287,0.9999999054
test_04288,0.0000071443
test_04289,0.9999942715
test_04290,0.0001498818
test_04291,0.0000764515
test_04292,0.1118369389
test_04293,0.9999982447
test_04294,0.9563455442
test_04295,0.0000043893
test_04296,0.9997004727
test_04297,0.9998151505
test_04298,0.9999993781
test_04299,0.0000375722
test_04300,0.0000002014
test_04301,0.9999739518
test_04302,0.0000627608
test_04303,0.9999978472
test_04304,0.9997008966
test_04305,0.9067925209
test_04306,0.0001418724
test_04307,0.9998106419
test_04308,0.0000046031
test_04309,0.9733476844
test_04310,0.9999998052
test_04311,0.9999902151
test_04312,0.9999981399
test_04313,0.0001301208
test_04314,0.9970305989
test_04315,0.9999888205
test_04316,0.0000005118
test_04317,0.0001270658
test_04318,0.0446994241
test_04319,0.0000087293
test_04320,0.0015742146
test_04321,0.9999992797
test_04322,0.9769326211
test_04323,0.0000001108
test_04324,0.9999918885
test_04325,0.9999993462
test_04326,0.9831709049
test_04327,0.0000072179
test_04328,0.0001745864
test_04329,0.9999892423
test_04330,0.9999952042
test_04331,0.9999991005
test_04332,0.0001410433
test_04333,0.0000002128
test_04334,0.9999334203
test_04335,0.0000001446
test_04336,0.0000940868
test_04337,0.9999994361
test_04338,0.9999999207
test_04339,0.9997405416
test_04340,0.0000172846
test_04341,0.9999998693
test_04342,0.0000953146
test_04343,0.9741941607
test_04344,0.0032380945
test_04345,0.9999976770
test_04346,0.0000226296
test_04347,0.0057014505
test_04348,0.9999973178
test_04349,0.9999982113
test_04350,0.9999958605
test_04351,0.0002999503
test_04352,0.0001055542
test_04353,0.9995880742
test_04354,0.0000079127
test_04355,0.9999650485
test_04356,0.0002517274
test_04357,0.9669374672
test_04358,0.0000015090
test_04359,0.0000199925
test_04360,0.4426188308
test_04361,0.0003165853
test_04362,0.0193336800
test_04363,0.9983043242
test_04364,0.9973349037
test_04365,0.0434909678
test_04366,0.0000015940
test_04367,0.3178070009
test_04368,0.0000529813
test_04369,0.7863408649
test_04370,0.0000026115
test_04371,0.9999826846
test_04372,0.9701582727
test_04373,0.0004025762
test_04374,0.0000149501
test_04375,0.9999998744
test_04376,0.0014482248
test_04377,0.0000022364
test_04378,0.9999898847
test_04379,0.0693730335
test_04380,0.0000347263
test_04381,0.9999968135
test_04382,0.0000002857
test_04383,0.0203573933
test_04384,0.9999462157
test_04385,0.9924409968
test_04386,0.0000059604
test_04387,0.0000003250
test_04388,0.0005107475
test_04389,0.0000005544
test_04390,0.9979892749
test_04391,0.9999634193
test_04392,0.9999985844
test_04393,0.9999319369
test_04394,0.9999998834
test_04395,0.0000530399
test_04396,0.0004757002
test_04397,0.9999910356
test_04398,0.0000452120
test_04399,0.0000016558
test_04400,0.0004274344
test_04401,0.0019394846
test_04402,0.9999780883
test_04403,0.9775782568
test_04404,0.0001056599
test_04405,0.9999958773
test_04406,0.9999998816
test_04407,0.0000143997
test_04408,0.9999993740
test_04409,0.9999712069
test_04410,0.9999996251
test_04411,0.9999406992
test_04412,0.9996753279
test_04413,0.9999995233
test_04414,0.9999999420
test_04415,0.0000082554
test_04416,0.0221177486
test_04417,0.0000008488
test_04418,0.0000021753
test_04419,0.0000001197
test_04420,0.0000000907
test_04421,0.9998404861
test_04422,0.0000150674
test_04423,0.0018837466
test_04424,0.0557176384
test_04425,0.9999977422
test_04426,0.0003038390
test_04427,0.9998225769
test_04428,0.0004843495
test_04429,0.9999997399
test_04430,0.9997024875
test_04431,0.9999943553
test_04432,0.0000021799
test_04433,0.0025651292
test_04434,0.9999461624
test_04435,0.0005336064
test_04436,0.0000101777
test_04437,0.9999930647
test_04438,0.9511871120
test_04439,0.0000590280
test_04440,0.9999992023
test_04441,0.9999973370
test_04442,0.9999984461
test_04443,0.0000001241
test_04444,0.9994635722
test_04445,0.9999889389
test_04446,0.0000003825
test_04447,0.9999483339
test_04448,0.0000004042
test_04449,0.9895580879
test_04450,0.9999995534
test_04451,0.0000001527
test_04452,0.0000663393
test_04453,0.9999645632
test_04454,0.0000014054
test_04455,0.9961015409
test_04456,0.0000002914
test_04457,0.0001453173
test_04458,0.9999947578
test_04459,0.0000010609
test_04460,0.0000001263
test_04461,0.9999797625
test_04462,0.0001050205
test_04463,0.9988512693
test_04464,0.9999929310
test_04465,0.2134591324
test_04466,0.0000000602
test_04467,0.9999996669
test_04468,0.0000569027
test_04469,0.0008549689
test_04470,0.3288318430
test_04471,0.9949422243
test_04472,0.9999986093
test_04473,0.0000003393
test_04474,0.0000139972
test_04475,0.0000001816
test_04476,0.0000058833
test_04477,0.0482493778
test_04478,0.9999949564
test_04479,0.9130554644
test_04480,0.9855156242
test_04481,0.9997534167
test_04482,0.0005059723
test_04483,0.9999974812
test_04484,0.9996869298
test_04485,0.9996958888
test_04486,0.9999866711
test_04487,0.0000019382
test_04488,0.9999940967
test_04489,0.0000003380
test_04490,0.9992273940
test_04491,0.0038644044
test_04492,0.0000197480
test_04493,0.0106199767
test_04494,0.0010153353
test_04495,0.9994186780
test_04496,0.0000004614
test_04497,0.0000029861
test_04498,0.0010127491
test_04499,0.0004441751
test_04500,0.9999446203
test_04501,0.0000014444
test_04502,0.9993781620
test_04503,0.0000953048
test_04504,0.0000305417
test_04505,0.0607925236
test_04506,0.9999994550
test_04507,0.0000059060
test_04508,0.0000168277
test_04509,0.0000078761
test_04510,0.0000251327
test_04511,0.0000000845
test_04512,0.9999850436
test_04513,0.0058273048
test_04514,0.9998245726
test_04515,0.0000477923
test_04516,0.9962522384
test_04517,0.9999988207
test_04518,0.0000000694
test_04519,0.0001296819
test_04520,0.0000371484
test_04521,0.9999780097
test_04522,0.9999989701
test_04523,0.0000102526
test_04524,0.9999995972
test_04525,0.0000368193
test_04526,0.9999988443
test_04527,0.0706500310
test_04528,0.9999472317
test_04529,0.0000003479
test_04530,0.0000016774
test_04531,0.0777111406
test_04532,0.9999981139
test_04533,0.0000003919
test_04534,0.0003989763
test_04535,0.9920114939
test_04536,0.0000031712
test_04537,0.0001562002
test_04538,0.6383697395
test_04539,0.9999399249
test_04540,0.9996757738
test_04541,0.9999995400
test_04542,0.9799203309
test_04543,0.0000003182
test_04544,0.9999421615
test_04545,0.9999998659
test_04546,0.9999735241
test_04547,0.9999712655
test_04548,0.9998433354
test_04549,0.0000002181
test_04550,0.9999784344
test_04551,0.9999921585
test_04552,0.0038903931
test_04553,0.0024499882
test_04554,0.5210965277
test_04555,0.0008703542
test_04556,0.3111369053
test_04557,0.0089114353
test_04558,0.0000098245
test_04559,0.0000017552
test_04560,0.0000079106
test_04561,0.0000001546
test_04562,0.0122617352
test_04563,0.9999997191
test_04564,0.0000008743
test_04565,0.9999994499
test_04566,0.0000004332
test_04567,0.9999642514
test_04568,0.0095314087
test_04569,0.9999809428
test_04570,0.0000664776
test_04571,0.0000005107
test_04572,0.9999997741
test_04573,0.9999328944
test_04574,0.0000102635
test_04575,0.9999990050
test_04576,0.9999968994
test_04577,0.9999484719
test_04578,0.9999974246
test_04579,0.0000099973
test_04580,0.0001208529
test_04581,0.0014602664
test_04582,0.0000005075
test_04583,0.9999989117
test_04584,0.9855104579
test_04585,0.9998946509
test_04586,0.0000001377
test_04587,0.9999481526
test_04588,0.9994565438
test_04589,0.9999944347
test_04590,0.9999997179
test_04591,0.9999816329
test_04592,0.0107387952
test_04593,0.9970849719
test_04594,0.0003527472
test_04595,0.9999871292
test_04596,0.0000139473
test_04597,0.0000079714
test_04598,0.0000033541
test_04599,0.9998948588
test_04600,0.0001247772
test_04601,0.0000156832
test_04602,0.0593805248
test_04603,0.9999600943
test_04604,0.0001412095
test_04605,0.9999952160
test_04606,0.9659087838
test_04607,0.0080757069
test_04608,0.0000077209
test_04609,0.9980223638
test_04610,0.0000019079
test_04611,0.9999962266
test_04612,0.9999991289
test_04613,0.9999013082
test_04614,0.9999998714
test_04615,0.9999886695
test_04616,0.9998735098
test_04617,0.0000430951
test_04618,0.9999872762
test_04619,0.0982957416
test_04620,0.0000010979
test_04621,0.9999995414
test_04622,0.9999962908
test_04623,0.9999989545
test_04624,0.9999783079
test_04625,0.9999997577
test_04626,0.0000003980
test_04627,0.0000002425
test_04628,0.9999967665
test_04629,0.9991441333
test_04630,0.9999912540
test_04631,0.9999998670
test_04632,0.0000114869
test_04633,0.0003337778
test_04634,0.9999997426
test_04635,0.9999892967
test_04636,0.9944898639
test_04637,0.9999667361
test_04638,0.9996586461
test_04639,0.9999997236
test_04640,0.9999952902
test_04641,0.9999640550
test_04642,0.8507693664
test_04643,0.9858372204
test_04644,0.0002016608
test_04645,0.9998945994
test_04646,0.0000316047
test_04647,0.9999900883
test_04648,0.9999514146
test_04649,0.9947149395
test_04650,0.0000006146
test_04651,0.9999821220
test_04652,0.0001289109
test_04653,0.9999016684
test_04654,0.0000383441
test_04655,0.0612982563
test_04656,0.0000000823
test_04657,0.9998362311
test_04658,0.9999732405
test_04659,0.9991417082
test_04660,0.0054797216
test_04661,0.0000564957
test_04662,0.0000303919
test_04663,0.0000027513
test_04664,0.0003439923
test_04665,0.9999543646
test_04666,0.0000000511
test_04667,0.9999489673
test_04668,0.0002582680
test_04669,0.9999876256
test_04670,0.9999426415
test_04671,0.0016169184
test_04672,0.0004091285
test_04673,0.0245851951
test_04674,0.0002347140
test_04675,0.0000102098
test_04676,0.0019925394
test_04677,0.9999992854
test_04678,0.9997567253
test_04679,0.0000333457
test_04680,0.9999643784
test_04681,0.9966617262
test_04682,0.0000001687
test_04683,0.0182940025
test_04684,0.0039867967
test_04685,0.9921792365
test_04686,0.9999969791
test_04687,0.9998973623
test_04688,0.0053887091
test_04689,0.9998463423
test_04690,0.9999805113
test_04691,0.0000367816
test_04692,0.0000000622
test_04693,0.9999913549
test_04694,0.9996995526
test_04695,0.0000049296
test_04696,0.9999957929
test_04697,0.0000106553
test_04698,0.0000822229
test_04699,0.0021201111
test_04700,0.9999983795
test_04701,0.0000965819
test_04702,0.0012683878
test_04703,0.9999889466
test_04704,0.0000262975
test_04705,0.0214170607
test_04706,0.0000000510
test_04707,0.9567562996
test_04708,0.0000780490
test_04709,0.0000277771
test_04710,0.9981537652
test_04711,0.9994618329
test_04712,0.9999983588
test_04713,0.9855063108
test_04714,0.0000639981
test_04715,0.9999835574
test_04716,0.0000019821
test_04717,0.0004936431
test_04718,0.0001681465
test_04719,0.0000166081
test_04720,0.9999948802
test_04721,0.9999952673
test_04722,0.9999996901
test_04723,0.9999997705
test_04724,0.9999943641
test_04725,0.9998842528
test_04726,0.9639290036
test_04727,0.9999917228
test_04728,0.9999884561
test_04729,0.0000001834
test_04730,0.0000000996
test_04731,0.0000084436
test_04732,0.9999355139
test_04733,0.0001401414
test_04734,0.9999807023
test_04735,0.9999936812
test_04736,0.0162753218
test_04737,0.0000179133
test_04738,0.0000071300
test_04739,0.0000379360
test_04740,0.9976965768
test_04741,0.9995860573
test_04742,0.9999988851
test_04743,0.9654666512
test_04744,0.8910536906
test_04745,0.9999532494
test_04746,0.0000028776
test_04747,0.0006280091
test_04748,0.0268274447
test_04749,0.9999940846
test_04750,0.9867930260
test_04751,0.9999965097
test_04752,0.0000105792
test_04753,0.9999512081
test_04754,0.0000006960
test_04755,0.0007127466
test_04756,0.0000002742
test_04757,0.0000010192
test_04758,0.0000007751
test_04759,0.9999908733
test_04760,0.9999985905
test_04761,0.1120121057
test_04762,0.0115701230
test_04763,0.0029270767
test_04764,0.9999967381
test_04765,0.9998993339
test_04766,0.0000012599
test_04767,0.9999993878
test_04768,0.0000221535
test_04769,0.9999996660
test_04770,0.9999983642
test_04771,0.0000146468
test_04772,0.9951085298
test_04773,0.9999939011
test_04774,0.0000002383
test_04775,0.9999890165
test_04776,0.9999341883
test_04777,0.0031969610
test_04778,0.0000338135
test_04779,0.9665756757
test_04780,0.9999539358
test_04781,0.0600339846
test_04782,0.0000489864
test_04783,0.9992922900
test_04784,0.0000010976
test_04785,0.9999509059
test_04786,0.0000004364
test_04787,0.9979945597
test_04788,0.0000528785
test_04789,0.0000023304
test_04790,0.9999990784
test_04791,0.0000619488
test_04792,0.9999730997
test_04793,0.9999959947
test_04794,0.0003464292
test_04795,0.3218937631
test_04796,0.0000673534
test_04797,0.9999802368
test_04798,0.9999986927
test_04799,0.0000649900
test_04800,0.9999609434
test_04801,0.9999991732
test_04802,0.0257294987
test_04803,0.9999982488
test_04804,0.9881232760
test_04805,0.0000083585
test_04806,0.9984295120
test_04807,0.0043571278
test_04808,0.9999985313
test_04809,0.9999997224
test_04810,0.0034143431
test_04811,0.0000020708
test_04812,0.9999989927
test_04813,0.9999379171
test_04814,0.0003420291
test_04815,0.9999993957
test_04816,0.0082117317
test_04817,0.0000052048
test_04818,0.0216744978
test_04819,0.0308193309
test_04820,0.0000081264
test_04821,0.9999996655
test_04822,0.9999963608
test_04823,0.9999996866
test_04824,0.0000005350
test_04825,0.2875531546
test_04826,0.9999991713
test_04827,0.0000019055
test_04828,0.6493727896
test_04829,0.9999997710
test_04830,0.0000005750
test_04831,0.0002297386
test_04832,0.9998538539
test_04833,0.0006590686
test_04834,0.0000252962
test_04835,0.9999994692
test_04836,0.0000502288
test_04837,0.9034770688
test_04838,0.0054853347
test_04839,0.0000002652
test_04840,0.0321646925
test_04841,0.0164514781
test_04842,0.9999609232
test_04843,0.0000019604
test_04844,0.0000012250
test_04845,0.9999999100
test_04846,0.0000044060
test_04847,0.9991376173
test_04848,0.9999983099
test_04849,0.9999663298
test_04850,0.9999905441
test_04851,0.9999959497
test_04852,0.9999817534
test_04853,0.1391692190
test_04854,0.0053653950
test_04855,0.9999998340
test_04856,0.0000189375
test_04857,0.0000258279
test_04858,0.9999988096
test_04859,0.0000837408
test_04860,0.0056796342
test_04861,0.9999735804
test_04862,0.0000191117
test_04863,0.0000074869
test_04864,0.9998593007
test_04865,0.0005019438
test_04866,0.0000648693
test_04867,0.0001005037
test_04868,0.0000155975
test_04869,0.0007826213
test_04870,0.9999997580
test_04871,0.9999986374
test_04872,0.9995172172
test_04873,0.9999938576
test_04874,0.0000543877
test_04875,0.9999932144
test_04876,0.0000062061
test_04877,0.0000045894
test_04878,0.0032786554
test_04879,0.9750767978
test_04880,0.0000102024
test_04881,0.0000007939
test_04882,0.9998223901
test_04883,0.9999891118
test_04884,0.0000008074
test_04885,0.0000292854
test_04886,0.9999950972
test_04887,0.0000014410
test_04888,0.0000030797
test_04889,0.9779265975
test_04890,0.0000170598
test_04891,0.9901247026
test_04892,0.3159463443
test_04893,0.9998696343
test_04894,0.0000052233
test_04895,0.0000000523
test_04896,0.0000007528
test_04897,0.0022366564
test_04898,0.0001921846
test_04899,0.0006374420
test_04900,0.9999939227
test_04901,0.9992927659
test_04902,0.0000001022
test_04903,0.9999892674
test_04904,0.9999837718
test_04905,0.0138417049
test_04906,0.9999968334
test_04907,0.9999388230
test_04908,0.0033035061
test_04909,0.9982093076
test_04910,0.9999939357
test_04911,0.9999991046
test_04912,0.9999956592
test_04913,0.9999955861
test_04914,0.0000002494
test_04915,0.9999886661
test_04916,0.0000036274
test_04917,0.9993257762
test_04918,0.9998789432
test_04919,0.0181306011
test_04920,0.6780239009
test_04921,0.9999999613
test_04922,0.0000030774
test_04923,0.0026752530
test_04924,0.0000014661
test_04925,0.9999819361
test_04926,0.9999998766
test_04927,0.0000000678
test_04928,0.0000298094
test_04929,0.9999929571
test_04930,0.0458560378
test_04931,0.9999970158
test_04932,0.9999982044
test_04933,0.9999991205
test_04934,0.0413693284
test_04935,0.0000103968
test_04936,0.9999996472
test_04937,0.0000017785
test_04938,0.0000015753
test_04939,0.9999795375
test_04940,0.9999990956
test_04941,0.9999996452
test_04942,0.1734533381
test_04943,0.9999996907
test_04944,0.9999796300
test_04945,0.0000003864
test_04946,0.0000001223
test_04947,0.9997962669
test_04948,0.9999970690
test_04949,0.9999976956
test_04950,0.0004335366
test_04951,0.0077535753
test_04952,0.9999992684
test_04953,0.0000727318
test_04954,0.9999633899
test_04955,0.9999952516
test_04956,0.9998624760
test_04957,0.9999642221
test_04958,0.0000007347
test_04959,0.0000073888
test_04960,0.9999991165
test_04961,0.0000175755
test_04962,0.9997583037
test_04963,0.0000331248
test_04964,0.0053022586
test_04965,0.9999953801
test_04966,0.9999981436
test_04967,0.9358162416
test_04968,0.0000050095
test_04969,0.9763945519
test_04970,0.9999946583
test_04971,0.9999996760
test_04972,0.0000000770
test_04973,0.9999987567
test_04974,0.9999971162
test_04975,0.0000031789
test_04976,0.0033485135
test_04977,0.0000005042
test_04978,0.0000447907
test_04979,0.0003364110
test_04980,0.9999985005
test_04981,0.9999993529
test_04982,0.9999799735
test_04983,0.0017781709
test_04984,0.8470021060
test_04985,0.9972333598
test_04986,0.0000067850
test_04987,0.9999985593
test_04988,0.0000049866
test_04989,0.0000167207
test_04990,0.9999916990
test_04991,0.0000045408
test_04992,0.0000656210
test_04993,0.9999998896
test_04994,0.0000017787
test_04995,0.9999603118
test_04996,0.0142935605
test_04997,0.0000042113
test_04998,0.0005159985
test_04999,0.0000057887
test_05000,0.9999989613
test_05001,0.9999992155
test_05002,0.0186922973
test_05003,0.9974842262
test_05004,0.0000006200
test_05005,0.9999387187
test_05006,0.0000090037
test_05007,0.9740084594
test_05008,0.9999996770
test_05009,0.9968143501
test_05010,0.0000007495
test_05011,0.0153788992
test_05012,0.9999976821
test_05013,0.9999902659
test_05014,0.9999981622
test_05015,0.9999850208
test_05016,0.0364438805
test_05017,0.9999932597
test_05018,0.0000030972
test_05019,0.0118452191
test_05020,0.9999418778
test_05021,0.0001232244
test_05022,0.9999991717
test_05023,0.9909955794
test_05024,0.9994860630
test_05025,0.0036217037
test_05026,0.9999997802
test_05027,0.9938811923
test_05028,0.9999992889
test_05029,0.9999979065
test_05030,0.9998106547
test_05031,0.0007820945
test_05032,0.9999967774
test_05033,0.9999996667
test_05034,0.1858804711
test_05035,0.0046593359
test_05036,0.9989412957
test_05037,0.9999998122
test_05038,0.0000206421
test_05039,0.9999991342
test_05040,0.0000100254
test_05041,0.9997457480
test_05042,0.9749629190
test_05043,0.9999071678
test_05044,0.9152638257
test_05045,0.9996755154
test_05046,0.0000050122
test_05047,0.9999997416
test_05048,0.0000184106
test_05049,0.9999996876
test_05050,0.0016662360
test_05051,0.0002214474
test_05052,0.9999972179
test_05053,0.9999979878
test_05054,0.0000004282
test_05055,0.0000007175
test_05056,0.9999909308
test_05057,0.9999942422
test_05058,0.9999953630
test_05059,0.0000000996
test_05060,0.9999968847
test_05061,0.9999971862
test_05062,0.0000001406
test_05063,0.9999799954
test_05064,0.9999877225
test_05065,0.0000012555
test_05066,0.0000022552
test_05067,0.9999970126
test_05068,0.9998570510
test_05069,0.9992946251
test_05070,0.9998987229
test_05071,0.0000010676
test_05072,0.0308776306
test_05073,0.0000603569
test_05074,0.0002557542
test_05075,0.9999994034
test_05076,0.9998048637
test_05077,0.0000000779
test_05078,0.9999638844
test_05079,0.0000006458
test_05080,0.9999729980
test_05081,0.0000001584
test_05082,0.0000023492
test_05083,0.9895183776
test_05084,0.9781202370
test_05085,0.9999991720
test_05086,0.9999981554
test_05087,0.0500861581
test_05088,0.9999962719
test_05089,0.0000991020
test_05090,0.0539393704
test_05091,0.9999883019
test_05092,0.0000432610
test_05093,0.0000022893
test_05094,0.0000059022
test_05095,0.9999912630
test_05096,0.0000616267
test_05097,0.9999941459
test_05098,0.0000057109
test_05099,0.9998748588
test_05100,0.0000387465
test_05101,0.0000003872
test_05102,0.0000058868
test_05103,0.9979401659
test_05104,0.0000000723
test_05105,0.9992071402
test_05106,0.9979737083
test_05107,0.0004167206
test_05108,0.0821062104
test_05109,0.0000000488
test_05110,0.9996277249
test_05111,0.9999662890
test_05112,0.9999899537
test_05113,0.0007697045
test_05114,0.1011330032
test_05115,0.0001894632
test_05116,0.0001246570
test_05117,0.9999816424
test_05118,0.0294410153
test_05119,0.9999861193
test_05120,0.9999958445
test_05121,0.0000106294
test_05122,0.0001038308
test_05123,0.0004099540
test_05124,0.0003135986
test_05125,0.9999160255
test_05126,0.9996049001
test_05127,0.9999748699
test_05128,0.0000235237
test_05129,0.1401504644
test_05130,0.0003392738
test_05131,0.5251092231
test_05132,0.0000006477
test_05133,0.0291234134
test_05134,0.9500766682
test_05135,0.0031823251
test_05136,0.4343320989
test_05137,0.9999943074
test_05138,0.9533368004
test_05139,0.9967005686
test_05140,0.9999993541
test_05141,0.9999961372
test_05142,0.9997719341
test_05143,0.9999995827
test_05144,0.9788884920
test_05145,0.9999998318
test_05146,0.9999997085
test_05147,0.6064001546
test_05148,0.6305336007
test_05149,0.0032886432
test_05150,0.0081148092
test_05151,0.9999784791
test_05152,0.9999981387
test_05153,0.0000509766
test_05154,0.0007378620
test_05155,0.0236715377
test_05156,0.9999839340
test_05157,0.0000001938
test_05158,0.9995834438
test_05159,0.0000064845
test_05160,0.9800617594
test_05161,0.9999851998
test_05162,0.0044518102
test_05163,0.0000137773
test_05164,0.0012129853
test_05165,0.0017183896
test_05166,0.9999904553
test_05167,0.9738693329
test_05168,0.9996215026
test_05169,0.9999944236
test_05170,0.0000001252
test_05171,0.9999884204
test_05172,0.9999481992
test_05173,0.0001679662
test_05174,0.9993118390
test_05175,0.0004209838
test_05176,0.0000112410
test_05177,0.9999831478
test_05178,0.9970526708
test_05179,0.0003280319
test_05180,0.0000012201
test_05181,0.0046672865
test_05182,0.0000086821
test_05183,0.0003379095
test_05184,0.9999789482
test_05185,0.9999997394
test_05186,0.9999982068
test_05187,0.9999969608
test_05188,0.9999979739
test_05189,0.0000256478
test_05190,0.9999960288
test_05191,0.9959115258
test_05192,0.0005611897
test_05193,0.0000004884
test_05194,0.9984464920
test_05195,0.0002871535
test_05196,0.0000006022
test_05197,0.0001090489
test_05198,0.9999982305
test_05199,0.9831119991
test_05200,0.9999999060
test_05201,0.9999953200
test_05202,0.9999442504
test_05203,0.9998699239
test_05204,0.0001001886
test_05205,0.0006232181
test_05206,0.9999994105
test_05207,0.0000111647
test_05208,0.9999956574
test_05209,0.0000019606
test_05210,0.9999955096
test_05211,0.9999433189
test_05212,0.9999997114
test_05213,0.0000237954
test_05214,0.0160692062
test_05215,0.9997422814
test_05216,0.9939201094
test_05217,0.9999517249
test_05218,0.9999948949
test_05219,0.0065143328
test_05220,0.9999962217
test_05221,0.0000000883
test_05222,0.0000605529
test_05223,0.9999999175
test_05224,0.0000002367
test_05225,0.9999969109
test_05226,0.0000001551
test_05227,0.9999983812
test_05228,0.4555215478
test_05229,0.0031128870
test_05230,0.3351278108
test_05231,0.0000101220
test_05232,0.0000041330
test_05233,0.9533308391
test_05234,0.0003331479
test_05235,0.9999958308
test_05236,0.9728324955
test_05237,0.9999699695
test_05238,0.0000001378
test_05239,0.9999965210
test_05240,0.9999500411
test_05241,0.0000096592
test_05242,0.9999970860
test_05243,0.9999998840
test_05244,0.8178662192
test_05245,0.0000007637
test_05246,0.0016699532
test_05247,0.0000135713
test_05248,0.0002473273
test_05249,0.0197959132
test_05250,0.9999133306
test_05251,0.9999842548
test_05252,0.0000041142
test_05253,0.0000448115
test_05254,0.9999740300
test_05255,0.9998544261
test_05256,0.0000037606
test_05257,0.9738267364
test_05258,0.0001054085
test_05259,0.0000000667
test_05260,0.9999335082
test_05261,0.9999998349
test_05262,0.9996959521
test_05263,0.9999981459
test_05264,0.9932294191
test_05265,0.0000051676
test_05266,0.9999996687
test_05267,0.9999997642
test_05268,0.9998459459
test_05269,0.9992358200
test_05270,0.9986203341
test_05271,0.9999186172
test_05272,0.9999983978
test_05273,0.0000004831
test_05274,0.0000065967
test_05275,0.0023655394
test_05276,0.9999906723
test_05277,0.0010084365
test_05278,0.9999875720
test_05279,0.0000000854
test_05280,0.0021388018
test_05281,0.9999996870
test_05282,0.0003533983
test_05283,0.9999956574
test_05284,0.9997068576
test_05285,0.0001572144
test_05286,0.9999532684
test_05287,0.0000104681
test_05288,0.9978715771
test_05289,0.9999994948
test_05290,0.9999981221
test_05291,0.0000019706
test_05292,0.9999985987
test_05293,0.0000004231
test_05294,0.8832002158
test_05295,0.9999950775
test_05296,0.0057540765
test_05297,0.0001044724
test_05298,0.9999985243
test_05299,0.9999801300
test_05300,0.0939476016
test_05301,0.0001080427
test_05302,0.0000036997
test_05303,0.9999996175
test_05304,0.0000060233
test_05305,0.9999999106
test_05306,0.3182737687
test_05307,0.9981565626
test_05308,0.9999953811
test_05309,0.0000007049
test_05310,0.0000318093
test_05311,0.9999988226
test_05312,0.9999997136
test_05313,0.9999980554
test_05314,0.9984472606
test_05315,0.0000002756
test_05316,0.9999625189
test_05317,0.9999999624
test_05318,0.0002687193
test_05319,0.9999340629
test_05320,0.9999997974
test_05321,0.9999953155
test_05322,0.1214551147
test_05323,0.9795266217
test_05324,0.9999996602
test_05325,0.9999966744
test_05326,0.9999930512
test_05327,0.9999744186
test_05328,0.0000066263
test_05329,0.9999995049
test_05330,0.0000027245
test_05331,0.0000005914
test_05332,0.0000001635
test_05333,0.8578142886
test_05334,0.0001101838
test_05335,0.0007539790
test_05336,0.9999870111
test_05337,0.9999981694
test_05338,0.9999573717
test_05339,0.0000023887
test_05340,0.9999992339
test_05341,0.0883821070
test_05342,0.0000155253
test_05343,0.8306186073
test_05344,0.0000024282
test_05345,0.0000849995
test_05346,0.9999758127
test_05347,0.0086007723
test_05348,0.9987875188
test_05349,0.0230570642
test_05350,0.0001818410
test_05351,0.9999947731
test_05352,0.0000399302
test_05353,0.0000172792
test_05354,0.0001254002
test_05355,0.0027086489
test_05356,0.0000010090
test_05357,0.9892833593
test_05358,0.0000249306
test_05359,0.0000036357
test_05360,0.0000021473
test_05361,0.9994538736
test_05362,0.2276162654
test_05363,0.0000004036
test_05364,0.9998995252
test_05365,0.0011748402
test_05366,0.0804683018
test_05367,0.0000091513
test_05368,0.0114278535
test_05369,0.0001409075
test_05370,0.9999998521
test_05371,0.0000058730
test_05372,0.9999870391
test_05373,0.9999881526
test_05374,0.0108480079
test_05375,0.0000000848
test_05376,0.0000028746
test_05377,0.9975477365
test_05378,0.9999996250
test_05379,0.9999992018
test_05380,0.0001225914
test_05381,0.9999998694
test_05382,0.7823841323
test_05383,0.9999997762
test_05384,0.0115974640
test_05385,0.9979313576
test_05386,0.8500958179
test_05387,0.9999922275
test_05388,0.9982496084
test_05389,0.0000042931
test_05390,0.9999057189
test_05391,0.9999446785
test_05392,0.9993371092
test_05393,0.9999203073
test_05394,0.9999934576
test_05395,0.9999989612
test_05396,0.0000047974
test_05397,0.0003416230
test_05398,0.9994651445
test_05399,0.9956557222
test_05400,0.9782028491
test_05401,0.0720838203
test_05402,0.9999652236
test_05403,0.9997738972
test_05404,0.9999743367
test_05405,0.0002811534
test_05406,0.9999991097
test_05407,0.9999143254
test_05408,0.9999980708
test_05409,0.0000002359
test_05410,0.9999992791
test_05411,0.9999968695
test_05412,0.9999873055
test_05413,0.0000215287
test_05414,0.0012570548
test_05415,0.0047525707
test_05416,0.9999899018
test_05417,0.0000047971
test_05418,0.9999838235
test_05419,0.9999996702
test_05420,0.0688600729
test_05421,0.9999806707
test_05422,0.9999683000
test_05423,0.1512170220
test_05424,0.0000001261
test_05425,0.1606200201
test_05426,0.0000007669
test_05427,0.0000000435
test_05428,0.9999985177
test_05429,0.9999964287
test_05430,0.9999404718
test_05431,0.0078999735
test_05432,0.9999970280
test_05433,0.9999751816
test_05434,0.9999987004
test_05435,0.9999995250
test_05436,0.0001085368
test_05437,0.9992732800
test_05438,0.0012332708
test_05439,0.0000102028
test_05440,0.0000175572
test_05441,0.9999998273
test_05442,0.9999984168
test_05443,0.0000301699
test_05444,0.9999991692
test_05445,0.0000044659
test_05446,0.0000004785
test_05447,0.9936872273
test_05448,0.9999986591
test_05449,0.0000028597
test_05450,0.9999961493
test_05451,0.2219567420
test_05452,0.9999982930
test_05453,0.9999999350
test_05454,0.0000028756
test_05455,0.0000114729
test_05456,0.0000016339
test_05457,0.0000001187
test_05458,0.0002101308
test_05459,0.0000008116
test_05460,0.9999042056
test_05461,0.0000260783
test_05462,0.9999979647
test_05463,0.9999997898
test_05464,0.9999998334
test_05465,0.0000125551
test_05466,0.9999996610
test_05467,0.0000005809
test_05468,0.9986252050
test_05469,0.9999891911
test_05470,0.0000079242
test_05471,0.0005014083
test_05472,0.9915065028
test_05473,0.0000167809
test_05474,0.0000001111
test_05475,0.0000039913
test_05476,0.0000073767
test_05477,0.5551243371
test_05478,0.0010849058
test_05479,0.9992123119
test_05480,0.0000009374
test_05481,0.9999987281
test_05482,0.0000002124
test_05483,0.9999884225
test_05484,0.0000774713
test_05485,0.0000031457
test_05486,0.9409238319
test_05487,0.1439311727
test_05488,0.9999998644
test_05489,0.0000056636
test_05490,0.0000006291
test_05491,0.0157685568
test_05492,0.0000056777
test_05493,0.0044066229
test_05494,0.9999983240
test_05495,0.9999917641
test_05496,0.9998941344
test_05497,0.0000274217
test_05498,0.0002429905
test_05499,0.0069613134
test_05500,0.9999875362
test_05501,0.9999974400
test_05502,0.0000000558
test_05503,0.0000247349
test_05504,0.9999998024
test_05505,0.9999496247
test_05506,0.0000070201
test_05507,0.0000001635
test_05508,0.9999998675
test_05509,0.0000000686
test_05510,0.9999995669
test_05511,0.9999963685
test_05512,0.0000039880
test_05513,0.0000723524
test_05514,0.0008317273
test_05515,0.0000001805
test_05516,0.0001816455
test_05517,0.0000095684
test_05518,0.0006964050
test_05519,0.8324174941
test_05520,0.9979948768
test_05521,0.9999672924
test_05522,0.0002918529
test_05523,0.9998308175
test_05524,0.9999406751
test_05525,0.0000000476
test_05526,0.0008316623
test_05527,0.9998536399
test_05528,0.0000035969
test_05529,0.9999991731
test_05530,0.0000427326
test_05531,0.0000002537
test_05532,0.9999964332
test_05533,0.9999987200
test_05534,0.9999932841
test_05535,0.9999992063
test_05536,0.9999302135
test_05537,0.9999998932
test_05538,0.0000006465
test_05539,0.9999971795
test_05540,0.9998308461
test_05541,0.0065873321
test_05542,0.9991192886
test_05543,0.0000001967
test_05544,0.9999911524
test_05545,0.0020558840
test_05546,0.0000694242
test_05547,0.0000007953
test_05548,0.9999642919
test_05549,0.1730536188
test_05550,0.0002210376
test_05551,0.9999949720
test_05552,0.1289638308
test_05553,0.9999137782
test_05554,0.9997914753
test_05555,0.9999991892
test_05556,0.9999983800
test_05557,0.9987934781
test_05558,0.0000142763
test_05559,0.0000000753
test_05560,0.9999979905
test_05561,0.0001709022
test_05562,0.9999959322
test_05563,0.9979549093
test_05564,0.9998691872
test_05565,0.9999984503
test_05566,0.0000100830
test_05567,0.9999910742
test_05568,0.9999988627
test_05569,0.4680479141
test_05570,0.0000002010
test_05571,0.9999958247
test_05572,0.9999934913
test_05573,0.9999983888
test_05574,0.0000127370
test_05575,0.9999973084
test_05576,0.0032757831
test_05577,0.9999959247
test_05578,0.9998592063
test_05579,0.0000011607
test_05580,0.8815903395
test_05581,0.0000123853
test_05582,0.9999998736
test_05583,0.0000221658
test_05584,0.9999986843
test_05585,0.0000384243
test_05586,0.1060765473
test_05587,0.0000006488
test_05588,0.9999618968
test_05589,0.0000008184
test_05590,0.9999035169
test_05591,0.0001891381
test_05592,0.0046497333
test_05593,0.9999123529
test_05594,0.9684147148
test_05595,0.9999992905
test_05596,0.9999239758
test_05597,0.0000007847
test_05598,0.9884941686
test_05599,0.8087145095
test_05600,0.9999997849
test_05601,0.9999966351
test_05602,0.0000018046
test_05603,0.9975789070
test_05604,0.9999996919
test_05605,0.8206897126
test_05606,0.0000043416
test_05607,0.0078261100
test_05608,0.0001956288
test_05609,0.0000078731
test_05610,0.9999977429
test_05611,0.0000722041
test_05612,0.9999839815
test_05613,0.0001099231
test_05614,0.0446607196
test_05615,0.9999973976
test_05616,0.0007400191
test_05617,0.0000014370
test_05618,0.0000000709
test_05619,0.0000017328
test_05620,0.0022453179
test_05621,0.0002356580
test_05622,0.9999031744
test_05623,0.0000130450
test_05624,0.9993532465
test_05625,0.0000241587
test_05626,0.9999993741
test_05627,0.0000020654
test_05628,0.9112888673
test_05629,0.0000371303
test_05630,0.0000003323
test_05631,0.0000013901
test_05632,0.9999996716
test_05633,0.9999827506
test_05634,0.9999965211
test_05635,0.0000013371
test_05636,0.9998240409
test_05637,0.9999602915
test_05638,0.2101575071
test_05639,0.9958437401
test_05640,0.9999920320
test_05641,0.0000021147
test_05642,0.9999955400
test_05643,0.1080685011
test_05644,0.0000561311
test_05645,0.9999985821
test_05646,0.0006395924
test_05647,0.0006251154
test_05648,0.0000000989
test_05649,0.0000030600
test_05650,0.9999965824
test_05651,0.0000385532
test_05652,0.9999279457
test_05653,0.0000383917
test_05654,0.1308032110
test_05655,0.9999019131
test_05656,0.0005755974
test_05657,0.0042467428
test_05658,0.0000376749
test_05659,0.9999987932
test_05660,0.9999987022
test_05661,0.0000131909
test_05662,0.9999996537
test_05663,0.9997047569
test_05664,0.9999981017
test_05665,0.0000023561
test_05666,0.0000002348
test_05667,0.0002989327
test_05668,0.0121915675
test_05669,0.9999977594
test_05670,0.9999817392
test_05671,0.9891102699
test_05672,0.9999994259
test_05673,0.0000037192
test_05674,0.1952702661
test_05675,0.9999989063
test_05676,0.0000728388
test_05677,0.0000085025
test_05678,0.0000000945
test_05679,0.9999126897
test_05680,0.0000000764
test_05681,0.0000003575
test_05682,0.9999998567
test_05683,0.0000168408
test_05684,0.0002433860
test_05685,0.0008379966
test_05686,0.9997945479
test_05687,0.0000677621
test_05688,0.0901375848
test_05689,0.9999799382
test_05690,0.0000435836
test_05691,0.9999903210
test_05692,0.9961325750
test_05693,0.9996472311
test_05694,0.9999135810
test_05695,0.0000019787
test_05696,0.9999864743
test_05697,0.9998360108
test_05698,0.0000015841
test_05699,0.5624314190
test_05700,0.9999679714
test_05701,0.9999956602
test_05702,0.2445570354
test_05703,0.9999992998
test_05704,0.9999946011
test_05705,0.0000385463
test_05706,0.0000218477
test_05707,0.9999998008
test_05708,0.0000080984
test_05709,0.4641743293
test_05710,0.9999246802
test_05711,0.0002703795
test_05712,0.9999588208
test_05713,0.0000033402
test_05714,0.9995813853
test_05715,0.0080785378
test_05716,0.9999716610
test_05717,0.9985089029
test_05718,0.9999783414
test_05719,0.0000031520
test_05720,0.0000049128
test_05721,0.9999976076
test_05722,0.9987008630
test_05723,0.0000003196
test_05724,0.9999990640
test_05725,0.0001931277
test_05726,0.0000000558
test_05727,0.9999943890
test_05728,0.9999974697
test_05729,0.0000049076
test_05730,0.9999982341
test_05731,0.9999992759
test_05732,0.0000191663
test_05733,0.9999964189
test_05734,0.9997201305
test_05735,0.0000274932
test_05736,0.0000935459
test_05737,0.0000042695
test_05738,0.0051218888
test_05739,0.0000038679
test_05740,0.9477842560
test_05741,0.0103797233
test_05742,0.0006274419
test_05743,0.0001088115
test_05744,0.0147717801
test_05745,0.0000003848
test_05746,0.0002196135
test_05747,0.2410814557
test_05748,0.0009293385
test_05749,0.9999999102
test_05750,0.0009720457
test_05751,0.0000002976
test_05752,0.0000019830
test_05753,0.0000455778
test_05754,0.9996457638
test_05755,0.9999946414
test_05756,0.9635855564
test_05757,0.9284363990
test_05758,0.0003466170
test_05759,0.0002003886
test_05760,0.9999729220
test_05761,0.9999500754
test_05762,0.0000033366
test_05763,0.9999883994
test_05764,0.9954482708
test_05765,0.9999918509
test_05766,0.0000143686
test_05767,0.0002684527
test_05768,0.0000288680
test_05769,0.0001230334
test_05770,0.9999890602
test_05771,0.7081250075
test_05772,0.9736063349
test_05773,0.9999606882
test_05774,0.7021827500
test_05775,0.9591192991
test_05776,0.0000821823
test_05777,0.9904310902
test_05778,0.9999970319
test_05779,0.0007219874
test_05780,0.8306323153
test_05781,0.9997500602
test_05782,0.9999453118
test_05783,0.9999980526
test_05784,0.9997909249
test_05785,0.9999968864
test_05786,0.9999992748
test_05787,0.1956355942
test_05788,0.9857452122
test_05789,0.9259720050
test_05790,0.9999729596
test_05791,0.0001259627
test_05792,0.0003416261
test_05793,0.9999997413
test_05794,0.9999382787
test_05795,0.9993142383
test_05796,0.9999905047
test_05797,0.9999954360
test_05798,0.9999911300
test_05799,0.9999878766
test_05800,0.9999988584
test_05801,0.0015647391
test_05802,0.0000037422
test_05803,0.9999970267
test_05804,0.9999457750
test_05805,0.9999934209
test_05806,0.0000079209
test_05807,0.0000001022
test_05808,0.5193159304
test_05809,0.0281874000
test_05810,0.9999974471
test_05811,0.0000285921
test_05812,0.9999586608
test_05813,0.9999966866
test_05814,0.9999969980
test_05815,0.9997786946
test_05816,0.0000001369
test_05817,0.9999318002
test_05818,0.9999996246
test_05819,0.9992123538
test_05820,0.0000062503
test_05821,0.9999992421
test_05822,0.0000689533
test_05823,0.0012448813
test_05824,0.0001425957
test_05825,0.0017334842
test_05826,0.9999841873
test_05827,0.0001820372
test_05828,0.1389499305
test_05829,0.0006475374
test_05830,0.0000353843
test_05831,0.0000011404
test_05832,0.9998536154
test_05833,0.8765370774
test_05834,0.0169524161
test_05835,0.9999994098
test_05836,0.9999980210
test_05837,0.0000064107
test_05838,0.0000003280
test_05839,0.9999997906
test_05840,0.9999973789
test_05841,0.0062479170
test_05842,0.0000010271
test_05843,0.9996381749
test_05844,0.0091185871
test_05845,0.0000219431
test_05846,0.9982734514
test_05847,0.9999061676
test_05848,0.0010643916
test_05849,0.0000000675
test_05850,0.0056959776
test_05851,0.0000280093
test_05852,0.9999891678
test_05853,0.9966814385
test_05854,0.2554272205
test_05855,0.9999484129
test_05856,0.9999985216
test_05857,0.9999995938
test_05858,0.0000008530
test_05859,0.0000207232
test_05860,0.0000002291
test_05861,0.0000002565
test_05862,0.0009997887
test_05863,0.0000064760
test_05864,0.0664114621
test_05865,0.0000565085
test_05866,0.9343408969
test_05867,0.9999878235
test_05868,0.9809844678
test_05869,0.9999611735
test_05870,0.0000132550
test_05871,0.9999706385
test_05872,0.9999878137
test_05873,0.0005136137
test_05874,0.0003241936
test_05875,0.0000318498
test_05876,0.0000014043
test_05877,0.9999862713
test_05878,0.9999997617
test_05879,0.9999875542
test_05880,0.9999710200
test_05881,0.9999997265
test_05882,0.9999283298
test_05883,0.9999997082
test_05884,0.9999863339
test_05885,0.0018563269
test_05886,0.0001921401
test_05887,0.0000040106
test_05888,0.0000050442
test_05889,0.0000225442
test_05890,0.0000014924
test_05891,0.0028906864
test_05892,0.9999680750
test_05893,0.0000100788
test_05894,0.9999953254
test_05895,0.0000012196
test_05896,0.9998911239
test_05897,0.9999994219
test_05898,0.0000001119
test_05899,0.9999951149
test_05900,0.9999054631
test_05901,0.9237199134
test_05902,0.9998938015
test_05903,0.0000008119
test_05904,0.4828757112
test_05905,0.0001685354
test_05906,0.0025177293
test_05907,0.1118674113
test_05908,0.0000174033
test_05909,0.1558092789
test_05910,0.9999998210
test_05911,0.0000047785
test_05912,0.0000070751
test_05913,0.0003701252
test_05914,0.0000444008
test_05915,0.9999998461
test_05916,0.0000058507
test_05917,0.0000009315
test_05918,0.2039356076
test_05919,0.9978242723
test_05920,0.0378770818
test_05921,0.9999987417
test_05922,0.9999988497
test_05923,0.9999959788
test_05924,0.0000001128
test_05925,0.0000006223
test_05926,0.0000187961
test_05927,0.0009482756
test_05928,0.9999862443
test_05929,0.0000004828
test_05930,0.0000009556
test_05931,0.9999709243
test_05932,0.0000003472
test_05933,0.0000165333
test_05934,0.0000001605
test_05935,0.0000051978
test_05936,0.9999996537
test_05937,0.0067671595
test_05938,0.9999971510
test_05939,0.0000069635
test_05940,0.0004410002
test_05941,0.9999975547
test_05942,0.0000030170
test_05943,0.9999987144
test_05944,0.9999985672
test_05945,0.0001970628
test_05946,0.1613940367
test_05947,0.9998286193
test_05948,0.9998831785
test_05949,0.9999971496
test_05950,0.0000032457
test_05951,0.0000005249
test_05952,0.0000018371
test_05953,0.9999842787
test_05954,0.0000195472
test_05955,0.9998501385
test_05956,0.6558979641
test_05957,0.0013618668
test_05958,0.0000729545
test_05959,0.9999536751
test_05960,0.0000075068
test_05961,0.9589329277
test_05962,0.9999999051
test_05963,0.9999995583
test_05964,0.0024567964
test_05965,0.0002481628
test_05966,0.0006670816
test_05967,0.3392913891
test_05968,0.9999846056
test_05969,0.0000001009
test_05970,0.9759642778
test_05971,0.0000003414
test_05972,0.9944068051
test_05973,0.0000008205
test_05974,0.0001880082
test_05975,0.9997003028
test_05976,0.0000011121
test_05977,0.9999941392
test_05978,0.9999514747
test_05979,0.0195805101
test_05980,0.0000384526
test_05981,0.9991959127
test_05982,0.9999976998
test_05983,0.0000020251
test_05984,0.0010065483
test_05985,0.0000036939
test_05986,0.9997621962
test_05987,0.9999674424
test_05988,0.9999967996
test_05989,0.9999515768
test_05990,0.9999997460
test_05991,0.9999633094
test_05992,0.9999782490
test_05993,0.9997835046
test_05994,0.0033086703
test_05995,0.0147229378
test_05996,0.2569572498
test_05997,0.9999998809
test_05998,0.9942159747
test_05999,0.0027788297
test_06000,0.9999998372
test_06001,0.9999714759
test_06002,0.9999990536
test_06003,0.9999484832
test_06004,0.0000002310
test_06005,0.9998282863
test_06006,0.9999998226
test_06007,0.0000002875
test_06008,0.0000008274
test_06009,0.0000152390
test_06010,0.9999974560
test_06011,0.9973448887
test_06012,0.9985242069
test_06013,0.9990732111
test_06014,0.0002052238
test_06015,0.0000003402
test_06016,0.0000079760
test_06017,0.0002887838
test_06018,0.0000101692
test_06019,0.9993942256
test_06020,0.0008332594
test_06021,0.0000038251
test_06022,0.0000040176
test_06023,0.0002180372
test_06024,0.9999975358
test_06025,0.9999902344
test_06026,0.0010286001
test_06027,0.9999801585
test_06028,0.0000013987
test_06029,0.0005891794
test_06030,0.9868074223
test_06031,0.0016200498
test_06032,0.0000377761
test_06033,0.0000011540
test_06034,0.9860767806
test_06035,0.0000007763
test_06036,0.9995001750
test_06037,0.0004791191
test_06038,0.9999475642
test_06039,0.0000060637
test_06040,0.2954188903
test_06041,0.9475469204
test_06042,0.9999615357
test_06043,0.0003251990
test_06044,0.9999998339
test_06045,0.8856253540
test_06046,0.0000538643
test_06047,0.0000122943
test_06048,0.9999990949
test_06049,0.0000843379
test_06050,0.0000164093
test_06051,0.0000000860
test_06052,0.9999975332
test_06053,0.0000004197
test_06054,0.0000109447
test_06055,0.0000001274
test_06056,0.9999983038
test_06057,0.9999647747
test_06058,0.9999973886
test_06059,0.9999965170
test_06060,0.9999864814
test_06061,0.0000082042
test_06062,0.9999691151
test_06063,0.9999804864
test_06064,0.9999399413
test_06065,0.0000712349
test_06066,0.0000788804
test_06067,0.3012546103
test_06068,0.9999998962
test_06069,0.9858358134
test_06070,0.0000005514
test_06071,0.0000696972
test_06072,0.9999987698
test_06073,0.9999576267
test_06074,0.0012403166
test_06075,0.0000237987
test_06076,0.9999993284
test_06077,0.9967748374
test_06078,0.9999415068
test_06079,0.9999925710
test_06080,0.9999647260
test_06081,0.9971138180
test_06082,0.9732318853
test_06083,0.0000197601
test_06084,0.0000002237
test_06085,0.9999890425
test_06086,0.0013737514
test_06087,0.9999931100
test_06088,0.0000701538
test_06089,0.9865121592
test_06090,0.9999995768
test_06091,0.9999994048
test_06092,0.0000000938
test_06093,0.3434897774
test_06094,0.9999898695
test_06095,0.1626090980
test_06096,0.9999995955
test_06097,0.0000011600
test_06098,0.0000000501
test_06099,0.0000022993
test_06100,0.0000012628
test_06101,0.0000035350
test_06102,0.9999873958
test_06103,0.9999978163
test_06104,0.9999870343
test_06105,0.9999975343
test_06106,0.9999973298
test_06107,0.9999231921
test_06108,0.7961429677
test_06109,0.0000018701
test_06110,0.9592418317
test_06111,0.0000185571
test_06112,0.0000145306
test_06113,0.0000004705
test_06114,0.0000021761
test_06115,0.9999998191
test_06116,0.9999850179
test_06117,0.0005987404
test_06118,0.0000185363
test_06119,0.9999928296
test_06120,0.9987930368
test_06121,0.9999981048
test_06122,0.0103990610
test_06123,0.0000007162
test_06124,0.0022070550
test_06125,0.9999995257
test_06126,0.9445190830
test_06127,0.0000006465
test_06128,0.9979920263
test_06129,0.0006919771
test_06130,0.7809991285
test_06131,0.0000051258
test_06132,0.9998832770
test_06133,0.0520758692
test_06134,0.0000257013
test_06135,0.0000571557
test_06136,0.9999943933
test_06137,0.9995550271
test_06138,0.9990187852
test_06139,0.9999971327
test_06140,0.9999876323
test_06141,0.9999809888
test_06142,0.9762272507
test_06143,0.0000007022
test_06144,0.9999454102
test_06145,0.0000442844
test_06146,0.0007879717
test_06147,0.9999185714
test_06148,0.0000017370
test_06149,0.0000764934
test_06150,0.0000036493
test_06151,0.9999401349
test_06152,0.0000001172
test_06153,0.9999988940
test_06154,0.2040395796
test_06155,0.9999477263
test_06156,0.0000145426
test_06157,0.0000095398
test_06158,0.0000602168
test_06159,0.2008705124
test_06160,0.9999996365
test_06161,0.0000008415
test_06162,0.9792652850
test_06163,0.9999983815
test_06164,0.9999867392
test_06165,0.0005354972
test_06166,0.0042475603
test_06167,0.8362194329
test_06168,0.1914205688
test_06169,0.9999985883
test_06170,0.9999938272
test_06171,0.0000103326
test_06172,0.9999912311
test_06173,0.9999989061
test_06174,0.0000000857
test_06175,0.0000000920
test_06176,0.8145798737
test_06177,0.9999981780
test_06178,0.9999284659
test_06179,0.9999979651
test_06180,0.9999962571
test_06181,0.0000390903
test_06182,0.0000009784
test_06183,0.9999998205
test_06184,0.9961843703
test_06185,0.0024884127
test_06186,0.9999998825
test_06187,0.0000004290
test_06188,0.9830347359
test_06189,0.0000004816
test_06190,0.9831222035
test_06191,0.0000001564
test_06192,0.0000000697
test_06193,0.9999670506
test_06194,0.9998655906
test_06195,0.0019327970
test_06196,0.0000005020
test_06197,0.9999955782
test_06198,0.0000075017
test_06199,0.9999996754
test_06200,0.9999997336
test_06201,0.9975532148
test_06202,0.0004830498
test_06203,0.0000229394
test_06204,0.0891844216
test_06205,0.9966384393
test_06206,0.0000836498
test_06207,0.9999911975
test_06208,0.0000004019
test_06209,0.0000143321
test_06210,0.9999950926
test_06211,0.0005173651
test_06212,0.9999915536
test_06213,0.0000002889
test_06214,0.0000094835
test_06215,0.9998901584
test_06216,0.9999646100
test_06217,0.9999780705
test_06218,0.9945718890
test_06219,0.0359387801
test_06220,0.0001336874
test_06221,0.0000002250
test_06222,0.0000021076
test_06223,0.0000154171
test_06224,0.0007134364
test_06225,0.9999992745
test_06226,0.9999993945
test_06227,0.0000003679
test_06228,0.9999796958
test_06229,0.0000001706
test_06230,0.0000251316
test_06231,0.0000968564
test_06232,0.0003343952
test_06233,0.0000052448
test_06234,0.9999985444
test_06235,0.0000046213
test_06236,0.0000001970
test_06237,0.9118946343
test_06238,0.0000050102
test_06239,0.9999973971
test_06240,0.9978354248
test_06241,0.9999419640
test_06242,0.5478058972
test_06243,0.9999991548
test_06244,0.9999941052
test_06245,0.9746182563
test_06246,0.9998825780
test_06247,0.9998640287
test_06248,0.9999983035
test_06249,0.9999843190
test_06250,0.9999993821
test_06251,0.0000048371
test_06252,0.9999666538
test_06253,0.4581299433
test_06254,0.9996033618
test_06255,0.0000013432
test_06256,0.9999997215
test_06257,0.9999996633
test_06258,0.9999813942
test_06259,0.9239672823
test_06260,0.9992980348
test_06261,0.0025092282
test_06262,0.9999993097
test_06263,0.9946029793
test_06264,0.9878350429
test_06265,0.9997587203
test_06266,0.9999878829
test_06267,0.9999983321
test_06268,0.9999999069
test_06269,0.0031752124
test_06270,0.3408362970
test_06271,0.9998438308
test_06272,0.9999960337
test_06273,0.9962138669
test_06274,0.9990210428
test_06275,0.9873892154
test_06276,0.0000078114
test_06277,0.9997160655
test_06278,0.0000170715
test_06279,0.0000000535
test_06280,0.0152103021
test_06281,0.9996300378
test_06282,0.9999998449
test_06283,0.0001473326
test_06284,0.3645571704
test_06285,0.0331579316
test_06286,0.9999983318
test_06287,0.0000171359
test_06288,0.9999672087
test_06289,0.0000243244
test_06290,0.0000206212
test_06291,0.0000003263
test_06292,0.0000085183
test_06293,0.0000001183
test_06294,0.9163533255
test_06295,0.0006130536
test_06296,0.0004730195
test_06297,0.9900437825
test_06298,0.9999997541
test_06299,0.9977112097
test_06300,0.9999985582
test_06301,0.0000008018
test_06302,0.9999965861
test_06303,0.0000005041
test_06304,0.9998971976
test_06305,0.3749651066
test_06306,0.0029835904
test_06307,0.0141218667
test_06308,0.9999848261
test_06309,0.9999122815
test_06310,0.0000001312
test_06311,0.0000011125
test_06312,0.0004087466
test_06313,0.0011284041
test_06314,0.0001091938
test_06315,0.0037289568
test_06316,0.0799946994
test_06317,0.9999533979
test_06318,0.9999997219
test_06319,0.0060388017
test_06320,0.9999998721
test_06321,0.0000284529
test_06322,0.9999996263
test_06323,0.0455500504
test_06324,0.0000029301
test_06325,0.9999914050
test_06326,0.9997195678
test_06327,0.0000101066
test_06328,0.9999898667
test_06329,0.1785237640
test_06330,0.0000109220
test_06331,0.0000044743
test_06332,0.0015955762
test_06333,0.0000503560
test_06334,0.0000399128
test_06335,0.9609012412
test_06336,0.0034299445
test_06337,0.0089959918
test_06338,0.9995751857
test_06339,0.9999957878
test_06340,0.9999998005
test_06341,0.0000957520
test_06342,0.9999957148
test_06343,0.7449639022
test_06344,0.0001271309
test_06345,0.0088558804
test_06346,0.9999190129
test_06347,0.0000096329
test_06348,0.9999998217
test_06349,0.0000023321
test_06350,0.0000001954
test_06351,0.9999827471
test_06352,0.0002802286
test_06353,0.0000413555
test_06354,0.0003790500
test_06355,0.0641117165
test_06356,0.9999987220
test_06357,0.0000004874
test_06358,0.9992650853
test_06359,0.9998507587
test_06360,0.9999977456
test_06361,0.0016864137
test_06362,0.0000005744
test_06363,0.9752272122
test_06364,0.9199192718
test_06365,0.0000015947
test_06366,0.9999555481
test_06367,0.9924434417
test_06368,0.9999939605
test_06369,0.9999932004
test_06370,0.9997847906
test_06371,0.0394922947
test_06372,0.9934216826
test_06373,0.9999961608
test_06374,0.9999991493
test_06375,0.0003991457
test_06376,0.0000323094
test_06377,0.9999736161
test_06378,0.9998943504
test_06379,0.0000021043
test_06380,0.0001533249
test_06381,0.0000384310
test_06382,0.9999911604
test_06383,0.9999988854
test_06384,0.9999700238
test_06385,0.0000059671
test_06386,0.9999997232
test_06387,0.9995833951
test_06388,0.9999608512
test_06389,0.0690475810
test_06390,0.9999986484
test_06391,0.0000001446
test_06392,0.0026591964
test_06393,0.0000269272
test_06394,0.9992600566
test_06395,0.0199269684
test_06396,0.0056533249
test_06397,0.0000010776
test_06398,0.9999162965
test_06399,0.0000016851
test_06400,0.0000002202
test_06401,0.9777290704
test_06402,0.9999871773
test_06403,0.0000176977
test_06404,0.0285440482
test_06405,0.0000018015
test_06406,0.0000000832
test_06407,0.0000137546
test_06408,0.0000150649
test_06409,0.9998348377
test_06410,0.9999991212
test_06411,0.9999996904
test_06412,0.4365459540
test_06413,0.0000106444
test_06414,0.9997468380
test_06415,0.0517932267
test_06416,0.9999288649
test_06417,0.9999818668
test_06418,0.0546086843
test_06419,0.9999890887
test_06420,0.0000018369
test_06421,0.9996052795
test_06422,0.9999995265
test_06423,0.9999207842
test_06424,0.9989189279
test_06425,0.0391834908
test_06426,0.0000005390
test_06427,0.0000006141
test_06428,0.9932804000
test_06429,0.0000233070
test_06430,0.0001745272
test_06431,0.9999884197
test_06432,0.0000000900
test_06433,0.9999945632
test_06434,0.9999997992
test_06435,0.9999986154
test_06436,0.0116174891
test_06437,0.0001043696
test_06438,0.0000080248
test_06439,0.9999709727
test_06440,0.0000075492
test_06441,0.9772434140
test_06442,0.0026201213
test_06443,0.0197180284
test_06444,0.0000950625
test_06445,0.0005597902
test_06446,0.9999152374
test_06447,0.9994307736
test_06448,0.9998962056
test_06449,0.0000000682
test_06450,0.9999839318
test_06451,0.9999999242
test_06452,0.9999991574
test_06453,0.0176068315
test_06454,0.9999716275
test_06455,0.9999907846
test_06456,0.0000001332
test_06457,0.9999972710
test_06458,0.0021351333
test_06459,0.9998983306
test_06460,0.0000697217
test_06461,0.0000005608
test_06462,0.9999994533
test_06463,0.9999955840
test_06464,0.0000312534
test_06465,0.0000254020
test_06466,0.0846654342
test_06467,0.3221130584
test_06468,0.0000045345
test_06469,0.9999975753
test_06470,0.9991217325
test_06471,0.0000012156
test_06472,0.0000106877
test_06473,0.9999739530
test_06474,0.0000129102
test_06475,0.9991063335
test_06476,0.0000024386
test_06477,0.0000017122
test_06478,0.9999995531
test_06479,0.9999992780
test_06480,0.9997216282
test_06481,0.0000314761
test_06482,0.9999980607
test_06483,0.0229551190
test_06484,0.0000000466
test_06485,0.9997837129
test_06486,0.9999994760
test_06487,0.0000054007
test_06488,0.9999997673
test_06489,0.0000000607
test_06490,0.9999980633
test_06491,0.0000172348
test_06492,0.9999765852
test_06493,0.0000082224
test_06494,0.9993449034
test_06495,0.0000558418
test_06496,0.0000002142
test_06497,0.9999835289
test_06498,0.9999915081
test_06499,0.0005247149
test_06500,0.0944719307
test_06501,0.0004940057
test_06502,0.9999988147
test_06503,0.0000034353
test_06504,0.0000007111
test_06505,0.0000000458
test_06506,0.9354318938
test_06507,0.9999830722
test_06508,0.9999991404
test_06509,0.0083919578
test_06510,0.9999982142
test_06511,0.9945286657
test_06512,0.9999905688
test_06513,0.9996922734
test_06514,0.0005482619
test_06515,0.9999857630
test_06516,0.9994203891
test_06517,0.9999737719
test_06518,0.9725522816
test_06519,0.0012618414
test_06520,0.0000022079
test_06521,0.9700740968
test_06522,0.9999994979
test_06523,0.9999987425
test_06524,0.0000353520
test_06525,0.0000012683
test_06526,0.9972738609
test_06527,0.0000016093
test_06528,0.9997684572
test_06529,0.2996626762
test_06530,0.0000024641
test_06531,0.9999991620
test_06532,0.9999184601
test_06533,0.9997790184
test_06534,0.9993833140
test_06535,0.9999598869
test_06536,0.8781134142
test_06537,0.0000274483
test_06538,0.9675179945
test_06539,0.0035293373
test_06540,0.0000612904
test_06541,0.0001285400
test_06542,0.0000050264
test_06543,0.0028290206
test_06544,0.9999860712
test_06545,0.9998743648
test_06546,0.0000311314
test_06547,0.9813063390
test_06548,0.9999946886
test_06549,0.0000163583
test_06550,0.9999890262
test_06551,0.0000018555
test_06552,0.9997106900
test_06553,0.9999994749
test_06554,0.9999958450
test_06555,0.0113051046
test_06556,0.9999996848
test_06557,0.0002837220
test_06558,0.9997324797
test_06559,0.0000244984
test_06560,0.0000489798
test_06561,0.9999938646
test_06562,0.0005357048
test_06563,0.0006790453
test_06564,0.9962917760
test_06565,0.9997106683
test_06566,0.9907427072
test_06567,0.9855641271
test_06568,0.0000853073
test_06569,0.0021267988
test_06570,0.0000013272
test_06571,0.0001763274
test_06572,0.0000109173
test_06573,0.1690588501
test_06574,0.1318013669
test_06575,0.0000010983
test_06576,0.0002582954
test_06577,0.0000226716
test_06578,0.9999930795
test_06579,0.4372197141
test_06580,0.9999978328
test_06581,0.0001797300
test_06582,0.9999994429
test_06583,0.0001363544
test_06584,0.9998661007
test_06585,0.0000144283
test_06586,0.0000011488
test_06587,0.9999335644
test_06588,0.0004418540
test_06589,0.9999228579
test_06590,0.0000069341
test_06591,0.0000009038
test_06592,0.9999788995
test_06593,0.9999964920
test_06594,0.9999997114
test_06595,0.0985644286
test_06596,0.0101938074
test_06597,0.4159844194
test_06598,0.0000021445
test_06599,0.0000008111
test_06600,0.0000320208
test_06601,0.0000051086
test_06602,0.0005004976
test_06603,0.0000155334
test_06604,0.0009584566
test_06605,0.0000004922
test_06606,0.9999621647
test_06607,0.0000000765
test_06608,0.9999549531
test_06609,0.8268997024
test_06610,0.0002228537
test_06611,0.9999900159
test_06612,0.0000006996
test_06613,0.0000000807
test_06614,0.0000002469
test_06615,0.0000312952
test_06616,0.9997429061
test_06617,0.9999814989
test_06618,0.0000619942
test_06619,0.0001187214
test_06620,0.1173817742
test_06621,0.0001362652
test_06622,0.0000724467
test_06623,0.0011642454
test_06624,0.9999988491
test_06625,0.9999987601
test_06626,0.0000001428
test_06627,0.0000000687
test_06628,0.9936958953
test_06629,0.0000033854
test_06630,0.0000033864
test_06631,0.0003999192
test_06632,0.0001491632
test_06633,0.0000006770
test_06634,0.9995331364
test_06635,0.0002523057
test_06636,0.0000019495
test_06637,0.0000003397
test_06638,0.0000024137
test_06639,0.9985752930
test_06640,0.9992045862
test_06641,0.0028786131
test_06642,0.9943249302
test_06643,0.9999994649
test_06644,0.9999999151
test_06645,0.9999977487
test_06646,0.9999955841
test_06647,0.9999876398
test_06648,0.0003351502
test_06649,0.2087850181
test_06650,0.0001787563
test_06651,0.0000295345
test_06652,0.0000003281
test_06653,0.9999955629
test_06654,0.0000025702
test_06655,0.0000004002
test_06656,0.9999988392
test_06657,0.9999862143
test_06658,0.0000003695
test_06659,0.9998174300
test_06660,0.9972141457
test_06661,0.0000378894
test_06662,0.0002926827
test_06663,0.0000020235
test_06664,0.0000001271
test_06665,0.0000036037
test_06666,0.0027298976
test_06667,0.9999997645
test_06668,0.1197345183
test_06669,0.0000004960
test_06670,0.0001340137
test_06671,0.9998025693
test_06672,0.0003821801
test_06673,0.0000017431
test_06674,0.9999997029
test_06675,0.0000300746
test_06676,0.9937507206
test_06677,0.9999923402
test_06678,0.9999995025
test_06679,0.0000040919
test_06680,0.0002388671
test_06681,0.9999969514
test_06682,0.0000036499
test_06683,0.9995574189
test_06684,0.0000456177
test_06685,0.9999991460
test_06686,0.9999905195
test_06687,0.0001269531
test_06688,0.0024190150
test_06689,0.9999058220
test_06690,0.9943002519
test_06691,0.0000021499
test_06692,0.9995696073
test_06693,0.6316557903
test_06694,0.9999974717
test_06695,0.0000005669
test_06696,0.9999971146
test_06697,0.9999974228
test_06698,0.0643045417
test_06699,0.3789435366
test_06700,0.9999999513
test_06701,0.9999980955
test_06702,0.9999932665
test_06703,0.0007140385
test_06704,0.9999985231
test_06705,0.9999998937
test_06706,0.4176114058
test_06707,0.0000311205
test_06708,0.9999999065
test_06709,0.3033120028
test_06710,0.9939047508
test_06711,0.9999982248
test_06712,0.0490879172
test_06713,0.9999974522
test_06714,0.9068474875
test_06715,0.0000004957
test_06716,0.9999958969
test_06717,0.9999999094
test_06718,0.9835477849
test_06719,0.9998681462
test_06720,0.9999613845
test_06721,0.0016981842
test_06722,0.9991461350
test_06723,0.9999400896
test_06724,0.0000269805
test_06725,0.6485585926
test_06726,0.9999552999
test_06727,0.9999968037
test_06728,0.0000008072
test_06729,0.0000143270
test_06730,0.0000005854
test_06731,0.9999862264
test_06732,0.9994554323
test_06733,0.9999943889
test_06734,0.0000040205
test_06735,0.9999918575
test_06736,0.9998676233
test_06737,0.9999998727
test_06738,0.9999998712
test_06739,0.9999967694
test_06740,0.9999994616
test_06741,0.9934195460
test_06742,0.9999997835
test_06743,0.9999970162
test_06744,0.0004540735
test_06745,0.0000020234
test_06746,0.9999030059
test_06747,0.9999340305
test_06748,0.0005274158
test_06749,0.9999997943
test_06750,0.9999800163
test_06751,0.0000175696
test_06752,0.0000000807
test_06753,0.0000189149
test_06754,0.0000016362
test_06755,0.9996643550
test_06756,0.0001632984
test_06757,0.9999993352
test_06758,0.0000001974
test_06759,0.0203511080
test_06760,0.0001405374
test_06761,0.9999973318
test_06762,0.9999998621
test_06763,0.9999222402
test_06764,0.9990797481
test_06765,0.9999984973
test_06766,0.0000012553
test_06767,0.0000001617
test_06768,0.9999946038
test_06769,0.0000008677
test_06770,0.0000383030
test_06771,0.9999992882
test_06772,0.0000002460
test_06773,0.9999918655
test_06774,0.0021730817
test_06775,0.0000005751
test_06776,0.9999997492
test_06777,0.9995366074
test_06778,0.0000013785
test_06779,0.0000039293
test_06780,0.9999979117
test_06781,0.9999057751
test_06782,0.9896890873
test_06783,0.9997857071
test_06784,0.0000001081
test_06785,0.9999440499
test_06786,0.9999785718
test_06787,0.0000022846
test_06788,0.0001290013
test_06789,0.0009120070
test_06790,0.9999868983
test_06791,0.9998124123
test_06792,0.9999991052
test_06793,0.0048488614
test_06794,0.9999981483
test_06795,0.0000000798
test_06796,0.9999959742
test_06797,0.9999987142
test_06798,0.9999905414
test_06799,0.0001016911
test_06800,0.0000022851
test_06801,0.9965788359
test_06802,0.0000003053
test_06803,0.0196007483
test_06804,0.9992490688
test_06805,0.0001399690
test_06806,0.9999000537
test_06807,0.9999066389
test_06808,0.9996870418
test_06809,0.9873061707
test_06810,0.9999660816
test_06811,0.9999983419
test_06812,0.0023889381
test_06813,0.9968294308
test_06814,0.9999922716
test_06815,0.9999987805
test_06816,0.9999994282
test_06817,0.0000285487
test_06818,0.9713214953
test_06819,0.9997949809
test_06820,0.0476097763
test_06821,0.9508515930
test_06822,0.0026630788
test_06823,0.0000011482
test_06824,0.9999616513
test_06825,0.0000027077
test_06826,0.0000014227
test_06827,0.0001611073
test_06828,0.9999548874
test_06829,0.9999994582
test_06830,0.0000036576
test_06831,0.9999858964
test_06832,0.0000001823
test_06833,0.0000003078
test_06834,0.0030473789
test_06835,0.0000000507
test_06836,0.0378498750
test_06837,0.0000075151
test_06838,0.0000001583
test_06839,0.4301814318
test_06840,0.9999197839
test_06841,0.0000177449
test_06842,0.9999593985
test_06843,0.0001491684
test_06844,0.0000001034
test_06845,0.0000000518
test_06846,0.9999996548
test_06847,0.9999994287
test_06848,0.0000527064
test_06849,0.9999967612
test_06850,0.0008987310
test_06851,0.0000125707
test_06852,0.0000014799
test_06853,0.0000001314
test_06854,0.4983590810
test_06855,0.0000000526
test_06856,0.0001168521
test_06857,0.4987299059
test_06858,0.0000015711
test_06859,0.9871679648
test_06860,0.9711318821
test_06861,0.0000002995
test_06862,0.9999993701
test_06863,0.9620394034
test_06864,0.9999865154
test_06865,0.0000055701
test_06866,0.0001744423
test_06867,0.0181161039
test_06868,0.9999756051
test_06869,0.0217337981
test_06870,0.9999912231
test_06871,0.9999993292
test_06872,0.0877969251
test_06873,0.0001019830
test_06874,0.9999349371
test_06875,0.0009942813
test_06876,0.0000002278
test_06877,0.9999999293
test_06878,0.0006117572
test_06879,0.9783010360
test_06880,0.0000731939
test_06881,0.9996708498
test_06882,0.0000042302
test_06883,0.9923161951
test_06884,0.0000553649
test_06885,0.0001907262
test_06886,0.2297250188
test_06887,0.9998891852
test_06888,0.0103837662
test_06889,0.9999959705
test_06890,0.0022568953
test_06891,0.0000854514
test_06892,0.0000001196
test_06893,0.0000052097
test_06894,0.0000271406
test_06895,0.0000016617
test_06896,0.9999998628
test_06897,0.1120183428
test_06898,0.0085348458
test_06899,0.0000046879
test_06900,0.0000486557
test_06901,0.9999965806
test_06902,0.4564653984
test_06903,0.9999995415
test_06904,0.9999990562
test_06905,0.9999933918
test_06906,0.0001181241
test_06907,0.9999484408
test_06908,0.9999955551
test_06909,0.0000605462
test_06910,0.9999999125
test_06911,0.9999980775
test_06912,0.0000056090
test_06913,0.0015034688
test_06914,0.9936017134
test_06915,0.0160636437
test_06916,0.9999968982
test_06917,0.0000070193
test_06918,0.9986708231
test_06919,0.9999976238
test_06920,0.0000002663
test_06921,0.9998586828
test_06922,0.9999952122
test_06923,0.9393227286
test_06924,0.9999987928
test_06925,0.0004755661
test_06926,0.0000002680
test_06927,0.0017306298
test_06928,0.0000001159
test_06929,0.9960650573
test_06930,0.0000189830
test_06931,0.0000228752
test_06932,0.9999997885
test_06933,0.9999988829
test_06934,0.0000005212
test_06935,0.0001075936
test_06936,0.9999459583
test_06937,0.9996607730
test_06938,0.0000051034
test_06939,0.0000001955
test_06940,0.9999280104
test_06941,0.9999930237
test_06942,0.0006776142
test_06943,0.0153985619
test_06944,0.0920010079
test_06945,0.0004298409
test_06946,0.3778874053
test_06947,0.9995377414
test_06948,0.0003756976
test_06949,0.9999997924
test_06950,0.0600850886
test_06951,0.0529662008
test_06952,0.9964593972
test_06953,0.0000005632
test_06954,0.2788382840
test_06955,0.9999946300
test_06956,0.9999030766
test_06957,0.9994881437
test_06958,0.9999986794
test_06959,0.0374683607
test_06960,0.0000001716
test_06961,0.9979045962
test_06962,0.0000045819
test_06963,0.9952042590
test_06964,0.9999999276
test_06965,0.0292717018
test_06966,0.0000515371
test_06967,0.0255037835
test_06968,0.0000001735
test_06969,0.0000045058
test_06970,0.9999998542
test_06971,0.9999982400
test_06972,0.0000459483
test_06973,0.9999968416
test_06974,0.0000605999
test_06975,0.9999770097
test_06976,0.9999995843
test_06977,0.9999455403
test_06978,0.0000002267
test_06979,0.6563621728
test_06980,0.9999637775
test_06981,0.9999963190
test_06982,0.9999985883
test_06983,0.0000107265
test_06984,0.0000009805
test_06985,0.0000230778
test_06986,0.0005075992
test_06987,0.0000016793
test_06988,0.0000072222
test_06989,0.0007551815
test_06990,0.9999960702
test_06991,0.9989105662
test_06992,0.0292776486
test_06993,0.0000404552
test_06994,0.0000003163
test_06995,0.0000342440
test_06996,0.0115412971
test_06997,0.9999978310
test_06998,0.0000056691
test_06999,0.9999980968
test_07000,0.0426367153
test_07001,0.6510873638
test_07002,0.9999996409
test_07003,0.9999998441
test_07004,0.9999276255
test_07005,0.9893362611
test_07006,0.0000003098
test_07007,0.0001686003
test_07008,0.0000008349
test_07009,0.9999905358
test_07010,0.9996410242
test_07011,0.9999891623
test_07012,0.9984433434
test_07013,0.0046751745
test_07014,0.9999999156
test_07015,0.9999992515
test_07016,0.9999991493
test_07017,0.0000003932
test_07018,0.9999877689
test_07019,0.9755797274
test_07020,0.0000094880
test_07021,0.9999996202
test_07022,0.0000003314
test_07023,0.9998909146
test_07024,0.0011163457
test_07025,0.9999969082
test_07026,0.9999985073
test_07027,0.0000531974
test_07028,0.9916197295
test_07029,0.9913856881
test_07030,0.0006873502
test_07031,0.0000024974
test_07032,0.9999521666
test_07033,0.9999990645
test_07034,0.0000017947
test_07035,0.0000122482
test_07036,0.0000045456
test_07037,0.0014037583
test_07038,0.9999591176
test_07039,0.0000043871
test_07040,0.0000044050
test_07041,0.9999973511
test_07042,0.9999851816
test_07043,0.0017700816
test_07044,0.9999813374
test_07045,0.0000380892
test_07046,0.9992500687
test_07047,0.9999998476
test_07048,0.0001493172
test_07049,0.1935898905
test_07050,0.9999899935
test_07051,0.0148301015
test_07052,0.9999905408
test_07053,0.0000004606
test_07054,0.9965144354
test_07055,0.9999999450
test_07056,0.9998668660
test_07057,0.0000010099
test_07058,0.9996217125
test_07059,0.0003703138
test_07060,0.9999999110
test_07061,0.9999556406
test_07062,0.0008182163
test_07063,0.0000118216
test_07064,0.0000001364
test_07065,0.0002396843
test_07066,0.0008675375
test_07067,0.9999986587
test_07068,0.9978159811
test_07069,0.9988431127
test_07070,0.0001108835
test_07071,0.0000015188
test_07072,0.9999821676
test_07073,0.9999879756
test_07074,0.9999907741
test_07075,0.9999457011
test_07076,0.9999984955
test_07077,0.0065403858
test_07078,0.9999835005
test_07079,0.9999994858
test_07080,0.0001509400
test_07081,0.0155583626
test_07082,0.9997510466
test_07083,0.0000016855
test_07084,0.0001190669
test_07085,0.0034283536
test_07086,0.9997548522
test_07087,0.0000137151
test_07088,0.9998119122
test_07089,0.0149168583
test_07090,0.9999957305
test_07091,0.0000023178
test_07092,0.9990923975
test_07093,0.9761000423
test_07094,0.9993417801
test_07095,0.0000097419
test_07096,0.9999354182
test_07097,0.0002488248
test_07098,0.0002856062
test_07099,0.0000002763
test_07100,0.9999937571
test_07101,0.9999996522
test_07102,0.9999779654
test_07103,0.9999967067
test_07104,0.9530225922
test_07105,0.0000014779
test_07106,0.9999255139
test_07107,0.0000004180
test_07108,0.9973415463
test_07109,0.5699923914
test_07110,0.9979258284
test_07111,0.0425685312
test_07112,0.9999602122
test_07113,0.0000079837
test_07114,0.9974271177
test_07115,0.9423766097
test_07116,0.9238650408
test_07117,0.0000145034
test_07118,0.0000012814
test_07119,0.0002583013
test_07120,0.0000347595
test_07121,0.0004085493
test_07122,0.9999875812
test_07123,0.7772483552
test_07124,0.9999838211
test_07125,0.9999998510
test_07126,0.9998724002
test_07127,0.9999881065
test_07128,0.0000002020
test_07129,0.0000000798
test_07130,0.9999924325
test_07131,0.9998394498
test_07132,0.0000001761
test_07133,0.0000011951
test_07134,0.0005673743
test_07135,0.0000380172
test_07136,0.9999370917
test_07137,0.9997947032
test_07138,0.0000004321
test_07139,0.0000493036
test_07140,0.0000530875
test_07141,0.0017373296
test_07142,0.0000057270
test_07143,0.0000021255
test_07144,0.0000052374
test_07145,0.0000007959
test_07146,0.9999982502
test_07147,0.5423469254
test_07148,0.9999994797
test_07149,0.0000037717
test_07150,0.0956089641
test_07151,0.0012477975
test_07152,0.9961201742
test_07153,0.9999639410
test_07154,0.9981029967
test_07155,0.0000004129
test_07156,0.0000313882
test_07157,0.9999925013
test_07158,0.9999961427
test_07159,0.0000287907
test_07160,0.0024262003
test_07161,0.0000169205
test_07162,0.9997784408
test_07163,0.9961012935
test_07164,0.9965148340
test_07165,0.0019492995
test_07166,0.9999995178
test_07167,0.0000000773
test_07168,0.9999939886
test_07169,0.0000236380
test_07170,0.9999998968
test_07171,0.9999993361
test_07172,0.9999916677
test_07173,0.9999995998
test_07174,0.9983655040
test_07175,0.9999993967
test_07176,0.0000822084
test_07177,0.0000004719
test_07178,0.9999974190
test_07179,0.0087833234
test_07180,0.0000406812
test_07181,0.0984860298
test_07182,0.0000862172
test_07183,0.0001548789
test_07184,0.0000020665
test_07185,0.9999954156
test_07186,0.9999970530
test_07187,0.0000078921
test_07188,0.9887569530
test_07189,0.0000401136
test_07190,0.9999984514
test_07191,0.0000056347
test_07192,0.0000001694
test_07193,0.0000005772
test_07194,0.9887275052
test_07195,0.9923952254
test_07196,0.9999964334
test_07197,0.0000010836
test_07198,0.0002437001
test_07199,0.0000096209
test_07200,0.9999931373
test_07201,0.0191539125
test_07202,0.0000062477
test_07203,0.9999950731
test_07204,0.9749262275
test_07205,0.0000014049
test_07206,0.0005731550
test_07207,0.9944352501
test_07208,0.0000003049
test_07209,0.1031217900
test_07210,0.0000172526
test_07211,0.0000005799
test_07212,0.9013394752
test_07213,0.0000820130
test_07214,0.9999443933
test_07215,0.2340386748
test_07216,0.0023261419
test_07217,0.0000000900
test_07218,0.0007334479
test_07219,0.9999999234
test_07220,0.0004076542
test_07221,0.9999228944
test_07222,0.0002479108
test_07223,0.0000142650
test_07224,0.9999346633
test_07225,0.0146956924
test_07226,0.9866660522
test_07227,0.9999998929
test_07228,0.0001906838
test_07229,0.0010028909
test_07230,0.0000314781
test_07231,0.0000027113
test_07232,0.9860130187
test_07233,0.9999970075
test_07234,0.9999978699
test_07235,0.9875720803
test_07236,0.0000003955
test_07237,0.9999998290
test_07238,0.0000000950
test_07239,0.8202356891
test_07240,0.0003420752
test_07241,0.0000078396
test_07242,0.0000010515
test_07243,0.0000003663
test_07244,0.9999991302
test_07245,0.0001072399
test_07246,0.0004015605
test_07247,0.9966251121
test_07248,0.9999957984
test_07249,0.0000010372
test_07250,0.0000077400
test_07251,0.0180250844
test_07252,0.9998506282
test_07253,0.0000006998
test_07254,0.0001339022
test_07255,0.9495985092
test_07256,0.0000148261
test_07257,0.9999917214
test_07258,0.0072614569
test_07259,0.9999986929
test_07260,0.9998812804
test_07261,0.0031230730
test_07262,0.0000001052
test_07263,0.9999993616
test_07264,0.0000513538
test_07265,0.9999423613
test_07266,0.0000000692
test_07267,0.0000467739
test_07268,0.9999952259
test_07269,0.9998932616
test_07270,0.9827423635
test_07271,0.9999994213
test_07272,0.1555015878
test_07273,0.9997459901
test_07274,0.9999895871
test_07275,0.0319874077
test_07276,0.0001645816
test_07277,0.9999976277
test_07278,0.9963721711
test_07279,0.0000024198
test_07280,0.0000076057
test_07281,0.0000007666
test_07282,0.9999353847
test_07283,0.0015988088
test_07284,0.0000719115
test_07285,0.9999974340
test_07286,0.0541091408
test_07287,0.9999107374
test_07288,0.0000120011
test_07289,0.0000012456
test_07290,0.0000431952
test_07291,0.9954703696
test_07292,0.0301015862
test_07293,0.0000043740
test_07294,0.9999968658
test_07295,0.2223597310
test_07296,0.9996998650
test_07297,0.9999974024
test_07298,0.3346137742
test_07299,0.9999692057
test_07300,0.0002179635
test_07301,0.9999532257
test_07302,0.0000295054
test_07303,0.9999997782
test_07304,0.0000009057
test_07305,0.0007554410
test_07306,0.0870212301
test_07307,0.0000001004
test_07308,0.0000161566
test_07309,0.0000102244
test_07310,0.0000568980
test_07311,0.0000004551
test_07312,0.9999990886
test_07313,0.0000350997
test_07314,0.9994120417
test_07315,0.0579149863
test_07316,0.7225549627
test_07317,0.9998093724
test_07318,0.0000426303
test_07319,0.9999589140
test_07320,0.9999878627
test_07321,0.0035464137
test_07322,0.0000017913
test_07323,0.0000004829
test_07324,0.0230015153
test_07325,0.0091529601
test_07326,0.9979919085
test_07327,0.9999931951
test_07328,0.9999900534
test_07329,0.0002879472
test_07330,0.0326057993
test_07331,0.0000002336
test_07332,0.0000002756
test_07333,0.0059967643
test_07334,0.9810412575
test_07335,0.9989456307
test_07336,0.0011434387
test_07337,0.8462399478
test_07338,0.9999960807
test_07339,0.0000005189
test_07340,0.9999958319
test_07341,0.1343962224
test_07342,0.0165246376
test_07343,0.9999807272
test_07344,0.9999985603
test_07345,0.0000110659
test_07346,0.0000623392
test_07347,0.0000003213
test_07348,0.9999044661
test_07349,0.0000050730
test_07350,0.9999981977
test_07351,0.0000219512
test_07352,0.9996704755
test_07353,0.9999828719
test_07354,0.9697637142
test_07355,0.9997651145
test_07356,0.9999284187
test_07357,0.9999685361
test_07358,0.9999549698
test_07359,0.0000882457
test_07360,0.9999929132
test_07361,0.9980427048
test_07362,0.0000016966
test_07363,0.9999873953
test_07364,0.0008776716
test_07365,0.9974815685
test_07366,0.9999998845
test_07367,0.9999995790
test_07368,0.0072996429
test_07369,0.0028104906
test_07370,0.9999933405
test_07371,0.0000027190
test_07372,0.0000380330
test_07373,0.9999992690
test_07374,0.0000010768
test_07375,0.2904483432
test_07376,0.9744184431
test_07377,0.0000011078
test_07378,0.9999780064
test_07379,0.0015664797
test_07380,0.0000011042
test_07381,0.0086434300
test_07382,0.9953530058
test_07383,0.9806941553
test_07384,0.9999905728
test_07385,0.0010703269
test_07386,0.0002355984
test_07387,0.0000294583
test_07388,0.9998744420
test_07389,0.0006966740
test_07390,0.0000624533
test_07391,0.9999998362
test_07392,0.9864630597
test_07393,0.9985856133
test_07394,0.9999987030
test_07395,0.9999982739
test_07396,0.0000051222
test_07397,0.9999825962
test_07398,0.9999300450
test_07399,0.9929346782
test_07400,0.9999959601
test_07401,0.0003796424
test_07402,0.9999986240
test_07403,0.0000241809
test_07404,0.0000125919
test_07405,0.9999995342
test_07406,0.0002290323
test_07407,0.0000405220
test_07408,0.0000015938
test_07409,0.9999265306
test_07410,0.9999517551
test_07411,0.0000124759
test_07412,0.0000466591
test_07413,0.9999050122
test_07414,0.0000003072
test_07415,0.9999969772
test_07416,0.0000038537
test_07417,0.0017848195
test_07418,0.9996061462
test_07419,0.0114424732
test_07420,0.0000049377
test_07421,0.0000942032
test_07422,0.9999142864
test_07423,0.9999726595
test_07424,0.0000059135
test_07425,0.0000063988
test_07426,0.0332930821
test_07427,0.0001569371
test_07428,0.0000088799
test_07429,0.2109852089
test_07430,0.0000017900
test_07431,0.9999981082
test_07432,0.0000002610
test_07433,0.0026632816
test_07434,0.0000029792
test_07435,0.0000088122
test_07436,0.0010530689
test_07437,0.9999960030
test_07438,0.9999968296
test_07439,0.0000120725
test_07440,0.0000000745
test_07441,0.0000007282
test_07442,0.0001753809
test_07443,0.9999602713
test_07444,0.0000001405
test_07445,0.0003496197
test_07446,0.0000009111
test_07447,0.0000062360
test_07448,0.0000004376
test_07449,0.9999974946
test_07450,0.9999994669
test_07451,0.9998640099
test_07452,0.0000110032
test_07453,0.0000028248
test_07454,0.9999994149
test_07455,0.0740271125
test_07456,0.9999993695
test_07457,0.9963195039
test_07458,0.9999960106
test_07459,0.9999754018
test_07460,0.0000007401
test_07461,0.9996612588
test_07462,0.9307519134
test_07463,0.0000113707
test_07464,0.0000010698
test_07465,0.9999552607
test_07466,0.0213293821
test_07467,0.9999764400
test_07468,0.9999933179
test_07469,0.0481318789
test_07470,0.9999960620
test_07471,0.0856165177
test_07472,0.9720684389
test_07473,0.0000008195
test_07474,0.0000041245
test_07475,0.9999708556
test_07476,0.0001171559
test_07477,0.0000020417
test_07478,0.9999995379
test_07479,0.9999028188
test_07480,0.0006941404
test_07481,0.0002595929
test_07482,0.0000249768
test_07483,0.9632187932
test_07484,0.0000874875
test_07485,0.9999986428
test_07486,0.9999994304
test_07487,0.0000020944
test_07488,0.0000132948
test_07489,0.9999581778
test_07490,0.8665930658
test_07491,0.0003803894
test_07492,0.0000011292
test_07493,0.9985159621
test_07494,0.9999661000
test_07495,0.9999976068
test_07496,0.0000203077
test_07497,0.0000004274
test_07498,0.2492936877
test_07499,0.0000103611
test_07500,0.0000258877
test_07501,0.0000007156
test_07502,0.9999972612
test_07503,0.1321233250
test_07504,0.0000100002
test_07505,0.9998572210
test_07506,0.9999994909
test_07507,0.0000473332
test_07508,0.0000175891
test_07509,0.9999969735
test_07510,0.9839811418
test_07511,0.9999993031
test_07512,0.0002700226
test_07513,0.9999688673
test_07514,0.9996430243
test_07515,0.9999994514
test_07516,0.9999501288
test_07517,0.9999999310
test_07518,0.0000000725
test_07519,0.0009782009
test_07520,0.0002114049
test_07521,0.0002130856
test_07522,0.9999908202
test_07523,0.0000146434
test_07524,0.9999674944
test_07525,0.9603517057
test_07526,0.0000001927
test_07527,0.6305900394
test_07528,0.9999998440
test_07529,0.0000229460
test_07530,0.9999465202
test_07531,0.9913771247
test_07532,0.9999656295
test_07533,0.0000088912
test_07534,0.4627732131
test_07535,0.9909027970
test_07536,0.0000176655
test_07537,0.0000023013
test_07538,0.0414576243
test_07539,0.9999996115
test_07540,0.0000026675
test_07541,0.9992548449
test_07542,0.9975581426
test_07543,0.0001009748
test_07544,0.9997624445
test_07545,0.6449829678
test_07546,0.9991364749
test_07547,0.9995644061
test_07548,0.0697432164
test_07549,0.9999997314
test_07550,0.9998326015
test_07551,0.9999996549
test_07552,0.0000494925
test_07553,0.9999702950
test_07554,0.9999780476
test_07555,0.0083621305
test_07556,0.0000023822
test_07557,0.9999994866
test_07558,0.9999790467
test_07559,0.9990562373
test_07560,0.9532161547
test_07561,0.0000000552
test_07562,0.0108028505
test_07563,0.9999770111
test_07564,0.9999991837
test_07565,0.0000009931
test_07566,0.4227459872
test_07567,0.0001918518
test_07568,0.0047719001
test_07569,0.9980597439
test_07570,0.9999964258
test_07571,0.0000010432
test_07572,0.9999977522
test_07573,0.9999987859
test_07574,0.9998571442
test_07575,0.0000106562
test_07576,0.0000003305
test_07577,0.0000021818
test_07578,0.0000003866
test_07579,0.0000017627
test_07580,0.9999989445
test_07581,0.0000002774
test_07582,0.0000085835
test_07583,0.9997644354
test_07584,0.9999909130
test_07585,0.9881652969
test_07586,0.9999979134
test_07587,0.0011167033
test_07588,0.9969790417
test_07589,0.9996421833
test_07590,0.0062855202
test_07591,0.9999921808
test_07592,0.0000026725
test_07593,0.9999986450
test_07594,0.9856572698
test_07595,0.0000000985
test_07596,0.0000010846
test_07597,0.9999973384
test_07598,0.9999962766
test_07599,0.9985786864
test_07600,0.0000021871
test_07601,0.0000121377
test_07602,0.0000002594
test_07603,0.9999972434
test_07604,0.0005616418
test_07605,0.0000891149
test_07606,0.0000002285
test_07607,0.0009036794
test_07608,0.0005866658
test_07609,0.9999998248
test_07610,0.0000000790
test_07611,0.0000036300
test_07612,0.0000000627
test_07613,0.0182122777
test_07614,0.9999996450
test_07615,0.9999577213
test_07616,0.9999985386
test_07617,0.0235670518
test_07618,0.9996182772
test_07619,0.0000002179
test_07620,0.9355335415
test_07621,0.0000020860
test_07622,0.0379126363
test_07623,0.9999998426
test_07624,0.0000100525
test_07625,0.0000015992
test_07626,0.9999908083
test_07627,0.9997580999
test_07628,0.9999997437
test_07629,0.0000248569
test_07630,0.9999808414
test_07631,0.0000580789
test_07632,0.0000002870
test_07633,0.0118241447
test_07634,0.9999995011
test_07635,0.9999995240
test_07636,0.0000115079
test_07637,0.9991376104
test_07638,0.9999956374
test_07639,0.0004351178
test_07640,0.0001506571
test_07641,0.9966555381
test_07642,0.0003463428
test_07643,0.9999928294
test_07644,0.9999997571
test_07645,0.0000872536
test_07646,0.9927071654
test_07647,0.9999995525
test_07648,0.0000074676
test_07649,0.9999930144
test_07650,0.9999868138
test_07651,0.5666950992
test_07652,0.9999539569
test_07653,0.9999969013
test_07654,0.9999714667
test_07655,0.0008061041
test_07656,0.0000004146
test_07657,0.9999964516
test_07658,0.0000003919
test_07659,0.9999998326
test_07660,0.7616624215
test_07661,0.9999996239
test_07662,0.0000012436
test_07663,0.0000125311
test_07664,0.0000010203
test_07665,0.0000034826
test_07666,0.9999944679
test_07667,0.0002905934
test_07668,0.0000015900
test_07669,0.9999988332
test_07670,0.0000037058
test_07671,0.0000516645
test_07672,0.0000004852
test_07673,0.0000363678
test_07674,0.9994830195
test_07675,0.0000001691
test_07676,0.0000022942
test_07677,0.0000093780
test_07678,0.0324448507
test_07679,0.0000027984
test_07680,0.9997314687
test_07681,0.0000019735
test_07682,0.0000074568
test_07683,0.9999977210
test_07684,0.9836112030
test_07685,0.0000350912
test_07686,0.0001129849
test_07687,0.7300283658
test_07688,0.3080373260
test_07689,0.9999985136
test_07690,0.9999904226
test_07691,0.0000037107
test_07692,0.9999986178
test_07693,0.9998619945
test_07694,0.0000061757
test_07695,0.0014736503
test_07696,0.0002072041
test_07697,0.9999994206
test_07698,0.9999998192
test_07699,0.0000164067
test_07700,0.9997110342
test_07701,0.0000006514
test_07702,0.0000043275
test_07703,0.9999997080
test_07704,0.9999916463
test_07705,0.0000615677
test_07706,0.9999391517
test_07707,0.0380800009
test_07708,0.9999688321
test_07709,0.9999970107
test_07710,0.9999954176
test_07711,0.9997180603
test_07712,0.0000039196
test_07713,0.0000023119
test_07714,0.0000020245
test_07715,0.9999870450
test_07716,0.9999632055
test_07717,0.0000019848
test_07718,0.0000612526
test_07719,0.0000075431
test_07720,0.0000004629
test_07721,0.0133652247
test_07722,0.0000240907
test_07723,0.0000058897
test_07724,0.9999975393
test_07725,0.9995543694
test_07726,0.0032792166
test_07727,0.0000061834
test_07728,0.0005088875
test_07729,0.9999965631
test_07730,0.0778084088
test_07731,0.0000001084
test_07732,0.7943454377
test_07733,0.9999996573
test_07734,0.0000015892
test_07735,0.0000875256
test_07736,0.0000010336
test_07737,0.9998753929
test_07738,0.0002717263
test_07739,0.0016491334
test_07740,0.0000042220
test_07741,0.0000286854
test_07742,0.9550968870
test_07743,0.9999978169
test_07744,0.0000670518
test_07745,0.8661132762
test_07746,0.0017288098
test_07747,0.0270137818
test_07748,0.0002914424
test_07749,0.9999879003
test_07750,0.9999954780
test_07751,0.1022499941
test_07752,0.0000002532
test_07753,0.9894919950
test_07754,0.0269412865
test_07755,0.0000482483
test_07756,0.9988972159
test_07757,0.0000011671
test_07758,0.0000179151
test_07759,0.9314871147
test_07760,0.0000113189
test_07761,0.9998465819
test_07762,0.9992862390
test_07763,0.9999988829
test_07764,0.9999527117
test_07765,0.0000300587
test_07766,0.9999953964
test_07767,0.0000016454
test_07768,0.0585524938
test_07769,0.0000144169
test_07770,0.0058790386
test_07771,0.9999491052
test_07772,0.9999998624
test_07773,0.9999083272
test_07774,0.0000037004
test_07775,0.0000041143
test_07776,0.0013492198
test_07777,0.9999937193
test_07778,0.9999979503
test_07779,0.9999981087
test_07780,0.9998719238
test_07781,0.0000013939
test_07782,0.0337359518
test_07783,0.0007130548
test_07784,0.0015605813
test_07785,0.0001515961
test_07786,0.0237684730
test_07787,0.9999856536
test_07788,0.9999644527
test_07789,0.9998024606
test_07790,0.0000015381
test_07791,0.0051953181
test_07792,0.0000331962
test_07793,0.0000000535
test_07794,0.0005054904
test_07795,0.9804725682
test_07796,0.0148329673
test_07797,0.0000093852
test_07798,0.9999280542
test_07799,0.9999970587
test_07800,0.9999034721
test_07801,0.0000003066
test_07802,0.9962537412
test_07803,0.9937840912
test_07804,0.9999989667
test_07805,0.0000670056
test_07806,0.0000008356
test_07807,0.0000185458
test_07808,0.0000001318
test_07809,0.0000374933
test_07810,0.0004303866
test_07811,0.9999622062
test_07812,0.0023468901
test_07813,0.9999870190
test_07814,0.0284869543
test_07815,0.0000000628
test_07816,0.0000054970
test_07817,0.9999517482
test_07818,0.0000000526
test_07819,0.9985304471
test_07820,0.0000028445
test_07821,0.9999569456
test_07822,0.0000036185
test_07823,0.0000208470
test_07824,0.9999981816
test_07825,0.9999840244
test_07826,0.0003569629
test_07827,0.9999993517
test_07828,0.0000267667
test_07829,0.9976630018
test_07830,0.0000456606
test_07831,0.9999997176
test_07832,0.9995418414
test_07833,0.9710841759
test_07834,0.9999995884
test_07835,0.9999343709
test_07836,0.3339267134
test_07837,0.0000024855
test_07838,0.9999995331
test_07839,0.9999994963
test_07840,0.9797080272
test_07841,0.0000000964
test_07842,0.0000023889
test_07843,0.0000000811
test_07844,0.9991695053
test_07845,0.9999994512
test_07846,0.0000915198
test_07847,0.9999896355
test_07848,0.0000035759
test_07849,0.9999366604
test_07850,0.9999999074
test_07851,0.0900260538
test_07852,0.9997066200
test_07853,0.0000024138
test_07854,0.9999976259
test_07855,0.0060598426
test_07856,0.0000039264
test_07857,0.0000657223
test_07858,0.0000012696
test_07859,0.9999690895
test_07860,0.0081077072
test_07861,0.0000537280
test_07862,0.0000000269
test_07863,0.0083005337
test_07864,0.4821883058
test_07865,0.9999932665
test_07866,0.9999942386
test_07867,0.0000001538
test_07868,0.9999940904
test_07869,0.9997638517
test_07870,0.0000091693
test_07871,0.9999873664
test_07872,0.0000717321
test_07873,0.0000000899
test_07874,0.0001805740
test_07875,0.0000000577
test_07876,0.0000006083
test_07877,0.0000006024
test_07878,0.0000050345
test_07879,0.0000011216
test_07880,0.9998443269
test_07881,0.9958668066
test_07882,0.9999040204
test_07883,0.9951684887
test_07884,0.9975937044
test_07885,0.9997906407
test_07886,0.0006059089
test_07887,0.9999946960
test_07888,0.0810215351
test_07889,0.9999983373
test_07890,0.9999811285
test_07891,0.9965020622
test_07892,0.0049215829
test_07893,0.9999956000
test_07894,0.0000006174
test_07895,0.0030626881
test_07896,0.9999600405
test_07897,0.0000028165
test_07898,0.9999996304
test_07899,0.9999982256
test_07900,0.9999986435
test_07901,0.9999970456
test_07902,0.0000000400
test_07903,0.0000176553
test_07904,0.0000020775
test_07905,0.0004661510
test_07906,0.0000107187
test_07907,0.0000353207
test_07908,0.0000554097
test_07909,0.9906836657
test_07910,0.9971945760
test_07911,0.9999956350
test_07912,0.0000013076
test_07913,0.0000066755
test_07914,0.0000002478
test_07915,0.0000000546
test_07916,0.9999975927
test_07917,0.0000012390
test_07918,0.0000061480
test_07919,0.0002633016
test_07920,0.0000424648
test_07921,0.9999994752
test_07922,0.0974037962
test_07923,0.9999888818
test_07924,0.0000846256
test_07925,0.0000001026
test_07926,0.0056890924
test_07927,0.9999780217
test_07928,0.0000003940
test_07929,0.0000007352
test_07930,0.0001870845
test_07931,0.0000016275
test_07932,0.9999993957
test_07933,0.9999969331
test_07934,0.0001337875
test_07935,0.0230838528
test_07936,0.0000031652
test_07937,0.1213837407
test_07938,0.9999983966
test_07939,0.0000004839
test_07940,0.0000033017
test_07941,0.0027856597
test_07942,0.0000052296
test_07943,0.9995165472
test_07944,0.0276174071
test_07945,0.0001464202
test_07946,0.0000018176
test_07947,0.9999997793
test_07948,0.0003422163
test_07949,0.9999978958
test_07950,0.9999116698
test_07951,0.0003666369
test_07952,0.0010032905
test_07953,0.0000001864
test_07954,0.0000289054
test_07955,0.0000002716
test_07956,0.0010175774
test_07957,0.0002487428
test_07958,0.0100109357
test_07959,0.9999180346
test_07960,0.0000058568
test_07961,0.9999239113
test_07962,0.0000562702
test_07963,0.9998849920
test_07964,0.0000000742
test_07965,0.0000002156
test_07966,0.9997071654
test_07967,0.9999993835
test_07968,0.0000094306
test_07969,0.0000648735
test_07970,0.0000415450
test_07971,0.0000014921
test_07972,0.9999996410
test_07973,0.0000469402
test_07974,0.9978128017
test_07975,0.0005851906
test_07976,0.3054124655
test_07977,0.0000019927
test_07978,0.9998725627
test_07979,0.0000200358
test_07980,0.0000506988
test_07981,0.2521092189
test_07982,0.0002326841
test_07983,0.0000002489
test_07984,0.9999473460
test_07985,0.9999994974
test_07986,0.0006524072
test_07987,0.0000011451
test_07988,0.0000111162
test_07989,0.0000271683
test_07990,0.8800481579
test_07991,0.9999643229
test_07992,0.0006080062
test_07993,0.9999986566
test_07994,0.9639231944
test_07995,0.9999816154
test_07996,0.9999985977
test_07997,0.9993558035
test_07998,0.9999920919
test_07999,0.9999977949
test_08000,0.0010217654
test_08001,0.0003853564
test_08002,0.0000057852
test_08003,0.9999986114
test_08004,0.0359819213
test_08005,0.9999994770
test_08006,0.9999038160
test_08007,0.0000000692
test_08008,0.9934446043
test_08009,0.0000025314
test_08010,0.9896628703
test_08011,0.9998883584
test_08012,0.9999989117
test_08013,0.0000055103
test_08014,0.0006267215
test_08015,0.0000377832
test_08016,0.9999986788
test_08017,0.0000917654
test_08018,0.9999981522
test_08019,0.9999998681
test_08020,0.9999903503
test_08021,0.9865688038
test_08022,0.0000515461
test_08023,0.0000080579
test_08024,0.0000002518
test_08025,0.2360779877
test_08026,0.9999936759
test_08027,0.9999973874
test_08028,0.0000111422
test_08029,0.9999951807
test_08030,0.0258192751
test_08031,0.0000114992
test_08032,0.9999959263
test_08033,0.0000008192
test_08034,0.9999998387
test_08035,0.0000003194
test_08036,0.9878150282
test_08037,0.0000021703
test_08038,0.9964023746
test_08039,0.9999014908
test_08040,0.9991512349
test_08041,0.9999995185
test_08042,0.9996272159
test_08043,0.0000014118
test_08044,0.0000155186
test_08045,0.0328244964
test_08046,0.0001076534
test_08047,0.0000059593
test_08048,0.9989482426
test_08049,0.9999978769
test_08050,0.0004920985
test_08051,0.0004015168
test_08052,0.9999911816
test_08053,0.8973821332
test_08054,0.0004252367
test_08055,0.9999999190
test_08056,0.9999986116
test_08057,0.0000019462
test_08058,0.0000029845
test_08059,0.0000009553
test_08060,0.9999853239
test_08061,0.0002179264
test_08062,0.9999943035
test_08063,0.0003204396
test_08064,0.0000227436
test_08065,0.9999929500
test_08066,0.0003770935
test_08067,0.9999879611
test_08068,0.8753570428
test_08069,0.2180796605
test_08070,0.0000003710
test_08071,0.9999647357
test_08072,0.0000003256
test_08073,0.9995158988
test_08074,0.0031674225
test_08075,0.1152252382
test_08076,0.0000017203
test_08077,0.0006420819
test_08078,0.9999982086
test_08079,0.0000001496
test_08080,0.9997341950
test_08081,0.0026582082
test_08082,0.0000045546
test_08083,0.9999996993
test_08084,0.0000303957
test_08085,0.0006515775
test_08086,0.0036651325
test_08087,0.9999443649
test_08088,0.9999313299
test_08089,0.0000158184
test_08090,0.0000052313
test_08091,0.9999993063
test_08092,0.9927332087
test_08093,0.2102119685
test_08094,0.0000429876
test_08095,0.9999405522
test_08096,0.0004647666
test_08097,0.9999949600
test_08098,0.0000050833
test_08099,0.0009222923
test_08100,0.9999996967
test_08101,0.0000020709
test_08102,0.0000289789
test_08103,0.9999899356
test_08104,0.0000000635
test_08105,0.9999774460
test_08106,0.9999921119
test_08107,0.9789383672
test_08108,0.0000001784
test_08109,0.9999762889
test_08110,0.9999996793
test_08111,0.0000717967
test_08112,0.9999995470
test_08113,0.0000415094
test_08114,0.0000001111
test_08115,0.0000803564
test_08116,0.9999415609
test_08117,0.0000139985
test_08118,0.0001032589
test_08119,0.0002895557
test_08120,0.0006890861
test_08121,0.0002996353
test_08122,0.9999671366
test_08123,0.0029016957
test_08124,0.9850706092
test_08125,0.9999858786
test_08126,0.0028250614
test_08127,0.0000027409
test_08128,0.1502483216
test_08129,0.0000012865
test_08130,0.0002422034
test_08131,0.9999998475
test_08132,0.0000003910
test_08133,0.0695996658
test_08134,0.0000067124
test_08135,0.0000106858
test_08136,0.9999096250
test_08137,0.0000158423
test_08138,0.0000021993
test_08139,0.9999954234
test_08140,0.9998411020
test_08141,0.9995208407
test_08142,0.9999997034
test_08143,0.9999965924
test_08144,0.9999898356
test_08145,0.0000092692
test_08146,0.9849384019
test_08147,0.0000968466
test_08148,0.0001095806
test_08149,0.0000105668
test_08150,0.9999783629
test_08151,0.9999909506
test_08152,0.0402262557
test_08153,0.9154302306
test_08154,0.0000007570
test_08155,0.0000078439
test_08156,0.0000007829
test_08157,0.0000299618
test_08158,0.0001340446
test_08159,0.9999998477
test_08160,0.9999523597
test_08161,0.9997141766
test_08162,0.0000023692
test_08163,0.9999989043
test_08164,0.0027719233
test_08165,0.0000029629
test_08166,0.0000012082
test_08167,0.0000007332
test_08168,0.9999981032
test_08169,0.9983369070
test_08170,0.0000020755
test_08171,0.9999992315
test_08172,0.9999889494
test_08173,0.0002425772
test_08174,0.0257927394
test_08175,0.9997459410
test_08176,0.9988793401
test_08177,0.9998874463
test_08178,0.9999991342
test_08179,0.9996368075
test_08180,0.0000374630
test_08181,0.0018050343
test_08182,0.0012034559
test_08183,0.9999884366
test_08184,0.9999981577
test_08185,0.9999966020
test_08186,0.9999754446
test_08187,0.9996651449
test_08188,0.0000034381
test_08189,0.0004377834
test_08190,0.0000100380
test_08191,0.0000222700
test_08192,0.9761064644
test_08193,0.9999976479
test_08194,0.0002443841
test_08195,0.0000005898
test_08196,0.0000006542
test_08197,0.9999992885
test_08198,0.9999991981
test_08199,0.0000077084
test_08200,0.9999912534
test_08201,0.0002508698
test_08202,0.9999995146
test_08203,0.9977943722
test_08204,0.9999201097
test_08205,0.9883010728
test_08206,0.9980773859
test_08207,0.9999894143
test_08208,0.0014112576
test_08209,0.0001420300
test_08210,0.0000650524
test_08211,0.0000011603
test_08212,0.9999990451
test_08213,0.9999937243
test_08214,0.0003876210
test_08215,0.0000091344
test_08216,0.0000083399
test_08217,0.9999972883
test_08218,0.9998437935
test_08219,0.0000019044
test_08220,0.0000161267
test_08221,0.0000039654
test_08222,0.9999909300
test_08223,0.0000000913
test_08224,0.0000069863
test_08225,0.0007462212
test_08226,0.9905601972
test_08227,0.9999997248
test_08228,0.9999984070
test_08229,0.0000001098
test_08230,0.7928454219
test_08231,0.0000002855
test_08232,0.0000058726
test_08233,0.0000003070
test_08234,0.0000000621
test_08235,0.0000044532
test_08236,0.0002982019
test_08237,0.9999943236
test_08238,0.9999985880
test_08239,0.9999981757
test_08240,0.9840004987
test_08241,0.9797083240
test_08242,0.9935857779
test_08243,0.0000008959
test_08244,0.9999520475
test_08245,0.6261256017
test_08246,0.9875689116
test_08247,0.0000122937
test_08248,0.0127532793
test_08249,0.9999634197
test_08250,0.0161956159
test_08251,0.9999986953
test_08252,0.9999547143
test_08253,0.0000017527
test_08254,0.9999058705
test_08255,0.0000003615
test_08256,0.0078376402
test_08257,0.0000038965
test_08258,0.0001222102
test_08259,0.9999948005
test_08260,0.9468085190
test_08261,0.9999998243
test_08262,0.9990090936
test_08263,0.9997140152
test_08264,0.9996028767
test_08265,0.9949558194
test_08266,0.9999980968
test_08267,0.0049513262
test_08268,0.0000448885
test_08269,0.9999858443
test_08270,0.1721620267
test_08271,0.9574612155
test_08272,0.9999989992
test_08273,0.9633465354
test_08274,0.9998410931
test_08275,0.0000007278
test_08276,0.9999949191
test_08277,0.0000004637
test_08278,0.0000716511
test_08279,0.0953430325
test_08280,0.0000002119
test_08281,0.9978567668
test_08282,0.9999973989
test_08283,0.9997643611
test_08284,0.9999413241
test_08285,0.9999790456
test_08286,0.0011347049
test_08287,0.0005392515
test_08288,0.0000001290
test_08289,0.0002271654
test_08290,0.0000043014
test_08291,0.0017565473
test_08292,0.0000003078
test_08293,0.9998391163
test_08294,0.0000708917
test_08295,0.9999827889
test_08296,0.9999461500
test_08297,0.9999997639
test_08298,0.0000086340
test_08299,0.0000000566
test_08300,0.9999980310
test_08301,0.9999939201
test_08302,0.9999996708
test_08303,0.9999909375
test_08304,0.9999978500
test_08305,0.0011376326
test_08306,0.0000000547
test_08307,0.9999970278
test_08308,0.9968270127
test_08309,0.0820893704
test_08310,0.9999550788
test_08311,0.0000028319
test_08312,0.9998540558
test_08313,0.9999777012
test_08314,0.0000254368
test_08315,0.9999994842
test_08316,0.9999966770
test_08317,0.9979979144
test_08318,0.0003727946
test_08319,0.9999989779
test_08320,0.9998424316
test_08321,0.9966867986
test_08322,0.9999374092
test_08323,0.9999955695
test_08324,0.9789519755
test_08325,0.9999976683
test_08326,0.0000049264
test_08327,0.0534949443
test_08328,0.0001410066
test_08329,0.9999968098
test_08330,0.9996084294
test_08331,0.9963350362
test_08332,0.0000364789
test_08333,0.0044255167
test_08334,0.9999993737
test_08335,0.5891134252
test_08336,0.8877705855
test_08337,0.9999806938
test_08338,0.9999803784
test_08339,0.0000003247
test_08340,0.0000005325
test_08341,0.9988474056
test_08342,0.0000022693
test_08343,0.9999859225
test_08344,0.9992265621
test_08345,0.9999883406
test_08346,0.0007907809
test_08347,0.0005122345
test_08348,0.9999946566
test_08349,0.0003414009
test_08350,0.9999942603
test_08351,0.9999998860
test_08352,0.0000004394
test_08353,0.9999895256
test_08354,0.0000087394
test_08355,0.9998290546
test_08356,0.4193440746
test_08357,0.0000021375
test_08358,0.9978596794
test_08359,0.9999964870
test_08360,0.9999982748
test_08361,0.9988739602
test_08362,0.0000000364
test_08363,0.9999276477
test_08364,0.3041958863
test_08365,0.0000002461
test_08366,0.9994912391
test_08367,0.9999998911
test_08368,0.9999656366
test_08369,0.0000101321
test_08370,0.9999805671
test_08371,0.0000064449
test_08372,0.0000027091
test_08373,0.9998834423
test_08374,0.9999995183
test_08375,0.0000004591
test_08376,0.9999970264
test_08377,0.9801697351
test_08378,0.9994347494
test_08379,0.9999235385
test_08380,0.9999962090
test_08381,0.8863131801
test_08382,0.9999984952
test_08383,0.0003107271
test_08384,0.0000150035
test_08385,0.0000014257
test_08386,0.0000000582
test_08387,0.0000006505
test_08388,0.0000156754
test_08389,0.9998356669
test_08390,0.0002117632
test_08391,0.0000027550
test_08392,0.9999985086
test_08393,0.9999995972
test_08394,0.0000002863
test_08395,0.0000130291
test_08396,0.0001658990
test_08397,0.0000070105
test_08398,0.9999817309
test_08399,0.0000140931
test_08400,0.0000066706
test_08401,0.0379973491
test_08402,0.0002808136
test_08403,0.0010853763
test_08404,0.9999995047
test_08405,0.0000129322
test_08406,0.0000040167
test_08407,0.9979035512
test_08408,0.0000891230
test_08409,0.0000000814
test_08410,0.9911080094
test_08411,0.9999984536
test_08412,0.9999996826
test_08413,0.0000090587
test_08414,0.0008120694
test_08415,0.0000000740
test_08416,0.9999967081
test_08417,0.9999970654
test_08418,0.9999921323
test_08419,0.0000923262
test_08420,0.2800388971
test_08421,0.0001768662
test_08422,0.9999900243
test_08423,0.9999997736
test_08424,0.0000787079
test_08425,0.0006809909
test_08426,0.0000301434
test_08427,0.9999982895
test_08428,0.9999917771
test_08429,0.0000004294
test_08430,0.9999971229
test_08431,0.0014359189
test_08432,0.0490291206
test_08433,0.1818854633
test_08434,0.9966239617
test_08435,0.0000011226
test_08436,0.9999994334
test_08437,0.0000001581
test_08438,0.9986536730
test_08439,0.0000006621
test_08440,0.9999850238
test_08441,0.2364202343
test_08442,0.0669563677
test_08443,0.0000367807
test_08444,0.0000038462
test_08445,0.9999274796
test_08446,0.0000055761
test_08447,0.0000278293
test_08448,0.0036553232
test_08449,0.9998528041
test_08450,0.0023161588
test_08451,0.0001407793
test_08452,0.0676047463
test_08453,0.0000320566
test_08454,0.0000661903
test_08455,0.9450575064
test_08456,0.9999988691
test_08457,0.9999988014
test_08458,0.0000005449
test_08459,0.9999954460
test_08460,0.9999965778
test_08461,0.0000045471
test_08462,0.0000324043
test_08463,0.9999257650
test_08464,0.0015403745
test_08465,0.9999920261
test_08466,0.0061674303
test_08467,0.0000018786
test_08468,0.9999992482
test_08469,0.0000328174
test_08470,0.0000116485
test_08471,0.0000190914
test_08472,0.9999991475
test_08473,0.0000030766
test_08474,0.9999537334
test_08475,0.0004316877
test_08476,0.9864827832
test_08477,0.9999980850
test_08478,0.9999418772
test_08479,0.0000036344
test_08480,0.0000139280
test_08481,0.0000031026
test_08482,0.9999969501
test_08483,0.0000271987
test_08484,0.9997327474
test_08485,0.2531095437
test_08486,0.0577352098
test_08487,0.0000143192
test_08488,0.2681685082
test_08489,0.0000774327
test_08490,0.7072130223
test_08491,0.9999999017
test_08492,0.9999897961
test_08493,0.8816364983
test_08494,0.0008061141
test_08495,0.0000008307
test_08496,0.0000168515
test_08497,0.9999885023
test_08498,0.0000003069
test_08499,0.4559285416
test_08500,0.9999517072
test_08501,0.0000218825
test_08502,0.9999999101
test_08503,0.0077248154
test_08504,0.9964703245
test_08505,0.0000151282
test_08506,0.3647586689
test_08507,0.0000303130
test_08508,0.9999980810
test_08509,0.9998533617
test_08510,0.9999996572
test_08511,0.9879129477
test_08512,0.9999954861
test_08513,0.9999848996
test_08514,0.0000029685
test_08515,0.9999995711
test_08516,0.9999998857
test_08517,0.9999922554
test_08518,0.9993618658
test_08519,0.9999999003
test_08520,0.0633115866
test_08521,0.0000276383
test_08522,0.0036615490
test_08523,0.0000004364
test_08524,0.0000015859
test_08525,0.9999983709
test_08526,0.0000030250
test_08527,0.0000099398
test_08528,0.0006145809
test_08529,0.9914165989
test_08530,0.0000097908
test_08531,0.8676838972
test_08532,0.9999425719
test_08533,0.0001740444
test_08534,0.0000297377
test_08535,0.9993662908
test_08536,0.0000005646
test_08537,0.9999923593
test_08538,0.9999661473
test_08539,0.9890366763
test_08540,0.9999999344
test_08541,0.0000013236
test_08542,0.9891670364
test_08543,0.0000160125
test_08544,0.9999498991
test_08545,0.9994624060
test_08546,0.9995764779
test_08547,0.9999997602
test_08548,0.0000017782
test_08549,0.0000011175
test_08550,0.7312983444
test_08551,0.9999779512
test_08552,0.9998630560
test_08553,0.9999864478
test_08554,0.0000213340
test_08555,0.9993333635
test_08556,0.0000038271
test_08557,0.0495267724
test_08558,0.0000024074
test_08559,0.9997164162
test_08560,0.0931795167
test_08561,0.9999996716
test_08562,0.9995104774
test_08563,0.0008045960
test_08564,0.0000021919
test_08565,0.9999997575
test_08566,0.9998508455
test_08567,0.0007336591
test_08568,0.9999866561
test_08569,0.0000493625
test_08570,0.0013184325
test_08571,0.1331087183
test_08572,0.9999972672
test_08573,0.9999755303
test_08574,0.0000004400
test_08575,0.9986087295
test_08576,0.0000098614
test_08577,0.9997449460
test_08578,0.0071353656
test_08579,0.9947908012
test_08580,0.9999163749
test_08581,0.9999826387
test_08582,0.1062868450
test_08583,0.0002997508
test_08584,0.0001093046
test_08585,0.0000001012
test_08586,0.9999917872
test_08587,0.0000965859
test_08588,0.9995799597
test_08589,0.9993213190
test_08590,0.9998799444
test_08591,0.0000004411
test_08592,0.9999504258
test_08593,0.0000002088
test_08594,0.0000476837
test_08595,0.9955637955
test_08596,0.9999797783
test_08597,0.9999957493
test_08598,0.9771675338
test_08599,0.0521391726
test_08600,0.9999980040
test_08601,0.9999998527
test_08602,0.9989309731
test_08603,0.9998025000
test_08604,0.9999992914
test_08605,0.2442950063
test_08606,0.9999994787
test_08607,0.9999852185
test_08608,0.9999986431
test_08609,0.0000303933
test_08610,0.9980556759
test_08611,0.0000057178
test_08612,0.9999898015
test_08613,0.8429569329
test_08614,0.9999942291
test_08615,0.0526142392
test_08616,0.9999995435
test_08617,0.0000071078
test_08618,0.0000002261
test_08619,0.9999929726
test_08620,0.9999980472
test_08621,0.9999977201
test_08622,0.9999979068
test_08623,0.0000050164
test_08624,0.9991041127
test_08625,0.9999913585
test_08626,0.0000030669
test_08627,0.0000027986
test_08628,0.9999977985
test_08629,0.0000061501
test_08630,0.9999991309
test_08631,0.0584503576
test_08632,0.0000651450
test_08633,0.9999982452
test_08634,0.9652839212
test_08635,0.0005945872
test_08636,0.0000002879
test_08637,0.9998566920
test_08638,0.9999800190
test_08639,0.0002344856
test_08640,0.0135318754
test_08641,0.0000010138
test_08642,0.9999992551
test_08643,0.0000033503
test_08644,0.9999849978
test_08645,0.2643351131
test_08646,0.0000002809
test_08647,0.0000671682
test_08648,0.0000022442
test_08649,0.9999574618
test_08650,0.9999981991
test_08651,0.9999642750
test_08652,0.9883315808
test_08653,0.9999948500
test_08654,0.0000040427
test_08655,0.9825320998
test_08656,0.0196793061
test_08657,0.9998506634
test_08658,0.9999224053
test_08659,0.0000039118
test_08660,0.1396278313
test_08661,0.0000072502
test_08662,0.0083157757
test_08663,0.0000001589
test_08664,0.0001407904
test_08665,0.0008980183
test_08666,0.9999996310
test_08667,0.9999979570
test_08668,0.9999605727
test_08669,0.9997157454
test_08670,0.8180132345
test_08671,0.9994194749
test_08672,0.9999800740
test_08673,0.9999998353
test_08674,0.9999997622
test_08675,0.0000345567
test_08676,0.9994994841
test_08677,0.9999678319
test_08678,0.9999220145
test_08679,0.9999991564
test_08680,0.9999997835
test_08681,0.0008283951
test_08682,0.0045518336
test_08683,0.8509691154
test_08684,0.0891119764
test_08685,0.9999887360
test_08686,0.9999998915
test_08687,0.0010682064
test_08688,0.9990176922
test_08689,0.9999990513
test_08690,0.0000024258
test_08691,0.9999892498
test_08692,0.9999998971
test_08693,0.0000009584
test_08694,0.0000012828
test_08695,0.9998833749
test_08696,0.0000485326
test_08697,0.0102660231
test_08698,0.9918647431
test_08699,0.9999858536
test_08700,0.9999985683
test_08701,0.9999982528
test_08702,0.0000001223
test_08703,0.0019037503
test_08704,0.0000064353
test_08705,0.0000374762
test_08706,0.0000910349
test_08707,0.9998098821
test_08708,0.9999995417
test_08709,0.9999853433
test_08710,0.0000002487
test_08711,0.9999993806
test_08712,0.0000006637
test_08713,0.9999997600
test_08714,0.9995025082
test_08715,0.0000002706
test_08716,0.9999970787
test_08717,0.2499557865
test_08718,0.0000002786
test_08719,0.9999989917
test_08720,0.9999301688
test_08721,0.9997781168
test_08722,0.9999879996
test_08723,0.9997909947
test_08724,0.0000003593
test_08725,0.9999706625
test_08726,0.9999585445
test_08727,0.0001480637
test_08728,0.0000002334
test_08729,0.9980275264
test_08730,0.0169301324
test_08731,0.9999995024
test_08732,0.0930868152
test_08733,0.0000310553
test_08734,0.9991255622
test_08735,0.0000165745
test_08736,0.9999998583
test_08737,0.0000008313
test_08738,0.2176509635
test_08739,0.0000007351
test_08740,0.0000009682
test_08741,0.0789989985
test_08742,0.9999809688
test_08743,0.0000479598
test_08744,0.2946039394
test_08745,0.9997683625
test_08746,0.0102187749
test_08747,0.9999905705
test_08748,0.0000199847
test_08749,0.0000091479
test_08750,0.9998868583
test_08751,0.0000004173
test_08752,0.0003850044
test_08753,0.9996537849
test_08754,0.0000009119
test_08755,0.9999476337
test_08756,0.9994978053
test_08757,0.9999964211
test_08758,0.0000891404
test_08759,0.0000470893
test_08760,0.0000068571
test_08761,0.0132102019
test_08762,0.9994240524
test_08763,0.1923239741
test_08764,0.9808590825
test_08765,0.0000003014
test_08766,0.9999996004
test_08767,0.0000090822
test_08768,0.9999903691
test_08769,0.0005651434
test_08770,0.9999944681
test_08771,0.0018543190
test_08772,0.0000044575
test_08773,0.0000004007
test_08774,0.0004645627
test_08775,0.9999826398
test_08776,0.9997223461
test_08777,0.1982206888
test_08778,0.9999154129
test_08779,0.9999459035
test_08780,0.0000758854
test_08781,0.9926626637
test_08782,0.0002039227
test_08783,0.9999983637
test_08784,0.9993971656
test_08785,0.0054077946
test_08786,0.0937373783
test_08787,0.0016328804
test_08788,0.0067452215
test_08789,0.9931846455
test_08790,0.0000000947
test_08791,0.0000009994
test_08792,0.0000000873
test_08793,0.1093124954
test_08794,0.0000001576
test_08795,0.9999975127
test_08796,0.9999998803
test_08797,0.9960541942
test_08798,0.9987487787
test_08799,0.9999998492
test_08800,0.9998274161
test_08801,0.9999991825
test_08802,0.9991587053
test_08803,0.9999997516
test_08804,0.0000598765
test_08805,0.9999931584
test_08806,0.9999638020
test_08807,0.0103185366
test_08808,0.9999976091
test_08809,0.9999964089
test_08810,0.0000319426
test_08811,0.9999998976
test_08812,0.0013968674
test_08813,0.9999989381
test_08814,0.0000154862
test_08815,0.0000000688
test_08816,0.0000169200
test_08817,0.9997829125
test_08818,0.2623318955
test_08819,0.9999877052
test_08820,0.9998442201
test_08821,0.0003994058
test_08822,0.9999909337
test_08823,0.3344874869
test_08824,0.0000008525
test_08825,0.9999846435
test_08826,0.0000001127
test_08827,0.9999998000
test_08828,0.9999673089
test_08829,0.0000015488
test_08830,0.9999934861
test_08831,0.0392313420
test_08832,0.0000540551
test_08833,0.9999993064
test_08834,0.9999231776
test_08835,0.9999451179
test_08836,0.6298795010
test_08837,0.9993891593
test_08838,0.9999863831
test_08839,0.9999971307
test_08840,0.9948015923
test_08841,0.9998999939
test_08842,0.0000002639
test_08843,0.9999677205
test_08844,0.0000066267
test_08845,0.0000000884
test_08846,0.9998852730
test_08847,0.9828518390
test_08848,0.0000036269
test_08849,0.0000693447
test_08850,0.9987268078
test_08851,0.0000273912
test_08852,0.0774584758
test_08853,0.9999537173
test_08854,0.9266254143
test_08855,0.9878937363
test_08856,0.9999743482
test_08857,0.9999802674
test_08858,0.9999664502
test_08859,0.0000813427
test_08860,0.9999986707
test_08861,0.9999986483
test_08862,0.0000002557
test_08863,0.0001033405
test_08864,0.0000762833
test_08865,0.0258659891
test_08866,0.9999248204
test_08867,0.9999992542
test_08868,0.0016318320
test_08869,0.9938559069
test_08870,0.9999393426
test_08871,0.9999794225
test_08872,0.1602931309
test_08873,0.9999996427
test_08874,0.0000001099
test_08875,0.9999984764
test_08876,0.9999967052
test_08877,0.3535260257
test_08878,0.9999868010
test_08879,0.9999268315
test_08880,0.9994355267
test_08881,0.9999960564
test_08882,0.4892570707
test_08883,0.0000208960
test_08884,0.9999908852
test_08885,0.0000753214
test_08886,0.0000000695
test_08887,0.0000005474
test_08888,0.0000054956
test_08889,0.9999975133
test_08890,0.0009311459
test_08891,0.0459896410
test_08892,0.9668156009
test_08893,0.0029262146
test_08894,0.9999986134
test_08895,0.0000630162
test_08896,0.9999998013
test_08897,0.0000510375
test_08898,0.9997506254
test_08899,0.0000001020
test_08900,0.9998957632
test_08901,0.9999844730
test_08902,0.9990627178
test_08903,0.9992828603
test_08904,0.9999950840
test_08905,0.9999864504
test_08906,0.9999960260
test_08907,0.9999856077
test_08908,0.9999955016
test_08909,0.1038729905
test_08910,0.0000021758
test_08911,0.9999989051
test_08912,0.0000023129
test_08913,0.0007662451
test_08914,0.0000176512
test_08915,0.7485779788
test_08916,0.9999914667
test_08917,0.9999485010
test_08918,0.9999973505
test_08919,0.9945438306
test_08920,0.0000060365
test_08921,0.3372667955
test_08922,0.0000006265
test_08923,0.9706832727
test_08924,0.9999998239
test_08925,0.9999100345
test_08926,0.0000093567
test_08927,0.0000007955
test_08928,0.0000403055
test_08929,0.9999989155
test_08930,0.9999874094
test_08931,0.0746495318
test_08932,0.0393887449
test_08933,0.9981708482
test_08934,0.9999601753
test_08935,0.9999998369
test_08936,0.9999076471
test_08937,0.9992062743
test_08938,0.9999925122
test_08939,0.0000126470
test_08940,0.0000555309
test_08941,0.0691554226
test_08942,0.1160202128
test_08943,0.9999901288
test_08944,0.9999979667
test_08945,0.9999986858
test_08946,0.0000155017
test_08947,0.9938881386
test_08948,0.9998699877
test_08949,0.0013328051
test_08950,0.0000006657
test_08951,0.9999988647
test_08952,0.9989179371
test_08953,0.9986161618
test_08954,0.9999980949
test_08955,0.9999963480
test_08956,0.9999962642
test_08957,0.0000246728
test_08958,0.0000015281
test_08959,0.0000050854
test_08960,0.9998991850
test_08961,0.0000003600
test_08962,0.0000010989
test_08963,0.0000425227
test_08964,0.0000005724
test_08965,0.0000022746
test_08966,0.9971596599
test_08967,0.0000026199
test_08968,0.9999977979
test_08969,0.0000390656
test_08970,0.9999998468
test_08971,0.0000003460
test_08972,0.0000002879
test_08973,0.9999996206
test_08974,0.8286514350
test_08975,0.0000248725
test_08976,0.0000275216
test_08977,0.9998457759
test_08978,0.1425376221
test_08979,0.9999372024
test_08980,0.9994315738
test_08981,0.9999731385
test_08982,0.9994860863
test_08983,0.9999981473
test_08984,0.0003263948
test_08985,0.0000000493
test_08986,0.9999052941
test_08987,0.0000018124
test_08988,0.0002924225
test_08989,0.9999953623
test_08990,0.0000004790
test_08991,0.0000000925
test_08992,0.0000029396
test_08993,0.5885844539
test_08994,0.9999996122
test_08995,0.0000074596
test_08996,0.9999999260
test_08997,0.9998132045
test_08998,0.9999747762
test_08999,0.9999969442
test_09000,0.9999978029
test_09001,0.9999835667
test_09002,0.0591836419
test_09003,0.9873777603
test_09004,0.0001316979
test_09005,0.9999979204
test_09006,0.9999806212
test_09007,0.9444441551
test_09008,0.0052287821
test_09009,0.9126334935
test_09010,0.9825539864
test_09011,0.0000000575
test_09012,0.9999996823
test_09013,0.9999941346
test_09014,0.0000470774
test_09015,0.9810658328
test_09016,0.9999171993
test_09017,0.9999974488
test_09018,0.9999959325
test_09019,0.9999991306
test_09020,0.0002658789
test_09021,0.9999932934
test_09022,0.9999971068
test_09023,0.0000024347
test_09024,0.9975587047
test_09025,0.9999983587
test_09026,0.9999994578
test_09027,0.9999002351
test_09028,0.0726145145
test_09029,0.0000141543
test_09030,0.9999854830
test_09031,0.0000010358
test_09032,0.9999989534
test_09033,0.9972771537
test_09034,0.0000023240
test_09035,0.0000154092
test_09036,0.0000098870
test_09037,0.0000006085
test_09038,0.0000029322
test_09039,0.0000001665
test_09040,0.9620283897
test_09041,0.0001582151
test_09042,0.9999911338
test_09043,0.0027690382
test_09044,0.9790566042
test_09045,0.0000008111
test_09046,0.9996749749
test_09047,0.9999894265
test_09048,0.0016368293
test_09049,0.9999999351
test_09050,0.0000370323
test_09051,0.9996058255
test_09052,0.9999991964
test_09053,0.9998932882
test_09054,0.9993968024
test_09055,0.0175441133
test_09056,0.0000121612
test_09057,0.0000082653
test_09058,0.9872212450
test_09059,0.0458114214
test_09060,0.9999994094
test_09061,0.0003673276
test_09062,0.9999922225
test_09063,0.9999838369
test_09064,0.1991070101
test_09065,0.9999876326
test_09066,0.5879214982
test_09067,0.9999988087
test_09068,0.0000047331
test_09069,0.0024394760
test_09070,0.0000002555
test_09071,0.9999699357
test_09072,0.9999997610
test_09073,0.9999982785
test_09074,0.9743703000
test_09075,0.9999836408
test_09076,0.0000028825
test_09077,0.9999998184
test_09078,0.9999997761
test_09079,0.9992970523
test_09080,0.9958327962
test_09081,0.9991873149
test_09082,0.0000034754
test_09083,0.9999990961
test_09084,0.0000232747
test_09085,0.9998759390
test_09086,0.9998815837
test_09087,0.0000033790
test_09088,0.0000023750
test_09089,0.9999731666
test_09090,0.9902500863
test_09091,0.0000003463
test_09092,0.0000123365
test_09093,0.0001524532
test_09094,0.9999398925
test_09095,0.9999957604
test_09096,0.0000003769
test_09097,0.0003548120
test_09098,0.9997746769
test_09099,0.0696814245
test_09100,0.9999884249
test_09101,0.9999655203
test_09102,0.0000007046
test_09103,0.0002721717
test_09104,0.9999948601
test_09105,0.0000251021
test_09106,0.9999083753
test_09107,0.0004849659
test_09108,0.9925521641
test_09109,0.0000019183
test_09110,0.9999201420
test_09111,0.9999901010
test_09112,0.9999374883
test_09113,0.9999994750
test_09114,0.0000014753
test_09115,0.0000023163
test_09116,0.9999824643
test_09117,0.0000010729
test_09118,0.9999943451
test_09119,0.0001075931
test_09120,0.9999927671
test_09121,0.9999932244
test_09122,0.9999981143
test_09123,0.0000002911
test_09124,0.9999933755
test_09125,0.9999986937
test_09126,0.0000253897
test_09127,0.9999535190
test_09128,0.0000000849
test_09129,0.0000017427
test_09130,0.0000061235
test_09131,0.0000519574
test_09132,0.0416615300
test_09133,0.0054818788
test_09134,0.0183965795
test_09135,0.9999922486
test_09136,0.9999995064
test_09137,0.9999996348
test_09138,0.9985244059
test_09139,0.0007368187
test_09140,0.9999992781
test_09141,0.0017398205
test_09142,0.0000003245
test_09143,0.0000006969
test_09144,0.9999981347
test_09145,0.9999996404
test_09146,0.0000285729
test_09147,0.9995739810
test_09148,0.0000028123
test_09149,0.9998496877
test_09150,0.0001591802
test_09151,0.0000033135
test_09152,0.0000218163
test_09153,0.9998170149
test_09154,0.9999295118
test_09155,0.0000067624
test_09156,0.3477164457
test_09157,0.0000000468
test_09158,0.7836175587
test_09159,0.0000280801
test_09160,0.9999849874
test_09161,0.9999988789
test_09162,0.0000010839
test_09163,0.9999997408
test_09164,0.0000009329
test_09165,0.0001126238
test_09166,0.9999798035
test_09167,0.0002408272
test_09168,0.9999972734
test_09169,0.9999993858
test_09170,0.9962750345
test_09171,0.1253096566
test_09172,0.9997464260
test_09173,0.9999763362
test_09174,0.0017392080
test_09175,0.0000074709
test_09176,0.0000268398
test_09177,0.5531956131
test_09178,0.9999917155
test_09179,0.0000007792
test_09180,0.0000002697
test_09181,0.0004427293
test_09182,0.9999995827
test_09183,0.0000008717
test_09184,0.0000001219
test_09185,0.0286006147
test_09186,0.0333504286
test_09187,0.9999978098
test_09188,0.0000218785
test_09189,0.0284613433
test_09190,0.9999982345
test_09191,0.9868549128
test_09192,0.0000018439
test_09193,0.9999947487
test_09194,0.0095163016
test_09195,0.9999580566
test_09196,0.9999995719
test_09197,0.0001700100
test_09198,0.0000024645
test_09199,0.9999050297
test_09200,0.0000027995
test_09201,0.0000166809
test_09202,0.0000051586
test_09203,0.9999996571
test_09204,0.9999887742
test_09205,0.9831947776
test_09206,0.9952626386
test_09207,0.0000008480
test_09208,0.0530555000
test_09209,0.0000001489
test_09210,0.7216551894
test_09211,0.9999358488
test_09212,0.0000001688
test_09213,0.9999985542
test_09214,0.9999888912
test_09215,0.0000359926
test_09216,0.0014789651
test_09217,0.9982568805
test_09218,0.9999982451
test_09219,0.9999856773
test_09220,0.9999998230
test_09221,0.9999923297
test_09222,0.0000585897
test_09223,0.4938044528
test_09224,0.9999985088
test_09225,0.9999868711
test_09226,0.9999989986
test_09227,0.0000010057
test_09228,0.0000021620
test_09229,0.0410905256
test_09230,0.9999512253
test_09231,0.9990309655
test_09232,0.0000332336
test_09233,0.0002684617
test_09234,0.9999787426
test_09235,0.0000178902
test_09236,0.0000000803
test_09237,0.9999950738
test_09238,0.9999996608
test_09239,0.7211916745
test_09240,0.0004316884
test_09241,0.0323581416
test_09242,0.9994704988
test_09243,0.0000089240
test_09244,0.0497087257
test_09245,0.9999991105
test_09246,0.9999933338
test_09247,0.0026712884
test_09248,0.9999991271
test_09249,0.9999921117
test_09250,0.0000000762
test_09251,0.0048557154
test_09252,0.0000000696
test_09253,0.9999997552
test_09254,0.9975683558
test_09255,0.9999672468
test_09256,0.9999405457
test_09257,0.0001162539
test_09258,0.0034139070
test_09259,0.9999900871
test_09260,0.0000025509
test_09261,0.0000429243
test_09262,0.9999738597
test_09263,0.0618031390
test_09264,0.0011316042
test_09265,0.7765930910
test_09266,0.9998466934
test_09267,0.9995116232
test_09268,0.9999720300
test_09269,0.0000296425
test_09270,0.0000002805
test_09271,0.9998677225
test_09272,0.9999445971
test_09273,0.9999967093
test_09274,0.0444910926
test_09275,0.0000005439
test_09276,0.0000534309
test_09277,0.9999975099
test_09278,0.0000688281
test_09279,0.0000154400
test_09280,0.0001701879
test_09281,0.0226311931
test_09282,0.0000020610
test_09283,0.0000042865
test_09284,0.9999998725
test_09285,0.5742272124
test_09286,0.0000130104
test_09287,0.9999871659
test_09288,0.0039042470
test_09289,0.9999341007
test_09290,0.0000003211
test_09291,0.9999871129
test_09292,0.9999899042
test_09293,0.0000023560
test_09294,0.0000010068
test_09295,0.0000004409
test_09296,0.0000001569
test_09297,0.5698021665
test_09298,0.1031834542
test_09299,0.0000075726
test_09300,0.0000001321
test_09301,0.0000001314
test_09302,0.0002796974
test_09303,0.9997725768
test_09304,0.1241873971
test_09305,0.9996689303
test_09306,0.0000006526
test_09307,0.0008668703
test_09308,0.0000000841
test_09309,0.9999932757
test_09310,0.9999998295
test_09311,0.0014083290
test_09312,0.9999725603
test_09313,0.0540420549
test_09314,0.0000022106
test_09315,0.0235422974
test_09316,0.9989102393
test_09317,0.9999996814
test_09318,0.9991729530
test_09319,0.9999995366
test_09320,0.9997823192
test_09321,0.9990043110
test_09322,0.9994595455
test_09323,0.9999982653
test_09324,0.9997745673
test_09325,0.9999998461
test_09326,0.4502024422
test_09327,0.0008315993
test_09328,0.6089815099
test_09329,0.0000062783
test_09330,0.0000039993
test_09331,0.9999954642
test_09332,0.0000006869
test_09333,0.9756105798
test_09334,0.9999998367
test_09335,0.0008076914
test_09336,0.0000008641
test_09337,0.9998769946
test_09338,0.0002533907
test_09339,0.0205231096
test_09340,0.9964317291
test_09341,0.0000040385
test_09342,0.6379799117
test_09343,0.0000006225
test_09344,0.9999776031
test_09345,0.9999612184
test_09346,0.9999749581
test_09347,0.0000036479
test_09348,0.5319143335
test_09349,0.0000004606
test_09350,0.9999976520
test_09351,0.9999983381
test_09352,0.0002142519
test_09353,0.0000106075
test_09354,0.9999973990
test_09355,0.9999995204
test_09356,0.9999610763
test_09357,0.9999997123
test_09358,0.0000001566
test_09359,0.0000012303
test_09360,0.1302563622
test_09361,0.0000275932
test_09362,0.0037731329
test_09363,0.9998156895
test_09364,0.0000241438
test_09365,0.0000069099
test_09366,0.9999945523
test_09367,0.6832493355
test_09368,0.0198221913
test_09369,0.0000311868
test_09370,0.0009751617
test_09371,0.0000135710
test_09372,0.9999995030
test_09373,0.0000071221
test_09374,0.9999998129
test_09375,0.0000007093
test_09376,0.0007101063
test_09377,0.9494198538
test_09378,0.9991823746
test_09379,0.9999957970
test_09380,0.0000004801
test_09381,0.9993424990
test_09382,0.9999941855
test_09383,0.9986474993
test_09384,0.0004250764
test_09385,0.9999993946
test_09386,0.9999395549
test_09387,0.9999995403
test_09388,0.9975083438
test_09389,0.4328053387
test_09390,0.9989163007
test_09391,0.0000001898
test_09392,0.0000028779
test_09393,0.5379462641
test_09394,0.9993866374
test_09395,0.9439405316
test_09396,0.9999989118
test_09397,0.0002355884
test_09398,0.9999038145
test_09399,0.0013553310
test_09400,0.9998128056
test_09401,0.9997284672
test_09402,0.9998769571
test_09403,0.0002009937
test_09404,0.9999929791
test_09405,0.0000111979
test_09406,0.9999976096
test_09407,0.9997284161
test_09408,0.0017679784
test_09409,0.0513497247
test_09410,0.9999982380
test_09411,0.9999998907
test_09412,0.9999979615
test_09413,0.9999994611
test_09414,0.0000643463
test_09415,0.9999998172
test_09416,0.9999993693
test_09417,0.0000003853
test_09418,0.9999998270
test_09419,0.0000001743
test_09420,0.9999989895
test_09421,0.0000018623
test_09422,0.0000006180
test_09423,0.0000081035
test_09424,0.9992604625
test_09425,0.0001285535
test_09426,0.9974110897
test_09427,0.0000003406
test_09428,0.0003544768
test_09429,0.9978203980
test_09430,0.9999379087
test_09431,0.9999722188
test_09432,0.0000078422
test_09433,0.9762405637
test_09434,0.9999997404
test_09435,0.9998724712
test_09436,0.1208926617
test_09437,0.0001141857
test_09438,0.9998186415
test_09439,0.0001561003
test_09440,0.9996388874
test_09441,0.0000391383
test_09442,0.0000089288
test_09443,0.9995880742
test_09444,0.9999906244
test_09445,0.0030179215
test_09446,0.0355143181
test_09447,0.2545732704
test_09448,0.9999918329
test_09449,0.9998652149
test_09450,0.9999974626
test_09451,0.0000282075
test_09452,0.9999999416
test_09453,0.9999990350
test_09454,0.9668147777
test_09455,0.9999990547
test_09456,0.9999990798
test_09457,0.0000032696
test_09458,0.0000080113
test_09459,0.9999998674
test_09460,0.9999918387
test_09461,0.9999091621
test_09462,0.0000978708
test_09463,0.0000585569
test_09464,0.0374258190
test_09465,0.9998706257
test_09466,0.0000001760
test_09467,0.9996177393
test_09468,0.0021477981
test_09469,0.0001715891
test_09470,0.9999959367
test_09471,0.0011275940
test_09472,0.9999830870
test_09473,0.0000362469
test_09474,0.0030975103
test_09475,0.9999996082
test_09476,0.9999993077
test_09477,0.9510247250
test_09478,0.0007502131
test_09479,0.9999465984
test_09480,0.0004374425
test_09481,0.0000035792
test_09482,0.0000003384
test_09483,0.9999998153
test_09484,0.0527728770
test_09485,0.0033876673
test_09486,0.9999989284
test_09487,0.9998223669
test_09488,0.0000027103
test_09489,0.9973398588
test_09490,0.0000009818
test_09491,0.0030635906
test_09492,0.9999955245
test_09493,0.0403395980
test_09494,0.0000238550
test_09495,0.0000005437
test_09496,0.0001040428
test_09497,0.0000007578
test_09498,0.9999734353
test_09499,0.0003065155
test_09500,0.9999823624
test_09501,0.9993801675
test_09502,0.0277416364
test_09503,0.9999787442
test_09504,0.3814722700
test_09505,0.9999997363
test_09506,0.9378369994
test_09507,0.9999997576
test_09508,0.9999993207
test_09509,0.0000008204
test_09510,0.0080923580
test_09511,0.0000002861
test_09512,0.0000000502
test_09513,0.9931371248
test_09514,0.9999973791
test_09515,0.0003383946
test_09516,0.9989226564
test_09517,0.9999918286
test_09518,0.0000178623
test_09519,0.9999997271
test_09520,0.1729263258
test_09521,0.9999986979
test_09522,0.9998449999
test_09523,0.0000000707
test_09524,0.9999943518
test_09525,0.9999894424
test_09526,0.9999988133
test_09527,0.0006810203
test_09528,0.0000023850
test_09529,0.9999980121
test_09530,0.0018629341
test_09531,0.0000079479
test_09532,0.0001892323
test_09533,0.9999653367
test_09534,0.9999314054
test_09535,0.0000039274
test_09536,0.0000021059
test_09537,0.9999928062
test_09538,0.0000813149
test_09539,0.9999228942
test_09540,0.0000120456
test_09541,0.0000155203
test_09542,0.0000043197
test_09543,0.9999626607
test_09544,0.9999966815
test_09545,0.9999981542
test_09546,0.0000048840
test_09547,0.0000001348
test_09548,0.0000001517
test_09549,0.9999993853
test_09550,0.0000033709
test_09551,0.0019695602
test_09552,0.9997269164
test_09553,0.0000517501
test_09554,0.0000045680
test_09555,0.0000018840
test_09556,0.0247803422
test_09557,0.0002099258
test_09558,0.0142099324
test_09559,0.9985858354
test_09560,0.9327443665
test_09561,0.0007296814
test_09562,0.9999992502
test_09563,0.0000293826
test_09564,0.9988904525
test_09565,0.9999955710
test_09566,0.0080358012
test_09567,0.9998741150
test_09568,0.9999995998
test_09569,0.0000139190
test_09570,0.0000015017
test_09571,0.0003282730
test_09572,0.0001431648
test_09573,0.9949552989
test_09574,0.9999997849
test_09575,0.0129839105
test_09576,0.0220429272
test_09577,0.0000003022
test_09578,0.0000010247
test_09579,0.9999968978
test_09580,0.0190070545
test_09581,0.9994650298
test_09582,0.9999965871
test_09583,0.0029955500
test_09584,0.9999800501
test_09585,0.9629547420
test_09586,0.9950066477
test_09587,0.0000045995
test_09588,0.9999997616
test_09589,0.9999446320
test_09590,0.9999947363
test_09591,0.9999963648
test_09592,0.9998796807
test_09593,0.0000313699
test_09594,0.9999951127
test_09595,0.9918473316
test_09596,0.9999910368
test_09597,0.9999821630
test_09598,0.9549875941
test_09599,0.0000019990
test_09600,0.0000063844
test_09601,0.9998908932
test_09602,0.0003555067
test_09603,0.0000134447
test_09604,0.0000032574
test_09605,0.9999794046
test_09606,0.9313254872
test_09607,0.0000822673
test_09608,0.0023080572
test_09609,0.9995196559
test_09610,0.9999988452
test_09611,0.1220391752
test_09612,0.9999986685
test_09613,0.0000416657
test_09614,0.0000069462
test_09615,0.0000024222
test_09616,0.0001883427
test_09617,0.9999957494
test_09618,0.0074981006
test_09619,0.8638004432
test_09620,0.9999683082
test_09621,0.9999999443
test_09622,0.0000035116
test_09623,0.9999971567
test_09624,0.0001856506
test_09625,0.9999959457
test_09626,0.9999900974
test_09627,0.0000126986
test_09628,0.0000076005
test_09629,0.9974363454
test_09630,0.9999992564
test_09631,0.0000000506
test_09632,0.0000742241
test_09633,0.9999985723
test_09634,0.9999924142
test_09635,0.9930281165
test_09636,0.0000007324
test_09637,0.0241161081
test_09638,0.0000001778
test_09639,0.9999888580
test_09640,0.0051421901
test_09641,0.0000333669
test_09642,0.9999996890
test_09643,0.9982720713
test_09644,0.0000003090
test_09645,0.0000378458
test_09646,0.0000013373
test_09647,0.0387690805
test_09648,0.9960800247
test_09649,0.0000046903
test_09650,0.0000005540
test_09651,0.0190117578
test_09652,0.5956332619
test_09653,0.9999844351
test_09654,0.0000002291
test_09655,0.9999996776
test_09656,0.9999954850
test_09657,0.0000015436
test_09658,0.0000051527
test_09659,0.9999769621
test_09660,0.9999413723
test_09661,0.9999992862
test_09662,0.0127384917
test_09663,0.9999544215
test_09664,0.9999950255
test_09665,0.0000619187
test_09666,0.9995001507
test_09667,0.0000002220
test_09668,0.0000002966
test_09669,0.9993373712
test_09670,0.0000004994
test_09671,0.0000734307
test_09672,0.9999861381
test_09673,0.0006903353
test_09674,0.0843893643
test_09675,0.0000718813
test_09676,0.9999819981
test_09677,0.0000357928
test_09678,0.9997000449
test_09679,0.0004600192
test_09680,0.9995160019
test_09681,0.9845409009
test_09682,0.0001175903
test_09683,0.0005502328
test_09684,0.9999186936
test_09685,0.0026450567
test_09686,0.0000160846
test_09687,0.0000004718
test_09688,0.3709152624
test_09689,0.0014962583
test_09690,0.9999971290
test_09691,0.9999984586
test_09692,0.9986490518
test_09693,0.0054713035
test_09694,0.9999945861
test_09695,0.0000202800
test_09696,0.0000001614
test_09697,0.9971680797
test_09698,0.9999972770
test_09699,0.0373023931
test_09700,0.6282477493
test_09701,0.0292347224
test_09702,0.9999997117
test_09703,0.9999706993
test_09704,0.9982536370
test_09705,0.9999996834
test_09706,0.1007383440
test_09707,0.9999870202
test_09708,0.9797752791
test_09709,0.0000084450
test_09710,0.0000942834
test_09711,0.0000026630
test_09712,0.0000048248
test_09713,0.9999386861
test_09714,0.9999938523
test_09715,0.0000259868
test_09716,0.0040547941
test_09717,0.9999943374
test_09718,0.9999266162
test_09719,0.0000153007
test_09720,0.3608039926
test_09721,0.0000737911
test_09722,0.0000002263
test_09723,0.9999453590
test_09724,0.0001386480
test_09725,0.9999872986
test_09726,0.0020167542
test_09727,0.9999696758
test_09728,0.0000001710
test_09729,0.0012092784
test_09730,0.9999998896
test_09731,0.0000017412
test_09732,0.0053964426
test_09733,0.0002076800
test_09734,0.0000106875
test_09735,0.0000796896
test_09736,0.0000222613
test_09737,0.9999977754
test_09738,0.0001092019
test_09739,0.0000733033
test_09740,0.0000013239
test_09741,0.0006986519
test_09742,0.0000000723
test_09743,0.9999880858
test_09744,0.9999999642
test_09745,0.9999671958
test_09746,0.9997530733
test_09747,0.9999996489
test_09748,0.0001002204
test_09749,0.9999968007
test_09750,0.9999965706
test_09751,0.9949787778
test_09752,0.9612542753
test_09753,0.9989100340
test_09754,0.0000001654
test_09755,0.0573367628
test_09756,0.9922377816
test_09757,0.9893237032
test_09758,0.0005153045
test_09759,0.9999987418
test_09760,0.0000314167
test_09761,0.1717418183
test_09762,0.0000056635
test_09763,0.9975810283
test_09764,0.0000003175
test_09765,0.0000002612
test_09766,0.0000065958
test_09767,0.0000039403
test_09768,0.9999213584
test_09769,0.0000000504
test_09770,0.0000049728
test_09771,0.7519028333
test_09772,0.9999594435
test_09773,0.9999976462
test_09774,0.0003854172
test_09775,0.0000013411
test_09776,0.9945205390
test_09777,0.9998972468
test_09778,0.0050159498
test_09779,0.9998016884
test_09780,0.0000004016
test_09781,0.0000845586
test_09782,0.9999982506
test_09783,0.9999994285
test_09784,0.0002592300
test_09785,0.9993915437
test_09786,0.0000014643
test_09787,0.9744063631
test_09788,0.9999445980
test_09789,0.9826618698
test_09790,0.0043422543
test_09791,0.9935974032
test_09792,0.0010159444
test_09793,0.9832324519
test_09794,0.0000265099
test_09795,0.0045804839
test_09796,0.0000011460
test_09797,0.0000523757
test_09798,0.9999993220
test_09799,0.9998087981
test_09800,0.9733334204
test_09801,0.0006368100
test_09802,0.9999988590
test_09803,0.9995549698
test_09804,0.9999979868
test_09805,0.9999988157
test_09806,0.9999976783
test_09807,0.9999991683
test_09808,0.9999896540
test_09809,0.0000401693
test_09810,0.9999998546
test_09811,0.0046442720
test_09812,0.9678763618
test_09813,0.0002392721
test_09814,0.9999901371
test_09815,0.0002245282
test_09816,0.0002568105
test_09817,0.0000006852
test_09818,0.9999944247
test_09819,0.9997847006
test_09820,0.9999998017
test_09821,0.0000098236
test_09822,0.9999998652
test_09823,0.9999983722
test_09824,0.9999998126
test_09825,0.9999958199
test_09826,0.9999954816
test_09827,0.9999978080
test_09828,0.9999994407
test_09829,0.7794256209
test_09830,0.9999997884
test_09831,0.9999995872
test_09832,0.9914481795
test_09833,0.9999988877
test_09834,0.9993534421
test_09835,0.0000447333
test_09836,0.9999970914
test_09837,0.9999999085
test_09838,0.9999850795
test_09839,0.9997906142
test_09840,0.0000653640
test_09841,0.9999165257
test_09842,0.0584755334
test_09843,0.0000239238
test_09844,0.0003319431
test_09845,0.9999988217
test_09846,0.9999626972
test_09847,0.0000009502
test_09848,0.0003091039
test_09849,0.9999996688
test_09850,0.9999979650
test_09851,0.9999881911
test_09852,0.9998766207
test_09853,0.9893106213
test_09854,0.9999774250
test_09855,0.0000006670
test_09856,0.0000214262
test_09857,0.9999990807
test_09858,0.7540285425
test_09859,0.0000018327
test_09860,0.0020873332
test_09861,0.9999996548
test_09862,0.9858398996
test_09863,0.9999951149
test_09864,0.9999847123
test_09865,0.0000753118
test_09866,0.0005455553
test_09867,0.0000001675
test_09868,0.9999690805
test_09869,0.9999615179
test_09870,0.0045720781
test_09871,0.0007126518
test_09872,0.0615012880
test_09873,0.9999988448
test_09874,0.0000671538
test_09875,0.9999997906
test_09876,0.9999994063
test_09877,0.0086069978
test_09878,0.0000435546
test_09879,0.0000005263
test_09880,0.0000005609
test_09881,0.9999993831
test_09882,0.0006418964
test_09883,0.0057236434
test_09884,0.9999845971
test_09885,0.9999995983
test_09886,0.9998169178
test_09887,0.5692498004
test_09888,0.0000059776
test_09889,0.9999965396
test_09890,0.0000947460
test_09891,0.0000339620
test_09892,0.9999992512
test_09893,0.0000018903
test_09894,0.9995956858
test_09895,0.0022625335
test_09896,0.0000439657
test_09897,0.9999831705
test_09898,0.9998532658
test_09899,0.9999928345
test_09900,0.0000001759
test_09901,0.0000338397
test_09902,0.9999907669
test_09903,0.0000001382
test_09904,0.0000007387
test_09905,0.9999872847
test_09906,0.9999816253
test_09907,0.9999501941
test_09908,0.0000004379
test_09909,0.0001178926
test_09910,0.1108332729
test_09911,0.9998278266
test_09912,0.0038701128
test_09913,0.1508807967
test_09914,0.0035935623
test_09915,0.0000054207
test_09916,0.9999016400
test_09917,0.0001764202
test_09918,0.4518455293
test_09919,0.0000023457
test_09920,0.0002074859
test_09921,0.9999993617
test_09922,0.0000239828
test_09923,0.1636653017
test_09924,0.9995616889
test_09925,0.9999998084
test_09926,0.9999998410
test_09927,0.0002369405
test_09928,0.0000039883
test_09929,0.9999223971
test_09930,0.9999998703
test_09931,0.0008945542
test_09932,0.9999810395
test_09933,0.4717631713
test_09934,0.0000001971
test_09935,0.0001956528
test_09936,0.9999995829
test_09937,0.9999947917
test_09938,0.9999970803
test_09939,0.0729923406
test_09940,0.9957643529
test_09941,0.9999954412
test_09942,0.0145633900
test_09943,0.9999775770
test_09944,0.9988287632
test_09945,0.9999937327
test_09946,0.0000018475
test_09947,0.9999916396
test_09948,0.9995914929
test_09949,0.0149359326
test_09950,0.0002893988
test_09951,0.9999997653
test_09952,0.0000091269
test_09953,0.0000444253
test_09954,0.2106898958
test_09955,0.0000128875
test_09956,0.9999998798
test_09957,0.0000040224
test_09958,0.9926345056
test_09959,0.9985291952
test_09960,0.9999965261
test_09961,0.0014191000
test_09962,0.9999720322
test_09963,0.9992655457
test_09964,0.0013325370
test_09965,0.0000154051
test_09966,0.9999997435
test_09967,0.0001593130
test_09968,0.0000389404
test_09969,0.9968911611
test_09970,0.0000047335
test_09971,0.0000001256
test_09972,0.9999983264
test_09973,0.9905832503
test_09974,0.9999976769
test_09975,0.0000003240
test_09976,0.9999947761
test_09977,0.0000000466
test_09978,0.9984987804
test_09979,0.9999988435
test_09980,0.0000829695
test_09981,0.9999747236
test_09982,0.9999991161
test_09983,0.9999971534
test_09984,0.0000002352
test_09985,0.0000002220
test_09986,0.9999985661
test_09987,0.0000811832
test_09988,0.9999996645
test_09989,0.9995697833
test_09990,0.0000100618
test_09991,0.9999996942
test_09992,0.0002006100
test_09993,0.0000005001
test_09994,0.9999994353
test_09995,0.9999998386
test_09996,0.9999959150
test_09997,0.9999868595
test_09998,0.0105986780
test_09999,0.9999969328
test_10000,0.9905249706
test_10001,0.9999990725
test_10002,0.9999997927
test_10003,0.9999971461
test_10004,0.9999975539
test_10005,0.0000004749
test_10006,0.9972590350
test_10007,0.9999956758
test_10008,0.4207757940
test_10009,0.0000001062
test_10010,0.9999975857
test_10011,0.9996895637
test_10012,0.0000383731
test_10013,0.0000060833
test_10014,0.0000001465
test_10015,0.0204406735
test_10016,0.9999808647
test_10017,0.9996250803
test_10018,0.9998005625
test_10019,0.0000040330
test_10020,0.0000030215
test_10021,0.0001304948
test_10022,0.0000008799
test_10023,0.0000001086
test_10024,0.9999324841
test_10025,0.0000002427
test_10026,0.9999849240
test_10027,0.0000985497
test_10028,0.0000020484
test_10029,0.9999987979
test_10030,0.9995886763
test_10031,0.0005208261
test_10032,0.0000134225
test_10033,0.0002305223
test_10034,0.2874586136
test_10035,0.0145711099
test_10036,0.0000410007
test_10037,0.9999999123
test_10038,0.9999998257
test_10039,0.0000014735
test_10040,0.9985550816
test_10041,0.9925830770
test_10042,0.0000052887
test_10043,0.9998916202
test_10044,0.9999734357
test_10045,0.0022765866
test_10046,0.9999998237
test_10047,0.0004859224
test_10048,0.0014494029
test_10049,0.9999944491
test_10050,0.9981758239
test_10051,0.9999804305
test_10052,0.9994021571
test_10053,0.0000007352
test_10054,0.9999998876
test_10055,0.0000031274
test_10056,0.9984933381
test_10057,0.9998971348
test_10058,0.1154812718
test_10059,0.9999524853
test_10060,0.9927686328
test_10061,0.0001545070
test_10062,0.0000016267
test_10063,0.9999958610
test_10064,0.0000433619
test_10065,0.0000180679
test_10066,0.9999507964
test_10067,0.9999957196
test_10068,0.9998707218
test_10069,0.0000534482
test_10070,0.0000620199
test_10071,0.9999957828
test_10072,0.0000023827
test_10073,0.1658638713
test_10074,0.0000530251
test_10075,0.9999756559
test_10076,0.0000005441
test_10077,0.9999938076
test_10078,0.0000001841
test_10079,0.9998461417
test_10080,0.0000988854
test_10081,0.0080557005
test_10082,0.9999998945
test_10083,0.9999996708
test_10084,0.9997444777
test_10085,0.0001721292
test_10086,0.9998151239
test_10087,0.9998801604
test_10088,0.8943866809
test_10089,0.0374122305
test_10090,0.9966696023
test_10091,0.9999900785
test_10092,0.9999786051
test_10093,0.9744735625
test_10094,0.0000311342
test_10095,0.9870019307
test_10096,0.0000002953
test_10097,0.9999974271
test_10098,0.0040454264
test_10099,0.0024870194
test_10100,0.9999973394
test_10101,0.9999903724
test_10102,0.0000418405
test_10103,0.0000661692
test_10104,0.9999961322
test_10105,0.9999927253
test_10106,0.0000061612
test_10107,0.0002999045
test_10108,0.9999559911
test_10109,0.0000002993
test_10110,0.0000005168
test_10111,0.0008763041
test_10112,0.0000011775
test_10113,0.9999943086
test_10114,0.9978811508
test_10115,0.0000468151
test_10116,0.0000002724
test_10117,0.0092275805
test_10118,0.9999322317
test_10119,0.9999993932
test_10120,0.0000119276
test_10121,0.9999806243
test_10122,0.0028055661
test_10123,0.2561074823
test_10124,0.9998240966
test_10125,0.0889878599
test_10126,0.0000057426
test_10127,0.0000000515
test_10128,0.4433436003
test_10129,0.9999995565
test_10130,0.0050316226
test_10131,0.0000133641
test_10132,0.0000488927
test_10133,0.0000124005
test_10134,0.0024765144
test_10135,0.0030769518
test_10136,0.0099860862
test_10137,0.0000068049
test_10138,0.9999322283
test_10139,0.2501075596
test_10140,0.0000281537
test_10141,0.0000002149
test_10142,0.0000029397
test_10143,0.0001446644
test_10144,0.9999604551
test_10145,0.0004864604
test_10146,0.0000998584
test_10147,0.9999801114
test_10148,0.9999629096
test_10149,0.0046350405
test_10150,0.9999989060
test_10151,0.0000012711
test_10152,0.0028567247
test_10153,0.9999947462
test_10154,0.9999909386
test_10155,0.0015550931
test_10156,0.9999988889
test_10157,0.9896170821
test_10158,0.0000102683
test_10159,0.0000047896
test_10160,0.0000116088
test_10161,0.9999981383
test_10162,0.9999887057
test_10163,0.9999988659
test_10164,0.0000142982
test_10165,0.0006389173
test_10166,0.9999998249
test_10167,0.9999958535
test_10168,0.9999986570
test_10169,0.9999997403
test_10170,0.0000006959
test_10171,0.0000006433
test_10172,0.0000006617
test_10173,0.9996419819
test_10174,0.9999994642
test_10175,0.7580326328
test_10176,0.0000001744
test_10177,0.0000865392
test_10178,0.0000118411
test_10179,0.0000006992
test_10180,0.9892526114
test_10181,0.0000166701
test_10182,0.9999993027
test_10183,0.0000024818
test_10184,0.0006146781
test_10185,0.9999890651
test_10186,0.0000314328
test_10187,0.9994652731
test_10188,0.9999956256
test_10189,0.9997258122
test_10190,0.9999922342
test_10191,0.9999988812
test_10192,0.0000007468
test_10193,0.9986518216
test_10194,0.2797407015
test_10195,0.9875448798
test_10196,0.0000060889
test_10197,0.9996784677
test_10198,0.0000002678
test_10199,0.0000095413
test_10200,0.0222769311
test_10201,0.0000001496
test_10202,0.9998883020
test_10203,0.9999967436
test_10204,0.0000019546
test_10205,0.9931902940
test_10206,0.0135513660
test_10207,0.0000002110
test_10208,0.9998377647
test_10209,0.9999990980
test_10210,0.9999965665
test_10211,0.0049048116
test_10212,0.9999980737
test_10213,0.0000148054
test_10214,0.9993652749
test_10215,0.0003202390
test_10216,0.9998945107
test_10217,0.9999814046
test_10218,0.9996807195
test_10219,0.9995120288
test_10220,0.0016324688
test_10221,0.0002272402
test_10222,0.9999958643
test_10223,0.6603199981
test_10224,0.8916032567
test_10225,0.0420675859
test_10226,0.0007669635
test_10227,0.0000010423
test_10228,0.0000010825
test_10229,0.0537757056
test_10230,0.0072472549
test_10231,0.9999963795
test_10232,0.9999974144
test_10233,0.9999635099
test_10234,0.0001448356
test_10235,0.0003060741
test_10236,0.9939739891
test_10237,0.9949589072
test_10238,0.0000546384
test_10239,0.3089703202
test_10240,0.9999230698
test_10241,0.0000053708
test_10242,0.9997164042
test_10243,0.9994946452
test_10244,0.0007530142
test_10245,0.5938147975
test_10246,0.9999913304
test_10247,0.9999964428
test_10248,0.9929538176
test_10249,0.0003589343
test_10250,0.1068920884
test_10251,0.9996665657
test_10252,0.0000619884
test_10253,0.9999767952
test_10254,0.0000019518
test_10255,0.0000121359
test_10256,0.9999902048
test_10257,0.0000054773
test_10258,0.9999996884
test_10259,0.0996263688
test_10260,0.9997093597
test_10261,0.9999997640
test_10262,0.3258216877
test_10263,0.9999923809
test_10264,0.9996246723
test_10265,0.0000021574
test_10266,0.0001474419
test_10267,0.9999183898
test_10268,0.9999996475
test_10269,0.0000001931
test_10270,0.0000002333
test_10271,0.0001031362
test_10272,0.0000557272
test_10273,0.0000351594
test_10274,0.9589114424
test_10275,0.9999993101
test_10276,0.9999932698
test_10277,0.9999816348
test_10278,0.9796441319
test_10279,0.2013548287
test_10280,0.8009023732
test_10281,0.0003988956
test_10282,0.0116697651
test_10283,0.0000003657
test_10284,0.9999987620
test_10285,0.9999171116
test_10286,0.0045896001
test_10287,0.0818451956
test_10288,0.9999991178
test_10289,0.9986050217
test_10290,0.9999642505
test_10291,0.9995503030
test_10292,0.0584705424
test_10293,0.9999979371
test_10294,0.9966388338
test_10295,0.9999186332
test_10296,0.9999994937
test_10297,0.0005623471
test_10298,0.0000000605
test_10299,0.0000036936
test_10300,0.0310841026
test_10301,0.0002393093
test_10302,0.9999978845
test_10303,0.9999998435
test_10304,0.9999833504
test_10305,0.9999486425
test_10306,0.0000119957
test_10307,0.0000018661
test_10308,0.0000018699
test_10309,0.9999825208
test_10310,0.0026417447
test_10311,0.0003683297
test_10312,0.0000001428
test_10313,0.0000014636
test_10314,0.9999965951
test_10315,0.0000086790
test_10316,0.9999982425
test_10317,0.0003014436
test_10318,0.9999937239
test_10319,0.9999153954
test_10320,0.9999870340
test_10321,0.9999456125
test_10322,0.0000822906
test_10323,0.0000118184
test_10324,0.0000523506
test_10325,0.9999994641
test_10326,0.9999968047
test_10327,0.9999973291
test_10328,0.0000057125
test_10329,0.9999999062
test_10330,0.0000001216
test_10331,0.9999969650
test_10332,0.9999972087
test_10333,0.9998822347
test_10334,0.0000160844
test_10335,0.0000026047
test_10336,0.9999809862
test_10337,0.0003412531
test_10338,0.9878450619
test_10339,0.9999668283
test_10340,0.9999379411
test_10341,0.0000018580
test_10342,0.9999283883
test_10343,0.9999413048
test_10344,0.9958579923
test_10345,0.0142513176
test_10346,0.9999685319
test_10347,0.9999941244
test_10348,0.9999545822
test_10349,0.0019195863
test_10350,0.0354750469
test_10351,0.0001043626
test_10352,0.0000009395
test_10353,0.0000338212
test_10354,0.9999992800
test_10355,0.6821653940
test_10356,0.0000001323
test_10357,0.0000001598
test_10358,0.9999979719
test_10359,0.0000155242
test_10360,0.0132660819
test_10361,0.9999863166
test_10362,0.9999703432
test_10363,0.9985322854
test_10364,0.9999994955
test_10365,0.0007323852
test_10366,0.0035396611
test_10367,0.1420575853
test_10368,0.0112378797
test_10369,0.9999606521
test_10370,0.9668475348
test_10371,0.9999993819
test_10372,0.0012091097
test_10373,0.9991777646
test_10374,0.0000029112
test_10375,0.9999937817
test_10376,0.9999816059
test_10377,0.0000028326
test_10378,0.0000240193
test_10379,0.0004679376
test_10380,0.9999954854
test_10381,0.9996718594
test_10382,0.9999867305
test_10383,0.9999882727
test_10384,0.0000162433
test_10385,0.0000152308
test_10386,0.9999990090
test_10387,0.9999988887
test_10388,0.0000001678
test_10389,0.0000002472
test_10390,0.0005104782
test_10391,0.0000380235
test_10392,0.0000346884
test_10393,0.0000001124
test_10394,0.0000046772
test_10395,0.9941705770
test_10396,0.0002267150
test_10397,0.0001510398
test_10398,0.9999998944
test_10399,0.0000000428
test_10400,0.9999467301
test_10401,0.0011702504
test_10402,0.0072406970
test_10403,0.0000010599
test_10404,0.3248821507
test_10405,0.9998733166
test_10406,0.9999998680
test_10407,0.9999666611
test_10408,0.9999996359
test_10409,0.0000384211
test_10410,0.0000019966
test_10411,0.9985960530
test_10412,0.0000034800
test_10413,0.0001328449
test_10414,0.0000106537
test_10415,0.9999895759
test_10416,0.0004644719
test_10417,0.9999720340
test_10418,0.9906889015
test_10419,0.9998962682
test_10420,0.9954984999
test_10421,0.9998552597
test_10422,0.0000003940
test_10423,0.9999995095
test_10424,0.9999996527
test_10425,0.0108702138
test_10426,0.9999987856
test_10427,0.9999998400
test_10428,0.0047438693
test_10429,0.0000673852
test_10430,0.0000290480
test_10431,0.0014299697
test_10432,0.0000185957
test_10433,0.9999872937
test_10434,0.9999961870
test_10435,0.0000807243
test_10436,0.0000964982
test_10437,0.0000374637
test_10438,0.9999995742
test_10439,0.0000162555
test_10440,0.0000038194
test_10441,0.0822618845
test_10442,0.0002566854
test_10443,0.9999945634
test_10444,0.9967129132
test_10445,0.0045134940
test_10446,0.9999997795
test_10447,0.9999991763
test_10448,0.0000210113
test_10449,0.9997380879
test_10450,0.9999997224
test_10451,0.9999953793
test_10452,0.9974180108
test_10453,0.9994218219
test_10454,0.0274652175
test_10455,0.0000338065
test_10456,0.0000350734
test_10457,0.9999954237
test_10458,0.0000109832
test_10459,0.0011572039
test_10460,0.9965151826
test_10461,0.9934262568
test_10462,0.1002006943
test_10463,0.0016425823
test_10464,0.0107159526
test_10465,0.0000022649
test_10466,0.9999998674
test_10467,0.9999863399
test_10468,0.9999141733
test_10469,0.0001084977
test_10470,0.9999873379
test_10471,0.1959715332
test_10472,0.9999847047
test_10473,0.9999963856
test_10474,0.9999970897
test_10475,0.9995991559
test_10476,0.0000001360
test_10477,0.9872199080
test_10478,0.0000055225
test_10479,0.9999905350
test_10480,0.9995228755
test_10481,0.0319229892
test_10482,0.0140359711
test_10483,0.9994822024
test_10484,0.9998808032
test_10485,0.0000011968
test_10486,0.0000116643
test_10487,0.9999911666
test_10488,0.0000018101
test_10489,0.0000040909
test_10490,0.9999996089
test_10491,0.0000012889
test_10492,0.0000011945
test_10493,0.9999923226
test_10494,0.0319383583
test_10495,0.9999988223
test_10496,0.0000377290
test_10497,0.0000011629
test_10498,0.0000000967
test_10499,0.9710234008
test_10500,0.9999982225
test_10501,0.2999406531
test_10502,0.0000066989
test_10503,0.0317128807
test_10504,0.5035034662
test_10505,0.9997886395
test_10506,0.9999978743
test_10507,0.0018944227
test_10508,0.9999747318
test_10509,0.9999521581
test_10510,0.9997408238
test_10511,0.0000006323
test_10512,0.0001406802
test_10513,0.9999996740
test_10514,0.9999996960
test_10515,0.0002956021
test_10516,0.9999959151
test_10517,0.9999989065
test_10518,0.9961587400
test_10519,0.0000033391
test_10520,0.9999967507
test_10521,0.9997802967
test_10522,0.9944134430
test_10523,0.9999541291
test_10524,0.9999996570
test_10525,0.9999787295
test_10526,0.9995729516
test_10527,0.9999643383
test_10528,0.9999955104
test_10529,0.9999998851
test_10530,0.0231532940
test_10531,0.9999999238
test_10532,0.0012445559
test_10533,0.9999993852
test_10534,0.0000091431
test_10535,0.0000298426
test_10536,0.9995806661
test_10537,0.9999684676
test_10538,0.0000023283
test_10539,0.9999988303
test_10540,0.0000008699
test_10541,0.0000026327
test_10542,0.9999977355
test_10543,0.9999994410
test_10544,0.0000007970
test_10545,0.0586521254
test_10546,0.9999832286
test_10547,0.9999997537
test_10548,0.0000582726
test_10549,0.0003817360
test_10550,0.9999989775
test_10551,0.0000002449
test_10552,0.9197963687
test_10553,0.0000764574
test_10554,0.9999999285
test_10555,0.9999575181
test_10556,0.0000026429
test_10557,0.9703981702
test_10558,0.0000003678
test_10559,0.9999607406
test_10560,0.9999998284
test_10561,0.9990041899
test_10562,0.9998864468
test_10563,0.9999962160
test_10564,0.9999981717
test_10565,0.9974908417
test_10566,0.9999998847
test_10567,0.0028753443
test_10568,0.9999998751
test_10569,0.0000022480
test_10570,0.0041602510
test_10571,0.9976690254
test_10572,0.9999940227
test_10573,0.9999996546
test_10574,0.9711805407
test_10575,0.9999999030
test_10576,0.9998272804
test_10577,0.9999756098
test_10578,0.0000046622
test_10579,0.0003840622
test_10580,0.0043877962
test_10581,0.0001386557
test_10582,0.9999975930
test_10583,0.0000063532
test_10584,0.9997812867
test_10585,0.0000002781
test_10586,0.0000001175
test_10587,0.0000022198
test_10588,0.0000189979
test_10589,0.0000003500
test_10590,0.0059331203
test_10591,0.0000006313
test_10592,0.0000553318
test_10593,0.9999987178
test_10594,0.9999823935
test_10595,0.0000168255
test_10596,0.9999982217
test_10597,0.0000002305
test_10598,0.9999988058
test_10599,0.9999830683
test_10600,0.0000540086
test_10601,0.0000119464
test_10602,0.9999957457
test_10603,0.9999644812
test_10604,0.9999940129
test_10605,0.9999768802
test_10606,0.9999971784
test_10607,0.9999615200
test_10608,0.0000172814
test_10609,0.9999925156
test_10610,0.0000058223
test_10611,0.9741305361
test_10612,0.0000009515
test_10613,0.0000003990
test_10614,0.0000318401
test_10615,0.9999999087
test_10616,0.9999997172
test_10617,0.9744100367
test_10618,0.9999982176
test_10619,0.9999990260
test_10620,0.9999988826
test_10621,0.9945947099
test_10622,0.9990586673
test_10623,0.0000000977
test_10624,0.9999988647
test_10625,0.0009701161
test_10626,0.0000056667
test_10627,0.3997274101
test_10628,0.9999984819
test_10629,0.9625558258
test_10630,0.9999993132
test_10631,0.9661829901
test_10632,0.9999996829
test_10633,0.9999992793
test_10634,0.9999980197
test_10635,0.0000001719
test_10636,0.9999994093
test_10637,0.9999940922
test_10638,0.0000025579
test_10639,0.9999999487
test_10640,0.0000087863
test_10641,0.9999997231
test_10642,0.9989244713
test_10643,0.9999961995
test_10644,0.4928528852
test_10645,0.0006923905
test_10646,0.0010829452
test_10647,0.0000019659
test_10648,0.9998466973
test_10649,0.9999956935
test_10650,0.9999722118
test_10651,0.9998945175
test_10652,0.0050547255
test_10653,0.9999998907
test_10654,0.0000020832
test_10655,0.0000300847
test_10656,0.9999891869
test_10657,0.0000002051
test_10658,0.9999993385
test_10659,0.0002200636
test_10660,0.9962945591
test_10661,0.9996938676
test_10662,0.0000001552
test_10663,0.0003761175
test_10664,0.9999981171
test_10665,0.9999976432
test_10666,0.9996597788
test_10667,0.0000009263
test_10668,0.9999997718
test_10669,0.9999700922
test_10670,0.0029468315
test_10671,0.8778572923
test_10672,0.0000006740
test_10673,0.0028133420
test_10674,0.0072842896
test_10675,0.0000008880
test_10676,0.9999830281
test_10677,0.9999932072
test_10678,0.9999937438
test_10679,0.9998645646
test_10680,0.0000139169
test_10681,0.9999845692
test_10682,0.9999984257
test_10683,0.0000062389
test_10684,0.0006575040
test_10685,0.0000383203
test_10686,0.9999998432
test_10687,0.0000056775
test_10688,0.0000415781
test_10689,0.0000010408
test_10690,0.0003680543
test_10691,0.0001183150
test_10692,0.9999899834
test_10693,0.0000018977
test_10694,0.9995988045
test_10695,0.9990598278
test_10696,0.0888418068
test_10697,0.0000017235
test_10698,0.9999718780
test_10699,0.9999967807
test_10700,0.0000000508
test_10701,0.9978792294
test_10702,0.0000078110
test_10703,0.0289348483
test_10704,0.9843111078
test_10705,0.9999884101
test_10706,0.0000004720
test_10707,0.9999914373
test_10708,0.9999982414
test_10709,0.9999798587
test_10710,0.9999967757
test_10711,0.9999475049
test_10712,0.9999291975
test_10713,0.0000005223
test_10714,0.9999956083
test_10715,0.0000030839
test_10716,0.9856908249
test_10717,0.9999971718
test_10718,0.0054072495
test_10719,0.9999989823
test_10720,0.9999998151
test_10721,0.0000064751
test_10722,0.9999993789
test_10723,0.0000352836
test_10724,0.0000300187
test_10725,0.0000207638
test_10726,0.9999956855
test_10727,0.0000008101
test_10728,0.0000001575
test_10729,0.0000000500
test_10730,0.0007688722
test_10731,0.0000106662
test_10732,0.9922934625
test_10733,0.0000035350
test_10734,0.0028403995
test_10735,0.9999990823
test_10736,0.0000050470
test_10737,0.0000050199
test_10738,0.9999910219
test_10739,0.9999940428
test_10740,0.9999980952
test_10741,0.9999998434
test_10742,0.0000045405
test_10743,0.9999962745
test_10744,0.0004595830
test_10745,0.0000001212
test_10746,0.3915076371
test_10747,0.9999996011
test_10748,0.9991616998
test_10749,0.9999941220
test_10750,0.9998786313
test_10751,0.0000016151
test_10752,0.9956561037
test_10753,0.9999992524
test_10754,0.9999998160
test_10755,0.0000000660
test_10756,0.9999843399
test_10757,0.0000251847
test_10758,0.0000001307
test_10759,0.9979766835
test_10760,0.0186907361
test_10761,0.0000003997
test_10762,0.9997769339
test_10763,0.9966466589
test_10764,0.9999936369
test_10765,0.9998420778
test_10766,0.9998554459
test_10767,0.0000331047
test_10768,0.9998258193
test_10769,0.0000797304
test_10770,0.0000003735
test_10771,0.9926716727
test_10772,0.0000001703
test_10773,0.9999929657
test_10774,0.9782791979
test_10775,0.0501190552
test_10776,0.5346777529
test_10777,0.0000773122
test_10778,0.9999926539
test_10779,0.9998873287
test_10780,0.9999945753
test_10781,0.9999963799
test_10782,0.0000556581
test_10783,0.0000103856
test_10784,0.0000030717
test_10785,0.9999972256
test_10786,0.9999976048
test_10787,0.9999976174
test_10788,0.0010113659
test_10789,0.0000102821
test_10790,0.0002447292
test_10791,0.0000666644
test_10792,0.9999746887
test_10793,0.9737937479
test_10794,0.9999396976
test_10795,0.0613166103
test_10796,0.9998746187
test_10797,0.9999725734
test_10798,0.9999991787
test_10799,0.0000001746
test_10800,0.9999987725
test_10801,0.0000000579
test_10802,0.0000009682
test_10803,0.9999991077
test_10804,0.9766346886
test_10805,0.0000330574
test_10806,0.9999991196
test_10807,0.9999991785
test_10808,0.9999996910
test_10809,0.9999954566
test_10810,0.9997113855
test_10811,0.0624740393
test_10812,0.0000010290
test_10813,0.0000002395
test_10814,0.0000009173
test_10815,0.9998910841
test_10816,0.0032216991
test_10817,0.9977187005
test_10818,0.9999998188
test_10819,0.9980311215
test_10820,0.0000719431
test_10821,0.0000010738
test_10822,0.9999262981
test_10823,0.2950270190
test_10824,0.0000006805
test_10825,0.9999789557
test_10826,0.9999994749
test_10827,0.9999987439
test_10828,0.9999991021
test_10829,0.0050385567
test_10830,0.9999921660
test_10831,0.2060232396
test_10832,0.1417394497
test_10833,0.9999898456
test_10834,0.9999667801
test_10835,0.0255878404
test_10836,0.0000023848
test_10837,0.0011655391
test_10838,0.0000022731
test_10839,0.0000060736
test_10840,0.9999890669
test_10841,0.0000204111
test_10842,0.9997910718
test_10843,0.0000000633
test_10844,0.0000097145
test_10845,0.0000020784
test_10846,0.9999978292
test_10847,0.0037350897
test_10848,0.0000549208
test_10849,0.0000173748
test_10850,0.0000000725
test_10851,0.0000000770
test_10852,0.0001158815
test_10853,0.0867442248
test_10854,0.9999701279
test_10855,0.0000215440
test_10856,0.0819849269
test_10857,0.9999849362
test_10858,0.0000430870
test_10859,0.9999997083
test_10860,0.0000120582
test_10861,0.0000258212
test_10862,0.9999962737
test_10863,0.9999965723
test_10864,0.0000351711
test_10865,0.9999163100
test_10866,0.9999993163
test_10867,0.9996687256
test_10868,0.0000000525
test_10869,0.0000028859
test_10870,0.0000102070
test_10871,0.0000257092
test_10872,0.9999872437
test_10873,0.9999993578
test_10874,0.7362911498
test_10875,0.2470343992
test_10876,0.0031167479
test_10877,0.9999941402
test_10878,0.9999994432
test_10879,0.0000000789
test_10880,0.4470018319
test_10881,0.0000139804
test_10882,0.0000474516
test_10883,0.9954193526
test_10884,0.9999944774
test_10885,0.3227048486
test_10886,0.0451366614
test_10887,0.9999962471
test_10888,0.9999991273
test_10889,0.0003024060
test_10890,0.0003859827
test_10891,0.0000008469
test_10892,0.9999949429
test_10893,0.0002273801
test_10894,0.0000060703
test_10895,0.9994387238
test_10896,0.0000000534
test_10897,0.0000044075
test_10898,0.6972697686
test_10899,0.9774904648
test_10900,0.1036912896
test_10901,0.9988178064
test_10902,0.9999975486
test_10903,0.9928109341
test_10904,0.9999994395
test_10905,0.9999878689
test_10906,0.9999995851
test_10907,0.0015201465
test_10908,0.9614482155
test_10909,0.9999939205
test_10910,0.0000003885
test_10911,0.0000000458
test_10912,0.9999966858
test_10913,0.0000001728
test_10914,0.9999804470
test_10915,0.0022209855
test_10916,0.0007249141
test_10917,0.9355692694
test_10918,0.0001604319
test_10919,0.0202996050
test_10920,0.9999995688
test_10921,0.2318451568
test_10922,0.9980354736
test_10923,0.9999833220
test_10924,0.9784015924
test_10925,0.9999687463
test_10926,0.0000008561
test_10927,0.9999609300
test_10928,0.0000003718
test_10929,0.0000000882
test_10930,0.9581820480
test_10931,0.0004220699
test_10932,0.9998580973
test_10933,0.9999997332
test_10934,0.0000000924
test_10935,0.0000004509
test_10936,0.9999857955
test_10937,0.9999653963
test_10938,0.0000001243
test_10939,0.9948532834
test_10940,0.0000004632
test_10941,0.0000000982
test_10942,0.0000642161
test_10943,0.0000015225
test_10944,0.9999798596
test_10945,0.0000007167
test_10946,0.0000001345
test_10947,0.9999963975
test_10948,0.0004725705
test_10949,0.0000045362
test_10950,0.0002934187
test_10951,0.9999739986
test_10952,0.0000094793
test_10953,0.9997824375
test_10954,0.9999991366
test_10955,0.9999997239
test_10956,0.0000092929
test_10957,0.0000002952
test_10958,0.0000136153
test_10959,0.0008311638
test_10960,0.9998852486
test_10961,0.9286889214
test_10962,0.6855468275
test_10963,0.0000015284
test_10964,0.0000064883
test_10965,0.0042036697
test_10966,0.0000005787
test_10967,0.9999921877
test_10968,0.0000063108
test_10969,0.9999320737
test_10970,0.0267022819
test_10971,0.2854394916
test_10972,0.9999961907
test_10973,0.0000346761
test_10974,0.0565684532
test_10975,0.9999988377
test_10976,0.9999996167
test_10977,0.9999850944
test_10978,0.9997792402
test_10979,0.0000554680
test_10980,0.8555712047
test_10981,0.9999492233
test_10982,0.9999997743
test_10983,0.0000000923
test_10984,0.9989899533
test_10985,0.9999856008
test_10986,0.0001636135
test_10987,0.9999990843
test_10988,0.0000120461
test_10989,0.0000183435
test_10990,0.0000185202
test_10991,0.0000000818
test_10992,0.9999967385
test_10993,0.9999985942
test_10994,0.0000043206
test_10995,0.0000188266
test_10996,0.9999368399
test_10997,0.9999881614
test_10998,0.0000033613
test_10999,0.0000326606
test_11000,0.0000112791
test_11001,0.9999209813
test_11002,0.0000273199
test_11003,0.0000122338
test_11004,0.0000489255
test_11005,0.9999631288
test_11006,0.0000202020
test_11007,0.0002299106
test_11008,0.1119919090
test_11009,0.0000001525
test_11010,0.9999683038
test_11011,0.9973238222
test_11012,0.0025531144
test_11013,0.4170780091
test_11014,0.9999981093
test_11015,0.0409626002
test_11016,0.0074493481
test_11017,0.0206399402
test_11018,0.9998836400
test_11019,0.0000444895
test_11020,0.9990991150
test_11021,0.9999956860
test_11022,0.0003630973
test_11023,0.0000003006
test_11024,0.9999994161
test_11025,0.9999994800
test_11026,0.9999993584
test_11027,0.9999837086
test_11028,0.9999700841
test_11029,0.9990135492
test_11030,0.9999847455
test_11031,0.0000078190
test_11032,0.0000128707
test_11033,0.0001385505
test_11034,0.0079175565
test_11035,0.9999961421
test_11036,0.9999995014
test_11037,0.0000005541
test_11038,0.9999993452
test_11039,0.9496741104
test_11040,0.9999998219
test_11041,0.0000004504
test_11042,0.0000393864
test_11043,0.9999050651
test_11044,0.9999963349
test_11045,0.9999989440
test_11046,0.9999979362
test_11047,0.9999971342
test_11048,0.9999973721
test_11049,0.0351399783
test_11050,0.0000176090
test_11051,0.9996643975
test_11052,0.9999966556
test_11053,0.9999986778
test_11054,0.9999277228
test_11055,0.0005695623
test_11056,0.9998991546
test_11057,0.0000082447
test_11058,0.9990214500
test_11059,0.0000002091
test_11060,0.9989830578
test_11061,0.0000015531
test_11062,0.9999976911
test_11063,0.0004614379
test_11064,0.9999904867
test_11065,0.9999996363
test_11066,0.9999993130
test_11067,0.0000001250
test_11068,0.0000014807
test_11069,0.9999906109
test_11070,0.9999982792
test_11071,0.9999998325
test_11072,0.0000461892
test_11073,0.0000003187
test_11074,0.0000012820
test_11075,0.9999998962
test_11076,0.9998333990
test_11077,0.0000004795
test_11078,0.0000437149
test_11079,0.9999925333
test_11080,0.0000001137
test_11081,0.0228588565
test_11082,0.0000246569
test_11083,0.0000048872
test_11084,0.9999960722
test_11085,0.0000006417
test_11086,0.2735716644
test_11087,0.9978757289
test_11088,0.0000012592
test_11089,0.0005380429
test_11090,0.9995920858
test_11091,0.9999701010
test_11092,0.0000002571
test_11093,0.9999832988
test_11094,0.9988022564
test_11095,0.9999997444
test_11096,0.0000245447
test_11097,0.9874859594
test_11098,0.0000047901
test_11099,0.9999930363
test_11100,0.9968192145
test_11101,0.0000001161
test_11102,0.1190224363
test_11103,0.9999980281
test_11104,0.0160857954
test_11105,0.0000011274
test_11106,0.9737061636
test_11107,0.9998657371
test_11108,0.9978196828
test_11109,0.9999981529
test_11110,0.9998801986
test_11111,0.9986272717
test_11112,0.9999651707
test_11113,0.9978211556
test_11114,0.9999919453
test_11115,0.9997890765
test_11116,0.9999963059
test_11117,0.9982735938
test_11118,0.9999850823
test_11119,0.9998762342
test_11120,0.0000049729
test_11121,0.9995552678
test_11122,0.9998984494
test_11123,0.9817168261
test_11124,0.9998056568
test_11125,0.9999999332
test_11126,0.9999992117
test_11127,0.9992122336
test_11128,0.0000570281
test_11129,0.3099208030
test_11130,0.9999743885
test_11131,0.0001883409
test_11132,0.9969909687
test_11133,0.0000167703
test_11134,0.0000069071
test_11135,0.9972609589
test_11136,0.9999998975
test_11137,0.0015017310
test_11138,0.9996724662
test_11139,0.0022968780
test_11140,0.5440918138
test_11141,0.9999984805
test_11142,0.0000002110
test_11143,0.9995505273
test_11144,0.9999586605
test_11145,0.0000176474
test_11146,0.0000001219
test_11147,0.9999545679
test_11148,0.0000010944
test_11149,0.0000003886
test_11150,0.9999982864
test_11151,0.0000090595
test_11152,0.9999845055
test_11153,0.9999973935
test_11154,0.9636836542
test_11155,0.0000847444
test_11156,0.0000011324
test_11157,0.9999992742
test_11158,0.0000214454
test_11159,0.0000075957
test_11160,0.0050242402
test_11161,0.6499728991
test_11162,0.0000017834
test_11163,0.0000004501
test_11164,0.0011294650
test_11165,0.9999964368
test_11166,0.9981082558
test_11167,0.0000001293
test_11168,0.0000021722
test_11169,0.9998583916
test_11170,0.0103913940
test_11171,0.0000740614
test_11172,0.9999949850
test_11173,0.9999910534
test_11174,0.0000063844
test_11175,0.0000014131
test_11176,0.8738666569
test_11177,0.0000170915
test_11178,0.0000009597
test_11179,0.0000001516
test_11180,0.9999989165
test_11181,0.9997736963
test_11182,0.0323775807
test_11183,0.0397937583
test_11184,0.9999901386
test_11185,0.9999952274
test_11186,0.0000026152
test_11187,0.0000049203
test_11188,0.9999985112
test_11189,0.0001803460
test_11190,0.0002807603
test_11191,0.9990259605
test_11192,0.0000286034
test_11193,0.0000002096
test_11194,0.0061729593
test_11195,0.9999980544
test_11196,0.0000030722
test_11197,0.9991030720
test_11198,0.9999841280
test_11199,0.0000219546
test_11200,0.0000208541
test_11201,0.0027584152
test_11202,0.9996936675
test_11203,0.9938683522
test_11204,0.9482297113
test_11205,0.0000001738
test_11206,0.9999967031
test_11207,0.0000000863
test_11208,0.9999963472
test_11209,0.0000010616
test_11210,0.9999927767
test_11211,0.0000002768
test_11212,0.9825869308
test_11213,0.0000003481
test_11214,0.0001411463
test_11215,0.0000065714
test_11216,0.0001006561
test_11217,0.9999592458
test_11218,0.9999956271
test_11219,0.9999922981
test_11220,0.9991355505
test_11221,0.0013983823
test_11222,0.0000002094
test_11223,0.0002059198
test_11224,0.9999982097
test_11225,0.0000019118
test_11226,0.0540399792
test_11227,0.9999976368
test_11228,0.0000060112
test_11229,0.9651614157
test_11230,0.0000781521
test_11231,0.9949500657
test_11232,0.0004493362
test_11233,0.9999736642
test_11234,0.9999999353
test_11235,0.9838025299
test_11236,0.9999175284
test_11237,0.0000021186
test_11238,0.9999969870
test_11239,0.9993383902
test_11240,0.9998033749
test_11241,0.9998739508
test_11242,0.9999998330
test_11243,0.9998662202
test_11244,0.0000063741
test_11245,0.0000797215
test_11246,0.9998885300
test_11247,0.0000572303
test_11248,0.9996044729
test_11249,0.0000443985
test_11250,0.9999934130
test_11251,0.9996330831
test_11252,0.0001782272
test_11253,0.0057696957
test_11254,0.9999775014
test_11255,0.3968223037
test_11256,0.4835854202
test_11257,0.9999934147
test_11258,0.9999650271
test_11259,0.0000098708
test_11260,0.0000063373
test_11261,0.0000003741
test_11262,0.9999998041
test_11263,0.9215687941
test_11264,0.4180084511
test_11265,0.1324034038
test_11266,0.0000044795
test_11267,0.0000001479
test_11268,0.9270188939
test_11269,0.9974405856
test_11270,0.9999990582
test_11271,0.9852324380
test_11272,0.0000034774
test_11273,0.9998700640
test_11274,0.9999994575
test_11275,0.0000477722
test_11276,0.0001200873
test_11277,0.9998432234
test_11278,0.0000002071
test_11279,0.0012393954
test_11280,0.9999857983
test_11281,0.9980014756
test_11282,0.0542858116
test_11283,0.0000412399
test_11284,0.9989383119
test_11285,0.0000001089
test_11286,0.0000016516
test_11287,0.9999983286
test_11288,0.9999995785
test_11289,0.0001290233
test_11290,0.9999987041
test_11291,0.9998116887
test_11292,0.9999998505
test_11293,0.0017313151
test_11294,0.9999847047
test_11295,0.9999978598
test_11296,0.0000014866
test_11297,0.9999926515
test_11298,0.0000017855
test_11299,0.9723800891
test_11300,0.9999996751
test_11301,0.9999822281
test_11302,0.0000000597
test_11303,0.9992754096
test_11304,0.9999957251
test_11305,0.0000178054
test_11306,0.9999998629
test_11307,0.9999906431
test_11308,0.9999934149
test_11309,0.0000003983
test_11310,0.0000858705
test_11311,0.0000138955
test_11312,0.9982722793
test_11313,0.0001264995
test_11314,0.0000031155
test_11315,0.0006888493
test_11316,0.4019581922
test_11317,0.9999512732
test_11318,0.9998800683
test_11319,0.0000023010
test_11320,0.0000240787
test_11321,0.2462664027
test_11322,0.0000295136
test_11323,0.0000036576
test_11324,0.0000014781
test_11325,0.9999162104
test_11326,0.0000040079
test_11327,0.9999917101
test_11328,0.9999998670
test_11329,0.0000003789
test_11330,0.0199997858
test_11331,0.0000212786
test_11332,0.9999997935
test_11333,0.9902614359
test_11334,0.0000011215
test_11335,0.9950471877
test_11336,0.9250439423
test_11337,0.9997383005
test_11338,0.9951698353
test_11339,0.7113666287
test_11340,0.0004672239
test_11341,0.9999989412
test_11342,0.0000134509
test_11343,0.9999858971
test_11344,0.0000034737
test_11345,0.0000038265
test_11346,0.6108463088
test_11347,0.9999210199
test_11348,0.5322610872
test_11349,0.0000068456
test_11350,0.6675757171
test_11351,0.0000001560
test_11352,0.0006079264
test_11353,0.9999999041
test_11354,0.0000020898
test_11355,0.0000007313
test_11356,0.0000173699
test_11357,0.0000002823
test_11358,0.0000073620
test_11359,0.0163019136
test_11360,0.0440728637
test_11361,0.0000025452
test_11362,0.0001385144
test_11363,0.0000001294
test_11364,0.0000125714
test_11365,0.0055574348
test_11366,0.9986878104
test_11367,0.0000003874
test_11368,0.0000085855
test_11369,0.9085640460
test_11370,0.9899822663
test_11371,0.0000013050
test_11372,0.0000013206
test_11373,0.0000100865
test_11374,0.9995113116
test_11375,0.0007206762
test_11376,0.0000009159
test_11377,0.9998081550
test_11378,0.1008581709
test_11379,0.0000099189
test_11380,0.0000013951
test_11381,0.0000002871
test_11382,0.9993227695
test_11383,0.3642332029
test_11384,0.0066720073
test_11385,0.9999930460
test_11386,0.9999971638
test_11387,0.9999988993
test_11388,0.0000382837
test_11389,0.0000146921
test_11390,0.9996205820
test_11391,0.9998877413
test_11392,0.9999901518
test_11393,0.9999880312
test_11394,0.0007725881
test_11395,0.9999787449
test_11396,0.0001621947
test_11397,0.0000002508
test_11398,0.9999989205
test_11399,0.2891036396
test_11400,0.0003245653
test_11401,0.9999993598
test_11402,0.9994546702
test_11403,0.0003998726
test_11404,0.9997119384
test_11405,0.0000621841
test_11406,0.0000030456
test_11407,0.0000852778
test_11408,0.5974215266
test_11409,0.0004908792
test_11410,0.0000015025
test_11411,0.0269677906
test_11412,0.9984129931
test_11413,0.0001859216
test_11414,0.0011273343
test_11415,0.9994596661
test_11416,0.0000026319
test_11417,0.9999868324
test_11418,0.9998799839
test_11419,0.9999994939
test_11420,0.0000263671
test_11421,0.0187075369
test_11422,0.6727016307
test_11423,0.0000224064
test_11424,0.9999958915
test_11425,0.0000195905
test_11426,0.0000052471
test_11427,0.9999618124
test_11428,0.0000003606
test_11429,0.9999972447
test_11430,0.0026163978
test_11431,0.9999980595
test_11432,0.9996407674
test_11433,0.0000219843
test_11434,0.9999903061
test_11435,0.9999989326
test_11436,0.9420768480
test_11437,0.9999274157
test_11438,0.0000001976
test_11439,0.0000001296
test_11440,0.0000774162
test_11441,0.0000137832
test_11442,0.0000015125
test_11443,0.9999112734
test_11444,0.0006468871
test_11445,0.6904143562
test_11446,0.0000001088
test_11447,0.9992364233
test_11448,0.0086316978
test_11449,0.9997979736
test_11450,0.9999996348
test_11451,0.9994529312
test_11452,0.9364579055
test_11453,0.0000224477
test_11454,0.0000172494
test_11455,0.0000013701
test_11456,0.0000001515
test_11457,0.9758818884
test_11458,0.0000068524
test_11459,0.0000001304
test_11460,0.7006454407
test_11461,0.9988505433
test_11462,0.9999993795
test_11463,0.0000686483
test_11464,0.9999998096
test_11465,0.9973892702
test_11466,0.9999929469
test_11467,0.0000070148
test_11468,0.9994178135
test_11469,0.0000029036
test_11470,0.0000005711
test_11471,0.9999934303
test_11472,0.0000108254
test_11473,0.0019691035
test_11474,0.9999906003
test_11475,0.0041754127
test_11476,0.0000609007
test_11477,0.9999962984
test_11478,0.0000010512
test_11479,0.0245784082
test_11480,0.9753353233
test_11481,0.0000156789
test_11482,0.0037891875
test_11483,0.9999997322
test_11484,0.0000004431
test_11485,0.9999999045
test_11486,0.9314389258
test_11487,0.2365088313
test_11488,0.0000174496
test_11489,0.9999219655
test_11490,0.9999572060
test_11491,0.0003268355
test_11492,0.0005080958
test_11493,0.9999995231
test_11494,0.7686255143
test_11495,0.0000007869
test_11496,0.9999780478
test_11497,0.9999995486
test_11498,0.9377556223
test_11499,0.9992696914
test_11500,0.0000065371
test_11501,0.9999992570
test_11502,0.0000051666
test_11503,0.0000253871
test_11504,0.9999919786
test_11505,0.9999953451
test_11506,0.0000206585
test_11507,0.0001534102
test_11508,0.0000069553
test_11509,0.0009611377
test_11510,0.0000315714
test_11511,0.0007184444
test_11512,0.0000010801
test_11513,0.0003611397
test_11514,0.0000368325
test_11515,0.0000005927
test_11516,0.0000370332
test_11517,0.0000028370
test_11518,0.0714578256
test_11519,0.9999997700
test_11520,0.9999470711
test_11521,0.0000126191
test_11522,0.0000002355
test_11523,0.9970347648
test_11524,0.0000002772
test_11525,0.9998804779
test_11526,0.9890692109
test_11527,0.0000141698
test_11528,0.0000619875
test_11529,0.0000671005
test_11530,0.9999159836
test_11531,0.9999908909
test_11532,0.9999997345
test_11533,0.0015086373
test_11534,0.9999988765
test_11535,0.9990601978
test_11536,0.9996160571
test_11537,0.9999987819
test_11538,0.5528512560
test_11539,0.9999955798
test_11540,0.9999951164
test_11541,0.0000559417
test_11542,0.0016707015
test_11543,0.9971912180
test_11544,0.0000003868
test_11545,0.9999998194
test_11546,0.0000537745
test_11547,0.9999986431
test_11548,0.0037514255
test_11549,0.0000000704
test_11550,0.9984382592
test_11551,0.0001663903
test_11552,0.9986461968
test_11553,0.9999849538
test_11554,0.0000098693
test_11555,0.9999936080
test_11556,0.0282360190
test_11557,0.9999841764
test_11558,0.9999991373
test_11559,0.1159272347
test_11560,0.0005388505
test_11561,0.0000001540
test_11562,0.9999998965
test_11563,0.9999970569
test_11564,0.0000776279
test_11565,0.3976174387
test_11566,0.0001080610
test_11567,0.9025642422
test_11568,0.0000204854
test_11569,0.9999998000
test_11570,0.0000161223
test_11571,0.0000467018
test_11572,0.0000003634
test_11573,0.9748085202
test_11574,0.9999998720
test_11575,0.9998621266
test_11576,0.9966419394
test_11577,0.9999979020
test_11578,0.0154367888
test_11579,0.9998275069
test_11580,0.9999984764
test_11581,0.2497692816
test_11582,0.0000000957
test_11583,0.0132536708
test_11584,0.9999863166
test_11585,0.0000008452
test_11586,0.9999965524
test_11587,0.9999962552
test_11588,0.0024925049
test_11589,0.9999981560
test_11590,0.9999973742
test_11591,0.9975913490
test_11592,0.9999964878
test_11593,0.0011713138
test_11594,0.9999819633
test_11595,0.0000009136
test_11596,0.9999989868
test_11597,0.9999962421
test_11598,0.0000108466
test_11599,0.0000223999
test_11600,0.0023770321
test_11601,0.9999060891
test_11602,0.1991854327
test_11603,0.9998304799
test_11604,0.9999982111
test_11605,0.9999999509
test_11606,0.0000021205
test_11607,0.9999976889
test_11608,0.0000581542
test_11609,0.9999991892
test_11610,0.0000005252
test_11611,0.9999999133
test_11612,0.9999993202
test_11613,0.9999479524
test_11614,0.0213106107
test_11615,0.9999993879
test_11616,0.9999638993
test_11617,0.9999998805
test_11618,0.9999993367
test_11619,0.4160658410
test_11620,0.0456454388
test_11621,0.0000076962
test_11622,0.9999021897
test_11623,0.0000048828
test_11624,0.9998347191
test_11625,0.7687263126
test_11626,0.9999993599
test_11627,0.9999997127
test_11628,0.0000292623
test_11629,0.9874715926
test_11630,0.0000415789
test_11631,0.0000037259
test_11632,0.0000002618
test_11633,0.9999730693
test_11634,0.9171357216
test_11635,0.9999989019
test_11636,0.9999909020
test_11637,0.9999991845
test_11638,0.9841420169
test_11639,0.0000044852
test_11640,0.9999902469
test_11641,0.9999852657
test_11642,0.9999995548
test_11643,0.9999996303
test_11644,0.9999869779
test_11645,0.0000149337
test_11646,0.0000017368
test_11647,0.0000007379
test_11648,0.9999960832
test_11649,0.0031029265
test_11650,0.9999994997
test_11651,0.0000323905
test_11652,0.0000008980
test_11653,0.0111192367
test_11654,0.0000176719
test_11655,0.0000006667
test_11656,0.9999995774
test_11657,0.0000003262
test_11658,0.0000158695
test_11659,0.0000001259
test_11660,0.9993596289
test_11661,0.0000012437
test_11662,0.9999997088
test_11663,0.0000309426
test_11664,0.9949911007
test_11665,0.0000095303
test_11666,0.0203012749
test_11667,0.0000016956
test_11668,0.9999999220
test_11669,0.9999901325
test_11670,0.0000008591
test_11671,0.0019811014
test_11672,0.9999997715
test_11673,0.2365566501
test_11674,0.0000013353
test_11675,0.0788169416
test_11676,0.9999997368
test_11677,0.9793029501
test_11678,0.0000010028
test_11679,0.9999972627
test_11680,0.0000006052
test_11681,0.0009606227
test_11682,0.0000010509
test_11683,0.0965707103
test_11684,0.9999346303
test_11685,0.0070324912
test_11686,0.9999961268
test_11687,0.0140081438
test_11688,0.0075129586
test_11689,0.0000092325
test_11690,0.9999687941
test_11691,0.9902002910
test_11692,0.0000215091
test_11693,0.9959609328
test_11694,0.0000006212
test_11695,0.9999962568
test_11696,0.0005194741
test_11697,0.0000024514
test_11698,0.0004042102
test_11699,0.7934405771
test_11700,0.0065978390
test_11701,0.0000005798
test_11702,0.0000021377
test_11703,0.0000039557
test_11704,0.9833707175
test_11705,0.9999823506
test_11706,0.9999998295
test_11707,0.0000560204
test_11708,0.9999957860
test_11709,0.9999986937
test_11710,0.9941477183
test_11711,0.9999981839
test_11712,0.0001290473
test_11713,0.9926779486
test_11714,0.9999997551
test_11715,0.9998656874
test_11716,0.0000231762
test_11717,0.0000000768
test_11718,0.0639484863
test_11719,0.0000039269
test_11720,0.9999990443
test_11721,0.9970368384
test_11722,0.9999951182
test_11723,0.9999905627
test_11724,0.0005129786
test_11725,0.2765155337
test_11726,0.9945791839
test_11727,0.9999975478
test_11728,0.9999122425
test_11729,0.9998718799
test_11730,0.0003222634
test_11731,0.0000138371
test_11732,0.9999990985
test_11733,0.9999959701
test_11734,0.0000001755
test_11735,0.9998538828
test_11736,0.0505546108
test_11737,0.9999932743
test_11738,0.9994162515
test_11739,0.9847470452
test_11740,0.0010047023
test_11741,0.6605338861
test_11742,0.1110637638
test_11743,0.9985107132
test_11744,0.9992870053
test_11745,0.0000204712
test_11746,0.9998783950
test_11747,0.0001565350
test_11748,0.0000001102
test_11749,0.9999993052
test_11750,0.0012337489
test_11751,0.9999998927
test_11752,0.9999952710
test_11753,0.0000418219
test_11754,0.9999986005
test_11755,0.0112396109
test_11756,0.9984063028
test_11757,0.0015238193
test_11758,0.0000081357
test_11759,0.9999101242
test_11760,0.9962835983
test_11761,0.9982338377
test_11762,0.9999993379
test_11763,0.0000706375
test_11764,0.9999995991
test_11765,0.0000047898
test_11766,0.0011499808
test_11767,0.9999340859
test_11768,0.0000015143
test_11769,0.0000002364
test_11770,0.0031848220
test_11771,0.9999955786
test_11772,0.9999778275
test_11773,0.0372558416
test_11774,0.0000035970
test_11775,0.9999971436
test_11776,0.0014373161
test_11777,0.9999858497
test_11778,0.9999994683
test_11779,0.9999996175
test_11780,0.9999978655
test_11781,0.0001045055
test_11782,0.0000036355
test_11783,0.0000034630
test_11784,0.9999978092
test_11785,0.0000002032
test_11786,0.9991888872
test_11787,0.0043105635
test_11788,0.0000416538
test_11789,0.0000001456
test_11790,0.0000119442
test_11791,0.9999880966
test_11792,0.9999913791
test_11793,0.9999996886
test_11794,0.9999984897
test_11795,0.9999752112
test_11796,0.0000002279
test_11797,0.9996253598
test_11798,0.0000003063
test_11799,0.9999819999
test_11800,0.0000022305
test_11801,0.0002418628
test_11802,0.0000002230
test_11803,0.0000167291
test_11804,0.0000229399
test_11805,0.0000006996
test_11806,0.0029316544
test_11807,0.9999754508
test_11808,0.9999876128
test_11809,0.0000384485
test_11810,0.9999985843
test_11811,0.0000024581
test_11812,0.0030643581
test_11813,0.0000193651
test_11814,0.0002225934
test_11815,0.0000032842
test_11816,0.9997213578
test_11817,0.0001028580
test_11818,0.0000044053
test_11819,0.9917167773
test_11820,0.9594491259
test_11821,0.9999954072
test_11822,0.9999111049
test_11823,0.9999983143
test_11824,0.9999996412
test_11825,0.9999284505
test_11826,0.0000110740
test_11827,0.9999990006
test_11828,0.0000680981
test_11829,0.0003200588
test_11830,0.9999985507
test_11831,0.0000005323
test_11832,0.0001129394
test_11833,0.0000019321
test_11834,0.9999628056
test_11835,0.0062384384
test_11836,0.9650977395
test_11837,0.9999972660
test_11838,0.0001920606
test_11839,0.0006893688
test_11840,0.0000008080
test_11841,0.2636688747
test_11842,0.0000001209
test_11843,0.0000000463
test_11844,0.0000582498
test_11845,0.9999109191
test_11846,0.0000135974
test_11847,0.9951619753
test_11848,0.9999958932
test_11849,0.0000205532
test_11850,0.9999994278
test_11851,0.0000010021
test_11852,0.0170339152
test_11853,0.9999864718
test_11854,0.0000011458
test_11855,0.9980156944
test_11856,0.9999973085
test_11857,0.0000010323
test_11858,0.9999997884
test_11859,0.0435783736
test_11860,0.0004553602
test_11861,0.0002546626
test_11862,0.0000004523
test_11863,0.4079797825
test_11864,0.9999958163
test_11865,0.9999588512
test_11866,0.9869012180
test_11867,0.9995916265
test_11868,0.0000144859
test_11869,0.9999721758
test_11870,0.9996798199
test_11871,0.9999910096
test_11872,0.9999904665
test_11873,0.9988149562
test_11874,0.9507463424
test_11875,0.9999594646
test_11876,0.9999966961
test_11877,0.1622768183
test_11878,0.9546751846
test_11879,0.0012513325
test_11880,0.0000246657
test_11881,0.9965355608
test_11882,0.9999980212
test_11883,0.0001367692
test_11884,0.9999998433
test_11885,0.0078764343
test_11886,0.0000182235
test_11887,0.9999715045
test_11888,0.0007733541
test_11889,0.0000192800
test_11890,0.0000002991
test_11891,0.9996111577
test_11892,0.0000518638
test_11893,0.9999974673
test_11894,0.9966752456
test_11895,0.1469373996
test_11896,0.9999993664
test_11897,0.0000379077
test_11898,0.0000007130
test_11899,0.9999997049
test_11900,0.9998671156
test_11901,0.9987901564
test_11902,0.9999980604
test_11903,0.9999576646
test_11904,0.9999979316
test_11905,0.9999956777
test_11906,0.0000000452
test_11907,0.9999990529
test_11908,0.0000972508
test_11909,0.0000028975
test_11910,0.9999787435
test_11911,0.9999969193
test_11912,0.0000000581
test_11913,0.0000229265
test_11914,0.0098567565
test_11915,0.0000137009
test_11916,0.0000096247
test_11917,0.8305506448
test_11918,0.9997013753
test_11919,0.0007150278
test_11920,0.9999162361
test_11921,0.3108192281
test_11922,0.0000219969
test_11923,0.9999988200
test_11924,0.9999770532
test_11925,0.9999995366
test_11926,0.9999385463
test_11927,0.9999996194
test_11928,0.0046143704
test_11929,0.0000082632
test_11930,0.9999997499
test_11931,0.9971420297
test_11932,0.0677697274
test_11933,0.9149019855
test_11934,0.0000741601
test_11935,0.0000095892
test_11936,0.9919084302
test_11937,0.0000005410
test_11938,0.9992452894
test_11939,0.0006299768
test_11940,0.0000059302
test_11941,0.0000000414
test_11942,0.9993966007
test_11943,0.0000039589
test_11944,0.0000000963
test_11945,0.9997949736
test_11946,0.9997704850
test_11947,0.0004980887
test_11948,0.0710037309
test_11949,0.3193220053
test_11950,0.0000000821
test_11951,0.0000196209
test_11952,0.0000001921
test_11953,0.0183528354
test_11954,0.0002679650
test_11955,0.9999840382
test_11956,0.3372582339
test_11957,0.9999970180
test_11958,0.0002977773
test_11959,0.6493113706
test_11960,0.0000000392
test_11961,0.0000543511
test_11962,0.0002666110
test_11963,0.9999998868
test_11964,0.0000005879
test_11965,0.9999900567
test_11966,0.9999620967
test_11967,0.0000141848
test_11968,0.9999996911
test_11969,0.0000066555
test_11970,0.0000084731
test_11971,0.0001609968
test_11972,0.9999828630
test_11973,0.0000276254
test_11974,0.9999993586
test_11975,0.9999998863
test_11976,0.0000140269
test_11977,0.9999775640
test_11978,0.9999977448
test_11979,0.9998380998
test_11980,0.9999432710
test_11981,0.0002626220
test_11982,0.9999910774
test_11983,0.9991190309
test_11984,0.9997081727
test_11985,0.0000394866
test_11986,0.9589819740
test_11987,0.0101159504
test_11988,0.9999980049
test_11989,0.5171654245
test_11990,0.9999999640
test_11991,0.9805336110
test_11992,0.0000104087
test_11993,0.9999966877
test_11994,0.0246566287
test_11995,0.9997800098
test_11996,0.0000011736
test_11997,0.9999990261
test_11998,0.0002385769
test_11999,0.0091234235
test_12000,0.9999407517
test_12001,0.0000006071
test_12002,0.0000038137
test_12003,0.9878608461
test_12004,0.0149996656
test_12005,0.0000144324
test_12006,0.0000041561
test_12007,0.0830002881
test_12008,0.0000653239
test_12009,0.0021495999
test_12010,0.0001009833
test_12011,0.9997760940
test_12012,0.9872809267
test_12013,0.0000000922
test_12014,0.9992891415
test_12015,0.9999995087
test_12016,0.9858236392
test_12017,0.9999979887
test_12018,0.9993934319
test_12019,0.9999913023
test_12020,0.0000123023
test_12021,0.9999882086
test_12022,0.9932501533
test_12023,0.0009331849
test_12024,0.0000004565
test_12025,0.9963181817
test_12026,0.0000026510
test_12027,0.9997772218
test_12028,0.0046112637
test_12029,0.0001006585
test_12030,0.0003290088
test_12031,0.9998994395
test_12032,0.0000117256
test_12033,0.9999992574
test_12034,0.9999999576
test_12035,0.9998976898
test_12036,0.0000005096
test_12037,0.9956437102
test_12038,0.0000528529
test_12039,0.0000015783
test_12040,0.9999994692
test_12041,0.9999989219
test_12042,0.0000015447
test_12043,0.9999962735
test_12044,0.0000105771
test_12045,0.0000017132
test_12046,0.9999997112
test_12047,0.0000012120
test_12048,0.9999898432
test_12049,0.0000005435
test_12050,0.0073732214
test_12051,0.0000017806
test_12052,0.4359029543
test_12053,0.0000077471
test_12054,0.9999913409
test_12055,0.9999685502
test_12056,0.9916981457
test_12057,0.9999136902
test_12058,0.9877509454
test_12059,0.9999992131
test_12060,0.9999871721
test_12061,0.0000031773
test_12062,0.0000016242
test_12063,0.9999904029
test_12064,0.9999982312
test_12065,0.9760135993
test_12066,0.0000518312
test_12067,0.9999989942
test_12068,0.0012206610
test_12069,0.0000450253
test_12070,0.0375830413
test_12071,0.9999274004
test_12072,0.9973631908
test_12073,0.0003795633
test_12074,0.0356947260
test_12075,0.9999990208
test_12076,0.9826835915
test_12077,0.0000147529
test_12078,0.9999992385
test_12079,0.0000007739
test_12080,0.0000110201
test_12081,0.9999917277
test_12082,0.0000043262
test_12083,0.0000642144
test_12084,0.9999994260
test_12085,0.9999861742
test_12086,0.9999875414
test_12087,0.9999994674
test_12088,0.0000491006
test_12089,0.0002837195
test_12090,0.0000121974
test_12091,0.9999968698
test_12092,0.9998101177
test_12093,0.9999998336
test_12094,0.9999986575
test_12095,0.9999980870
test_12096,0.9999987887
test_12097,0.0000600790
test_12098,0.9999312173
test_12099,0.0000131277
test_12100,0.0134004562
test_12101,0.9999689107
test_12102,0.0000000872
test_12103,0.0000002812
test_12104,0.5813415948
test_12105,0.0000010259
test_12106,0.9999005127
test_12107,0.9999995675
test_12108,0.9997864758
test_12109,0.0000037394
test_12110,0.0000064657
test_12111,0.9999998068
test_12112,0.9999873255
test_12113,0.9999456852
test_12114,0.9999988441
test_12115,0.0000207073
test_12116,0.0000003762
test_12117,0.0000973594
test_12118,0.9999977653
test_12119,0.9998547854
test_12120,0.9999963127
test_12121,0.0000005620
test_12122,0.0001890355
test_12123,0.0000020100
test_12124,0.9999510404
test_12125,0.0011217661
test_12126,0.9999998336
test_12127,0.9999149110
test_12128,0.9996581403
test_12129,0.0005093460
test_12130,0.9994655101
test_12131,0.9999959951
test_12132,0.0006202447
test_12133,0.9999998596
test_12134,0.9999978330
test_12135,0.0000007254
test_12136,0.9999844827
test_12137,0.9999698218
test_12138,0.0037890211
test_12139,0.9997278332
test_12140,0.9999883489
test_12141,0.0001206453
test_12142,0.9994090144
test_12143,0.9852081885
test_12144,0.0000408658
test_12145,0.0113561503
test_12146,0.9999910552
test_12147,0.0004524819
test_12148,0.0133119434
test_12149,0.9999998490
test_12150,0.0000000580
test_12151,0.9989690022
test_12152,0.9892757677
test_12153,0.0013396120
test_12154,0.9999891601
test_12155,0.9981792848
test_12156,0.0000006911
test_12157,0.9764518442
test_12158,0.0000004952
test_12159,0.9999991503
test_12160,0.9999362491
test_12161,0.9999980344
test_12162,0.9999968159
test_12163,0.8320418103
test_12164,0.9999995922
test_12165,0.0000911307
test_12166,0.9999971585
test_12167,0.9999998385
test_12168,0.0000151407
test_12169,0.9998420412
test_12170,0.0000065961
test_12171,0.0000135215
test_12172,0.9999703648
test_12173,0.9999976635
test_12174,0.9927486201
test_12175,0.9999985214
test_12176,0.0009339294
test_12177,0.0000663799
test_12178,0.6101092193
test_12179,0.0030856271
test_12180,0.9999996092
test_12181,0.9999997842
test_12182,0.9862036163
test_12183,0.9999882784
test_12184,0.0000121636
test_12185,0.9999954127
test_12186,0.9993528259
test_12187,0.0000009205
test_12188,0.0000104983
test_12189,0.2018511643
test_12190,0.9999774998
test_12191,0.9999997519
test_12192,0.0000067670
test_12193,0.0002271915
test_12194,0.0000046197
test_12195,0.0000010696
test_12196,0.0000008376
test_12197,0.0000066771
test_12198,0.0773708658
test_12199,0.0004302752
test_12200,0.9883118391
test_12201,0.0000001094
test_12202,0.9999464015
test_12203,0.9999986157
test_12204,0.1055158478
test_12205,0.0000062533
test_12206,0.0000403005
test_12207,0.0000004491
test_12208,0.9999996756
test_12209,0.9999156923
test_12210,0.0006521281
test_12211,0.0000004370
test_12212,0.9999963348
test_12213,0.0000000569
test_12214,0.9999994165
test_12215,0.9999291590
test_12216,0.7249445509
test_12217,0.0014422662
test_12218,0.0025901832
test_12219,0.0000078258
test_12220,0.0003501869
test_12221,0.0101185188
test_12222,0.0018468878
test_12223,0.0000003634
test_12224,0.6232326241
test_12225,0.0019642351
test_12226,0.0000307065
test_12227,0.0089554523
test_12228,0.9999992141
test_12229,0.0000169000
test_12230,0.3046471977
test_12231,0.0001595210
test_12232,0.0000006151
test_12233,0.0000177520
test_12234,0.9998896989
test_12235,0.0020856704
test_12236,0.0000085313
test_12237,0.9998422250
test_12238,0.9999809629
test_12239,0.9999860534
test_12240,0.0000032396
test_12241,0.0001788781
test_12242,0.0002637380
test_12243,0.9999987729
test_12244,0.0002343867
test_12245,0.0714010731
test_12246,0.9997236066
test_12247,0.0001311690
test_12248,0.0000126273
test_12249,0.0000000759
test_12250,0.0015886821
test_12251,0.0000001253
test_12252,0.0000307868
test_12253,0.9185634886
test_12254,0.9999122497
test_12255,0.0003243653
test_12256,0.0000362796
test_12257,0.0285141980
test_12258,0.0000006943
test_12259,0.9999921803
test_12260,0.9999859775
test_12261,0.9999946443
test_12262,0.0208118267
test_12263,0.4371084480
test_12264,0.0425321096
test_12265,0.0000003962
test_12266,0.0711170519
test_12267,0.0000365829
test_12268,0.0000062436
test_12269,0.9999991544
test_12270,0.0000517776
test_12271,0.0000124928
test_12272,0.9993247428
test_12273,0.0031706057
test_12274,0.9999429739
test_12275,0.0000243700
test_12276,0.9682965312
test_12277,0.9998204159
test_12278,0.0003160116
test_12279,0.9828414866
test_12280,0.9999774889
test_12281,0.0000006441
test_12282,0.0000013550
test_12283,0.9971390219
test_12284,0.0000002274
test_12285,0.0005592032
test_12286,0.0007433179
test_12287,0.9996618229
test_12288,0.9999924597
test_12289,0.0000004565
test_12290,0.0079201417
test_12291,0.9999882237
test_12292,0.9999353036
test_12293,0.9898936433
test_12294,0.5093428906
test_12295,0.9999783415
test_12296,0.9999994976
test_12297,0.0001062087
test_12298,0.1075610053
test_12299,0.9996817226
test_12300,0.0208265520
test_12301,0.9995385896
test_12302,0.0371409432
test_12303,0.0001585835
test_12304,0.9999959616
test_12305,0.0000632583
test_12306,0.9410256354
test_12307,0.9296128663
test_12308,0.1741026737
test_12309,0.9999999012
test_12310,0.0000651869
test_12311,0.9998257634
test_12312,0.9986701492
test_12313,0.0000120579
test_12314,0.9992230307
test_12315,0.0001626852
test_12316,0.0000003038
test_12317,0.0000002199
test_12318,0.0000001720
test_12319,0.9999608940
test_12320,0.9999855498
test_12321,0.9999964888
test_12322,0.0000008829
test_12323,0.0000008072
test_12324,0.0000005252
test_12325,0.9998861777
test_12326,0.9999896884
test_12327,0.9997966748
test_12328,0.0000076764
test_12329,0.0555441167
test_12330,0.9999191884
test_12331,0.0000003252
test_12332,0.9998679429
test_12333,0.0000194243
test_12334,0.0000007818
test_12335,0.9999809438
test_12336,0.6284776931
test_12337,0.6490919365
test_12338,0.0000056922
test_12339,0.9998314435
test_12340,0.9981482547
test_12341,0.0000001668
test_12342,0.0000001589
test_12343,0.0000001349
test_12344,0.9649721154
test_12345,0.9999996912
test_12346,0.9999973062
test_12347,0.9993131935
test_12348,0.0130188505
test_12349,0.0000263635
test_12350,0.0000514096
test_12351,0.0000080639
test_12352,0.9999979800
test_12353,0.9976992444
test_12354,0.0007894800
test_12355,0.0000041887
test_12356,0.3352600773
test_12357,0.9999883953
test_12358,0.0000017847
test_12359,0.9999579489
test_12360,0.0019783030
test_12361,0.9999948497
test_12362,0.9992199635
test_12363,0.0000228698
test_12364,0.0000002636
test_12365,0.9999985989
test_12366,0.0401195583
test_12367,0.2087744963
test_12368,0.9999981792
test_12369,0.9991615833
test_12370,0.0000043284
test_12371,0.9999990556
test_12372,0.9999727071
test_12373,0.9999686179
test_12374,0.0000208635
test_12375,0.9999985579
test_12376,0.0000589589
test_12377,0.0000134478
test_12378,0.0000409083
test_12379,0.0000008304
test_12380,0.0000020508
test_12381,0.0002389325
test_12382,0.0010467924
test_12383,0.0000009701
test_12384,0.9992082722
test_12385,0.0010401610
test_12386,0.9999350156
test_12387,0.9999981886
test_12388,0.0005561918
test_12389,0.0006542080
test_12390,0.9999986427
test_12391,0.9999910386
test_12392,0.0000001568
test_12393,0.0000603187
test_12394,0.5831569113
test_12395,0.9999791683
test_12396,0.9999659378
test_12397,0.0000003759
test_12398,0.0131578949
test_12399,0.0000000932
test_12400,0.9999995853
test_12401,0.0000044156
test_12402,0.0001959509
test_12403,0.9999347021
test_12404,0.0000001456
test_12405,0.0005188611
test_12406,0.9991965420
test_12407,0.9999961756
test_12408,0.9999974441
test_12409,0.9932578795
test_12410,0.0000137098
test_12411,0.9998592463
test_12412,0.9999902304
test_12413,0.5441958281
test_12414,0.0000025726
test_12415,0.6682506441
test_12416,0.9982425447
test_12417,0.9999991203
test_12418,0.9999932960
test_12419,0.9998080328
test_12420,0.9999976578
test_12421,0.0000002977
test_12422,0.9999997595
test_12423,0.0000890928
test_12424,0.0000027356
test_12425,0.0009445715
test_12426,0.9999713451
test_12427,0.2032716137
test_12428,0.9999983738
test_12429,0.9931123874
test_12430,0.9999042928
test_12431,0.9999988010
test_12432,0.9999985545
test_12433,0.5816643976
test_12434,0.9999963146
test_12435,0.0000014944
test_12436,0.0000309571
test_12437,0.0000913391
test_12438,0.0015456355
test_12439,0.0000041511
test_12440,0.9463373731
test_12441,0.9999987698
test_12442,0.9999896702
test_12443,0.0001810761
test_12444,0.0006559977
test_12445,0.9998327052
test_12446,0.0099025197
test_12447,0.0003175594
test_12448,0.0000000728
test_12449,0.9954833961
test_12450,0.9999986315
test_12451,0.9999972670
test_12452,0.9999871995
test_12453,0.9999993161
test_12454,0.9999992392
test_12455,0.0000233903
test_12456,0.0008100376
test_12457,0.0000004755
test_12458,0.9985121452
test_12459,0.9999815330
test_12460,0.0000001505
test_12461,0.9999876584
test_12462,0.0016344079
test_12463,0.1118730999
test_12464,0.0076782793
test_12465,0.9999998691
test_12466,0.0000921046
test_12467,0.9999881012
test_12468,0.0003276823
test_12469,0.0000044554
test_12470,0.9998473670
test_12471,0.9794433067
test_12472,0.0000031947
test_12473,0.9999502920
test_12474,0.0000122799
test_12475,0.0075146398
test_12476,0.9999065042
test_12477,0.0000000740
test_12478,0.9999934893
test_12479,0.0005092841
test_12480,0.0000001156
test_12481,0.0000010884
test_12482,0.9999672353
test_12483,0.0000020148
test_12484,0.9999992459
test_12485,0.0000004304
test_12486,0.0000011647
test_12487,0.0438018323
test_12488,0.0000021926
test_12489,0.9999972748
test_12490,0.0004736069
test_12491,0.0000438962
test_12492,0.9963224798
test_12493,0.9993358925
test_12494,0.9999903154
test_12495,0.0001410315
test_12496,0.1184883048
test_12497,0.0006736727
test_12498,0.8323417396
test_12499,0.9976375956
test_12500,0.9999988167
test_12501,0.9999990717
test_12502,0.0000009195
test_12503,0.9999993682
test_12504,0.9999919397
test_12505,0.1052398605
test_12506,0.9999970093
test_12507,0.9280697918
test_12508,0.9999935585
test_12509,0.0000688084
test_12510,0.9999965175
test_12511,0.0033685527
test_12512,0.0001333453
test_12513,0.0011373839
test_12514,0.9999647008
test_12515,0.0041359034
test_12516,0.9999994205
test_12517,0.0000087649
test_12518,0.0000000516
test_12519,0.0000516438
test_12520,0.0000501239
test_12521,0.0000084674
test_12522,0.0007936197
test_12523,0.0000040242
test_12524,0.9999998848
test_12525,0.0000139966
test_12526,0.9999994576
test_12527,0.0000000720
test_12528,0.0000504895
test_12529,0.0000108617
test_12530,0.9999342133
test_12531,0.0009540458
test_12532,0.0005368169
test_12533,0.9999995925
test_12534,0.9999781117
test_12535,0.9998285634
test_12536,0.0000189812
test_12537,0.9999506012
test_12538,0.9999982822
test_12539,0.0000322232
test_12540,0.7936686912
test_12541,0.0645050379
test_12542,0.0000000893
test_12543,0.0000107307
test_12544,0.0000003979
test_12545,0.9999992977
test_12546,0.0000743480
test_12547,0.0000039609
test_12548,0.9009842237
test_12549,0.9999839643
test_12550,0.9947172402
test_12551,0.0454961452
test_12552,0.9998216882
test_12553,0.9999816248
test_12554,0.0000790298
test_12555,0.9999987773
test_12556,0.0025624059
test_12557,0.0007613159
test_12558,0.0000002643
test_12559,0.9999995233
test_12560,0.9999990774
test_12561,0.9999912280
test_12562,0.0000054385
test_12563,0.9999989713
test_12564,0.0077834391
test_12565,0.0000470111
test_12566,0.9999703939
test_12567,0.0000002657
test_12568,0.0000044177
test_12569,0.9999759711
test_12570,0.9999996431
test_12571,0.0000027291
test_12572,0.9998741851
test_12573,0.0000002194
test_12574,0.0000084961
test_12575,0.0000000657
test_12576,0.0085554716
test_12577,0.0002707211
test_12578,0.0000117021
test_12579,0.9999979558
test_12580,0.0010562141
test_12581,0.9995916859
test_12582,0.0004385287
test_12583,0.9999955815
test_12584,0.9560359966
test_12585,0.9999996461
test_12586,0.0000014987
test_12587,0.0001220178
test_12588,0.0000126718
test_12589,0.0000000822
test_12590,0.9986471662
test_12591,0.9999988384
test_12592,0.0000085483
test_12593,0.0001118863
test_12594,0.9953206597
test_12595,0.9999923873
test_12596,0.0000002920
test_12597,0.9999853247
test_12598,0.0000072053
test_12599,0.0000001883
test_12600,0.9999997548
test_12601,0.9999992018
test_12602,0.0001047610
test_12603,0.9999994829
test_12604,0.0000013539
test_12605,0.0872252036
test_12606,0.9998789752
test_12607,0.0000042121
test_12608,0.9999840602
test_12609,0.9999238088
test_12610,0.0001249795
test_12611,0.0001438661
test_12612,0.0000018307
test_12613,0.9994787038
test_12614,0.9999500850
test_12615,0.7302628243
test_12616,0.0030361594
test_12617,0.0000001016
test_12618,0.0000004046
test_12619,0.9999996472
test_12620,0.9998786153
test_12621,0.0000577178
test_12622,0.0000000853
test_12623,0.9999835331
test_12624,0.9999849042
test_12625,0.0000035014
test_12626,0.0000017988
test_12627,0.0000021972
test_12628,0.0001250620
test_12629,0.9999871523
test_12630,0.0077365875
test_12631,0.9999998420
test_12632,0.0019623096
test_12633,0.0024627525
test_12634,0.0000061546
test_12635,0.0000414494
test_12636,0.9999830891
test_12637,0.8888601734
test_12638,0.0000025186
test_12639,0.9998722824
test_12640,0.0077287122
test_12641,0.0000027754
test_12642,0.0355454362
test_12643,0.9999997747
test_12644,0.0000006070
test_12645,0.9999997939
test_12646,0.9999856559
test_12647,0.0003734412
test_12648,0.0000264940
test_12649,0.0346853816
test_12650,0.9999990952
test_12651,0.9999587145
test_12652,0.0000408025
test_12653,0.9999814426
test_12654,0.0000010068
test_12655,0.9999857372
test_12656,0.9999994901
test_12657,0.9995693974
test_12658,0.9999994274
test_12659,0.0000000907
test_12660,0.0035357690
test_12661,0.9999953981
test_12662,0.9975139810
test_12663,0.0000016603
test_12664,0.0000097051
test_12665,0.9999909787
test_12666,0.0003449458
test_12667,0.9999977827
test_12668,0.0010329172
test_12669,0.0000097038
test_12670,0.9999911858
test_12671,0.9999994816
test_12672,0.0000735060
test_12673,0.0000001581
test_12674,0.9999197407
test_12675,0.0000085488
test_12676,0.9999995572
test_12677,0.9963347899
test_12678,0.0485098303
test_12679,0.9993028083
test_12680,0.9953319938
test_12681,0.2861968638
test_12682,0.9999231617
test_12683,0.0000055588
test_12684,0.9999975471
test_12685,0.0004128772
test_12686,0.9998785294
test_12687,0.9999854834
test_12688,0.9999747614
test_12689,0.0000197092
test_12690,0.0000160580
test_12691,0.9997812117
test_12692,0.9932652255
test_12693,0.9996220349
test_12694,0.0000006496
test_12695,0.0000080422
test_12696,0.3278731685
test_12697,0.0000165088
test_12698,0.9998972772
test_12699,0.0000003022
test_12700,0.0000018355
test_12701,0.9999352844
test_12702,0.0000004175
test_12703,0.0001378318
test_12704,0.9999906636
test_12705,0.9999992747
test_12706,0.0000195056
test_12707,0.9838706349
test_12708,0.9999986287
test_12709,0.9999999527
test_12710,0.0000009298
test_12711,0.9934572663
test_12712,0.9999721992
test_12713,0.0332837709
test_12714,0.0000071691
test_12715,0.0005613092
test_12716,0.0000000740
test_12717,0.0001909913
test_12718,0.0000009075
test_12719,0.9873665808
test_12720,0.9999997807
test_12721,0.9999997886
test_12722,0.9991980460
test_12723,0.0000094393
test_12724,0.0000035431
test_12725,0.9998949594
test_12726,0.9999274801
test_12727,0.5821347401
test_12728,0.9908460895
test_12729,0.9991378675
test_12730,0.0000000994
test_12731,0.9999782840
test_12732,0.0022878310
test_12733,0.9995929821
test_12734,0.9999989378
test_12735,0.9999927483
test_12736,0.9999988961
test_12737,0.9999667252
test_12738,0.0094620942
test_12739,0.9999991279
test_12740,0.0015296251
test_12741,0.0000003102
test_12742,0.0008700932
test_12743,0.0000129267
test_12744,0.0000011605
test_12745,0.6626872116
test_12746,0.9999608742
test_12747,0.9999427600
test_12748,0.1813621762
test_12749,0.0002709521
test_12750,0.0000102776
test_12751,0.0002895548
test_12752,0.9999982372
test_12753,0.0000089420
test_12754,0.0000068958
test_12755,0.9999293201
test_12756,0.9999947338
test_12757,0.9927008948
test_12758,0.0000412035
test_12759,0.0000000519
test_12760,0.9996923153
test_12761,0.9999828292
test_12762,0.0000006304
test_12763,0.0622564463
test_12764,0.0000018853
test_12765,0.9999967755
test_12766,0.0005949181
test_12767,0.0000384515
test_12768,0.9999998848
test_12769,0.9999977976
test_12770,0.0000000805
test_12771,0.0000020042
test_12772,0.0006871291
test_12773,0.9999939612
test_12774,0.0000010894
test_12775,0.9999960829
test_12776,0.0000737798
test_12777,0.0000001356
test_12778,0.9999987844
test_12779,0.0013583334
test_12780,0.9999969808
test_12781,0.9999789139
test_12782,0.0000020909
test_12783,0.9999970101
test_12784,0.7611649385
test_12785,0.9999852583
test_12786,0.0468223355
test_12787,0.9999885785
test_12788,0.0000010579
test_12789,0.9989327434
test_12790,0.0000104385
test_12791,0.0000247529
test_12792,0.0000232640
test_12793,0.9998702848
test_12794,0.2895555130
test_12795,0.9999902792
test_12796,0.9999981047
test_12797,0.9999927554
test_12798,0.9842811821
test_12799,0.0000700607
test_12800,0.4978813320
test_12801,0.0001135266
test_12802,0.0000023336
test_12803,0.9999997607
test_12804,0.9999999079
test_12805,0.0001036404
test_12806,0.0002084272
test_12807,0.9999944702
test_12808,0.0003350336
test_12809,0.9999910905
test_12810,0.0231665702
test_12811,0.0000463079
test_12812,0.9998807978
test_12813,0.9995849999
test_12814,0.0337904573
test_12815,0.0000540871
test_12816,0.0000030859
test_12817,0.0000704645
test_12818,0.0000230735
test_12819,0.0000000855
test_12820,0.9999157806
test_12821,0.0000026720
test_12822,0.9997316100
test_12823,0.9999996129
test_12824,0.0002657813
test_12825,0.0005551712
test_12826,0.0033111535
test_12827,0.0002146347
test_12828,0.9329591054
test_12829,0.9999726643
test_12830,0.0000001668
test_12831,0.0026674469
test_12832,0.9999995727
test_12833,0.0000269023
test_12834,0.9999976592
test_12835,0.9999953452
test_12836,0.9819708131
test_12837,0.9999994102
test_12838,0.9999996453
test_12839,0.0000474838
test_12840,0.0000015590
test_12841,0.0000019678
test_12842,0.0000455266
test_12843,0.9999998151
test_12844,0.9997607585
test_12845,0.0000025669
test_12846,0.0000652360
test_12847,0.9999079524
test_12848,0.9999993152
test_12849,0.0000244523
test_12850,0.9996942686
test_12851,0.0000102338
test_12852,0.0010658998
test_12853,0.9986042920
test_12854,0.0042161815
test_12855,0.0000600430
test_12856,0.9999995688
test_12857,0.9997860944
test_12858,0.0000001423
test_12859,0.9999975556
test_12860,0.9999973960
test_12861,0.0000032815
test_12862,0.0000026751
test_12863,0.0003335540
test_12864,0.0000028323
test_12865,0.9999982252
test_12866,0.1153063086
test_12867,0.9995125918
test_12868,0.9973375663
test_12869,0.0000014439
test_12870,0.9999821883
test_12871,0.3929649878
test_12872,0.9996536614
test_12873,0.7569084893
test_12874,0.9999988732
test_12875,0.2573702837
test_12876,0.0000056201
test_12877,0.0008540515
test_12878,0.9999855009
test_12879,0.9999944930
test_12880,0.0007861516
test_12881,0.0000000473
test_12882,0.9999960964
test_12883,0.0000004879
test_12884,0.0001830231
test_12885,0.0000004131
test_12886,0.2810231445
test_12887,0.0001070774
test_12888,0.0020626335
test_12889,0.0002226141
test_12890,0.9999979945
test_12891,0.0000029419
test_12892,0.0216336232
test_12893,0.9999920701
test_12894,0.0000665462
test_12895,0.9997123986
test_12896,0.9999948195
test_12897,0.9999800272
test_12898,0.4183826245
test_12899,0.0000016140
test_12900,0.9997844366
test_12901,0.9990784761
test_12902,0.9999813300
test_12903,0.0154323107
test_12904,0.9999127193
test_12905,0.9999999570
test_12906,0.0000005448
test_12907,0.0000073052
test_12908,0.9999962257
test_12909,0.9999952993
test_12910,0.0004464388
test_12911,0.9999996161
test_12912,0.9999999170
test_12913,0.0001796435
test_12914,0.0000002406
test_12915,0.9999988786
test_12916,0.9999998856
test_12917,0.9999928967
test_12918,0.0005186133
test_12919,0.9998574218
test_12920,0.9998804305
test_12921,0.0000855499
test_12922,0.0000008734
test_12923,0.9998240464
test_12924,0.9999954508
test_12925,0.9998110178
test_12926,0.9999851011
test_12927,0.0000569819
test_12928,0.0000589955
test_12929,0.9999973746
test_12930,0.9999998183
test_12931,0.0001412673
test_12932,0.0000083826
test_12933,0.9999997735
test_12934,0.9257033201
test_12935,0.0000981030
test_12936,0.9262182452
test_12937,0.9992091100
test_12938,0.0004759268
test_12939,0.9999975135
test_12940,0.9999951487
test_12941,0.0046974254
test_12942,0.4345277810
test_12943,0.0000006510
test_12944,0.9999994468
test_12945,0.0006439126
test_12946,0.9999996268
test_12947,0.9999784885
test_12948,0.0000174893
test_12949,0.0000004331
test_12950,0.9996572879
test_12951,0.0025688728
test_12952,0.9997203732
test_12953,0.9999954208
test_12954,0.0000003380
test_12955,0.0001602577
test_12956,0.9840782200
test_12957,0.9883204344
test_12958,0.0000201611
test_12959,0.2660204016
test_12960,0.9999627209
test_12961,0.0049628098
test_12962,0.0660038465
test_12963,0.9999677310
test_12964,0.0000050260
test_12965,0.9965280237
test_12966,0.9817899601
test_12967,0.0000024686
test_12968,0.0015004036
test_12969,0.9852271739
test_12970,0.7353397615
test_12971,0.0000000803
test_12972,0.0181734337
test_12973,0.0000001162
test_12974,0.0005865230
test_12975,0.6312706871
test_12976,0.0000010153
test_12977,0.0000002401
test_12978,0.9987612713
test_12979,0.0041180980
test_12980,0.0000001931
test_12981,0.9998469380
test_12982,0.9999686507
test_12983,0.0000066423
test_12984,0.9829572804
test_12985,0.8940839006
test_12986,0.9999979541
test_12987,0.9999894169
test_12988,0.0000023582
test_12989,0.9616738684
test_12990,0.9999983035
test_12991,0.0001429351
test_12992,0.0753071459
test_12993,0.9999992319
test_12994,0.1849199481
test_12995,0.9578061183
test_12996,0.9999850938
test_12997,0.0000011209
test_12998,0.9999997784
test_12999,0.9977755974
test_13000,0.0589120977
test_13001,0.9999998675
test_13002,0.0001391160
test_13003,0.9999998805
test_13004,0.0027545186
test_13005,0.9999285338
test_13006,0.0000310442
test_13007,0.0000762419
test_13008,0.0045358704
test_13009,0.9975795067
test_13010,0.0036966865
test_13011,0.0887517963
test_13012,0.0000076617
test_13013,0.9999958072
test_13014,0.0339961820
test_13015,0.9999862958
test_13016,0.0000000601
test_13017,0.9987299838
test_13018,0.0000000830
test_13019,0.9999925234
test_13020,0.0001220481
test_13021,0.0000440073
test_13022,0.0136624613
test_13023,0.7571568317
test_13024,0.9999995539
test_13025,0.9999789721
test_13026,0.9999998640
test_13027,0.9999192786
test_13028,0.0000066434
test_13029,0.9997577118
test_13030,0.0013482008
test_13031,0.9998446934
test_13032,0.9999942184
test_13033,0.0000004659
test_13034,0.9999499947
test_13035,0.0000298165
test_13036,0.6213857062
test_13037,0.9999996338
test_13038,0.9996036558
test_13039,0.9999999456
test_13040,0.9999813123
test_13041,0.9992533409
test_13042,0.9999429490
test_13043,0.9999212463
test_13044,0.9999707659
test_13045,0.0000559300
test_13046,0.9999860011
test_13047,0.0001286094
test_13048,0.0014928728
test_13049,0.9999868976
test_13050,0.0000000560
test_13051,0.0002601814
test_13052,0.9995334612
test_13053,0.9999961480
test_13054,0.0000042102
test_13055,0.0000212968
test_13056,0.9999997713
test_13057,0.0000014190
test_13058,0.0000001530
test_13059,0.9999952691
test_13060,0.9996940427
test_13061,0.9999998840
test_13062,0.9999956484
test_13063,0.0000182570
test_13064,0.0000135097
test_13065,0.9999650654
test_13066,0.9962048873
test_13067,0.0009825572
test_13068,0.9798322005
test_13069,0.9999958848
test_13070,0.9945467906
test_13071,0.0000003743
test_13072,0.0000282661
test_13073,0.1346190645
test_13074,0.9999941484
test_13075,0.9975996844
test_13076,0.0000876476
test_13077,0.3295474901
test_13078,0.9999926970
test_13079,0.9999994656
test_13080,0.0000002205
test_13081,0.0005052845
test_13082,0.9912574150
test_13083,0.9943179812
test_13084,0.9999995814
test_13085,0.9999981566
test_13086,0.9999962068
test_13087,0.0000001245
test_13088,0.9999882350
test_13089,0.0038131781
test_13090,0.0000037701
test_13091,0.0003681520
test_13092,0.9999950604
test_13093,0.0000211944
test_13094,0.9994151063
test_13095,0.9998673051
test_13096,0.0000000988
test_13097,0.0039341424
test_13098,0.0000021093
test_13099,0.0001437224
test_13100,0.0435867235
test_13101,0.0000163324
test_13102,0.0000147776
test_13103,0.0002629228
test_13104,0.0000001682
test_13105,0.9999960821
test_13106,0.9996026979
test_13107,0.9931836513
test_13108,0.9999854853
test_13109,0.0000003917
test_13110,0.9999997852
test_13111,0.9995877305
test_13112,0.9998169983
test_13113,0.0002470837
test_13114,0.0006680178
test_13115,0.9693675612
test_13116,0.9840258651
test_13117,0.0000094993
test_13118,0.1583257550
test_13119,0.0003685212
test_13120,0.0000750448
test_13121,0.0000527283
test_13122,0.0000021435
test_13123,0.0000005798
test_13124,0.9998903029
test_13125,0.9999813165
test_13126,0.0253924324
test_13127,0.9999966597
test_13128,0.9975300935
test_13129,0.0000098409
test_13130,0.9985921492
test_13131,0.0000537459
test_13132,0.9999023858
test_13133,0.0000168783
test_13134,0.0000004734
test_13135,0.0000001727
test_13136,0.0000358799
test_13137,0.9997294601
test_13138,0.9996521895
test_13139,0.0884913259
test_13140,0.0102208882
test_13141,0.9999998841
test_13142,0.0000183931
test_13143,0.9999997845
test_13144,0.0000016214
test_13145,0.0010519935
test_13146,0.9999799121
test_13147,0.9999977395
test_13148,0.0000004254
test_13149,0.0000075956
test_13150,0.0002027545
test_13151,0.9999987035
test_13152,0.0000000927
test_13153,0.9999979363
test_13154,0.0584498300
test_13155,0.9999999557
test_13156,0.0301079266
test_13157,0.9999967908
test_13158,0.9999564090
test_13159,0.8765747279
test_13160,0.1194986474
test_13161,0.0164914577
test_13162,0.9999913405
test_13163,0.9999891442
test_13164,0.0000726726
test_13165,0.5320649594
test_13166,0.0144108750
test_13167,0.0000101379
test_13168,0.0003841536
test_13169,0.0000028064
test_13170,0.0000222480
test_13171,0.1923723481
test_13172,0.9999888795
test_13173,0.0000267750
test_13174,0.9999797394
test_13175,0.0000018749
test_13176,0.0857620944
test_13177,0.0000353492
test_13178,0.0000160659
test_13179,0.0000002435
test_13180,0.9999975262
test_13181,0.0000018160
test_13182,0.9977303320
test_13183,0.9999980641
test_13184,0.0000221127
test_13185,0.9999987321
test_13186,0.9999932827
test_13187,0.9999124133
test_13188,0.0002189095
test_13189,0.0134399551
test_13190,0.0000026068
test_13191,0.0000003474
test_13192,0.9999997947
test_13193,0.1074995897
test_13194,0.9999998704
test_13195,0.0000077648
test_13196,0.9999958766
test_13197,0.0000117619
test_13198,0.0002212849
test_13199,0.9999951661
test_13200,0.0171019609
test_13201,0.0000044602
test_13202,0.9319990440
test_13203,0.9999971699
test_13204,0.0796044709
test_13205,0.0000582717
test_13206,0.0000101628
test_13207,0.9999970771
test_13208,0.0607136152
test_13209,0.0000106069
test_13210,0.9999965669
test_13211,0.9998731984
test_13212,0.9999975109
test_13213,0.0002913797
test_13214,0.0001256473
test_13215,0.0019432654
test_13216,0.9999965511
test_13217,0.9999988547
test_13218,0.9999986146
test_13219,0.0000234269
test_13220,0.9999997708
test_13221,0.0000098709
test_13222,0.9996129598
test_13223,0.0000378353
test_13224,0.9999991484
test_13225,0.0003286492
test_13226,0.9999997704
test_13227,0.9999992107
test_13228,0.0015322052
test_13229,0.0000000428
test_13230,0.0000813546
test_13231,0.9997592452
test_13232,0.9999872165
test_13233,0.0000000334
test_13234,0.9999997880
test_13235,0.0000311791
test_13236,0.2492774152
test_13237,0.0000335479
test_13238,0.9999993399
test_13239,0.9999906565
test_13240,0.0000630450
test_13241,0.0000005381
test_13242,0.0000068986
test_13243,0.9999889923
test_13244,0.9988267809
test_13245,0.6373851660
test_13246,0.9910313215
test_13247,0.9999955807
test_13248,0.9998031577
test_13249,0.0095480630
test_13250,0.9999151595
test_13251,0.0004636064
test_13252,0.0000001972
test_13253,0.0000454347
test_13254,0.0000067103
test_13255,0.9995424360
test_13256,0.0000009367
test_13257,0.0000006274
test_13258,0.8856482882
test_13259,0.9999984564
test_13260,0.0051160684
test_13261,0.0000007614
test_13262,0.0000000778
test_13263,0.0010072587
test_13264,0.9874488071
test_13265,0.9999983954
test_13266,0.9999964111
test_13267,0.9132957980
test_13268,0.0000131919
test_13269,0.0000244658
test_13270,0.0000037665
test_13271,0.0007157264
test_13272,0.0000403409
test_13273,0.9998136339
test_13274,0.0000371348
test_13275,0.0000003229
test_13276,0.0001382081
test_13277,0.0000635225
test_13278,0.0148531930
test_13279,0.0001327138
test_13280,0.0000964974
test_13281,0.9999631414
test_13282,0.0000002629
test_13283,0.9977864530
test_13284,0.9999967059
test_13285,0.0000000570
test_13286,0.9999517218
test_13287,0.0000167494
test_13288,0.9999421884
test_13289,0.0000001483
test_13290,0.9999846712
test_13291,0.9999993957
test_13292,0.9999963647
test_13293,0.9999869705
test_13294,0.0374637634
test_13295,0.9999998503
test_13296,0.9999997316
test_13297,0.0000327188
test_13298,0.9999816810
test_13299,0.9999985646
test_13300,0.0154425411
test_13301,0.9945406265
test_13302,0.9999951023
test_13303,0.0000001512
test_13304,0.9998566332
test_13305,0.0331535324
test_13306,0.0000027354
test_13307,0.0000001975
test_13308,0.9990965772
test_13309,0.9999988299
test_13310,0.9999984653
test_13311,0.9997872833
test_13312,0.0014124707
test_13313,0.9470691106
test_13314,0.9999768753
test_13315,0.9999964615
test_13316,0.0000140448
test_13317,0.9999988897
test_13318,0.0000378428
test_13319,0.9996023921
test_13320,0.0001003390
test_13321,0.9999983550
test_13322,0.0033839249
test_13323,0.9999987756
test_13324,0.0012039035
test_13325,0.0000045258
test_13326,0.0063789066
test_13327,0.9999953076
test_13328,0.0000040698
test_13329,0.0001022421
test_13330,0.0000002325
test_13331,0.0024287861
test_13332,0.0000005455
test_13333,0.9999990124
test_13334,0.0000589505
test_13335,0.0000056223
test_13336,0.0048547171
test_13337,0.9992377956
test_13338,0.0046520052
test_13339,0.9954671334
test_13340,0.0000032136
test_13341,0.9999971970
test_13342,0.0000141067
test_13343,0.9999041243
test_13344,0.9999998470
test_13345,0.9990445359
test_13346,0.9927985326
test_13347,0.0000004084
test_13348,0.0013289200
test_13349,0.0000004231
test_13350,0.0032518986
test_13351,0.9999137321
test_13352,0.0000002388
test_13353,0.0000008867
test_13354,0.9999759215
test_13355,0.0000018045
test_13356,0.9997567271
test_13357,0.0000063153
test_13358,0.9999979844
test_13359,0.9999934189
test_13360,0.9999991823
test_13361,0.0000892372
test_13362,0.9999931325
test_13363,0.0000003879
test_13364,0.9999628648
test_13365,0.9999926286
test_13366,0.9999994253
test_13367,0.9999991681
test_13368,0.9999296963
test_13369,0.0486996963
test_13370,0.9963854809
test_13371,0.9999993793
test_13372,0.9999963814
test_13373,0.9902292273
test_13374,0.9988353097
test_13375,0.9999995602
test_13376,0.9999985142
test_13377,0.9999771254
test_13378,0.0000000843
test_13379,0.0000002791
test_13380,0.9739661743
test_13381,0.0006128414
test_13382,0.9999998232
test_13383,0.9999997272
test_13384,0.9999309807
test_13385,0.9944316568
test_13386,0.0000031175
test_13387,0.0000517677
test_13388,0.0000051816
test_13389,0.0000005447
test_13390,0.0018348605
test_13391,0.9999812472
test_13392,0.0061650196
test_13393,0.9981735141
test_13394,0.9995410481
test_13395,0.9999978315
test_13396,0.9999965397
test_13397,0.3782763523
test_13398,0.0414654535
test_13399,0.9999738046
test_13400,0.9999998156
test_13401,0.0271390827
test_13402,0.9994949974
test_13403,0.9999541583
test_13404,0.9999868120
test_13405,0.9999995599
test_13406,0.9981526532
test_13407,0.0000164288
test_13408,0.0000014481
test_13409,0.9978376339
test_13410,0.0289985433
test_13411,0.9999344136
test_13412,0.9973464685
test_13413,0.3985747710
test_13414,0.0025536155
test_13415,0.9999333614
test_13416,0.9999902582
test_13417,0.0020071399
test_13418,0.0002501223
test_13419,0.9999739859
test_13420,0.9999997357
test_13421,0.0000000853
test_13422,0.0000001042
test_13423,0.0000154779
test_13424,0.9999746871
test_13425,0.0001968582
test_13426,0.0000482169
test_13427,0.9999987295
test_13428,0.9999997671
test_13429,0.9999904760
test_13430,0.0000339634
test_13431,0.9999978298
test_13432,0.0000000938
test_13433,0.0001968378
test_13434,0.9999853616
test_13435,0.1217795294
test_13436,0.0000050763
test_13437,0.0000003855
test_13438,0.9998164394
test_13439,0.9999922710
test_13440,0.9998776774
test_13441,0.9996953551
test_13442,0.9999975525
test_13443,0.9240417616
test_13444,0.9999970027
test_13445,0.9999996616
test_13446,0.0000320635
test_13447,0.0007516936
test_13448,0.0000071706
test_13449,0.0000015497
test_13450,0.9364968005
test_13451,0.0007957694
test_13452,0.9998354427
test_13453,0.9998141309
test_13454,0.0000025522
test_13455,0.0000011099
test_13456,0.9999568926
test_13457,0.9905860285
test_13458,0.9969960535
test_13459,0.9999857415
test_13460,0.0197012848
test_13461,0.0000034610
test_13462,0.9999725378
test_13463,0.0000002470
test_13464,0.0000002032
test_13465,0.0901847342
test_13466,0.9999921411
test_13467,0.0000244531
test_13468,0.0023340454
test_13469,0.9994967926
test_13470,0.0009233808
test_13471,0.9999961178
test_13472,0.9999122104
test_13473,0.9999490678
test_13474,0.9454233550
test_13475,0.9999998194
test_13476,0.0001220293
test_13477,0.9996019307
test_13478,0.9999999014
test_13479,0.9997864009
test_13480,0.9999978242
test_13481,0.9999908001
test_13482,0.0011386809
test_13483,0.9980286025
test_13484,0.0000036636
test_13485,0.9999907747
test_13486,0.6522321924
test_13487,0.2095852939
test_13488,0.0008497503
test_13489,0.9999876848
test_13490,0.0000004360
test_13491,0.0319070376
test_13492,0.9999980562
test_13493,0.9999901946
test_13494,0.0000000587
test_13495,0.0001207927
test_13496,0.9999992093
test_13497,0.0000527206
test_13498,0.9940872397
test_13499,0.0043075210
test_13500,0.9999958171
test_13501,0.0000071922
test_13502,0.0000034770
test_13503,0.0006808614
test_13504,0.0000005753
test_13505,0.0051235637
test_13506,0.2480094299
test_13507,0.0000047385
test_13508,0.9999993299
test_13509,0.0001501319
test_13510,0.2134757101
test_13511,0.9660206251
test_13512,0.9999806025
test_13513,0.0000281226
test_13514,0.0087925141
test_13515,0.0002792539
test_13516,0.0000143358
test_13517,0.0127332594
test_13518,0.0000105837
test_13519,0.0110325274
test_13520,0.0011275832
test_13521,0.9999993343
test_13522,0.0001105381
test_13523,0.9999990253
test_13524,0.9962976901
test_13525,0.9999994184
test_13526,0.0001408592
test_13527,0.9994075183
test_13528,0.9999228171
test_13529,0.9999476802
test_13530,0.9999969184
test_13531,0.0000613420
test_13532,0.0002088974
test_13533,0.9999587733
test_13534,0.0000822947
test_13535,0.9999975860
test_13536,0.0001057358
test_13537,0.0000044559
test_13538,0.0003471247
test_13539,0.0008018816
test_13540,0.9999955836
test_13541,0.9999989806
test_13542,0.0000076251
test_13543,0.0000297907
test_13544,0.9999908631
test_13545,0.9999862367
test_13546,0.9999998313
test_13547,0.0000001943
test_13548,0.9986981114
test_13549,0.1097545904
test_13550,0.0000010964
test_13551,0.9996235738
test_13552,0.0000113480
test_13553,0.9999391765
test_13554,0.9991491825
test_13555,0.0000001317
test_13556,0.8784675587
test_13557,0.9999998962
test_13558,0.0000002931
test_13559,0.0000561467
test_13560,0.0000068723
test_13561,0.0000001592
test_13562,0.0334810074
test_13563,0.9995940272
test_13564,0.9999413644
test_13565,0.9999976247
test_13566,0.9996312169
test_13567,0.9999796190
test_13568,0.9975466433
test_13569,0.9999524419
test_13570,0.9995848493
test_13571,0.0000189288
test_13572,0.9999994724
test_13573,0.9999986792
test_13574,0.1389814201
test_13575,0.9999926414
test_13576,0.0000811799
test_13577,0.0001029065
test_13578,0.9999114754
test_13579,0.0056338661
test_13580,0.0000004458
test_13581,0.9999980012
test_13582,0.9999924969
test_13583,0.0000001362
test_13584,0.9999943956
test_13585,0.9999999243
test_13586,0.9999997881
test_13587,0.0000275019
test_13588,0.9999964626
test_13589,0.9999524236
test_13590,0.0000012217
test_13591,0.0002623967
test_13592,0.9949350651
test_13593,0.9999969384
test_13594,0.0000405129
test_13595,0.0000788372
test_13596,0.0000001388
test_13597,0.0000037567
test_13598,0.0000010745
test_13599,0.9999742061
test_13600,0.0002008861
test_13601,0.9999814309
test_13602,0.9999873633
test_13603,0.9999968962
test_13604,0.9999954563
test_13605,0.0001555108
test_13606,0.9999841985
test_13607,0.0000058054
test_13608,0.0000004063
test_13609,0.9999982857
test_13610,0.9999719028
test_13611,0.9999731254
test_13612,0.9999212404
test_13613,0.9895628065
test_13614,0.9999987888
test_13615,0.9812497049
test_13616,0.0000015403
test_13617,0.9999926880
test_13618,0.0001789124
test_13619,0.9999893077
test_13620,0.0161583983
test_13621,0.9938925797
test_13622,0.9999976238
test_13623,0.0000234513
test_13624,0.0000059536
test_13625,0.9983346700
test_13626,0.0003030770
test_13627,0.0000021101
test_13628,0.9451776194
test_13629,0.0000062469
test_13630,0.0000037183
test_13631,0.0004355454
test_13632,0.9999933590
test_13633,0.0508478126
test_13634,0.9995867559
test_13635,0.9998571750
test_13636,0.9999953432
test_13637,0.9998836520
test_13638,0.9999605713
test_13639,0.9999936776
test_13640,0.2541670276
test_13641,0.9958354917
test_13642,0.0000021523
test_13643,0.0000272464
test_13644,0.0000005255
test_13645,0.9999999323
test_13646,0.9999950286
test_13647,0.9999798880
test_13648,0.0051141489
test_13649,0.0000427893
test_13650,0.0000000931
test_13651,0.0437441625
test_13652,0.0014043855
test_13653,0.9994524799
test_13654,0.0000062348
test_13655,0.0028368651
test_13656,0.0005354428
test_13657,0.0545751292
test_13658,0.9031174189
test_13659,0.9996681225
test_13660,0.0000001486
test_13661,0.3034945130
test_13662,0.9944275197
test_13663,0.0000125074
test_13664,0.9999972318
test_13665,0.0000002728
test_13666,0.9999985712
test_13667,0.0000136033
test_13668,0.0000036790
test_13669,0.9759605258
test_13670,0.0000107772
test_13671,0.0001886514
test_13672,0.0000014670
test_13673,0.0000054333
test_13674,0.9999710158
test_13675,0.1257969312
test_13676,0.9818051976
test_13677,0.0000092224
test_13678,0.0000178396
test_13679,0.0000018042
test_13680,0.0114835636
test_13681,0.9999991509
test_13682,0.9998505419
test_13683,0.9999753242
test_13684,0.0000024251
test_13685,0.9945995393
test_13686,0.0000000914
test_13687,0.9999336669
test_13688,0.9999990624
test_13689,0.9999932835
test_13690,0.0005572696
test_13691,0.9999996617
test_13692,0.0006268471
test_13693,0.0004978044
test_13694,0.0000328838
test_13695,0.9999956065
test_13696,0.9999780574
test_13697,0.0001697360
test_13698,0.9999994187
test_13699,0.9999967939
test_13700,0.9999987743
test_13701,0.0000029136
test_13702,0.9999999215
test_13703,0.0332047814
test_13704,0.0000770279
test_13705,0.9999992551
test_13706,0.0000003828
test_13707,0.0000004720
test_13708,0.0000001689
test_13709,0.9744628125
test_13710,0.0055825258
test_13711,0.0001261566
test_13712,0.9999934542
test_13713,0.9384017633
test_13714,0.0000074219
test_13715,0.0022091527
test_13716,0.0000004337
test_13717,0.9999942372
test_13718,0.9100723445
test_13719,0.1292455961
test_13720,0.8134549322
test_13721,0.9999781947
test_13722,0.9880216157
test_13723,0.0000148000
test_13724,0.0000026120
test_13725,0.9999915181
test_13726,0.0000003321
test_13727,0.9992082875
test_13728,0.0000005756
test_13729,0.9999996808
test_13730,0.0000014336
test_13731,0.0000000692
test_13732,0.9999991245
test_13733,0.9999696557
test_13734,0.1143466827
test_13735,0.9999993609
test_13736,0.9997850808
test_13737,0.0000023992
test_13738,0.9999684034
test_13739,0.9999739542
test_13740,0.0039816890
test_13741,0.0002051443
test_13742,0.0000226154
test_13743,0.0000000998
test_13744,0.4744852539
test_13745,0.0001823969
test_13746,0.0421174852
test_13747,0.0000031383
test_13748,0.0000003394
test_13749,0.9996992127
test_13750,0.0000133964
test_13751,0.9997298567
test_13752,0.0000101147
test_13753,0.9999996436
test_13754,0.9999933214
test_13755,0.0000070733
test_13756,0.9999997163
test_13757,0.0048446933
test_13758,0.0000135065
test_13759,0.9987443505
test_13760,0.0000001135
test_13761,0.0000004201
test_13762,0.0000011927
test_13763,0.9999998939
test_13764,0.9999959686
test_13765,0.9999323686
test_13766,0.0000005253
test_13767,0.0004528330
test_13768,0.9999936500
test_13769,0.9889726573
test_13770,0.0000682256
test_13771,0.9999826478
test_13772,0.0000001649
test_13773,0.9997586465
test_13774,0.0000037272
test_13775,0.0000000776
test_13776,0.9999977824
test_13777,0.9999937939
test_13778,0.9999997196
test_13779,0.9979203789
test_13780,0.9999963825
test_13781,0.0000887632
test_13782,0.9999224742
test_13783,0.0001284098
test_13784,0.0000127133
test_13785,0.9999889109
test_13786,0.0005080396
test_13787,0.9999186005
test_13788,0.0004160187
test_13789,0.9996890186
test_13790,0.0000375172
test_13791,0.0000008039
test_13792,0.9999949475
test_13793,0.0000007224
test_13794,0.0000097852
test_13795,0.0001531149
test_13796,0.9999998624
test_13797,0.9999982658
test_13798,0.0000086669
test_13799,0.0000450162
test_13800,0.9999946246
test_13801,0.9999724590
test_13802,0.0000029122
test_13803,0.0000000487
test_13804,0.0009636488
test_13805,0.0002453120
test_13806,0.9999947439
test_13807,0.0000117415
test_13808,0.9999982596
test_13809,0.0001543083
test_13810,0.9999705927
test_13811,0.0004856127
test_13812,0.9997900601
test_13813,0.9999998397
test_13814,0.0000006015
test_13815,0.9995476283
test_13816,0.9993319376
test_13817,0.9787017312
test_13818,0.0001582805
test_13819,0.9993464635
test_13820,0.9969740321
test_13821,0.0397995592
test_13822,0.0000006270
test_13823,0.9999998314
test_13824,0.0000024119
test_13825,0.0000006150
test_13826,0.9999971450
test_13827,0.9999956107
test_13828,0.9998783569
test_13829,0.9999998669
test_13830,0.0000003284
test_13831,0.0000838763
test_13832,0.9987274689
test_13833,0.9999977644
test_13834,0.0000938612
test_13835,0.9999975443
test_13836,0.9999931361
test_13837,0.0007985728
test_13838,0.4505099635
test_13839,0.9999997450
test_13840,0.9999775559
test_13841,0.0000000580
test_13842,0.9999812031
test_13843,0.0119093383
test_13844,0.0000006016
test_13845,0.9999934101
test_13846,0.9988556074
test_13847,0.0000008345
test_13848,0.9999111737
test_13849,0.0441747281
test_13850,0.9808359594
test_13851,0.4558459008
test_13852,0.0002726736
test_13853,0.9997913528
test_13854,0.9791889978
test_13855,0.0008861604
test_13856,0.0000196904
test_13857,0.9998121049
test_13858,0.9999326439
test_13859,0.9999952503
test_13860,0.0000735507
test_13861,0.9999576902
test_13862,0.9998970476
test_13863,0.9999751684
test_13864,0.0000701565
test_13865,0.9999994819
test_13866,0.0000046789
test_13867,0.0000176749
test_13868,0.0000382887
test_13869,0.9692674513
test_13870,0.0112931689
test_13871,0.0000113722
test_13872,0.0000015220
test_13873,0.9999988663
test_13874,0.9999998100
test_13875,0.0000002721
test_13876,0.9999997699
test_13877,0.0000049946
test_13878,0.9999881105
test_13879,0.0000144531
test_13880,0.9999931418
test_13881,0.9999999038
test_13882,0.0000141837
test_13883,0.9999958922
test_13884,0.0000061853
test_13885,0.0022666604
test_13886,0.0664610708
test_13887,0.9919256030
test_13888,0.9999970896
test_13889,0.0001667234
test_13890,0.0331315678
test_13891,0.9999962222
test_13892,0.9999994665
test_13893,0.0000073013
test_13894,0.0000023679
test_13895,0.0010340312
test_13896,0.9876056186
test_13897,0.0000009635
test_13898,0.9999915497
test_13899,0.9999998489
test_13900,0.9999948687
test_13901,0.0003562924
test_13902,0.0000000428
test_13903,0.9999997661
test_13904,0.9999958131
test_13905,0.0000002055
test_13906,0.9999996224
test_13907,0.9999967892
test_13908,0.0000002688
test_13909,0.0346219941
test_13910,0.9999974677
test_13911,0.9878519353
test_13912,0.9998352209
test_13913,0.0000009280
test_13914,0.0000022840
test_13915,0.0040572765
test_13916,0.9993095267
test_13917,0.0000032698
test_13918,0.0001035057
test_13919,0.9999977004
test_13920,0.0000917234
test_13921,0.9999848574
test_13922,0.9946617840
test_13923,0.9999875643
test_13924,0.9999764265
test_13925,0.9999994981
test_13926,0.9997610380
test_13927,0.0000001542
test_13928,0.9999979256
test_13929,0.9999966101
test_13930,0.9999749380
test_13931,0.9999987334
test_13932,0.9999987120
test_13933,0.0047441672
test_13934,0.0000763761
test_13935,0.0000072181
test_13936,0.9999811059
test_13937,0.9998979816
test_13938,0.9991284621
test_13939,0.9999989103
test_13940,0.9999995801
test_13941,0.0011159412
test_13942,0.0000748395
test_13943,0.9991999030
test_13944,0.9999986939
test_13945,0.0000001918
test_13946,0.0433355754
test_13947,0.9999973138
test_13948,0.0000001994
test_13949,0.0000021814
test_13950,0.0000019584
test_13951,0.0002671069
test_13952,0.9954066562
test_13953,0.9999902360
test_13954,0.9998101624
test_13955,0.9999998778
test_13956,0.9999358264
test_13957,0.0004401283
test_13958,0.9999938011
test_13959,0.0000019344
test_13960,0.9999419116
test_13961,0.9999998783
test_13962,0.9998186472
test_13963,0.9999970285
test_13964,0.9998306637
test_13965,0.9999247488
test_13966,0.0000012866
test_13967,0.9999990778
test_13968,0.9990456603
test_13969,0.0003972329
test_13970,0.0000536423
test_13971,0.9998381591
test_13972,0.0000148398
test_13973,0.9999998408
test_13974,0.9996172179
test_13975,0.9999992975
test_13976,0.9999161975
test_13977,0.9999993489
test_13978,0.9996755510
test_13979,0.0000001641
test_13980,0.0001863390
test_13981,0.0000038455
test_13982,0.0085447548
test_13983,0.9999154959
test_13984,0.9999798275
test_13985,0.9999950582
test_13986,0.9999455220
test_13987,0.2907643182
test_13988,0.9995373921
test_13989,0.9999981137
test_13990,0.9999985744
test_13991,0.0000726576
test_13992,0.9999461520
test_13993,0.0000880120
test_13994,0.1117576927
test_13995,0.9956975548
test_13996,0.9999961088
test_13997,0.0000005853
test_13998,0.0000151063
test_13999,0.9999995685
test_14000,0.0000001023
test_14001,0.0000213908
test_14002,0.0000004006
test_14003,0.0073404164
test_14004,0.9997347396
test_14005,0.0000141834
test_14006,0.9999429076
test_14007,0.9999986947
test_14008,0.9999770992
test_14009,0.9998560491
test_14010,0.0000000978
test_14011,0.9999762907
test_14012,0.9999975538
test_14013,0.9999973079
test_14014,0.0000042421
test_14015,0.9993388191
test_14016,0.9999968396
test_14017,0.0000064343
test_14018,0.0034476698
test_14019,0.9999971171
test_14020,0.3317655660
test_14021,0.0000031416
test_14022,0.9999998158
test_14023,0.0000000609
test_14024,0.0000003341
test_14025,0.9999313137
test_14026,0.0001681307
test_14027,0.0000005628
test_14028,0.9996520412
test_14029,0.0000001134
test_14030,0.9999988422
test_14031,0.9983540358
test_14032,0.0000003931
test_14033,0.0000009361
test_14034,0.0000001056
test_14035,0.0189550419
test_14036,0.0000080424
test_14037,0.0172016562
test_14038,0.0000014215
test_14039,0.9976393286
test_14040,0.0000308415
test_14041,0.0000147861
test_14042,0.9999937805
test_14043,0.9996538122
test_14044,0.9523378156
test_14045,0.0000020700
test_14046,0.0004051404
test_14047,0.9999408961
test_14048,0.0000176319
test_14049,0.0011502249
test_14050,0.0002072551
test_14051,0.0000163976
test_14052,0.9999874287
test_14053,0.9999999055
test_14054,0.9998618189
test_14055,0.0000007569
test_14056,0.0000035596
test_14057,0.9998652936
test_14058,0.9999985173
test_14059,0.9999129667
test_14060,0.0002399245
test_14061,0.9999979381
test_14062,0.0031769768
test_14063,0.0000000868
test_14064,0.9998808027
test_14065,0.9999989125
test_14066,0.0000964293
test_14067,0.0023875762
test_14068,0.9999994711
test_14069,0.0001449120
test_14070,0.0000582102
test_14071,0.0000130837
test_14072,0.0000136814
test_14073,0.0002393388
test_14074,0.9999985444
test_14075,0.0009554339
test_14076,0.0000000476
test_14077,0.9999966488
test_14078,0.9999938467
test_14079,0.9981046568
test_14080,0.9999996141
test_14081,0.9519442292
test_14082,0.0000598849
test_14083,0.0000486950
test_14084,0.9999749789
test_14085,0.9999736986
test_14086,0.2255578790
test_14087,0.9999998143
test_14088,0.9999950819
test_14089,0.0039677132
test_14090,0.0147681138
test_14091,0.0000005778
test_14092,0.7471439881
test_14093,0.1976504696
test_14094,0.9999984962
test_14095,0.9999620076
test_14096,0.9999978137
test_14097,0.9998905493
test_14098,0.9999679431
test_14099,0.0000181112
test_14100,0.0001921914
test_14101,0.9999993741
test_14102,0.0004669051
test_14103,0.0003196456
test_14104,0.9984596814
test_14105,0.0000222023
test_14106,0.9999991935
test_14107,0.9873657326
test_14108,0.0000078890
test_14109,0.0011318622
test_14110,0.0000013738
test_14111,0.9999985995
test_14112,0.0007167167
test_14113,0.0011868660
test_14114,0.0000000936
test_14115,0.0000081558
test_14116,0.9999995762
test_14117,0.9998345716
test_14118,0.0686294802
test_14119,0.9999932021
test_14120,0.0000000376
test_14121,0.0000017958
test_14122,0.7087046599
test_14123,0.9986754310
test_14124,0.0000000674
test_14125,0.9999996150
test_14126,0.9994489275
test_14127,0.9710770920
test_14128,0.0000004770
test_14129,0.9991940621
test_14130,0.0000210340
test_14131,0.0305381664
test_14132,0.9999756817
test_14133,0.0000005345
test_14134,0.0000001338
test_14135,0.9864450204
test_14136,0.0098590396
test_14137,0.0000047025
test_14138,0.0076349291
test_14139,0.0001091095
test_14140,0.9999865619
test_14141,0.9861396193
test_14142,0.0000006124
test_14143,0.0000188435
test_14144,0.0013673658
test_14145,0.1312540323
test_14146,0.9998884111
test_14147,0.9999997180
test_14148,0.0000027230
test_14149,0.9996873007
test_14150,0.0000833759
test_14151,0.9925681365
test_14152,0.9999991544
test_14153,0.0000006309
test_14154,0.9999988207
test_14155,0.9396267017
test_14156,0.0000480621
test_14157,0.0001150641
test_14158,0.9957328855
test_14159,0.0000586880
test_14160,0.0000121287
test_14161,0.0000002786
test_14162,0.9999953003
test_14163,0.9999999584
test_14164,0.0000327343
test_14165,0.9999835511
test_14166,0.0000696454
test_14167,0.9998794457
test_14168,0.0000186348
test_14169,0.0000017735
test_14170,0.9999997438
test_14171,0.9999100449
test_14172,0.0000631475
test_14173,0.0000005120
test_14174,0.9580161857
test_14175,0.9999961181
test_14176,0.0014533017
test_14177,0.0000000544
test_14178,0.3385551089
test_14179,0.9999264961
test_14180,0.0000944476
test_14181,0.5297245661
test_14182,0.0000781879
test_14183,0.9999950830
test_14184,0.0061076449
test_14185,0.9999964669
test_14186,0.0000006383
test_14187,0.0000002090
test_14188,0.0000141131
test_14189,0.0000010314
test_14190,0.9998150795
test_14191,0.9999987194
test_14192,0.9999990906
test_14193,0.0004479778
test_14194,0.1072702371
test_14195,0.9999682693
test_14196,0.9999964881
test_14197,0.9994858560
test_14198,0.9822677943
test_14199,0.0081360958
test_14200,0.0001256117
test_14201,0.0000000509
test_14202,0.0000005531
test_14203,0.9995374871
test_14204,0.0510545875
test_14205,0.9640418732
test_14206,0.9989503690
test_14207,0.0000184775
test_14208,0.9999398360
test_14209,0.0000052540
test_14210,0.9999996593
test_14211,0.0000069032
test_14212,0.9997754387
test_14213,0.0000000763
test_14214,0.9999984439
test_14215,0.9999930476
test_14216,0.3024095110
test_14217,0.0002922670
test_14218,0.0004971995
test_14219,0.9984630300
test_14220,0.0000000933
test_14221,0.9999877795
test_14222,0.0000737551
test_14223,0.0003423974
test_14224,0.0000314472
test_14225,0.9999997364
test_14226,0.0000185829
test_14227,0.9999862130
test_14228,0.0000039455
test_14229,0.9999997026
test_14230,0.9999917207
test_14231,0.0013402378
test_14232,0.0000004972
test_14233,0.9999880177
test_14234,0.0000008307
test_14235,0.0000019277
test_14236,0.0002883601
test_14237,0.9999998808
test_14238,0.0407191982
test_14239,0.9999892573
test_14240,0.0000021826
test_14241,0.9999985822
test_14242,0.0001800059
test_14243,0.9999997179
test_14244,0.9901640879
test_14245,0.9992860042
test_14246,0.9999968815
test_14247,0.9999982087
test_14248,0.9999989257
test_14249,0.0004959783
test_14250,0.9999996604
test_14251,0.9999968706
test_14252,0.9970327352
test_14253,0.9999998154
test_14254,0.9999297461
test_14255,0.0000087887
test_14256,0.0000051858
test_14257,0.9998848032
test_14258,0.0015865136
test_14259,0.9999997636
test_14260,0.0000001681
test_14261,0.0000018281
test_14262,0.9999943751
test_14263,0.6737347267
test_14264,0.9999910856
test_14265,0.0000044717
test_14266,0.0000001515
test_14267,0.9872632350
test_14268,0.0000564830
test_14269,0.0000042644
test_14270,0.0000197574
test_14271,0.0000453321
test_14272,0.9998618388
test_14273,0.0000008013
test_14274,0.9999983713
test_14275,0.0000167056
test_14276,0.0337133133
test_14277,0.0000001745
test_14278,0.9999974472
test_14279,0.9999963024
test_14280,0.9999337068
test_14281,0.9995758753
test_14282,0.0001894507
test_14283,0.0000001199
test_14284,0.9999998255
test_14285,0.9999383048
test_14286,0.9999889799
test_14287,0.0599348659
test_14288,0.9998202222
test_14289,0.9999980152
test_14290,0.0014479707
test_14291,0.9999950170
test_14292,0.0000019023
test_14293,0.9919791830
test_14294,0.0000002529
test_14295,0.9999979889
test_14296,0.9999996416
test_14297,0.9963845544
test_14298,0.9999998580
test_14299,0.9999954267
test_14300,0.0000228159
test_14301,0.0000009450
test_14302,0.0000000776
test_14303,0.9999999343
test_14304,0.4145027578
test_14305,0.9838086301
test_14306,0.9994194884
test_14307,0.9999973989
test_14308,0.9999991650
test_14309,0.0000416518
test_14310,0.0000313314
test_14311,0.9999997878
test_14312,0.8932295128
test_14313,0.9999626276
test_14314,0.9999987693
test_14315,0.0000001787
test_14316,0.0000196665
test_14317,0.9996981943
test_14318,0.0000008898
test_14319,0.9999088797
test_14320,0.0000048253
test_14321,0.9999932506
test_14322,0.9999333966
test_14323,0.0000064431
test_14324,0.9999991823
test_14325,0.0354082638
test_14326,0.0000031369
test_14327,0.0000003079
test_14328,0.9999986837
test_14329,0.0004914357
test_14330,0.0000819786
test_14331,0.0001212676
test_14332,0.9997159313
test_14333,0.0302511051
test_14334,0.9999980421
test_14335,0.9999937920
test_14336,0.9999964800
test_14337,0.0000012004
test_14338,0.0000488435
test_14339,0.9999987393
test_14340,0.9989652800
test_14341,0.9999975941
test_14342,0.0000794682
test_14343,0.9999996826
test_14344,0.0000139599
test_14345,0.0000014805
test_14346,0.9996802819
test_14347,0.9999999065
test_14348,0.0000010014
test_14349,0.9999924539
test_14350,0.0000027450
test_14351,0.0000065149
test_14352,0.0000395494
test_14353,0.9999835648
test_14354,0.0000003198
test_14355,0.9991470208
test_14356,0.9999621259
test_14357,0.0000000976
test_14358,0.9999799306
test_14359,0.9999976133
test_14360,0.9991500124
test_14361,0.0000062254
test_14362,0.9999385178
test_14363,0.0000363590
test_14364,0.9999508169
test_14365,0.0001708327
test_14366,0.9994620161
test_14367,0.9992106928
test_14368,0.9952186930
test_14369,0.9993794190
test_14370,0.9999994757
test_14371,0.9999821339
test_14372,0.0000409668
test_14373,0.0014481798
test_14374,0.0024731543
test_14375,0.0002488744
test_14376,0.0000001866
test_14377,0.0000001665
test_14378,0.9909321610
test_14379,0.0000017447
test_14380,0.9996147313
test_14381,0.0052897555
test_14382,0.0003991962
test_14383,0.9999940304
test_14384,0.0000067167
test_14385,0.0000130105
test_14386,0.6390935600
test_14387,0.9732890256
test_14388,0.0000010691
test_14389,0.2763680825
test_14390,0.9999963587
test_14391,0.9831898958
test_14392,0.9999871149
test_14393,0.0000073627
test_14394,0.9999336791
test_14395,0.9599900318
test_14396,0.9999994631
test_14397,0.9999997345
test_14398,0.9999729842
test_14399,0.9999489563
test_14400,0.9999582214
test_14401,0.0000217552
test_14402,0.0000005295
test_14403,0.9999965562
test_14404,0.0252684710
test_14405,0.9999732407
test_14406,0.9929345971
test_14407,0.2262671344
test_14408,0.0013564942
test_14409,0.9999622485
test_14410,0.9999893330
test_14411,0.0000015087
test_14412,0.9999957871
test_14413,0.9998559551
test_14414,0.0000006491
test_14415,0.9693350370
test_14416,0.9999653898
test_14417,0.0010048825
test_14418,0.0014231355
test_14419,0.0000001840
test_14420,0.0000878607
test_14421,0.9999995003
test_14422,0.1010608448
test_14423,0.0000369252
test_14424,0.0000070352
test_14425,0.0094351241
test_14426,0.0000182026
test_14427,0.9999988819
test_14428,0.0000084828
test_14429,0.9999988852
test_14430,0.0000224650
test_14431,0.9999790938
test_14432,0.0000049438
test_14433,0.9999567340
test_14434,0.9999982220
test_14435,0.0000228354
test_14436,0.4062401370
test_14437,0.9997049541
test_14438,0.9999507853
test_14439,0.0031607287
test_14440,0.0007535153
test_14441,0.9999995964
test_14442,0.0000299929
test_14443,0.9999932540
test_14444,0.9953338568
test_14445,0.0000002358
test_14446,0.0002010305
test_14447,0.9999960556
test_14448,0.0089615499
test_14449,0.0000288682
test_14450,0.8797646576
test_14451,0.9972514308
test_14452,0.0000356094
test_14453,0.0000228376
test_14454,0.0000078030
test_14455,0.9981763516
test_14456,0.9999409941
test_14457,0.2089060320
test_14458,0.9999797157
test_14459,0.0000059174
test_14460,0.0009550863
test_14461,0.0012705290
test_14462,0.9999995662
test_14463,0.6852616268
test_14464,0.9999509900
test_14465,0.9999135952
test_14466,0.9998856220
test_14467,0.0114849746
test_14468,0.0030454577
test_14469,0.0390369186
test_14470,0.9997447645
test_14471,0.0000009568
test_14472,0.0000002195
test_14473,0.0002898117
test_14474,0.9998059919
test_14475,0.0088367074
test_14476,0.9999990456
test_14477,0.9996925873
test_14478,0.9999992459
test_14479,0.0156881477
test_14480,0.9963025263
test_14481,0.1979974782
test_14482,0.9999508090
test_14483,0.0555650516
test_14484,0.9999998572
test_14485,0.0021202988
test_14486,0.0000003722
test_14487,0.9988926794
test_14488,0.9999890128
test_14489,0.0000186144
test_14490,0.0016798786
test_14491,0.9999977060
test_14492,0.3902977084
test_14493,0.0000817426
test_14494,0.0131145498
test_14495,0.0000000904
test_14496,0.0000043943
test_14497,0.9999982589
test_14498,0.9999954133
test_14499,0.0000003255
test_14500,0.0000051932
test_14501,0.0000074218
test_14502,0.9999980792
test_14503,0.9999113958
test_14504,0.0003861790
test_14505,0.0000003212
test_14506,0.0000001424
test_14507,0.9999074893
test_14508,0.0008851355
test_14509,0.0000173882
test_14510,0.9768694661
test_14511,0.9999932463
test_14512,0.9999997482
test_14513,0.0008294886
test_14514,0.0000641298
test_14515,0.0000124870
test_14516,0.9999962686
test_14517,0.0000008380
test_14518,0.9998446354
test_14519,0.9990339132
test_14520,0.0000044416
test_14521,0.9999425474
test_14522,0.0000148418
test_14523,0.9999791807
test_14524,0.9996304936
test_14525,0.9999864703
test_14526,0.0000054659
test_14527,0.9818088036
test_14528,0.9999993509
test_14529,0.0008207022
test_14530,0.9999911728
test_14531,0.9992107193
test_14532,0.0000225341
test_14533,0.0000734313
test_14534,0.9998252264
test_14535,0.0000309912
test_14536,0.9999970140
test_14537,0.0002612231
test_14538,0.0000197327
test_14539,0.0000046178
test_14540,0.9989312191
test_14541,0.0000000551
test_14542,0.9999891710
test_14543,0.0000000974
test_14544,0.0000211685
test_14545,0.9823193132
test_14546,0.7362147068
test_14547,0.9952877472
test_14548,0.0000167137
test_14549,0.3209184582
test_14550,0.9999950093
test_14551,0.9934609978
test_14552,0.0090827104
test_14553,0.9999998312
test_14554,0.0000028787
test_14555,0.0003259496
test_14556,0.9832734299
test_14557,0.9999745015
test_14558,0.0000024969
test_14559,0.0000001129
test_14560,0.0000025251
test_14561,0.9999991271
test_14562,0.9999994600
test_14563,0.9999996348
test_14564,0.0000028424
test_14565,0.9999754270
test_14566,0.7796922740
test_14567,0.9995443136
test_14568,0.9999997626
test_14569,0.0041878903
test_14570,0.9999393267
test_14571,0.0000043723
test_14572,0.6008513445
test_14573,0.9999998130
test_14574,0.9999985551
test_14575,0.0001424036
test_14576,0.8416448869
test_14577,0.9999642452
test_14578,0.0000042535
test_14579,0.0000002270
test_14580,0.9935304328
test_14581,0.9996266366
test_14582,0.9999998577
test_14583,0.9999915660
test_14584,0.9998307252
test_14585,0.9999834218
test_14586,0.0253681839
test_14587,0.0249431150
test_14588,0.9999992073
test_14589,0.0000061024
test_14590,0.9999899727
test_14591,0.9999999040
test_14592,0.9997990266
test_14593,0.9999970623
test_14594,0.9999961533
test_14595,0.9999997107
test_14596,0.0000005356
test_14597,0.1266123163
test_14598,0.0000000519
test_14599,0.9999984117
test_14600,0.9999998346
test_14601,0.9999946436
test_14602,0.3106777979
test_14603,0.0032995759
test_14604,0.9462270621
test_14605,0.0000086860
test_14606,0.9962393945
test_14607,0.0000027559
test_14608,0.9999997430
test_14609,0.9999970041
test_14610,0.0000449236
test_14611,0.0073858527
test_14612,0.0014692924
test_14613,0.9997345506
test_14614,0.9999908877
test_14615,0.8476603302
test_14616,0.0739298816
test_14617,0.9999884366
test_14618,0.9999971285
test_14619,0.9999816319
test_14620,0.9999983042
test_14621,0.9999996910
test_14622,0.9999999433
test_14623,0.9999996999
test_14624,0.9999976061
test_14625,0.9999813660
test_14626,0.9999982596
test_14627,0.9999572793
test_14628,0.0004738609
test_14629,0.9999588264
test_14630,0.0000317280
test_14631,0.0000023028
test_14632,0.0000002131
test_14633,0.9996717646
test_14634,0.0089724527
test_14635,0.9991278959
test_14636,0.0110412045
test_14637,0.0000003449
test_14638,0.9998976667
test_14639,0.0002917762
test_14640,0.0001223506
test_14641,0.0000004330
test_14642,0.0000000944
test_14643,0.9925739690
test_14644,0.0000214676
test_14645,0.0395218198
test_14646,0.0000618367
test_14647,0.0002609068
test_14648,0.0000001423
test_14649,0.9854406779
test_14650,0.9999957347
test_14651,0.9999994144
test_14652,0.0001471309
test_14653,0.9999970437
test_14654,0.0000002328
test_14655,0.0003968063
test_14656,0.0000105073
test_14657,0.9999983646
test_14658,0.0000305974
test_14659,0.9995206928
test_14660,0.0000761989
test_14661,0.0000016415
test_14662,0.9999653395
test_14663,0.9898961653
test_14664,0.9999995909
test_14665,0.0000001353
test_14666,0.9999971568
test_14667,0.9691762951
test_14668,0.9994571350
test_14669,0.0000010590
test_14670,0.9999996913
test_14671,0.0000010000
test_14672,0.9999883341
test_14673,0.9999547714
test_14674,0.9999221458
test_14675,0.9996966639
test_14676,0.9998469555
test_14677,0.0000002190
test_14678,0.9999485831
test_14679,0.9999993311
test_14680,0.0000145986
test_14681,0.9999786741
test_14682,0.9999987172
test_14683,0.0000010092
test_14684,0.9999929099
test_14685,0.9998711482
test_14686,0.0503598449
test_14687,0.0009514113
test_14688,0.9999404949
test_14689,0.0001952415
test_14690,0.9999974664
test_14691,0.9999824831
test_14692,0.0002013471
test_14693,0.9998206520
test_14694,0.1158628854
test_14695,0.9999994532
test_14696,0.9999942379
test_14697,0.0000128157
test_14698,0.9999875497
test_14699,0.9999999578
test_14700,0.9999834908
test_14701,0.0000408156
test_14702,0.9999989221
test_14703,0.0000005782
test_14704,0.9999897951
test_14705,0.9635518651
test_14706,0.8073195468
test_14707,0.0000007757
test_14708,0.0000220727
test_14709,0.9999672012
test_14710,0.9999998548
test_14711,0.0000462137
test_14712,0.0000001787
test_14713,0.9999993104
test_14714,0.9999888103
test_14715,0.9853508743
test_14716,0.9999670971
test_14717,0.9958334580
test_14718,0.0000007994
test_14719,0.0036284330
test_14720,0.9999953415
test_14721,0.9999982882
test_14722,0.9999882006
test_14723,0.9999929443
test_14724,0.9999278989
test_14725,0.9999814133
test_14726,0.9999995544
test_14727,0.9999587115
test_14728,0.0000346012
test_14729,0.1789211960
test_14730,0.9993434812
test_14731,0.9999964535
test_14732,0.9991142108
test_14733,0.9998683682
test_14734,0.0000028666
test_14735,0.9999984674
test_14736,0.9999983707
test_14737,0.9999901439
test_14738,0.0000016268
test_14739,0.9999800076
test_14740,0.9999996510
test_14741,0.0000000770
test_14742,0.0000004848
test_14743,0.9999990787
test_14744,0.9999998412
test_14745,0.9999957534
test_14746,0.9997942386
test_14747,0.9998208375
test_14748,0.0000001413
test_14749,0.7598115105
test_14750,0.0000006244
test_14751,0.0304704659
test_14752,0.0000023998
test_14753,0.0000004777
test_14754,0.9999997147
test_14755,0.3328917381
test_14756,0.9992989810
test_14757,0.9999885150
test_14758,0.9999930989
test_14759,0.0001482925
test_14760,0.9164739413
test_14761,0.3191602638
test_14762,0.0000003218
test_14763,0.9848713997
test_14764,0.9999975790
test_14765,0.0000075498
test_14766,0.9999806551
test_14767,0.9999970092
test_14768,0.9999750307
test_14769,0.9999699742
test_14770,0.9999887643
test_14771,0.9999705054
test_14772,0.1721296271
test_14773,0.0000005789
test_14774,0.9999991040
test_14775,0.0000025373
test_14776,0.8975516856
test_14777,0.9989692684
test_14778,0.9998544172
test_14779,0.0000121126
test_14780,0.9999684684
test_14781,0.0000052535
test_14782,0.9995101638
test_14783,0.0000010834
test_14784,0.9951813817
test_14785,0.9704483577
test_14786,0.0002614183
test_14787,0.0001952245
test_14788,0.9999702257
test_14789,0.0041286241
test_14790,0.0000291179
test_14791,0.9996005186
test_14792,0.9996775525
test_14793,0.9999792305
test_14794,0.0000118070
test_14795,0.9999953288
test_14796,0.9991737756
test_14797,0.9999875037
test_14798,0.9999996216
test_14799,0.0000529298
test_14800,0.1945961629
test_14801,0.0000068003
test_14802,0.0000056799
test_14803,0.0013240746
test_14804,0.0000020216
test_14805,0.0005650962
test_14806,0.0000070462
test_14807,0.0000068735
test_14808,0.4393063390
test_14809,0.9999893454
test_14810,0.0020874999
test_14811,0.0001187912
test_14812,0.9998446252
test_14813,0.9999985968
test_14814,0.9998217440
test_14815,0.9999966855
test_14816,0.0002076181
test_14817,0.7980637669
test_14818,0.0000004564
test_14819,0.9999997641
test_14820,0.0000788537
test_14821,0.0010858340
test_14822,0.9997662076
test_14823,0.0000013029
test_14824,0.9842578606
test_14825,0.3272512341
test_14826,0.9998267533
test_14827,0.9999925356
test_14828,0.0000056248
test_14829,0.9998214063
test_14830,0.4106386863
test_14831,0.9999993126
test_14832,0.0000011850
test_14833,0.0000006073
test_14834,0.9983507284
test_14835,0.0000002813
test_14836,0.9990832218
test_14837,0.0000003445
test_14838,0.0000000502
test_14839,0.9999144270
test_14840,0.0000006797
test_14841,0.9999990039
test_14842,0.9999998321
test_14843,0.0000003215
test_14844,0.9993489762
test_14845,0.9999871729
test_14846,0.9999967316
test_14847,0.9999991463
test_14848,0.9999992420
test_14849,0.9999998590
test_14850,0.0041498931
test_14851,0.9999987655
test_14852,0.0000004655
test_14853,0.0205348724
test_14854,0.0000241650
test_14855,0.9999329358
test_14856,0.0000955710
test_14857,0.9999877952
test_14858,0.9822279481
test_14859,0.9999938814
test_14860,0.9999996202
test_14861,0.0889345920
test_14862,0.9999731074
test_14863,0.0000019708
test_14864,0.0000004897
test_14865,0.9998462419
test_14866,0.0000007770
test_14867,0.0000058952
test_14868,0.0005842270
test_14869,0.9999995733
test_14870,0.0000000691
test_14871,0.9999949037
test_14872,0.9994742050
test_14873,0.0049961792
test_14874,0.6905529051
test_14875,0.9998153329
test_14876,0.0011725924
test_14877,0.0000012421
test_14878,0.9999997985
test_14879,0.8605279129
test_14880,0.9999760845
test_14881,0.0000131815
test_14882,0.0002962486
test_14883,0.9999399256
test_14884,0.0000147127
test_14885,0.9984923256
test_14886,0.0011689470
test_14887,0.0907753676
test_14888,0.9999928243
test_14889,0.0000040292
test_14890,0.0112901592
test_14891,0.9989247195
test_14892,0.0006217177
test_14893,0.0016710782
test_14894,0.9999831170
test_14895,0.9997775093
test_14896,0.0000001110
test_14897,0.0003892965
test_14898,0.9999880479
test_14899,0.0000457215
test_14900,0.0009941045
test_14901,0.0001623929
test_14902,0.0000058154
test_14903,0.9921792680
test_14904,0.9998362491
test_14905,0.9999995549
test_14906,0.9999982711
test_14907,0.0002155002
test_14908,0.0000119233
test_14909,0.0000036466
test_14910,0.0019537169
test_14911,0.9999997033
test_14912,0.9999965807
test_14913,0.9999981239
test_14914,0.9999827824
test_14915,0.0000374563
test_14916,0.9996366175
test_14917,0.9999962750
test_14918,0.0371233792
test_14919,0.0000000593
test_14920,0.0002620301
test_14921,0.0000099836
test_14922,0.0000070855
test_14923,0.0000049209
test_14924,0.9999993627
test_14925,0.9999966494
test_14926,0.0000025408
test_14927,0.0002346468
test_14928,0.9999990721
test_14929,0.0000061539
test_14930,0.0000552675
test_14931,0.9999994959
test_14932,0.0001471482
test_14933,0.0001294041
test_14934,0.0000128222
test_14935,0.0000224112
test_14936,0.9999974144
test_14937,0.9996270282
test_14938,0.4631377192
test_14939,0.0000004897
test_14940,0.0110435263
test_14941,0.9999856190
test_14942,0.9999258000
test_14943,0.0001472948
test_14944,0.9658058841
test_14945,0.0000008217
test_14946,0.0000066654
test_14947,0.9999724149
test_14948,0.9999803639
test_14949,0.9925823152
test_14950,0.9999929483
test_14951,0.0214365230
test_14952,0.0000778343
test_14953,0.9999972488
test_14954,0.0000017907
test_14955,0.0000007722
test_14956,0.0003107402
test_14957,0.3489159305
test_14958,0.0000001689
test_14959,0.0002746467
test_14960,0.9860010471
test_14961,0.9999956380
test_14962,0.9999738118
test_14963,0.9341348254
test_14964,0.0216466735
test_14965,0.9999972906
test_14966,0.9999991268
test_14967,0.0000298102
test_14968,0.0000001001
test_14969,0.0002845712
test_14970,0.0000005852
test_14971,0.0000025645
test_14972,0.9999976441
test_14973,0.0000109368
test_14974,0.9999981665
test_14975,0.9999936748
test_14976,0.0000008636
test_14977,0.0000037152
test_14978,0.1001203306
test_14979,0.0000000939
test_14980,0.9999943089
test_14981,0.9999625518
test_14982,0.9838368050
test_14983,0.9999958352
test_14984,0.0000021528
test_14985,0.0186573398
test_14986,0.9999689397
test_14987,0.0000100911
test_14988,0.0001113421
test_14989,0.9999869934
test_14990,0.0000024051
test_14991,0.9999990460
test_14992,0.9999962214
test_14993,0.9999976465
test_14994,0.9351786604
test_14995,0.0003819619
test_14996,0.9993235251
test_14997,0.0000004225
test_14998,0.9999993707
test_14999,0.9999996088
test_15000,0.9999970345
test_15001,0.9999817182
test_15002,0.0000099299
test_15003,0.0000111247
test_15004,0.0606648370
test_15005,0.0003360214
test_15006,0.0000169724
test_15007,0.0003180467
test_15008,0.9999839528
test_15009,0.0000342454
test_15010,0.0000016416
test_15011,0.0003847088
test_15012,0.0000354777
test_15013,0.9999985463
test_15014,0.9988451470
test_15015,0.9998347991
test_15016,0.0000073519
test_15017,0.0002686607
test_15018,0.9999532027
test_15019,0.0003737565
test_15020,0.9999875298
test_15021,0.0365306802
test_15022,0.0000003018
test_15023,0.9998951479
test_15024,0.9999992448
test_15025,0.0000005996
test_15026,0.0001497350
test_15027,0.0000020309
test_15028,0.0015416215
test_15029,0.9999944729
test_15030,0.0000051853
test_15031,0.0000002938
test_15032,0.0000006419
test_15033,0.0000530465
test_15034,0.9999976328
test_15035,0.9996480517
test_15036,0.0002676538
test_15037,0.0000612267
test_15038,0.9981802777
test_15039,0.0001339809
test_15040,0.9983674963
test_15041,0.0007771610
test_15042,0.9999998891
test_15043,0.0000003113
test_15044,0.9999992117
test_15045,0.4190323983
test_15046,0.0000006948
test_15047,0.9998440111
test_15048,0.9999971864
test_15049,0.9999990372
test_15050,0.9999760478
test_15051,0.9999979774
test_15052,0.9843326736
test_15053,0.0000037925
test_15054,0.0000097578
test_15055,0.0000032351
test_15056,0.9999585125
test_15057,0.9994331643
test_15058,0.9087297472
test_15059,0.9999999180
test_15060,0.0415660012
test_15061,0.9999951934
test_15062,0.9999621241
test_15063,0.9999943626
test_15064,0.0000094868
test_15065,0.9999943355
test_15066,0.0004097347
test_15067,0.9144793938
test_15068,0.8581468644
test_15069,0.0003753875
test_15070,0.9998839903
test_15071,0.0000533151
test_15072,0.9999979438
test_15073,0.0008161818
test_15074,0.0000001511
test_15075,0.0000121039
test_15076,0.9999903380
test_15077,0.9874233389
test_15078,0.0028362490
test_15079,0.0051933246
test_15080,0.0045393107
test_15081,0.9187942523
test_15082,0.9999149415
test_15083,0.9999974715
test_15084,0.9997882970
test_15085,0.9999403029
test_15086,0.0003038443
test_15087,0.9999416856
test_15088,0.9849412720
test_15089,0.0000078396
test_15090,0.0000415660
test_15091,0.9999958916
test_15092,0.9999992471
test_15093,0.0000611303
test_15094,0.9999920529
test_15095,0.0009192466
test_15096,0.0072149693
test_15097,0.9999998018
test_15098,0.0000018488
test_15099,0.9999402712
test_15100,0.9989753319
test_15101,0.0000079624
test_15102,0.9999997923
test_15103,0.0005724493
test_15104,0.9999953426
test_15105,0.9997726084
test_15106,0.9999216914
test_15107,0.0029269753
test_15108,0.0000202799
test_15109,0.9436017910
test_15110,0.9999989609
test_15111,0.9999913343
test_15112,0.9999467877
test_15113,0.9786599215
test_15114,0.9999860347
test_15115,0.9999984726
test_15116,0.9999996922
test_15117,0.9996221842
test_15118,0.7901624274
test_15119,0.0000023506
test_15120,0.0072361884
test_15121,0.0000004092
test_15122,0.7063804750
test_15123,0.1003264639
test_15124,0.0010537253
test_15125,0.0008372088
test_15126,0.0019407548
test_15127,0.9974252170
test_15128,0.0000419467
test_15129,0.0000064876
test_15130,0.0002014113
test_15131,0.5665448486
test_15132,0.0000056516
test_15133,0.9999961203
test_15134,0.9999971433
test_15135,0.9999997178
test_15136,0.9999993844
test_15137,0.7937634926
test_15138,0.9999896183
test_15139,0.0000001702
test_15140,0.0000001609
test_15141,0.9999996047
test_15142,0.9999973747
test_15143,0.0096008385
test_15144,0.0000002595
test_15145,0.9999998362
test_15146,0.9999474500
test_15147,0.0000009730
test_15148,0.6351560612
test_15149,0.0007275168
test_15150,0.9987976710
test_15151,0.9999974665
test_15152,0.0112012987
test_15153,0.0000046891
test_15154,0.9999988416
test_15155,0.0001969727
test_15156,0.2259106906
test_15157,0.9990990451
test_15158,0.0000023490
test_15159,0.0000003683
test_15160,0.9998666865
test_15161,0.9999995807
test_15162,0.9999986309
test_15163,0.0000487090
test_15164,0.9999629052
test_15165,0.0000001654
test_15166,0.0000001356
test_15167,0.5134753500
test_15168,0.0005894097
test_15169,0.0001631781
test_15170,0.4715906177
test_15171,0.9999690305
test_15172,0.0000079675
test_15173,0.0000045277
test_15174,0.0001954954
test_15175,0.9951189835
test_15176,0.9999855815
test_15177,0.0030898199
test_15178,0.0000001994
test_15179,0.0467933877
test_15180,0.9999985781
test_15181,0.0000000760
test_15182,0.9744089361
test_15183,0.0000004172
test_15184,0.9999438169
test_15185,0.9999988824
test_15186,0.9999537187
test_15187,0.0085478523
test_15188,0.9999985458
test_15189,0.9999846012
test_15190,0.0000063516
test_15191,0.0000137071
test_15192,0.0000007131
test_15193,0.0031663462
test_15194,0.0000025149
test_15195,0.0000000725
test_15196,0.0000066635
test_15197,0.9999760194
test_15198,0.0000047566
test_15199,0.0000416586
test_15200,0.0000196342
test_15201,0.9999996205
test_15202,0.9999976512
test_15203,0.0000047920
test_15204,0.9999978605
test_15205,0.9999931309
test_15206,0.9999986199
test_15207,0.9998047269
test_15208,0.0000846443
test_15209,0.0000004445
test_15210,0.0109896417
test_15211,0.0004620852
test_15212,0.0000044724
test_15213,0.9999943466
test_15214,0.9997798121
test_15215,0.9999950318
test_15216,0.9957096262
test_15217,0.0009938462
test_15218,0.9999999453
test_15219,0.9999927444
test_15220,0.0118230391
test_15221,0.0000000985
test_15222,0.9999920784
test_15223,0.0557483726
test_15224,0.0001623101
test_15225,0.0001013773
test_15226,0.0004057672
test_15227,0.0000000996
test_15228,0.9999763316
test_15229,0.0006711226
test_15230,0.9999979529
test_15231,0.9999975509
test_15232,0.0000030979
test_15233,0.0003987822
test_15234,0.1354838720
test_15235,0.0000044204
test_15236,0.9999553803
test_15237,0.0000320469
test_15238,0.9999926091
test_15239,0.0001075758
test_15240,0.9999622595
test_15241,0.0885707671
test_15242,0.0000286242
test_15243,0.0002593138
test_15244,0.0000008561
test_15245,0.9998564253
test_15246,0.0000064510
test_15247,0.9997454244
test_15248,0.9997727011
test_15249,0.7560960945
test_15250,0.9995976390
test_15251,0.9999998316
test_15252,0.9991904877
test_15253,0.9999807523
test_15254,0.0000000949
test_15255,0.0002630252
test_15256,0.0000001011
test_15257,0.9978380272
test_15258,0.0000000645
test_15259,0.0009437393
test_15260,0.9998400226
test_15261,0.9999626175
test_15262,0.9999949695
test_15263,0.9999971999
test_15264,0.0000009387
test_15265,0.0400787957
test_15266,0.9999806511
test_15267,0.0000749990
test_15268,0.0001473369
test_15269,0.9999708152
test_15270,0.9999824571
test_15271,0.0624264962
test_15272,0.9998882565
test_15273,0.9771860303
test_15274,0.0000653010
test_15275,0.0002922131
test_15276,0.0132479729
test_15277,0.0001354465
test_15278,0.9999990276
test_15279,0.9997037058
test_15280,0.9983762492
test_15281,0.0004907737
test_15282,0.9999971295
test_15283,0.9999756436
test_15284,0.9139119478
test_15285,0.0156668134
test_15286,0.9999491734
test_15287,0.9997074525
test_15288,0.0020034299
test_15289,0.0003715612
test_15290,0.9999694409
test_15291,0.0654507295
test_15292,0.0528973893
test_15293,0.0000135558
test_15294,0.9999904684
test_15295,0.9626911365
test_15296,0.9999992891
test_15297,0.9999702419
test_15298,0.0000039290
test_15299,0.0022609640
test_15300,0.0000000565
test_15301,0.0000026767
test_15302,0.0000191984
test_15303,0.8977877771
test_15304,0.9988285037
test_15305,0.9995810914
test_15306,0.9997699001
test_15307,0.9999833017
test_15308,0.0664372214
test_15309,0.9999998101
test_15310,0.0001906817
test_15311,0.0004233115
test_15312,0.0000024579
test_15313,0.0001192669
test_15314,0.6670361606
test_15315,0.9773326151
test_15316,0.9999616484
test_15317,0.0003725014
test_15318,0.0000106792
test_15319,0.0000123530
test_15320,0.0000202216
test_15321,0.9999833524
test_15322,0.0037556054
test_15323,0.9999900912
test_15324,0.9998661839
test_15325,0.9999986585
test_15326,0.9985689512
test_15327,0.9979280780
test_15328,0.2991349737
test_15329,0.9999992442
test_15330,0.0000295793
test_15331,0.9999996846
test_15332,0.9999861324
test_15333,0.0000002011
test_15334,0.9815858876
test_15335,0.0000049374
test_15336,0.9789155296
test_15337,0.9999980546
test_15338,0.0000005415
test_15339,0.9700476941
test_15340,0.9998144756
test_15341,0.9999576961
test_15342,0.0000213970
test_15343,0.0000000837
test_15344,0.9999987514
test_15345,0.9779191233
test_15346,0.0000015515
test_15347,0.9999856645
test_15348,0.0000125412
test_15349,0.9990055478
test_15350,0.0000009886
test_15351,0.0000006948
test_15352,0.0014246098
test_15353,0.9991676504
test_15354,0.9999268917
test_15355,0.9999023006
test_15356,0.0001129489
test_15357,0.0000508510
test_15358,0.1119858696
test_15359,0.9999292046
test_15360,0.9999970264
test_15361,0.9998003568
test_15362,0.0000209152
test_15363,0.0016507951
test_15364,0.9999627604
test_15365,0.0000002865
test_15366,0.3360088809
test_15367,0.9999996968
test_15368,0.9989473134
test_15369,0.9996093878
test_15370,0.0022691416
test_15371,0.0030174038
test_15372,0.0000000575
test_15373,0.0003447963
test_15374,0.9999900942
test_15375,0.0000051889
test_15376,0.9999733593
test_15377,0.9999937064
test_15378,0.9999581695
test_15379,0.9999774865
test_15380,0.9999993543
test_15381,0.9999773994
test_15382,0.0003312826
test_15383,0.0000082805
test_15384,0.0550960717
test_15385,0.0006705877
test_15386,0.9968426691
test_15387,0.9999996493
test_15388,0.9999985555
test_15389,0.9999924198
test_15390,0.0000717717
test_15391,0.9999990626
test_15392,0.0012338332
test_15393,0.9976980577
test_15394,0.0000475283
test_15395,0.9999980238
test_15396,0.0000058120
test_15397,0.9999311081
test_15398,0.9999993899
test_15399,0.6457777173
test_15400,0.9999889366
test_15401,0.0000001023
test_15402,0.9498276666
test_15403,0.0041777619
test_15404,0.0000284406
test_15405,0.9998586294
test_15406,0.1827288630
test_15407,0.9999958134
test_15408,0.8493184832
test_15409,0.9998350268
test_15410,0.9999765001
test_15411,0.9933014843
test_15412,0.9995826468
test_15413,0.9999993398
test_15414,0.9999974805
test_15415,0.9999378460
test_15416,0.0000261227
test_15417,0.9999656489
test_15418,0.9999907463
test_15419,0.9980533679
test_15420,0.9999937947
test_15421,0.9999766592
test_15422,0.0000051803
test_15423,0.0055845567
test_15424,0.9999758299
test_15425,0.9999998670
test_15426,0.9989003547
test_15427,0.9999952165
test_15428,0.9999927327
test_15429,0.9999996681
test_15430,0.9999964200
test_15431,0.9999999493
test_15432,0.0000010027
test_15433,0.0051367324
test_15434,0.9999595003
test_15435,0.9999942410
test_15436,0.0000070969
test_15437,0.9999664064
test_15438,0.0000727293
test_15439,0.9999988402
test_15440,0.0000029714
test_15441,0.9998194662
test_15442,0.0000044161
test_15443,0.0013834552
test_15444,0.0000026568
test_15445,0.9999680505
test_15446,0.9999374356
test_15447,0.0000074945
test_15448,0.9999936645
test_15449,0.0000077761
test_15450,0.9999991931
test_15451,0.0000106512
test_15452,0.9999807802
test_15453,0.9941140339
test_15454,0.1162176190
test_15455,0.9999997630
test_15456,0.9999708602
test_15457,0.0039259846
test_15458,0.0007542581
test_15459,0.0009232150
test_15460,0.9960401967
test_15461,0.9984792967
test_15462,0.9989079535
test_15463,0.0000085558
test_15464,0.0000024346
test_15465,0.9999541363
test_15466,0.9995817572
test_15467,0.0070810842
test_15468,0.9999816704
test_15469,0.0056684495
test_15470,0.9748706736
test_15471,0.0000067742
test_15472,0.0000001650
test_15473,0.0162199223
test_15474,0.0000869175
test_15475,0.7952435673
test_15476,0.0000016078
test_15477,0.9999305873
test_15478,0.9999996419
test_15479,0.9997250891
test_15480,0.9995395229
test_15481,0.9999966727
test_15482,0.0000012458
test_15483,0.9999850477
test_15484,0.0110938029
test_15485,0.9998781658
test_15486,0.3299052487
test_15487,0.0000006509
test_15488,0.0000132204
test_15489,0.0000181400
test_15490,0.0000004119
test_15491,0.0000003769
test_15492,0.9999976168
test_15493,0.0000001708
test_15494,0.9962452714
test_15495,0.0012336637
test_15496,0.0000034969
test_15497,0.9999926795
test_15498,0.9989392727
test_15499,0.9999837326
test_15500,0.0000030200
test_15501,0.9999998910
test_15502,0.9999977538
test_15503,0.9999684451
test_15504,0.9999975714
test_15505,0.9999292070
test_15506,0.9999917588
test_15507,0.0000054994
test_15508,0.9999805496
test_15509,0.0000003215
test_15510,0.0013900270
test_15511,0.9999988889
test_15512,0.0000001439
test_15513,0.9750429351
test_15514,0.9999968211
test_15515,0.9997327719
test_15516,0.9999051973
test_15517,0.0000494590
test_15518,0.0000033119
test_15519,0.9999997676
test_15520,0.0000004129
test_15521,0.9995253457
test_15522,0.9987197391
test_15523,0.0000050341
test_15524,0.0000449784
test_15525,0.0000169112
test_15526,0.9999645855
test_15527,0.9999999297
test_15528,0.0000445883
test_15529,0.0000888913
test_15530,0.9999430176
test_15531,0.0000030754
test_15532,0.0000006413
test_15533,0.0002441650
test_15534,0.0000484220
test_15535,0.0000000493
test_15536,0.0000996254
test_15537,0.9999988223
test_15538,0.7924886490
test_15539,0.0000119607
test_15540,0.0000012612
test_15541,0.9999997324
test_15542,0.0000030799
test_15543,0.0021890488
test_15544,0.9999703448
test_15545,0.8394225732
test_15546,0.0003759058
test_15547,0.0000034035
test_15548,0.0000103266
test_15549,0.0000009519
test_15550,0.9118418898
test_15551,0.0000012165
test_15552,0.0000043156
test_15553,0.9999993571
test_15554,0.0000148526
test_15555,0.9986631092
test_15556,0.9999943510
test_15557,0.0000022432
test_15558,0.0000084790
test_15559,0.0002132950
test_15560,0.9999980960
test_15561,0.9999979959
test_15562,0.9999841805
test_15563,0.9999927127
test_15564,0.0003646606
test_15565,0.0001112206
test_15566,0.9999988729
test_15567,0.0000004777
test_15568,0.9999982286
test_15569,0.0000321976
test_15570,0.9997968488
test_15571,0.6317193929
test_15572,0.0000543623
test_15573,0.9999996263
test_15574,0.9999985078
test_15575,0.0000079302
test_15576,0.9999973743
test_15577,0.9998020127
test_15578,0.9999924830
test_15579,0.9041416999
test_15580,0.9999985677
test_15581,0.0000052421
test_15582,0.9996402011
test_15583,0.0000009592
test_15584,0.0000566978
test_15585,0.9999989357
test_15586,0.9998004966
test_15587,0.0414094260
test_15588,0.9999544151
test_15589,0.9989450688
test_15590,0.0000001299
test_15591,0.0006257071
test_15592,0.9995623191
test_15593,0.9999981114
test_15594,0.9993876663
test_15595,0.0586152364
test_15596,0.9999877599
test_15597,0.9941961459
test_15598,0.9999519254
test_15599,0.0000646760
test_15600,0.0005080750
test_15601,0.9999966626
test_15602,0.0000017993
test_15603,0.0000177810
test_15604,0.0537115222
test_15605,0.0000202206
test_15606,0.9906107541
test_15607,0.9999938382
test_15608,0.0097552423
test_15609,0.9999986630
test_15610,0.9818692297
test_15611,0.9921675740
test_15612,0.9999994270
test_15613,0.9999917469
test_15614,0.1301402926
test_15615,0.0008687643
test_15616,0.0001060605
test_15617,0.9998137005
test_15618,0.0000011152
test_15619,0.9999993347
test_15620,0.0000060018
test_15621,0.9999956676
test_15622,0.0000018996
test_15623,0.0064556086
test_15624,0.0000005149
test_15625,0.0000266640
test_15626,0.9995511420
test_15627,0.9999945294
test_15628,0.0815506413
test_15629,0.0000004512
test_15630,0.0000075018
test_15631,0.9999822743
test_15632,0.9678289008
test_15633,0.9984429260
test_15634,0.0000028814
test_15635,0.0000022864
test_15636,0.9999982720
test_15637,0.9999997916
test_15638,0.9999965479
test_15639,0.0008472069
test_15640,0.9998415538
test_15641,0.9856232303
test_15642,0.9997508373
test_15643,0.9999975032
test_15644,0.0002685260
test_15645,0.9984678576
test_15646,0.9999925143
test_15647,0.0000005298
test_15648,0.7986821051
test_15649,0.0000017334
test_15650,0.9999973739
test_15651,0.0000120054
test_15652,0.9999994597
test_15653,0.0000818158
test_15654,0.9999995796
test_15655,0.3681391571
test_15656,0.9957386062
test_15657,0.1102836646
test_15658,0.9998196894
test_15659,0.0007960560
test_15660,0.0006526078
test_15661,0.0000024047
test_15662,0.0051540860
test_15663,0.9999068252
test_15664,0.0000040805
test_15665,0.9999993992
test_15666,0.9999998745
test_15667,0.0000132699
test_15668,0.9999987696
test_15669,0.9999933977
test_15670,0.0867947789
test_15671,0.9923598901
test_15672,0.9999998286
test_15673,0.0000219875
test_15674,0.1349139783
test_15675,0.9999998322
test_15676,0.0000257251
test_15677,0.0000006986
test_15678,0.9999676312
test_15679,0.9999874107
test_15680,0.9999725868
test_15681,0.0000003003
test_15682,0.0087309993
test_15683,0.0001480294
test_15684,0.9999814830
test_15685,0.0000000945
test_15686,0.9999935708
test_15687,0.9968091841
test_15688,0.9999894258
test_15689,0.1769403849
test_15690,0.0043360951
test_15691,0.0000001636
test_15692,0.0000000802
test_15693,0.9996833327
test_15694,0.0000619874
test_15695,0.0009943327
test_15696,0.9997285670
test_15697,0.9999974133
test_15698,0.0000070234
test_15699,0.9999941888
test_15700,0.0000001441
test_15701,0.9999700718
test_15702,0.9990948055
test_15703,0.9589727638
test_15704,0.0000035855
test_15705,0.0000086196
test_15706,0.9999981422
test_15707,0.9999997759
test_15708,0.0010565037
test_15709,0.9999990554
test_15710,0.9999966826
test_15711,0.9999911374
test_15712,0.0000007127
test_15713,0.9999994361
test_15714,0.3762023890
test_15715,0.9999956509
test_15716,0.0000700764
test_15717,0.0004126069
test_15718,0.9997206178
test_15719,0.0001838477
test_15720,0.9999723847
test_15721,0.9999996575
test_15722,0.9999993125
test_15723,0.9999994195
test_15724,0.9999902575
test_15725,0.9999954854
test_15726,0.9992244291
test_15727,0.0057995870
test_15728,0.0000018855
test_15729,0.0000070093
test_15730,0.0004510321
test_15731,0.0000209111
test_15732,0.9980807191
test_15733,0.9999977390
test_15734,0.0000125137
test_15735,0.0000188403
test_15736,0.0000057168
test_15737,0.9998611521
test_15738,0.0001163780
test_15739,0.9986875396
test_15740,0.0000003158
test_15741,0.9999407182
test_15742,0.9999991870
test_15743,0.9999996665
test_15744,0.0002149038
test_15745,0.9989141243
test_15746,0.9999998137
test_15747,0.9999992293
test_15748,0.0000457440
test_15749,0.9999960988
test_15750,0.9999983940
test_15751,0.9999990311
test_15752,0.9792023351
test_15753,0.9815456501
test_15754,0.0000008466
test_15755,0.9999911941
test_15756,0.0000152236
test_15757,0.9999711571
test_15758,0.9999414209
test_15759,0.0056000729
test_15760,0.9999995565
test_15761,0.9999667156
test_15762,0.9995686496
test_15763,0.3165265716
test_15764,0.9999884522
test_15765,0.9999965926
test_15766,0.0000188826
test_15767,0.9999139144
test_15768,0.0010744690
test_15769,0.0000001494
test_15770,0.9998657476
test_15771,0.0000271970
test_15772,0.9986038027
test_15773,0.0000151300
test_15774,0.9999903642
test_15775,0.9999903871
test_15776,0.0000002107
test_15777,0.0000448239
test_15778,0.0000053128
test_15779,0.0000077237
test_15780,0.0009378913
test_15781,0.0000601484
test_15782,0.9981025021
test_15783,0.9999691080
test_15784,0.0001415579
test_15785,0.0284236544
test_15786,0.9999433625
test_15787,0.0000392106
test_15788,0.0824294091
test_15789,0.0000066467
test_15790,0.9937033319
test_15791,0.0005099705
test_15792,0.9999987666
test_15793,0.9989969603
test_15794,0.9999214641
test_15795,0.0000100133
test_15796,0.0000012365
test_15797,0.0000057925
test_15798,0.0078065033
test_15799,0.0000771869
test_15800,0.9999501455
test_15801,0.9999981138
test_15802,0.0173763162
test_15803,0.0000799352
test_15804,0.0000004744
test_15805,0.9999918933
test_15806,0.0000145919
test_15807,0.9999354234
test_15808,0.9997189010
test_15809,0.9999959655
test_15810,0.0000766569
test_15811,0.9996505253
test_15812,0.0023340155
test_15813,0.9991181428
test_15814,0.1206547694
test_15815,0.0000626704
test_15816,0.9999964045
test_15817,0.0000219653
test_15818,0.0000009914
test_15819,0.9999995772
test_15820,0.0000004609
test_15821,0.9999951062
test_15822,0.9566886958
test_15823,0.0000003137
test_15824,0.9999942487
test_15825,0.0021913326
test_15826,0.0000590285
test_15827,0.9999601322
test_15828,0.9954960004
test_15829,0.9988019686
test_15830,0.0000004372
test_15831,0.0000047117
test_15832,0.9999956073
test_15833,0.9999677241
test_15834,0.5592807692
test_15835,0.0000170645
test_15836,0.9999905450
test_15837,0.9999988727
test_15838,0.0000330869
test_15839,0.9999984344
test_15840,0.9999685298
test_15841,0.0000669728
test_15842,0.9999598690
test_15843,0.1306965076
test_15844,0.0000164815
test_15845,0.9999384064
test_15846,0.6008489849
test_15847,0.0000057414
test_15848,0.0003304221
test_15849,0.9999688223
test_15850,0.0001135551
test_15851,0.9999980962
test_15852,0.0000000879
test_15853,0.9999664068
test_15854,0.9998139259
test_15855,0.9999678614
test_15856,0.8961363253
test_15857,0.0000000945
test_15858,0.9939056692
test_15859,0.9999916022
test_15860,0.0000020228
test_15861,0.9999731546
test_15862,0.0000641747
test_15863,0.9999957373
test_15864,0.9999982744
test_15865,0.9999994451
test_15866,0.9999830098
test_15867,0.9999988136
test_15868,0.9992089125
test_15869,0.2305918275
test_15870,0.0006121523
test_15871,0.9999986807
test_15872,0.0000235754
test_15873,0.0000015365
test_15874,0.0099834400
test_15875,0.0000001288
test_15876,0.0000004621
test_15877,0.0000040752
test_15878,0.9999951030
test_15879,0.7730743368
test_15880,0.0002161216
test_15881,0.0000000823
test_15882,0.9999980794
test_15883,0.0047095791
test_15884,0.9999741498
test_15885,0.9999990586
test_15886,0.0000013140
test_15887,0.9999987384
test_15888,0.5784965192
test_15889,0.9368317568
test_15890,0.9016536374
test_15891,0.0418959693
test_15892,0.9999778772
test_15893,0.0000130453
test_15894,0.0000001299
test_15895,0.9999948265
test_15896,0.9585588159
test_15897,0.9985334235
test_15898,0.9999866526
test_15899,0.0019448418
test_15900,0.9988500505
test_15901,0.9877361480
test_15902,0.0040420682
test_15903,0.6391475675
test_15904,0.0000035393
test_15905,0.9999157776
test_15906,0.0000017248
test_15907,0.9999978793
test_15908,0.0000085909
test_15909,0.9999962238
test_15910,0.9998839885
test_15911,0.0001715451
test_15912,0.9998493467
test_15913,0.9990722355
test_15914,0.9999983111
test_15915,0.0000112806
test_15916,0.0000016729
test_15917,0.0000026968
test_15918,0.0000002057
test_15919,0.9999996692
test_15920,0.9995362920
test_15921,0.9999699151
test_15922,0.0003663725
test_15923,0.9996591269
test_15924,0.0000095156
test_15925,0.0005475924
test_15926,0.9997413192
test_15927,0.9999998665
test_15928,0.9999974883
test_15929,0.9999974790
test_15930,0.0000201757
test_15931,0.0004175497
test_15932,0.9999935786
test_15933,0.9999997814
test_15934,0.0003258682
test_15935,0.9999986366
test_15936,0.1812425048
test_15937,0.9999305067
test_15938,0.9999993162
test_15939,0.9991968194
test_15940,0.8382033058
test_15941,0.9999508762
test_15942,0.0000013104
test_15943,0.9999988235
test_15944,0.0000046125
test_15945,0.9998813558
test_15946,0.0007468131
test_15947,0.0001329869
test_15948,0.9999932584
test_15949,0.9999397457
test_15950,0.0000025533
test_15951,0.0002860682
test_15952,0.9999705736
test_15953,0.0000424030
test_15954,0.9995633709
test_15955,0.0000001417
test_15956,0.0001729924
test_15957,0.0000418710
test_15958,0.9478985970
test_15959,0.9999946244
test_15960,0.0000017238
test_15961,0.9999972117
test_15962,0.9999990999
test_15963,0.4461013533
test_15964,0.9999514371
test_15965,0.0002595182
test_15966,0.9999426087
test_15967,0.0000141706
test_15968,0.0007682063
test_15969,0.6202951730
test_15970,0.9960220882
test_15971,0.0000062104
test_15972,0.0000317549
test_15973,0.0535615991
test_15974,0.2204559470
test_15975,0.0000400474
test_15976,0.9999603541
test_15977,0.7847953092
test_15978,0.9965283824
test_15979,0.9700971594
test_15980,0.0351682085
test_15981,0.9999978195
test_15982,0.0000023284
test_15983,0.9999972569
test_15984,0.9999958782
test_15985,0.0000002545
test_15986,0.0000003262
test_15987,0.0000000828
test_15988,0.9999998166
test_15989,0.0000006469
test_15990,0.9998364793
test_15991,0.9999714378
test_15992,0.0000125406
test_15993,0.9999991710
test_15994,0.0000558850
test_15995,0.2222407573
test_15996,0.0012581458
test_15997,0.0072441315
test_15998,0.0002335000
test_15999,0.9999904513
test_16000,0.0000001498
test_16001,0.0007615126
test_16002,0.0000262817
test_16003,0.9870438478
test_16004,0.0000450128
test_16005,0.0000335077
test_16006,0.0162379175
test_16007,0.9998967395
test_16008,0.0392470808
test_16009,0.0000006488
test_16010,0.9999900937
test_16011,0.0076294851
test_16012,0.0000143219
test_16013,0.9999987128
test_16014,0.0000005487
test_16015,0.0000086260
test_16016,0.0572790783
test_16017,0.0000032251
test_16018,0.9999971103
test_16019,0.0000021563
test_16020,0.9999970146
test_16021,0.9999997696
test_16022,0.9999846855
test_16023,0.0007153449
test_16024,0.0000034261
test_16025,0.0000041384
test_16026,0.9999571174
test_16027,0.9999974664
test_16028,0.0000047233
test_16029,0.0000001644
test_16030,0.0000011987
test_16031,0.0291919414
test_16032,0.9999961496
test_16033,0.0000020067
test_16034,0.9999976364
test_16035,0.0000077217
test_16036,0.0000000640
test_16037,0.0000031511
test_16038,0.0000006730
test_16039,0.0022737398
test_16040,0.0000017769
test_16041,0.9999994020
test_16042,0.9999986484
test_16043,0.9999995128
test_16044,0.9989848725
test_16045,0.9999503665
test_16046,0.0000438142
test_16047,0.0000467729
test_16048,0.9999957346
test_16049,0.0002760445
test_16050,0.9999253594
test_16051,0.9999398479
test_16052,0.0000000878
test_16053,0.9946524503
test_16054,0.0000030734
test_16055,0.0000042090
test_16056,0.5099084397
test_16057,0.9999983720
test_16058,0.2092059978
test_16059,0.9999530479
test_16060,0.9999962458
test_16061,0.9999214064
test_16062,0.0000002823
test_16063,0.9999296771
test_16064,0.9999824831
test_16065,0.9999992214
test_16066,0.9999990242
test_16067,0.9995975351
test_16068,0.0000030288
test_16069,0.0332996422
test_16070,0.0692077052
test_16071,0.9998111555
test_16072,0.9999934169
test_16073,0.0000000546
test_16074,0.0000229730
test_16075,0.9999965733
test_16076,0.9653433373
test_16077,0.9999966636
test_16078,0.9945268839
test_16079,0.9917802245
test_16080,0.9999998447
test_16081,0.9998362102
test_16082,0.9999669543
test_16083,0.1789017019
test_16084,0.0000001033
test_16085,0.0000291562
test_16086,0.9999998031
test_16087,0.9999954972
test_16088,0.9999454588
test_16089,0.0003057727
test_16090,0.0000065357
test_16091,0.9912043130
test_16092,0.0069089440
test_16093,0.1808953798
test_16094,0.9999798306
test_16095,0.9999494863
test_16096,0.9999998591
test_16097,0.0004778531
test_16098,0.9979740263
test_16099,0.9999913484
test_16100,0.0000004598
test_16101,0.0000103513
test_16102,0.9999994463
test_16103,0.0001209069
test_16104,0.1022229829
test_16105,0.9982547275
test_16106,0.9999768791
test_16107,0.9999961643
test_16108,0.0000073474
test_16109,0.9999989902
test_16110,0.0000002895
test_16111,0.9999770582
test_16112,0.9999971873
test_16113,0.9979449974
test_16114,0.9999919929
test_16115,0.0000025267
test_16116,0.0001253701
test_16117,0.9999999375
test_16118,0.9993648501
test_16119,0.9853680226
test_16120,0.0000112498
test_16121,0.9995922512
test_16122,0.0000005670
test_16123,0.9999979964
test_16124,0.9988619293
test_16125,0.9999097429
test_16126,0.0157735708
test_16127,0.9999947948
test_16128,0.0000121162
test_16129,0.0004029089
test_16130,0.9998475253
test_16131,0.0001409743
test_16132,0.9999923815
test_16133,0.0000058230
test_16134,0.9999931528
test_16135,0.9999918062
test_16136,0.9999946448
test_16137,0.9999983467
test_16138,0.9998033199
test_16139,0.9981553498
test_16140,0.0005327376
test_16141,0.0000408268
test_16142,0.0074244487
test_16143,0.9999448452
test_16144,0.9787731385
test_16145,0.0000179297
test_16146,0.0000027026
test_16147,0.0335411062
test_16148,0.0173508836
test_16149,0.0892055357
test_16150,0.9999728144
test_16151,0.9999607440
test_16152,0.0000003249
test_16153,0.9999830861
test_16154,0.0000744172
test_16155,0.9999998475
test_16156,0.9999991219
test_16157,0.0625127044
test_16158,0.0000001318
test_16159,0.1495421730
test_16160,0.0676069463
test_16161,0.9994953348
test_16162,0.9945910567
test_16163,0.0013455177
test_16164,0.4034493046
test_16165,0.0000019458
test_16166,0.0000002449
test_16167,0.0177749716
test_16168,0.0000095728
test_16169,0.9999998883
test_16170,0.9999976051
test_16171,0.0014154667
test_16172,0.0000082740
test_16173,0.9996691748
test_16174,0.0000365629
test_16175,0.9998912186
test_16176,0.0000016252
test_16177,0.0000068342
test_16178,0.0000001332
test_16179,0.0000058249
test_16180,0.0023549840
test_16181,0.9999908272
test_16182,0.0000640784
test_16183,0.0000106105
test_16184,0.9999939141
test_16185,0.9999544990
test_16186,0.0192688706
test_16187,0.0000372313
test_16188,0.0126457127
test_16189,0.9999997868
test_16190,0.3431791363
test_16191,0.0000322849
test_16192,0.9999895448
test_16193,0.9999958285
test_16194,0.0000697247
test_16195,0.9999991971
test_16196,0.0000616898
test_16197,0.9999897559
test_16198,0.0000016545
test_16199,0.9999439773
test_16200,0.0939729768
test_16201,0.0000000369
test_16202,0.9999997408
test_16203,0.9999692278
test_16204,0.9999885901
test_16205,0.9999547877
test_16206,0.9999977465
test_16207,0.9999560793
test_16208,0.0000049601
test_16209,0.4344942661
test_16210,0.9999986023
test_16211,0.9999999049
test_16212,0.9999941972
test_16213,0.9999569182
test_16214,0.0000075068
test_16215,0.9910742631
test_16216,0.9999960003
test_16217,0.0000061813
test_16218,0.9999996254
test_16219,0.9999993722
test_16220,0.9999946038
test_16221,0.9974436379
test_16222,0.9999039395
test_16223,0.9945897599
test_16224,0.9999998337
test_16225,0.9929774963
test_16226,0.9979700165
test_16227,0.0000010803
test_16228,0.0000160166
test_16229,0.9999345115
test_16230,0.9956742906
test_16231,0.9999479285
test_16232,0.0000134460
test_16233,0.0000004700
test_16234,0.9790025204
test_16235,0.9999961718
test_16236,0.0000081541
test_16237,0.9999938626
test_16238,0.0553193725
test_16239,0.0001354507
test_16240,0.9993037703
test_16241,0.0000012602
test_16242,0.0008458012
test_16243,0.9998748551
test_16244,0.1287532486
test_16245,0.9999960226
test_16246,0.9850292566
test_16247,0.0000001605
test_16248,0.9981394356
test_16249,0.0000000902
test_16250,0.9999997507
test_16251,0.9999986700
test_16252,0.0002787104
test_16253,0.9997928526
test_16254,0.9988202985
test_16255,0.0245217019
test_16256,0.0001409020
test_16257,0.2386129292
test_16258,0.0000038801
test_16259,0.9999998913
test_16260,0.9842286965
test_16261,0.9999568084
test_16262,0.9999989511
test_16263,0.9780507333
test_16264,0.0000003528
test_16265,0.9999867003
test_16266,0.9999888675
test_16267,0.0000039424
test_16268,0.9999999148
test_16269,0.0000429455
test_16270,0.9990519120
test_16271,0.9999964224
test_16272,0.9999998911
test_16273,0.9999981203
test_16274,0.9999987953
test_16275,0.0000142895
test_16276,0.0000532206
test_16277,0.9999996545
test_16278,0.0000003758
test_16279,0.0000068574
test_16280,0.9999576908
test_16281,0.9999490537
test_16282,0.9999757786
test_16283,0.0000000913
test_16284,0.1102646437
test_16285,0.9999699696
test_16286,0.0000007089
test_16287,0.9999951299
test_16288,0.0000000836
test_16289,0.9999498430
test_16290,0.0476252187
test_16291,0.9999842054
test_16292,0.9804150787
test_16293,0.9999947106
test_16294,0.0000001811
test_16295,0.9999485378
test_16296,0.0001344034
test_16297,0.9999967534
test_16298,0.9945674017
test_16299,0.9996078844
test_16300,0.0000012034
test_16301,0.0000022058
test_16302,0.0000005164
test_16303,0.9999998314
test_16304,0.0000094173
test_16305,0.9999989676
test_16306,0.9974536724
test_16307,0.9999994248
test_16308,0.9999412352
test_16309,0.9999959331
test_16310,0.0000017956
test_16311,0.9901740588
test_16312,0.0000096534
test_16313,0.0000181609
test_16314,0.9999971809
test_16315,0.1623213775
test_16316,0.9849937578
test_16317,0.9999379361
test_16318,0.9999877717
test_16319,0.0000080872
test_16320,0.9999993309
test_16321,0.9993626371
test_16322,0.0012083352
test_16323,0.0000165328
test_16324,0.9999980260
test_16325,0.9966556114
test_16326,0.9998005499
test_16327,0.0000014771
test_16328,0.0002459901
test_16329,0.0000002472
test_16330,0.9999909337
test_16331,0.0000010571
test_16332,0.9992427041
test_16333,0.0004562672
test_16334,0.9999938940
test_16335,0.9999999074
test_16336,0.0000850629
test_16337,0.9956944435
test_16338,0.9999745678
test_16339,0.9998782109
test_16340,0.9999848251
test_16341,0.9999973801
test_16342,0.9999873161
test_16343,0.9995179918
test_16344,0.9999978020
test_16345,0.0001320144
test_16346,0.9999900889
test_16347,0.0000018930
test_16348,0.9999944463
test_16349,0.9999992301
test_16350,0.9999848794
test_16351,0.2040287637
test_16352,0.0000004028
test_16353,0.9999480949
test_16354,0.0002278155
test_16355,0.9999849636
test_16356,0.0799517082
test_16357,0.0015512589
test_16358,0.0001345007
test_16359,0.9999756378
test_16360,0.0002053356
test_16361,0.0000028568
test_16362,0.9999856315
test_16363,0.9998841553
test_16364,0.0817304529
test_16365,0.9999991746
test_16366,0.0833077086
test_16367,0.9999747321
test_16368,0.0000001887
test_16369,0.0000016926
test_16370,0.0000068585
test_16371,0.9910632291
test_16372,0.9999996818
test_16373,0.9999942176
test_16374,0.0000004247
test_16375,0.9999981718
test_16376,0.9999918981
test_16377,0.9999954242
test_16378,0.9965700069
test_16379,0.0000036415
test_16380,0.0000045413
test_16381,0.0123248733
test_16382,0.0000045837
test_16383,0.9959196626
test_16384,0.9999852585
test_16385,0.0031224106
test_16386,0.9998842378
test_16387,0.9999831928
test_16388,0.9999275009
test_16389,0.9999968738
test_16390,0.9999990700
test_16391,0.1993212149
test_16392,0.9999991002
test_16393,0.0033510021
test_16394,0.9999598019
test_16395,0.0000005827
test_16396,0.9999946560
test_16397,0.0000000732
test_16398,0.9999814407
test_16399,0.0000003230
test_16400,0.0000003773
test_16401,0.9999953689
test_16402,0.9999803849
test_16403,0.9997444290
test_16404,0.9999997227
test_16405,0.0000011381
test_16406,0.0109261397
test_16407,0.9998832670
test_16408,0.9820238458
test_16409,0.0000001335
test_16410,0.0000123162
test_16411,0.0000685615
test_16412,0.0000292625
test_16413,0.0000003293
test_16414,0.9999989312
test_16415,0.9999998440
test_16416,0.0002508408
test_16417,0.0000083943
test_16418,0.0000000515
test_16419,0.0000002411
test_16420,0.0000001021
test_16421,0.9999992357
test_16422,0.9999980254
test_16423,0.9999890010
test_16424,0.0158087278
test_16425,0.0000077314
test_16426,0.0707498038
test_16427,0.5687539812
test_16428,0.0000422217
test_16429,0.9999996513
test_16430,0.9999954342
test_16431,0.9999960002
test_16432,0.0001671584
test_16433,0.0002659595
test_16434,0.0000062269
test_16435,0.0001221100
test_16436,0.0000005755
test_16437,0.9770881546
test_16438,0.9999973127
test_16439,0.9999993954
test_16440,0.9999983238
test_16441,0.0000261705
test_16442,0.9967887729
test_16443,0.0000005344
test_16444,0.9998280968
test_16445,0.2417656686
test_16446,0.0000031694
test_16447,0.9999865088
test_16448,0.0088414898
test_16449,0.9999991642
test_16450,0.0003762218
test_16451,0.0000022875
test_16452,0.0000001800
test_16453,0.9999638568
test_16454,0.0000041168
test_16455,0.9993614473
test_16456,0.1959922266
test_16457,0.0001747113
test_16458,0.0000614391
test_16459,0.0001304093
test_16460,0.0299552840
test_16461,0.9999983880
test_16462,0.0031918050
test_16463,0.9999998063
test_16464,0.9999914265
test_16465,0.9990532347
test_16466,0.9487822040
test_16467,0.9998357441
test_16468,0.9997957026
test_16469,0.9999995421
test_16470,0.9999988800
test_16471,0.0000517711
test_16472,0.0000029205
test_16473,0.4109842694
test_16474,0.9987779931
test_16475,0.0000472772
test_16476,0.0000247666
test_16477,0.0000003532
test_16478,0.9999943545
test_16479,0.6040952030
test_16480,0.9998716990
test_16481,0.0000000829
test_16482,0.9969452995
test_16483,0.0000140587
test_16484,0.9944483301
test_16485,0.0000026548
test_16486,0.9997826660
test_16487,0.0930820700
test_16488,0.0000092941
test_16489,0.0000000524
test_16490,0.9998903412
test_16491,0.0018340004
test_16492,0.0000199038
test_16493,0.0000042251
test_16494,0.0000065363
test_16495,0.0225019012
test_16496,0.9997871689
test_16497,0.0000053566
test_16498,0.0000746876
test_16499,0.0096348255
test_16500,0.0000529419
test_16501,0.9999582056
test_16502,0.0000141985
test_16503,0.0000015458
test_16504,0.0000029999
test_16505,0.9999985363
test_16506,0.0000053565
test_16507,0.9999988854
test_16508,0.9999820696
test_16509,0.0000905803
test_16510,0.0001532518
test_16511,0.9999172245
test_16512,0.0000000850
test_16513,0.0005087919
test_16514,0.0000001839
test_16515,0.9892580059
test_16516,0.9999989698
test_16517,0.0100062358
test_16518,0.9999518634
test_16519,0.9999979179
test_16520,0.9812294910
test_16521,0.0016198679
test_16522,0.9999678729
test_16523,0.9999998336
test_16524,0.0026213000
test_16525,0.0000613753
test_16526,0.9999980817
test_16527,0.0000156674
test_16528,0.0005272831
test_16529,0.9999226767
test_16530,0.0000000736
test_16531,0.0000078951
test_16532,0.9999827274
test_16533,0.0000042143
test_16534,0.9999982312
test_16535,0.9999992946
test_16536,0.0000638016
test_16537,0.9877208973
test_16538,0.9999951205
test_16539,0.9999952197
test_16540,0.0049533065
test_16541,0.0000021814
test_16542,0.9999914021
test_16543,0.9994599654
test_16544,0.0001102781
test_16545,0.0000001774
test_16546,0.9999959981
test_16547,0.9999983165
test_16548,0.0263230886
test_16549,0.0004617225
test_16550,0.9999989147
test_16551,0.9999932710
test_16552,0.9999935237
test_16553,0.0187973132
test_16554,0.0000006868
test_16555,0.0072203010
test_16556,0.9999989947
test_16557,0.9999821281
test_16558,0.9999932628
test_16559,0.9999744944
test_16560,0.0000177920
test_16561,0.9998365816
test_16562,0.1334092825
test_16563,0.0003300718
test_16564,0.9999996387
test_16565,0.9934832928
test_16566,0.0000022975
test_16567,0.9999824047
test_16568,0.9996417119
test_16569,0.0000005525
test_16570,0.8664004921
test_16571,0.9993964427
test_16572,0.9872181860
test_16573,0.0000611307
test_16574,0.0002425899
test_16575,0.0000854407
test_16576,0.0000065295
test_16577,0.0000005065
test_16578,0.9999991912
test_16579,0.0043518765
test_16580,0.0000170981
test_16581,0.0000001111
test_16582,0.9999774166
test_16583,0.9999996155
test_16584,0.9998883125
test_16585,0.0000001766
test_16586,0.0432579345
test_16587,0.9982663779
test_16588,0.0001742182
test_16589,0.9999970790
test_16590,0.0000003943
test_16591,0.9999840508
test_16592,0.0000045735
test_16593,0.0028999371
test_16594,0.0000262621
test_16595,0.0005090694
test_16596,0.0000327981
test_16597,0.9999991861
test_16598,0.9999328748
test_16599,0.2613851885
test_16600,0.9999835358
test_16601,0.0006426613
test_16602,0.9999169417
test_16603,0.9602184939
test_16604,0.9999992532
test_16605,0.0000042207
test_16606,0.0022471992
test_16607,0.0497420406
test_16608,0.9999970908
test_16609,0.9999989562
test_16610,0.0000006203
test_16611,0.8485159122
test_16612,0.0000735089
test_16613,0.9999998632
test_16614,0.9990766902
test_16615,0.0000007556
test_16616,0.3542079370
test_16617,0.0341900331
test_16618,0.0001590228
test_16619,0.0000267891
test_16620,0.9999857447
test_16621,0.9999993054
test_16622,0.9999967484
test_16623,0.0859884350
test_16624,0.9999989201
test_16625,0.0000115770
test_16626,0.0869822064
test_16627,0.0000005236
test_16628,0.0000015671
test_16629,0.0000715685
test_16630,0.0000001594
test_16631,0.0000005894
test_16632,0.9999981543
test_16633,0.0000524265
test_16634,0.0062183047
test_16635,0.0000005395
test_16636,0.9999320732
test_16637,0.0000814602
test_16638,0.9999997306
test_16639,0.9999925428
test_16640,0.9999346471
test_16641,0.9888962979
test_16642,0.9999784880
test_16643,0.9999984473
test_16644,0.9999989842
test_16645,0.9999997438
test_16646,0.9999994222
test_16647,0.9999092682
test_16648,0.2196863708
test_16649,0.9997170675
test_16650,0.0000657164
test_16651,0.0001837467
test_16652,0.0000007793
test_16653,0.9997617683
test_16654,0.9999993880
test_16655,0.0000147736
test_16656,0.9675628987
test_16657,0.9999998983
test_16658,0.9999822835
test_16659,0.5639356411
test_16660,0.9999995602
test_16661,0.0000002748
test_16662,0.9997956892
test_16663,0.0000017786
test_16664,0.9999993739
test_16665,0.0000318327
test_16666,0.9999945605
test_16667,0.0000016517
test_16668,0.9999988419
test_16669,0.0006089063
test_16670,0.0001247588
test_16671,0.0001531223
test_16672,0.9999996836
test_16673,0.0000054045
test_16674,0.0000011062
test_16675,0.0002250465
test_16676,0.0068677209
test_16677,0.8946131991
test_16678,0.9936826708
test_16679,0.0000033847
test_16680,0.0757421810
test_16681,0.0000001674
test_16682,0.9999939148
test_16683,0.0020700302
test_16684,0.0322644123
test_16685,0.0000000672
test_16686,0.0000093935
test_16687,0.9999989048
test_16688,0.9358621570
test_16689,0.9983728994
test_16690,0.9999997601
test_16691,0.0001561345
test_16692,0.9454250173
test_16693,0.0000001556
test_16694,0.9999691618
test_16695,0.0006585745
test_16696,0.0000005544
test_16697,0.0000022705
test_16698,0.9956716854
test_16699,0.0000025377
test_16700,0.0000179258
test_16701,0.0000001232
test_16702,0.0000052409
test_16703,0.9999961317
test_16704,0.0015648234
test_16705,0.9999776854
test_16706,0.9999969194
test_16707,0.1154848684
test_16708,0.9999062683
test_16709,0.9999441136
test_16710,0.0003738670
test_16711,0.9999953010
test_16712,0.0002150914
test_16713,0.0007647891
test_16714,0.0000195286
test_16715,0.0000044883
test_16716,0.0000448463
test_16717,0.1822270517
test_16718,0.0000002706
test_16719,0.1555364437
test_16720,0.0000699448
test_16721,0.9999996448
test_16722,0.9999967587
test_16723,0.9999859884
test_16724,0.0019795292
test_16725,0.0002756686
test_16726,0.0000266631
test_16727,0.9999963044
test_16728,0.0000010908
test_16729,0.0056323911
test_16730,0.9874052900
test_16731,0.0019090316
test_16732,0.0046997185
test_16733,0.0000013006
test_16734,0.9991030756
test_16735,0.0000010548
test_16736,0.9999860892
test_16737,0.9999993465
test_16738,0.9999956174
test_16739,0.9999975279
test_16740,0.9999999179
test_16741,0.0000751364
test_16742,0.0000004293
test_16743,0.0000250375
test_16744,0.9999829666
test_16745,0.0000278003
test_16746,0.0008915286
test_16747,0.7776710020
test_16748,0.9999991395
test_16749,0.9998060934
test_16750,0.0001003282
test_16751,0.9999982314
test_16752,0.0034085806
test_16753,0.9999997732
test_16754,0.0017836067
test_16755,0.0000403018
test_16756,0.9999813433
test_16757,0.0000000469
test_16758,0.9998354181
test_16759,0.9647908451
test_16760,0.9985595702
test_16761,0.9999999442
test_16762,0.9999263173
test_16763,0.9999569154
test_16764,0.0000350406
test_16765,0.9999234480
test_16766,0.9999998355
test_16767,0.0000598657
test_16768,0.0000009823
test_16769,0.9912041903
test_16770,0.9999799008
test_16771,0.9472572200
test_16772,0.0000006264
test_16773,0.9928401794
test_16774,0.9999915243
test_16775,0.0164867774
test_16776,0.0000255520
test_16777,0.9993696847
test_16778,0.0000275988
test_16779,0.0000136199
test_16780,0.9999859550
test_16781,0.0000005424
test_16782,0.9999973013
test_16783,0.9999986747
test_16784,0.9999986641
test_16785,0.9999292863
test_16786,0.0000015920
test_16787,0.0007104048
test_16788,0.9846974705
test_16789,0.9999995792
test_16790,0.0030711683
test_16791,0.0000008242
test_16792,0.9999965947
test_16793,0.0000011185
test_16794,0.9999583814
test_16795,0.0000000613
test_16796,0.9999911500
test_16797,0.0000149146
test_16798,0.9810738160
test_16799,0.9999838811
test_16800,0.9874367999
test_16801,0.9999996556
test_16802,0.9997944098
test_16803,0.0000005912
test_16804,0.9999997908
test_16805,0.9999079595
test_16806,0.9999997913
test_16807,0.9999982947
test_16808,0.0000001368
test_16809,0.0000152532
test_16810,0.0000007907
test_16811,0.9999644596
test_16812,0.0006552000
test_16813,0.0000008198
test_16814,0.0018703746
test_16815,0.9999181577
test_16816,0.0000001048
test_16817,0.9999981792
test_16818,0.0000936139
test_16819,0.9999926845
test_16820,0.1444036577
test_16821,0.9997430291
test_16822,0.9999862606
test_16823,0.9999168283
test_16824,0.9999990310
test_16825,0.1998166066
test_16826,0.9997757338
test_16827,0.0000710654
test_16828,0.0026038868
test_16829,0.0110060511
test_16830,0.0000056534
test_16831,0.9999961745
test_16832,0.9999947193
test_16833,0.2816406906
test_16834,0.9977760806
test_16835,0.9951554612
test_16836,0.0197155279
test_16837,0.9999914053
test_16838,0.0000002571
test_16839,0.9758803591
test_16840,0.9999974287
test_16841,0.9999580558
test_16842,0.9943002410
test_16843,0.0000000824
test_16844,0.9999977872
test_16845,0.0000034967
test_16846,0.0000001767
test_16847,0.0537399724
test_16848,0.9999988911
test_16849,0.9999993108
test_16850,0.0001198933
test_16851,0.0000219415
test_16852,0.0008148823
test_16853,0.9318085938
test_16854,0.0000002525
test_16855,0.0001982231
test_16856,0.9998038570
test_16857,0.9999993706
test_16858,0.9999939901
test_16859,0.0000031487
test_16860,0.9996930087
test_16861,0.3884410364
test_16862,0.0000005179
test_16863,0.9999911253
test_16864,0.9998005350
test_16865,0.0012077181
test_16866,0.0002077532
test_16867,0.9682186854
test_16868,0.9999944523
test_16869,0.9999854901
test_16870,0.9999972813
test_16871,0.9999965843
test_16872,0.9999990795
test_16873,0.0000337534
test_16874,0.0200995598
test_16875,0.0000084166
test_16876,0.9999744251
test_16877,0.0000040653
test_16878,0.0000014240
test_16879,0.9767146511
test_16880,0.9999031977
test_16881,0.0000165775
test_16882,0.0016902893
test_16883,0.9999998031
test_16884,0.9999994958
test_16885,0.0015216474
test_16886,0.9999611433
test_16887,0.9999951655
test_16888,0.9999845351
test_16889,0.9999636453
test_16890,0.9999985047
test_16891,0.0013679795
test_16892,0.9999994949
test_16893,0.9999768605
test_16894,0.9999993184
test_16895,0.0148140519
test_16896,0.9990492501
test_16897,0.0001276873
test_16898,0.0000277664
test_16899,0.0000421102
test_16900,0.0000857826
test_16901,0.0000046216
test_16902,0.0000026756
test_16903,0.9999948544
test_16904,0.9999959935
test_16905,0.0000000981
test_16906,0.0182362941
test_16907,0.9997884642
test_16908,0.0000077179
test_16909,0.9999941222
test_16910,0.0002054478
test_16911,0.0372688533
test_16912,0.9997242309
test_16913,0.1181424536
test_16914,0.0000005244
test_16915,0.9999960742
test_16916,0.9999411384
test_16917,0.0000013801
test_16918,0.9711864881
test_16919,0.0001369238
test_16920,0.9999728849
test_16921,0.9999648140
test_16922,0.9396760815
test_16923,0.0000038628
test_16924,0.8558036441
test_16925,0.0000366809
test_16926,0.0007446413
test_16927,0.0208166235
test_16928,0.0008226764
test_16929,0.0013097570
test_16930,0.0000070856
test_16931,0.9999568266
test_16932,0.0003423480
test_16933,0.9999940249
test_16934,0.9999767954
test_16935,0.9991730982
test_16936,0.9999834874
test_16937,0.9896680357
test_16938,0.0025919100
test_16939,0.9999984162
test_16940,0.9999978721
test_16941,0.9999830654
test_16942,0.9999833619
test_16943,0.9984022388
test_16944,0.0000044935
test_16945,0.0000000690
test_16946,0.9948333726
test_16947,0.0000118529
test_16948,0.0000137982
test_16949,0.9999976222
test_16950,0.9999979326
test_16951,0.9998756257
test_16952,0.9999514465
test_16953,0.9999889540
test_16954,0.0000064280
test_16955,0.8464035201
test_16956,0.0000015184
test_16957,0.0002430439
test_16958,0.9999964748
test_16959,0.5240900842
test_16960,0.9999998911
test_16961,0.0000010631
test_16962,0.0000365320
test_16963,0.9999987842
test_16964,0.0000001024
test_16965,0.9999320367
test_16966,0.0000026984
test_16967,0.2252885930
test_16968,0.0000006669
test_16969,0.9999801506
test_16970,0.0000220139
test_16971,0.9999977603
test_16972,0.0001854017
test_16973,0.9999946181
test_16974,0.9614806352
test_16975,0.0000099625
test_16976,0.0000005994
test_16977,0.1892433795
test_16978,0.9999944244
test_16979,0.0015497107
test_16980,0.9999938348
test_16981,0.9999819931
test_16982,0.0000022433
test_16983,0.9999998069
test_16984,0.0000000834
test_16985,0.0000116958
test_16986,0.0002648754
test_16987,0.0000032890
test_16988,0.0002151850
test_16989,0.0000012573
test_16990,0.0000058956
test_16991,0.0000046588
test_16992,0.9997037107
test_16993,0.0000065930
test_16994,0.0008832135
test_16995,0.9990265013
test_16996,0.9923027759
test_16997,0.9935651204
test_16998,0.0002118772
test_16999,0.9999907855
test_17000,0.9936049735
test_17001,0.9980772368
test_17002,0.9999996790
test_17003,0.0000000717
test_17004,0.9999868823
test_17005,0.0000507949
test_17006,0.9999585655
test_17007,0.9924091869
test_17008,0.9994095881
test_17009,0.0001650000
test_17010,0.0000026289
test_17011,0.7396930223
test_17012,0.9692358789
test_17013,0.9952044126
test_17014,0.0000001194
test_17015,0.0070993098
test_17016,0.9999964072
test_17017,0.9749205163
test_17018,0.0006573636
test_17019,0.0000000510
test_17020,0.9997316267
test_17021,0.9999993303
test_17022,0.0018749391
test_17023,0.0009957326
test_17024,0.9999779192
test_17025,0.0000003120
test_17026,0.0077139337
test_17027,0.9999997303
test_17028,0.9999975439
test_17029,0.0006616768
test_17030,0.9999949547
test_17031,0.0000946649
test_17032,0.9999960578
test_17033,0.9970357828
test_17034,0.0000130981
test_17035,0.9904187975
test_17036,0.9999876373
test_17037,0.0001436847
test_17038,0.0002095219
test_17039,0.0000358271
test_17040,0.0140323378
test_17041,0.0074023282
test_17042,0.0007899267
test_17043,0.0000042903
test_17044,0.0112392182
test_17045,0.0000338871
test_17046,0.9999980711
test_17047,0.9996783186
test_17048,0.9398594937
test_17049,0.9999815457
test_17050,0.0012288927
test_17051,0.9993795085
test_17052,0.0000039534
test_17053,0.9998656508
test_17054,0.9999998570
test_17055,0.0000955225
test_17056,0.9999974695
test_17057,0.9996805318
test_17058,0.0000000773
test_17059,0.0000037671
test_17060,0.8810748247
test_17061,0.0000023285
test_17062,0.9996952661
test_17063,0.9980844892
test_17064,0.0000000511
test_17065,0.9919183631
test_17066,0.0000004146
test_17067,0.9999713351
test_17068,0.0000192141
test_17069,0.9999869102
test_17070,0.0000018746
test_17071,0.9999604634
test_17072,0.9998223785
test_17073,0.0001174214
test_17074,0.9999997847
test_17075,0.9999676201
test_17076,0.0000012567
test_17077,0.9986162513
test_17078,0.0000177276
test_17079,0.9999929788
test_17080,0.9999316501
test_17081,0.0000017325
test_17082,0.9999977416
test_17083,0.9963802069
test_17084,0.0008458282
test_17085,0.0002438109
test_17086,0.9999937922
test_17087,0.9701868114
test_17088,0.9999931530
test_17089,0.0000269795
test_17090,0.0303868823
test_17091,0.0000006647
test_17092,0.0002197579
test_17093,0.0036798939
test_17094,0.0000002282
test_17095,0.9999996620
test_17096,0.0007700455
test_17097,0.9999644557
test_17098,0.0000686469
test_17099,0.9999981723
test_17100,0.0000021343
test_17101,0.8588790170
test_17102,0.9999997758
test_17103,0.0000036095
test_17104,0.9844597473
test_17105,0.9999997323
test_17106,0.9999997573
test_17107,0.0000001232
test_17108,0.0000250103
test_17109,0.9999998594
test_17110,0.9999772726
test_17111,0.0009310148
test_17112,0.9999981524
test_17113,0.9999792502
test_17114,0.9999502491
test_17115,0.0000619866
test_17116,0.9999484931
test_17117,0.0000255996
test_17118,0.9998922222
test_17119,0.9999919207
test_17120,0.4789119771
test_17121,0.9999718165
test_17122,0.9999947650
test_17123,0.0000098093
test_17124,0.0000280154
test_17125,0.9999736792
test_17126,0.9996898460
test_17127,0.0000311878
test_17128,0.0007237552
test_17129,0.9999907530
test_17130,0.9999985307
test_17131,0.0000018359
test_17132,0.9994718102
test_17133,0.0000215342
test_17134,0.0000000511
test_17135,0.0001315197
test_17136,0.9999989923
test_17137,0.0234600821
test_17138,0.9978507621
test_17139,0.0000436290
test_17140,0.0001056843
test_17141,0.9957678227
test_17142,0.9999989603
test_17143,0.9999998906
test_17144,0.0001531950
test_17145,0.0000111303
test_17146,0.9999975388
test_17147,0.9999998437
test_17148,0.0000004928
test_17149,0.0505084748
test_17150,0.0000003177
test_17151,0.9999910462
test_17152,0.0001188975
test_17153,0.0000005033
test_17154,0.0000021305
test_17155,0.0000000569
test_17156,0.0000170596
test_17157,0.9999874046
test_17158,0.9872312991
test_17159,0.0000005050
test_17160,0.9999882883
test_17161,0.9999293165
test_17162,0.0000000898
test_17163,0.9993940203
test_17164,0.9999995205
test_17165,0.9998231077
test_17166,0.0000016753
test_17167,0.0000252403
test_17168,0.9999990473
test_17169,0.9999982558
test_17170,0.0349226393
test_17171,0.0000005879
test_17172,0.9973918305
test_17173,0.9987384535
test_17174,0.9997506465
test_17175,0.0153614105
test_17176,0.5333682960
test_17177,0.9999581941
test_17178,0.9999607316
test_17179,0.9965311352
test_17180,0.9999969191
test_17181,0.9999986836
test_17182,0.0000650148
test_17183,0.9994564245
test_17184,0.3195929447
test_17185,0.9999956184
test_17186,0.9999662076
test_17187,0.9999879810
test_17188,0.0000004317
test_17189,0.0036243668
test_17190,0.0000000663
test_17191,0.0013406819
test_17192,0.0016192813
test_17193,0.0000129072
test_17194,0.9998524601
test_17195,0.0000119956
test_17196,0.0000129855
test_17197,0.0002804872
test_17198,0.0000181560
test_17199,0.0000394758
test_17200,0.9999954073
test_17201,0.2956685372
test_17202,0.0021802122
test_17203,0.9999982823
test_17204,0.9999985486
test_17205,0.0000124191
test_17206,0.9999814559
test_17207,0.0000405162
test_17208,0.9999964721
test_17209,0.0032342342
test_17210,0.0031322401
test_17211,0.0000018659
test_17212,0.9999994460
test_17213,0.3677686603
test_17214,0.9999986525
test_17215,0.9999998829
test_17216,0.0000001237
test_17217,0.0010268164
test_17218,0.0000001146
test_17219,0.0000053210
test_17220,0.0000006225
test_17221,0.0000157771
test_17222,0.9999960008
test_17223,0.0000049961
test_17224,0.0000004659
test_17225,0.0014298908
test_17226,0.0000711652
test_17227,0.9964656677
test_17228,0.9999996427
test_17229,0.9999951795
test_17230,0.9999988942
test_17231,0.9996667479
test_17232,0.0000000662
test_17233,0.0000228265
test_17234,0.0395073389
test_17235,0.9999871901
test_17236,0.0000004293
test_17237,0.9999589969
test_17238,0.0005969196
test_17239,0.9999213721
test_17240,0.0000550479
test_17241,0.0000398131
test_17242,0.9999577378
test_17243,0.0000002436
test_17244,0.9998711522
test_17245,0.0000250751
test_17246,0.0024406022
test_17247,0.0000012131
test_17248,0.0000264968
test_17249,0.9988977121
test_17250,0.0000620870
test_17251,0.9999997010
test_17252,0.9958715318
test_17253,0.9978313045
test_17254,0.0002235290
test_17255,0.9999976088
test_17256,0.0000014587
test_17257,0.0000126983
test_17258,0.1380662234
test_17259,0.9999976746
test_17260,0.0000748026
test_17261,0.9999998106
test_17262,0.0000017061
test_17263,0.9992037075
test_17264,0.9999965972
test_17265,0.9999979208
test_17266,0.0000087385
test_17267,0.0000054839
test_17268,0.0303831770
test_17269,0.0000033897
test_17270,0.9998718593
test_17271,0.0000239699
test_17272,0.9999982381
test_17273,0.9999988759
test_17274,0.9999046154
test_17275,0.0201621840
test_17276,0.9999816786
test_17277,0.9990901116
test_17278,0.0000165811
test_17279,0.0000496556
test_17280,0.9865400480
test_17281,0.0000002244
test_17282,0.9995194060
test_17283,0.0000151196
test_17284,0.9998597481
test_17285,0.9999997779
test_17286,0.9999998015
test_17287,0.0000000519
test_17288,0.9999404708
test_17289,0.0010445921
test_17290,0.0000144664
test_17291,0.9999574633
test_17292,0.9999977614
test_17293,0.0000009539
test_17294,0.9999782539
test_17295,0.0002213470
test_17296,0.9963536815
test_17297,0.9999247695
test_17298,0.0024025975
test_17299,0.9999887652
test_17300,0.0000268804
test_17301,0.9999332120
test_17302,0.0000013340
test_17303,0.0000018394
test_17304,0.0006939801
test_17305,0.9998657308
test_17306,0.9999970021
test_17307,0.9999618587
test_17308,0.9986596722
test_17309,0.0000420180
test_17310,0.9997062221
test_17311,0.0000001175
test_17312,0.9994742934
test_17313,0.9998856185
test_17314,0.9999993104
test_17315,0.0434269246
test_17316,0.0000017473
test_17317,0.9999997409
test_17318,0.9903124716
test_17319,0.9999979211
test_17320,0.9999999454
test_17321,0.9999928225
test_17322,0.0001284758
test_17323,0.9999745841
test_17324,0.0000210582
test_17325,0.0039239625
test_17326,0.9999936977
test_17327,0.0000002911
test_17328,0.9952810502
test_17329,0.0000027326
test_17330,0.0000003462
test_17331,0.3998984414
test_17332,0.9999956241
test_17333,0.9998914030
test_17334,0.0000077438
test_17335,0.9999960790
test_17336,0.0000698037
test_17337,0.0000079979
test_17338,0.9999998848
test_17339,0.0000017052
test_17340,0.0000360464
test_17341,0.0000000547
test_17342,0.0000049151
test_17343,0.0000778552
test_17344,0.9999927306
test_17345,0.9999879213
test_17346,0.9999381235
test_17347,0.0000008300
test_17348,0.9994102609
test_17349,0.0000071037
test_17350,0.0007884094
test_17351,0.9991503814
test_17352,0.9999947431
test_17353,0.9999998704
test_17354,0.9999842956
test_17355,0.0000041967
test_17356,0.0003069310
test_17357,0.9999991533
test_17358,0.0002561282
test_17359,0.9999990909
test_17360,0.9999877846
test_17361,0.9999975998
test_17362,0.0000474277
test_17363,0.0205762449
test_17364,0.0018547870
test_17365,0.0001348063
test_17366,0.0003594859
test_17367,0.9999495970
test_17368,0.0000053685
test_17369,0.9975869972
test_17370,0.9999763584
test_17371,0.9999997801
test_17372,0.9864961599
test_17373,0.0036404368
test_17374,0.9998785890
test_17375,0.0029931915
test_17376,0.9999948217
test_17377,0.0000001846
test_17378,0.0000172876
test_17379,0.9999995682
test_17380,0.9999709239
test_17381,0.0000033604
test_17382,0.9995667753
test_17383,0.9762378804
test_17384,0.0000013930
test_17385,0.0000002452
test_17386,0.0000030169
test_17387,0.9991000438
test_17388,0.0000000336
test_17389,0.0000000870
test_17390,0.0000003155
test_17391,0.0005531132
test_17392,0.0000179527
test_17393,0.0507536477
test_17394,0.0000024400
test_17395,0.0000330347
test_17396,0.9999516211
test_17397,0.0000030120
test_17398,0.9999952294
test_17399,0.9391833359
test_17400,0.0005686995
test_17401,0.9999944432
test_17402,0.9999958315
test_17403,0.9998930879
test_17404,0.9999861478
test_17405,0.9999807550
test_17406,0.0001926574
test_17407,0.9820807142
test_17408,0.0000005170
test_17409,0.9999605023
test_17410,0.9999954141
test_17411,0.9999997830
test_17412,0.0008696044
test_17413,0.9996085470
test_17414,0.0028292175
test_17415,0.0077556803
test_17416,0.9999370441
test_17417,0.9995681309
test_17418,0.0195391872
test_17419,0.0000020725
test_17420,0.9999957676
test_17421,0.9857395410
test_17422,0.9999982325
test_17423,0.9995709185
test_17424,0.9996154837
test_17425,0.3980644243
test_17426,0.9999890999
test_17427,0.9999661338
test_17428,0.5232471937
test_17429,0.0039591191
test_17430,0.9999786092
test_17431,0.0000050028
test_17432,0.0000397080
test_17433,0.0292014333
test_17434,0.5572858497
test_17435,0.9776166808
test_17436,0.0000047328
test_17437,0.9999797659
test_17438,0.9999820675
test_17439,0.0000003211
test_17440,0.0000647302
test_17441,0.9999999036
test_17442,0.0000000796
test_17443,0.9999879048
test_17444,0.0000139741
test_17445,0.0000001370
test_17446,0.9999941967
test_17447,0.0000027855
test_17448,0.9962711074
test_17449,0.9999980920
test_17450,0.9999603117
test_17451,0.0007659437
test_17452,0.0000414766
test_17453,0.9999999264
test_17454,0.9999991085
test_17455,0.0000012093
test_17456,0.0000073825
test_17457,0.9999593122
test_17458,0.0001677630
test_17459,0.0034093688
test_17460,0.0000198099
test_17461,0.9971595897
test_17462,0.0565425559
test_17463,0.0000153178
test_17464,0.0000071613
test_17465,0.0000028048
test_17466,0.0233463784
test_17467,0.9999999232
test_17468,0.9999998976
test_17469,0.0082516966
test_17470,0.0038176321
test_17471,0.9958954979
test_17472,0.9898401269
test_17473,0.9999933900
test_17474,0.9999952552
test_17475,0.0025905507
test_17476,0.9999544450
test_17477,0.0001844753
test_17478,0.0000001564
test_17479,0.0001666553
test_17480,0.9999983943
test_17481,0.9887677624
test_17482,0.9997938799
test_17483,0.0000003607
test_17484,0.0000000862
test_17485,0.9973536798
test_17486,0.0000062686
test_17487,0.0020443320
test_17488,0.0004513672
test_17489,0.9999928892
test_17490,0.0033304581
test_17491,0.9999968930
test_17492,0.0000030192
test_17493,0.9999884769
test_17494,0.0256575529
test_17495,0.0300792930
test_17496,0.0068333594
test_17497,0.0000115547
test_17498,0.0012833914
test_17499,0.9999617634
test_17500,0.0000044740
test_17501,0.9991947268
test_17502,0.0000132440
test_17503,0.9999941139
test_17504,0.0000003347
test_17505,0.0000014109
test_17506,0.0000000973
test_17507,0.9999935660
test_17508,0.9999957980
test_17509,0.9999991303
test_17510,0.0000045884
test_17511,0.9999143547
test_17512,0.4701513029
test_17513,0.9994519218
test_17514,0.9999731586
test_17515,0.9999982043
test_17516,0.0000026386
test_17517,0.9934462042
test_17518,0.0117703302
test_17519,0.0000000939
test_17520,0.0011051364
test_17521,0.9999998079
test_17522,0.9936823618
test_17523,0.0000656837
test_17524,0.9782539336
test_17525,0.9999107059
test_17526,0.9999996423
test_17527,0.0000119111
test_17528,0.9999978123
test_17529,0.0002569827
test_17530,0.9999998226
test_17531,0.0338510750
test_17532,0.0000449111
test_17533,0.9999971570
test_17534,0.9992245795
test_17535,0.9999871883
test_17536,0.9999199517
test_17537,0.6954120600
test_17538,0.9999791182
test_17539,0.0000253363
test_17540,0.0000921819
test_17541,0.9999997219
test_17542,0.9999992671
test_17543,0.9969774463
test_17544,0.0000045404
test_17545,0.9999911662
test_17546,0.9999990807
test_17547,0.0000301867
test_17548,0.9999325276
test_17549,0.0000204239
test_17550,0.9780228470
test_17551,0.0000556010
test_17552,0.9999995502
test_17553,0.0003819673
test_17554,0.9999984848
test_17555,0.0000170002
test_17556,0.0000040626
test_17557,0.9999979873
test_17558,0.9999938288
test_17559,0.9999999086
test_17560,0.0540611746
test_17561,0.0944846076
test_17562,0.0000006553
test_17563,0.0000679355
test_17564,0.0278884103
test_17565,0.0000021229
test_17566,0.0060180887
test_17567,0.9994709260
test_17568,0.9983704083
test_17569,0.0000112182
test_17570,0.8665406101
test_17571,0.0000016695
test_17572,0.9999995393
test_17573,0.9999995939
test_17574,0.0000057110
test_17575,0.0025010297
test_17576,0.9997209537
test_17577,0.9999986352
test_17578,0.0000087324
test_17579,0.0001083840
test_17580,0.1465211773
test_17581,0.0001063489
test_17582,0.9999800068
test_17583,0.0023936086
test_17584,0.9999880966
test_17585,0.9997557142
test_17586,0.0000050803
test_17587,0.0000171867
test_17588,0.0008200409
test_17589,0.9999995251
test_17590,0.0006837724
test_17591,0.9998244054
test_17592,0.0189027764
test_17593,0.9999956043
test_17594,0.0000000992
test_17595,0.9999955317
test_17596,0.9999454213
test_17597,0.9999981248
test_17598,0.0000806619
test_17599,0.9999875534
test_17600,0.0001644636
test_17601,0.9752527957
test_17602,0.9931891578
test_17603,0.0400140520
test_17604,0.0000690644
test_17605,0.0000001774
test_17606,0.0000021638
test_17607,0.0000102281
test_17608,0.0005234894
test_17609,0.9999960604
test_17610,0.9988053326
test_17611,0.9993900362
test_17612,0.3685382297
test_17613,0.0002015386
test_17614,0.9999992986
test_17615,0.0000004213
test_17616,0.9999998192
test_17617,0.0000000976
test_17618,0.0000827432
test_17619,0.9999909778
test_17620,0.9943228338
test_17621,0.0000009821
test_17622,0.0000362142
test_17623,0.9995145488
test_17624,0.9999990576
test_17625,0.9999963952
test_17626,0.0000014154
test_17627,0.0007460032
test_17628,0.9999997060
test_17629,0.9852424789
test_17630,0.9999103695
test_17631,0.9978137296
test_17632,0.0004568315
test_17633,0.9999969349
test_17634,0.0000000675
test_17635,0.9973850134
test_17636,0.0000501061
test_17637,0.0022449313
test_17638,0.9939583605
test_17639,0.8973305599
test_17640,0.9997430920
test_17641,0.0000305679
test_17642,0.9996991648
test_17643,0.0000026616
test_17644,0.9844331614
test_17645,0.9999996483
test_17646,0.2603800185
test_17647,0.0000018683
test_17648,0.9558121676
test_17649,0.0000118551
test_17650,0.0000002389
test_17651,0.9965291335
test_17652,0.0000228082
test_17653,0.0003137220
test_17654,0.0000012645
test_17655,0.0000748795
test_17656,0.9999998692
test_17657,0.9999236652
test_17658,0.0000597024
test_17659,0.0000005269
test_17660,0.9999578785
test_17661,0.8626047228
test_17662,0.0002668295
test_17663,0.9999998430
test_17664,0.0000003637
test_17665,0.0000149773
test_17666,0.0000170876
test_17667,0.9999996638
test_17668,0.0000625389
test_17669,0.9757397456
test_17670,0.0000000493
test_17671,0.0000412739
test_17672,0.9999975711
test_17673,0.0000137247
test_17674,0.0000103025
test_17675,0.9999995969
test_17676,0.9999973778
test_17677,0.9999640891
test_17678,0.0000002792
test_17679,0.9997973974
test_17680,0.0000032246
test_17681,0.0057190661
test_17682,0.9994487362
test_17683,0.9999894148
test_17684,0.9999992502
test_17685,0.9979813839
test_17686,0.0000244442
test_17687,0.0000018071
test_17688,0.0000000602
test_17689,0.9999953938
test_17690,0.0000304094
test_17691,0.0032149926
test_17692,0.9999966534
test_17693,0.9946953611
test_17694,0.9995667268
test_17695,0.9999693710
test_17696,0.9999849297
test_17697,0.9999793115
test_17698,0.0000070058
test_17699,0.0000015781
test_17700,0.0000207449
test_17701,0.9999977928
test_17702,0.0000751599
test_17703,0.0000099173
test_17704,0.0000628414
test_17705,0.0000017610
test_17706,0.9996137508
test_17707,0.0000686988
test_17708,0.9999985467
test_17709,0.0000001296
test_17710,0.9998593367
test_17711,0.0000209804
test_17712,0.0000594035
test_17713,0.0000308289
test_17714,0.0000120026
test_17715,0.0641001529
test_17716,0.0000018846
test_17717,0.9999932957
test_17718,0.0132663952
test_17719,0.0000001379
test_17720,0.0006251555
test_17721,0.9680188226
test_17722,0.0076364377
test_17723,0.1093166451
test_17724,0.9992208447
test_17725,0.0000001368
test_17726,0.9997528764
test_17727,0.9999027771
test_17728,0.9999861422
test_17729,0.9999231527
test_17730,0.9999972645
test_17731,0.0000406210
test_17732,0.9999971742
test_17733,0.9999997818
test_17734,0.0000041883
test_17735,0.9999005499
test_17736,0.9999999194
test_17737,0.0000940788
test_17738,0.0010002170
test_17739,0.9903504450
test_17740,0.0000028114
test_17741,0.9999996200
test_17742,0.0000124631
test_17743,0.9999824546
test_17744,0.9999998289
test_17745,0.0000001158
test_17746,0.0000133781
test_17747,0.0000089150
test_17748,0.9999915195
test_17749,0.9999982727
test_17750,0.0000000711
test_17751,0.0574243258
test_17752,0.0000003244
test_17753,0.9984522840
test_17754,0.0109922314
test_17755,0.9999979527
test_17756,0.0022595588
test_17757,0.9991638539
test_17758,0.0000001388
test_17759,0.9999955305
test_17760,0.5940774033
test_17761,0.0964899334
test_17762,0.0000925366
test_17763,0.0000017987
test_17764,0.0000102287
test_17765,0.9999943937
test_17766,0.0547169659
test_17767,0.0008842387
test_17768,0.9999894621
test_17769,0.0000002989
test_17770,0.9952079729
test_17771,0.0900643673
test_17772,0.7934697046
test_17773,0.0039932056
test_17774,0.0000238293
test_17775,0.0001457014
test_17776,0.9999568235
test_17777,0.0000497460
test_17778,0.0005702183
test_17779,0.0000032529
test_17780,0.9999997938
test_17781,0.0000031936
test_17782,0.9999903511
test_17783,0.0000001873
test_17784,0.9998595781
test_17785,0.9999998256
test_17786,0.8637769813
test_17787,0.9916536508
test_17788,0.9998809884
test_17789,0.0002715362
test_17790,0.0000008433
test_17791,0.9999452360
test_17792,0.0000083056
test_17793,0.0000007630
test_17794,0.0000801969
test_17795,0.0011997436
test_17796,0.0000005641
test_17797,0.9999997403
test_17798,0.0000333546
test_17799,0.0000106811
test_17800,0.9958264608
test_17801,0.0000013898
test_17802,0.3958022684
test_17803,0.0008222719
test_17804,0.9997896988
test_17805,0.9878992390
test_17806,0.9999477194
test_17807,0.0000188687
test_17808,0.0008809670
test_17809,0.0002474000
test_17810,0.0210167488
test_17811,0.2027331665
test_17812,0.0003819667
test_17813,0.0701792605
test_17814,0.9354800853
test_17815,0.9993833982
test_17816,0.9998929300
test_17817,0.9999196484
test_17818,0.8474385557
test_17819,0.9999975800
test_17820,0.0023978223
test_17821,0.9999996197
test_17822,0.0000001524
test_17823,0.0000000972
test_17824,0.9999944933
test_17825,0.0023222967
test_17826,0.9999418648
test_17827,0.3937892743
test_17828,0.9999996746
test_17829,0.9999645559
test_17830,0.9999847469
test_17831,0.0000071267
test_17832,0.0000005024
test_17833,0.9993867790
test_17834,0.0006024804
test_17835,0.9999888977
test_17836,0.9998837558
test_17837,0.9999982344
test_17838,0.9999991630
test_17839,0.9999866490
test_17840,0.9998251848
test_17841,0.9999998069
test_17842,0.9999986504
test_17843,0.0000004241
test_17844,0.0118633184
test_17845,0.9996087139
test_17846,0.0000000992
test_17847,0.9999792151
test_17848,0.9999971263
test_17849,0.0000005066
test_17850,0.0000241293
test_17851,0.0095527662
test_17852,0.9999216372
test_17853,0.9999703502
test_17854,0.0000001827
test_17855,0.0000001559
test_17856,0.9999998096
test_17857,0.0001302516
test_17858,0.9999976072
test_17859,0.9999866685
test_17860,0.0000009122
test_17861,0.9998622877
test_17862,0.9999998630
test_17863,0.0000132938
test_17864,0.0736147734
test_17865,0.9938702986
test_17866,0.0000184308
test_17867,0.3260393507
test_17868,0.7737081024
test_17869,0.0000246173
test_17870,0.9999990404
test_17871,0.9918754001
test_17872,0.0351552053
test_17873,0.9999998046
test_17874,0.0000054829
test_17875,0.9998510135
test_17876,0.0000399850
test_17877,0.0001407811
test_17878,0.0180609801
test_17879,0.9999878279
test_17880,0.0107292155
test_17881,0.8520282547
test_17882,0.0000632920
test_17883,0.9485221230
test_17884,0.9997255109
test_17885,0.9999902146
test_17886,0.0000011366
test_17887,0.9999998390
test_17888,0.0171914110
test_17889,0.9999996715
test_17890,0.9999994212
test_17891,0.9861433225
test_17892,0.9998674454
test_17893,0.9999993486
test_17894,0.9999930465
test_17895,0.9979083610
test_17896,0.9999995888
test_17897,0.0020070079
test_17898,0.9999619561
test_17899,0.0001274069
test_17900,0.9999584620
test_17901,0.0000261588
test_17902,0.4872820531
test_17903,0.9999988722
test_17904,0.9999947442
test_17905,0.0984993711
test_17906,0.9999650904
test_17907,0.9999964639
test_17908,0.9698833701
test_17909,0.9999989612
test_17910,0.0000002230
test_17911,0.0000008116
test_17912,0.9999913490
test_17913,0.9987324384
test_17914,0.0682981174
test_17915,0.9999989500
test_17916,0.0000206080
test_17917,0.0000314119
test_17918,0.0000198757
test_17919,0.0000008294
test_17920,0.0001331365
test_17921,0.9999989344
test_17922,0.9999738697
test_17923,0.9999989495
test_17924,0.0000143234
test_17925,0.0004327406
test_17926,0.0000267141
test_17927,0.0001349420
test_17928,0.9999918367
test_17929,0.0075879669
test_17930,0.9999918666
test_17931,0.9999888899
test_17932,0.0153518285
test_17933,0.9999994147
test_17934,0.0000349006
test_17935,0.0001777020
test_17936,0.9999922694
test_17937,0.0000179579
test_17938,0.0000149855
test_17939,0.9998893444
test_17940,0.9999968101
test_17941,0.1805262499
test_17942,0.9999995581
test_17943,0.9991436402
test_17944,0.9999999237
test_17945,0.0000078563
test_17946,0.9983663144
test_17947,0.1990819819
test_17948,0.0047940138
test_17949,0.0002538555
test_17950,0.9999891303
test_17951,0.0009430018
test_17952,0.0004810828
test_17953,0.9999997297
test_17954,0.0001943726
test_17955,0.0000012166
test_17956,0.9999994104
test_17957,0.0000000658
test_17958,0.0000315958
test_17959,0.0000336243
test_17960,0.0000046454
test_17961,0.0018994223
test_17962,0.0036808192
test_17963,0.9999650737
test_17964,0.9909250915
test_17965,0.9999979950
test_17966,0.9999756675
test_17967,0.0010331820
test_17968,0.0027907641
test_17969,0.0000015413
test_17970,0.0000021030
test_17971,0.9999615859
test_17972,0.0001811811
test_17973,0.9997309140
test_17974,0.0002014202
test_17975,0.0000047547
test_17976,0.9999736856
test_17977,0.0000199483
test_17978,0.9999984639
test_17979,0.9919426770
test_17980,0.0919665321
test_17981,0.9734246196
test_17982,0.9999975375
test_17983,0.9991274349
test_17984,0.0000027136
test_17985,0.0006756166
test_17986,0.0130421806
test_17987,0.9999982646
test_17988,0.9999808114
test_17989,0.9999980410
test_17990,0.0002961246
test_17991,0.9999960724
test_17992,0.9999820286
test_17993,0.0000162470
test_17994,0.1443545484
test_17995,0.0001620352
test_17996,0.9999999123
test_17997,0.0000057709
test_17998,0.0515388206
test_17999,0.9999848648
test_18000,0.4540636867
test_18001,0.0001644179
test_18002,0.9999996939
test_18003,0.9999983836
test_18004,0.0668042151
test_18005,0.9963866456
test_18006,0.9982458409
test_18007,0.9819563202
test_18008,0.9986222784
test_18009,0.9999990550
test_18010,0.0001666099
test_18011,0.9999984835
test_18012,0.0004015335
test_18013,0.9679149611
test_18014,0.0000030845
test_18015,0.0000023005
test_18016,0.0009884946
test_18017,0.0000028433
test_18018,0.0000002908
test_18019,0.0000003900
test_18020,0.9435387826
test_18021,0.9082279270
test_18022,0.9999926373
test_18023,0.9999763349
test_18024,0.0000007023
test_18025,0.0000001977
test_18026,0.9924842415
test_18027,0.0000095526
test_18028,0.9999975840
test_18029,0.4105992643
test_18030,0.9999956916
test_18031,0.9898052145
test_18032,0.0002089009
test_18033,0.9999889318
test_18034,0.9999996589
test_18035,0.0001012040
test_18036,0.9999888982
test_18037,0.0000100268
test_18038,0.9672673406
test_18039,0.9983855867
test_18040,0.9999982372
test_18041,0.9999990428
test_18042,0.9999955819
test_18043,0.0000033117
test_18044,0.9999893019
test_18045,0.0000777213
test_18046,0.9999760414
test_18047,0.0026424446
test_18048,0.0001006568
test_18049,0.9999973029
test_18050,0.9999454731
test_18051,0.0000000544
test_18052,0.0000610609
test_18053,0.0000017046
test_18054,0.0002590803
test_18055,0.9991436928
test_18056,0.0000018759
test_18057,0.0613091107
test_18058,0.9998702058
test_18059,0.0269210605
test_18060,0.9999734553
test_18061,0.9927481322
test_18062,0.9999995212
test_18063,0.0007314984
test_18064,0.9938095338
test_18065,0.9998801612
test_18066,0.0000175157
test_18067,0.9999796114
test_18068,0.9995924816
test_18069,0.9887824039
test_18070,0.9999987781
test_18071,0.0000000598
test_18072,0.9432203765
test_18073,0.0005534741
test_18074,0.0000006775
test_18075,0.9999993709
test_18076,0.9999973466
test_18077,0.0000000466
test_18078,0.9999116488
test_18079,0.9999677143
test_18080,0.9999998011
test_18081,0.9999982541
test_18082,0.9999976404
test_18083,0.9997467666
test_18084,0.9999982665
test_18085,0.0014462459
test_18086,0.9999964384
test_18087,0.0308481828
test_18088,0.9999993298
test_18089,0.0000145530
test_18090,0.0000002593
test_18091,0.9997029811
test_18092,0.9999967788
test_18093,0.9999779293
test_18094,0.0001015946
test_18095,0.9877128534
test_18096,0.9982741820
test_18097,0.9991779482
test_18098,0.9999996837
test_18099,0.9999997400
test_18100,0.0010196439
test_18101,0.0000096598
test_18102,0.9999986874
test_18103,0.0000395304
test_18104,0.9997089671
test_18105,0.9999915452
test_18106,0.8092824529
test_18107,0.9999839424
test_18108,0.0007004141
test_18109,0.0000061332
test_18110,0.9999950316
test_18111,0.0016334540
test_18112,0.4165582606
test_18113,0.3272166885
test_18114,0.9999977670
test_18115,0.9999825360
test_18116,0.9999997107
test_18117,0.0000008111
test_18118,0.0000349989
test_18119,0.0001036961
test_18120,0.0000004464
test_18121,0.9997402847
test_18122,0.0000497174
test_18123,0.9893017115
test_18124,0.0006800611
test_18125,0.9999998157
test_18126,0.9999987847
test_18127,0.0000211554
test_18128,0.0000017382
test_18129,0.0000016993
test_18130,0.0000081591
test_18131,0.9713258433
test_18132,0.0000021774
test_18133,0.0000068286
test_18134,0.0000150573
test_18135,0.0013955821
test_18136,0.0037632268
test_18137,0.0000003058
test_18138,0.9999527169
test_18139,0.0000001338
test_18140,0.0000066474
test_18141,0.1545532746
test_18142,0.0003040166
test_18143,0.9998564316
test_18144,0.0000025115
test_18145,0.9999871711
test_18146,0.9999894763
test_18147,0.0000368972
test_18148,0.0000992832
test_18149,0.9999754200
test_18150,0.9999884635
test_18151,0.9998358930
test_18152,0.9999993005
test_18153,0.0003414702
test_18154,0.9979845025
test_18155,0.9999999338
test_18156,0.0001084190
test_18157,0.0022910987
test_18158,0.9999956020
test_18159,0.9999723477
test_18160,0.9999724635
test_18161,0.9997672049
test_18162,0.0203769956
test_18163,0.0000416074
test_18164,0.9999948336
test_18165,0.0016247625
test_18166,0.0001832935
test_18167,0.9999997388
test_18168,0.9999972442
test_18169,0.9991272130
test_18170,0.9999965502
test_18171,0.9980336270
test_18172,0.9999541407
test_18173,0.9999990001
test_18174,0.9999764212
test_18175,0.0000918855
test_18176,0.9999976232
test_18177,0.9999981569
test_18178,0.9995079901
test_18179,0.9999983264
test_18180,0.0000097737
test_18181,0.0052447605
test_18182,0.9999959292
test_18183,0.9999006690
test_18184,0.9991699129
test_18185,0.9987956141
test_18186,0.0000016037
test_18187,0.0000004573
test_18188,0.8108484121
test_18189,0.0000486918
test_18190,0.9999914691
test_18191,0.9999327179
test_18192,0.9999796011
test_18193,0.7380925098
test_18194,0.0015164503
test_18195,0.9999960164
test_18196,0.9995130557
test_18197,0.9999973931
test_18198,0.7893828887
test_18199,0.9999931173
test_18200,0.0001084888
test_18201,0.9999896462
test_18202,0.9982262540
test_18203,0.9992753572
test_18204,0.9919281300
test_18205,0.9953842084
test_18206,0.0015185620
test_18207,0.9999997228
test_18208,0.0028773381
test_18209,0.9999998043
test_18210,0.9992827071
test_18211,0.0001273001
test_18212,0.0000744633
test_18213,0.0006292916
test_18214,0.0000004549
test_18215,0.5633615327
test_18216,0.0000044343
test_18217,0.0001385713
test_18218,0.9999998921
test_18219,0.0001208320
test_18220,0.9999142014
test_18221,0.0000021962
test_18222,0.0000002244
test_18223,0.0000002747
test_18224,0.9999541303
test_18225,0.9999825010
test_18226,0.9999826330
test_18227,0.9990156655
test_18228,0.9999893385
test_18229,0.0011907511
test_18230,0.9999988173
test_18231,0.9994130706
test_18232,0.0023650866
test_18233,0.9999997782
test_18234,0.0372101173
test_18235,0.9999655300
test_18236,0.0000044929
test_18237,0.0002315109
test_18238,0.9976864455
test_18239,0.9872787703
test_18240,0.3771129645
test_18241,0.8679576252
test_18242,0.0003199199
test_18243,0.0000019583
test_18244,0.9999992062
test_18245,0.9999947436
test_18246,0.9999922636
test_18247,0.0001313827
test_18248,0.9999948343
test_18249,0.2141005293
test_18250,0.0000001731
test_18251,0.2080048456
test_18252,0.9999903947
test_18253,0.9999991305
test_18254,0.0000107268
test_18255,0.0000165905
test_18256,0.0000038387
test_18257,0.0000066609
test_18258,0.9981386301
test_18259,0.0000857149
test_18260,0.9999739747
test_18261,0.9999927313
test_18262,0.0002413910
test_18263,0.9998373313
test_18264,0.0000112373
test_18265,0.0004216418
test_18266,0.0000064558
test_18267,0.9999938261
test_18268,0.9997450414
test_18269,0.0000000937
test_18270,0.9999729266
test_18271,0.0000047031
test_18272,0.0000391045
test_18273,0.0010263492
test_18274,0.0000006169
test_18275,0.0000023734
test_18276,0.0000029804
test_18277,0.0000011831
test_18278,0.0000019801
test_18279,0.9999878559
test_18280,0.9999996518
test_18281,0.0000005564
test_18282,0.9995371167
test_18283,0.0087504188
test_18284,0.9999819654
test_18285,0.9999976370
test_18286,0.0000451714
test_18287,0.0005165965
test_18288,0.0000058121
test_18289,0.9999971388
test_18290,0.9999924459
test_18291,0.0000001553
test_18292,0.0073251875
test_18293,0.9998645047
test_18294,0.9978075481
test_18295,0.9999969376
test_18296,0.0000021971
test_18297,0.0000154136
test_18298,0.9901894611
test_18299,0.0000000465
test_18300,0.9839202138
test_18301,0.0014520392
test_18302,0.0013081910
test_18303,0.0003472236
test_18304,0.0000000905
test_18305,0.9999955876
test_18306,0.0000065073
test_18307,0.0000218773
test_18308,0.0000141278
test_18309,0.9989493289
test_18310,0.9996946869
test_18311,0.0000252939
test_18312,0.0002742194
test_18313,0.9999998757
test_18314,0.0008225246
test_18315,0.0058274600
test_18316,0.9769114896
test_18317,0.0014656422
test_18318,0.9998892901
test_18319,0.0004169544
test_18320,0.0036920886
test_18321,0.0000033309
test_18322,0.9999757718
test_18323,0.9901307472
test_18324,0.9998752459
test_18325,0.4281885428
test_18326,0.9999547328
test_18327,0.0000709023
test_18328,0.0001420973
test_18329,0.9999875983
test_18330,0.0000253406
test_18331,0.9999999051
test_18332,0.0014333771
test_18333,0.0011664830
test_18334,0.9999142577
test_18335,0.0000532974
test_18336,0.0000032975
test_18337,0.9999990087
test_18338,0.9980968946
test_18339,0.0000875451
test_18340,0.9999993640
test_18341,0.0000060651
test_18342,0.0000174168
test_18343,0.9999983307
test_18344,0.9999978033
test_18345,0.0011365731
test_18346,0.0000046626
test_18347,0.9964851591
test_18348,0.0000093832
test_18349,0.0000021751
test_18350,0.9998719856
test_18351,0.0000101509
test_18352,0.0251530546
test_18353,0.0000003904
test_18354,0.9970215428
test_18355,0.9998521867
test_18356,0.0018216365
test_18357,0.9999998526
test_18358,0.0000001413
test_18359,0.0000002725
test_18360,0.9999993596
test_18361,0.9999579477
test_18362,0.0003292112
test_18363,0.9999998498
test_18364,0.0000920281
test_18365,0.9997838082
test_18366,0.9999607843
test_18367,0.0000570533
test_18368,0.9999977791
test_18369,0.9999990358
test_18370,0.9999974879
test_18371,0.0001026758
test_18372,0.9997915747
test_18373,0.0050003734
test_18374,0.9999967499
test_18375,0.9999990925
test_18376,0.0000018677
test_18377,0.9999781463
test_18378,0.0526126218
test_18379,0.9999336371
test_18380,0.0003806990
test_18381,0.9999985269
test_18382,0.1547448941
test_18383,0.9999995926
test_18384,0.0000564171
test_18385,0.9999964474
test_18386,0.9999049778
test_18387,0.0010244389
test_18388,0.9999973926
test_18389,0.9999460201
test_18390,0.9999998129
test_18391,0.0000001068
test_18392,0.9996231898
test_18393,0.9998508041
test_18394,0.0000029831
test_18395,0.0000023861
test_18396,0.0293717772
test_18397,0.9999916212
test_18398,0.9847209937
test_18399,0.9999946211
test_18400,0.0000017943
test_18401,0.9993341749
test_18402,0.9999945417
test_18403,0.9999974018
test_18404,0.9977607044
test_18405,0.0003354984
test_18406,0.9896884200
test_18407,0.9997817577
test_18408,0.9999997271
test_18409,0.0001623600
test_18410,0.9999985570
test_18411,0.9957611965
test_18412,0.9999571777
test_18413,0.9997198697
test_18414,0.0000001594
test_18415,0.0000000543
test_18416,0.9999942565
test_18417,0.0000040571
test_18418,0.9314793951
test_18419,0.9999996817
test_18420,0.0551954740
test_18421,0.1276372696
test_18422,0.9998915211
test_18423,0.9999998011
test_18424,0.9999971170
test_18425,0.0000714979
test_18426,0.9999987555
test_18427,0.9852618880
test_18428,0.0000056566
test_18429,0.0000001545
test_18430,0.9999895866
test_18431,0.9999984942
test_18432,0.0000006468
test_18433,0.9999995204
test_18434,0.9992655671
test_18435,0.9999963955
test_18436,0.9998475923
test_18437,0.0010169123
test_18438,0.0000284386
test_18439,0.9999965356
test_18440,0.0006476959
test_18441,0.9753675629
test_18442,0.9999968063
test_18443,0.0011505088
test_18444,0.0000005668
test_18445,0.9999975836
test_18446,0.9991929797
test_18447,0.0000009468
test_18448,0.0001121094
test_18449,0.0000002895
test_18450,0.9789374823
test_18451,0.0000241038
test_18452,0.0000180093
test_18453,0.9999994991
test_18454,0.0000433759
test_18455,0.9999833008
test_18456,0.9996731718
test_18457,0.0000668810
test_18458,0.9999993889
test_18459,0.9999992856
test_18460,0.9998777221
test_18461,0.9999969920
test_18462,0.9997691222
test_18463,0.9973263132
test_18464,0.9999209222
test_18465,0.0000023807
test_18466,0.9999994105
test_18467,0.0000948665
test_18468,0.0000834133
test_18469,0.0000019283
test_18470,0.6897940120
test_18471,0.9999260705
test_18472,0.0003137727
test_18473,0.9999996866
test_18474,0.0000197826
test_18475,0.0000340432
test_18476,0.9999986992
test_18477,0.0023060111
test_18478,0.0000877227
test_18479,0.9999955243
test_18480,0.9895137484
test_18481,0.0007020227
test_18482,0.0012061367
test_18483,0.9999006931
test_18484,0.9985299557
test_18485,0.9999962769
test_18486,0.0001251408
test_18487,0.0009109313
test_18488,0.9999517203
test_18489,0.0890934445
test_18490,0.9999916374
test_18491,0.0000066151
test_18492,0.0000025016
test_18493,0.0500155660
test_18494,0.0000266169
test_18495,0.9999995594
test_18496,0.9304923261
test_18497,0.9999955820
test_18498,0.9999999050
test_18499,0.0000024395
test_18500,0.0281666360
test_18501,0.9992207278
test_18502,0.9999089630
test_18503,0.0000009640
test_18504,0.9929261468
test_18505,0.0000225485
test_18506,0.9999998000
test_18507,0.9999992596
test_18508,0.0000039901
test_18509,0.9999915121
test_18510,0.9888174295
test_18511,0.0000399132
test_18512,0.9605571977
test_18513,0.0001148171
test_18514,0.9999928494
test_18515,0.1744050555
test_18516,0.9999981396
test_18517,0.9982245921
test_18518,0.9485467870
test_18519,0.9999998891
test_18520,0.0005468908
test_18521,0.0000072528
test_18522,0.0000090329
test_18523,0.9999972537
test_18524,0.0010767610
test_18525,0.1377175391
test_18526,0.9955107515
test_18527,0.0000126114
test_18528,0.0000327552
test_18529,0.9999768548
test_18530,0.9999980348
test_18531,0.9999896422
test_18532,0.0000000617
test_18533,0.9998556524
test_18534,0.0000014604
test_18535,0.0000135003
test_18536,0.9994988304
test_18537,0.9990576669
test_18538,0.9999976140
test_18539,0.0001272305
test_18540,0.8575790762
test_18541,0.9652213371
test_18542,0.0000045789
test_18543,0.9999593133
test_18544,0.0003766760
test_18545,0.9999968649
test_18546,0.9999970766
test_18547,0.9999997307
test_18548,0.9999957198
test_18549,0.9991970843
test_18550,0.9999477409
test_18551,0.9998464583
test_18552,0.0001408899
test_18553,0.0000724010
test_18554,0.9999893058
test_18555,0.9981412718
test_18556,0.9837527502
test_18557,0.0221180259
test_18558,0.9985055807
test_18559,0.9999978448
test_18560,0.0000130614
test_18561,0.0373993161
test_18562,0.9999997582
test_18563,0.9999983034
test_18564,0.0000005205
test_18565,0.9996770328
test_18566,0.0693536773
test_18567,0.9999900112
test_18568,0.9994862317
test_18569,0.9996814859
test_18570,0.0000086335
test_18571,0.0000452114
test_18572,0.0000414253
test_18573,0.9999803775
test_18574,0.9999796945
test_18575,0.0000023750
test_18576,0.0060257486
test_18577,0.0000003349
test_18578,0.9999714894
test_18579,0.9999992092
test_18580,0.0001747314
test_18581,0.0000124368
test_18582,0.9999677853
test_18583,0.0000955587
test_18584,0.0001306067
test_18585,0.0169360281
test_18586,0.9999880485
test_18587,0.9999834039
test_18588,0.9999992864
test_18589,0.0061140693
test_18590,0.9999939504
test_18591,0.0000679311
test_18592,0.0000011207
test_18593,0.0000027111
test_18594,0.0000001106
test_18595,0.9999972966
test_18596,0.9999422433
test_18597,0.9999996060
test_18598,0.9999995256
test_18599,0.9998834508
test_18600,0.9999689059
test_18601,0.9999532573
test_18602,0.9999973854
test_18603,0.9999532336
test_18604,0.0455773389
test_18605,0.0000131463
test_18606,0.9999998733
test_18607,0.9999907025
test_18608,0.0000006495
test_18609,0.0000729185
test_18610,0.4047896217
test_18611,0.9999963054
test_18612,0.9999865498
test_18613,0.3851118925
test_18614,0.0000001515
test_18615,0.9998842405
test_18616,0.0000012031
test_18617,0.9999920472
test_18618,0.0002246482
test_18619,0.9999132239
test_18620,0.9999822522
test_18621,0.9999953106
test_18622,0.0001938092
test_18623,0.9999833591
test_18624,0.0349855298
test_18625,0.9997730740
test_18626,0.2277157783
test_18627,0.9916892580
test_18628,0.0072255130
test_18629,0.0000018177
test_18630,0.9999990286
test_18631,0.0000779599
test_18632,0.0000044806
test_18633,0.0000125653
test_18634,0.9999908882
test_18635,0.9993081534
test_18636,0.0000071403
test_18637,0.9999948315
test_18638,0.0000008518
test_18639,0.9999984322
test_18640,0.9999995439
test_18641,0.1140100892
test_18642,0.0002562059
test_18643,0.0000001822
test_18644,0.0000001363
test_18645,0.0000301734
test_18646,0.9977582989
test_18647,0.0382253124
test_18648,0.9999868797
test_18649,0.0000296884
test_18650,0.0000007185
test_18651,0.9999985688
test_18652,0.0000031413
test_18653,0.0000000699
test_18654,0.0001622287
test_18655,0.9999871100
test_18656,0.0197468098
test_18657,0.0000004508
test_18658,0.0000342798
test_18659,0.9999084278
test_18660,0.9994653384
test_18661,0.0000065930
test_18662,0.0000327279
test_18663,0.9653809853
test_18664,0.9999970241
test_18665,0.0000514338
test_18666,0.0434728051
test_18667,0.9952980144
test_18668,0.9999987918
test_18669,0.9999945632
test_18670,0.0000013750
test_18671,0.0000053102
test_18672,0.0001517497
test_18673,0.9998811371
test_18674,0.0000267802
test_18675,0.3320093622
test_18676,0.9999969368
test_18677,0.0000013255
test_18678,0.0000002579
test_18679,0.9999997870
test_18680,0.9999882127
test_18681,0.9993950460
test_18682,0.9999979338
test_18683,0.9999989741
test_18684,0.9999967077
test_18685,0.9999960898
test_18686,0.9252333738
test_18687,0.9999991969
test_18688,0.0002183553
test_18689,0.9998672870
test_18690,0.9999703751
test_18691,0.9999971220
test_18692,0.0000481251
test_18693,0.9999927469
test_18694,0.0373649197
test_18695,0.9999953010
test_18696,0.9999972193
test_18697,0.0000003090
test_18698,0.0000020477
test_18699,0.0142217697
test_18700,0.9785060953
test_18701,0.7135222105
test_18702,0.0001492971
test_18703,0.0000000501
test_18704,0.9999493572
test_18705,0.1018643917
test_18706,0.9999990048
test_18707,0.0000024276
test_18708,0.0000561777
test_18709,0.9999997996
test_18710,0.9999965273
test_18711,0.9999823635
test_18712,0.0000073365
test_18713,0.9999998500
test_18714,0.0149903070
test_18715,0.9999995605
test_18716,0.9999977069
test_18717,0.0000444244
test_18718,0.5739750287
test_18719,0.9999248681
test_18720,0.0000061152
test_18721,0.9933171193
test_18722,0.7870176239
test_18723,0.0000021210
test_18724,0.9999997032
test_18725,0.9992362357
test_18726,0.9997083983
test_18727,0.9936044869
test_18728,0.9999955083
test_18729,0.9916880702
test_18730,0.0000234506
test_18731,0.9999930854
test_18732,0.0000001025
test_18733,0.9999999301
test_18734,0.9999728851
test_18735,0.0002696567
test_18736,0.9999997596
test_18737,0.9999974975
test_18738,0.0000000586
test_18739,0.9991270708
test_18740,0.0001960770
test_18741,0.0381850020
test_18742,0.0002256715
test_18743,0.9999973283
test_18744,0.9998271015
test_18745,0.9999958289
test_18746,0.9999977745
test_18747,0.0000001747
test_18748,0.9999984871
test_18749,0.9999994779
test_18750,0.0000166078
test_18751,0.0000305961
test_18752,0.0000026921
test_18753,0.9999657646
test_18754,0.9995124032
test_18755,0.9835019452
test_18756,0.0175702599
test_18757,0.0054210573
test_18758,0.0000060898
test_18759,0.9999992198
test_18760,0.0046717715
test_18761,0.9999178960
test_18762,0.9999756869
test_18763,0.9999857774
test_18764,0.9969484395
test_18765,0.0006992708
test_18766,0.0000005584
test_18767,0.9999989793
test_18768,0.0000064272
test_18769,0.0000001862
test_18770,0.9993965773
test_18771,0.0000035688
test_18772,0.0000010172
test_18773,0.9998464589
test_18774,0.0000118140
test_18775,0.0000025793
test_18776,0.0008926453
test_18777,0.0000034976
test_18778,0.9999142715
test_18779,0.2275354878
test_18780,0.6308051799
test_18781,0.0172940163
test_18782,0.9999998776
test_18783,0.0000159398
test_18784,0.0000060465
test_18785,0.9282880960
test_18786,0.0000001904
test_18787,0.9999982345
test_18788,0.9999991296
test_18789,0.0000006999
test_18790,0.0000006468
test_18791,0.0000025348
test_18792,0.9999988545
test_18793,0.0000000626
test_18794,0.9999887420
test_18795,0.0000001588
test_18796,0.9999948439
test_18797,0.9999692952
test_18798,0.0000069705
test_18799,0.9999621076
test_18800,0.7220183813
test_18801,0.9996871156
test_18802,0.9999953701
test_18803,0.1167544203
test_18804,0.0198490412
test_18805,0.0001900436
test_18806,0.9999935377
test_18807,0.5057905165
test_18808,0.0094126024
test_18809,0.0000003920
test_18810,0.0000521554
test_18811,0.9872691607
test_18812,0.0000035987
test_18813,0.9999990821
test_18814,0.9962494983
test_18815,0.0000335803
test_18816,0.9999961841
test_18817,0.0000030966
test_18818,0.0000625009
test_18819,0.9999953539
test_18820,0.9999779408
test_18821,0.9999971983
test_18822,0.9989827356
test_18823,0.9999996272
test_18824,0.0000000573
test_18825,0.9911346670
test_18826,0.0000166345
test_18827,0.0000015915
test_18828,0.0000016369
test_18829,0.0000065560
test_18830,0.0000002742
test_18831,0.9981391730
test_18832,0.0001420234
test_18833,0.0000061989
test_18834,0.9998351622
test_18835,0.9999987828
test_18836,0.9946254868
test_18837,0.9999414341
test_18838,0.0000011028
test_18839,0.9999965935
test_18840,0.9999997798
test_18841,0.0004696673
test_18842,0.0000002688
test_18843,0.9999595443
test_18844,0.0000010003
test_18845,0.9978480710
test_18846,0.9998327425
test_18847,0.0086276001
test_18848,0.9999947368
test_18849,0.9682925072
test_18850,0.0001234846
test_18851,0.9999992544
test_18852,0.0000037030
test_18853,0.0331037969
test_18854,0.7795605389
test_18855,0.0000091111
test_18856,0.0042301505
test_18857,0.0001210125
test_18858,0.9999978414
test_18859,0.0000351503
test_18860,0.9997434900
test_18861,0.0016789028
test_18862,0.0000003642
test_18863,0.0000003177
test_18864,0.9999979446
test_18865,0.0000012430
test_18866,0.0000002020
test_18867,0.9999951472
test_18868,0.0000000930
test_18869,0.9789792423
test_18870,0.9999991411
test_18871,0.0000008004
test_18872,0.9999978901
test_18873,0.0849907070
test_18874,0.4479050660
test_18875,0.9999547037
test_18876,0.9999987365
test_18877,0.5774862220
test_18878,0.9999997737
test_18879,0.0000073956
test_18880,0.9953178229
test_18881,0.9999989557
test_18882,0.0000274415
test_18883,0.0187388909
test_18884,0.0000010211
test_18885,0.0270180476
test_18886,0.9784919685
test_18887,0.9133185834
test_18888,0.0000006501
test_18889,0.0000000746
test_18890,0.0000280220
test_18891,0.0000031845
test_18892,0.9999969752
test_18893,0.9999505610
test_18894,0.9999984330
test_18895,0.9843977482
test_18896,0.9996399441
test_18897,0.9997106436
test_18898,0.9999628807
test_18899,0.0000163314
test_18900,0.0065768029
test_18901,0.9999799388
test_18902,0.9999942861
test_18903,0.0000006955
test_18904,0.4482544131
test_18905,0.1049545271
test_18906,0.0154587889
test_18907,0.0000013251
test_18908,0.9999848878
test_18909,0.9999350605
test_18910,0.0000284788
test_18911,0.0038372012
test_18912,0.9999925928
test_18913,0.0004915667
test_18914,0.0000014078
test_18915,0.0877569230
test_18916,0.0000042431
test_18917,0.0001776516
test_18918,0.9999876799
test_18919,0.9989775426
test_18920,0.0000016604
test_18921,0.9999977960
test_18922,0.0000001457
test_18923,0.9998135188
test_18924,0.0000255266
test_18925,0.0000018205
test_18926,0.0000007734
test_18927,0.9828517507
test_18928,0.0000000581
test_18929,0.0014964628
test_18930,0.9999993177
test_18931,0.9929398783
test_18932,0.0000235866
test_18933,0.0031562297
test_18934,0.9999997236
test_18935,0.0128090263
test_18936,0.0000099292
test_18937,0.9999953113
test_18938,0.0000010327
test_18939,0.0010586668
test_18940,0.0000029749
test_18941,0.9999343624
test_18942,0.0000015307
test_18943,0.0000006251
test_18944,0.0000012190
test_18945,0.9999989767
test_18946,0.0000001602
test_18947,0.9999992489
test_18948,0.4137439466
test_18949,0.9989623705
test_18950,0.1141610833
test_18951,0.0000063991
test_18952,0.9999991646
test_18953,0.9624083520
test_18954,0.9999996595
test_18955,0.0000006707
test_18956,0.0000220187
test_18957,0.9999896420
test_18958,0.9999682942
test_18959,0.0000334755
test_18960,0.1068849318
test_18961,0.9934430132
test_18962,0.0000005586
test_18963,0.0000953954
test_18964,0.0000013990
test_18965,0.3840849328
test_18966,0.9962742991
test_18967,0.9999994855
test_18968,0.9999733852
test_18969,0.9999739594
test_18970,0.0000003871
test_18971,0.9999991191
test_18972,0.0000053667
test_18973,0.9998972760
test_18974,0.9999995922
test_18975,0.9999807644
test_18976,0.9998061977
test_18977,0.9999678735
test_18978,0.9999370104
test_18979,0.9999998727
test_18980,0.9999925599
test_18981,0.0001763698
test_18982,0.0000063671
test_18983,0.9999997837
test_18984,0.9999872419
test_18985,0.0247300688
test_18986,0.7404321984
test_18987,0.9999970765
test_18988,0.0008158153
test_18989,0.9999988353
test_18990,0.9999853832
test_18991,0.9999999645
test_18992,0.0000022685
test_18993,0.9999998831
test_18994,0.9655905719
test_18995,0.9999969254
test_18996,0.0000054119
test_18997,0.0005290309
test_18998,0.9999445504
test_18999,0.0014393001
test_19000,0.9999972577
test_19001,0.0000652053
test_19002,0.0000096799
test_19003,0.0000001552
test_19004,0.9990536202
test_19005,0.0000006397
test_19006,0.9999994757
test_19007,0.0000113323
test_19008,0.0004564423
test_19009,0.0000001786
test_19010,0.9997284655
test_19011,0.9999998331
test_19012,0.0000709654
test_19013,0.0015004139
test_19014,0.9999998239
test_19015,0.0000010251
test_19016,0.9999995598
test_19017,0.0000003061
test_19018,0.0000026703
test_19019,0.9960263860
test_19020,0.0000668307
test_19021,0.0000118097
test_19022,0.0000007511
test_19023,0.0000006865
test_19024,0.8895411554
test_19025,0.9998299140
test_19026,0.9999487324
test_19027,0.0011346213
test_19028,0.0629829812
test_19029,0.9999383728
test_19030,0.0047432342
test_19031,0.9999945266
test_19032,0.0000125763
test_19033,0.9999968149
test_19034,0.9966152683
test_19035,0.0000003839
test_19036,0.0014909861
test_19037,0.9999964439
test_19038,0.0000001047
test_19039,0.0029878938
test_19040,0.9998922265
test_19041,0.9898416270
test_19042,0.9999995471
test_19043,0.9999988791
test_19044,0.0000959932
test_19045,0.0000281018
test_19046,0.9987560315
test_19047,0.9948011505
test_19048,0.9999993199
test_19049,0.9999873904
test_19050,0.9999986722
test_19051,0.0000008918
test_19052,0.6377851879
test_19053,0.9936767382
test_19054,0.0000008827
test_19055,0.9999996387
test_19056,0.1481002833
test_19057,0.9999295533
test_19058,0.0000003061
test_19059,0.0000001822
test_19060,0.0000016386
test_19061,0.9721865990
test_19062,0.0063058341
test_19063,0.9997995805
test_19064,0.0000008177
test_19065,0.0000006502
test_19066,0.0000567715
test_19067,0.9998939056
test_19068,0.9999948715
test_19069,0.0000001468
test_19070,0.8694598335
test_19071,0.0215728038
test_19072,0.0002780831
test_19073,0.9999997302
test_19074,0.9999967924
test_19075,0.9999571325
test_19076,0.9999974421
test_19077,0.0000008367
test_19078,0.0221568897
test_19079,0.9620647884
test_19080,0.0070810645
test_19081,0.9999944908
test_19082,0.9567105655
test_19083,0.9998714164
test_19084,0.9999962336
test_19085,0.0025356589
test_19086,0.0000002265
test_19087,0.0000508436
test_19088,0.0000009926
test_19089,0.9999979609
test_19090,0.0000018537
test_19091,0.9999997461
test_19092,0.9999733525
test_19093,0.0000376963
test_19094,0.0000111287
test_19095,0.0000021868
test_19096,0.9999994608
test_19097,0.0000035839
test_19098,0.9631577139
test_19099,0.9999691232
test_19100,0.0000035364
test_19101,0.9952936123
test_19102,0.0000007836
test_19103,0.0003916392
test_19104,0.0000469838
test_19105,0.9999825226
test_19106,0.0005118897
test_19107,0.9999993560
test_19108,0.1473820389
test_19109,0.0000002874
test_19110,0.0012904056
test_19111,0.0000080879
test_19112,0.9999986024
test_19113,0.0070669060
test_19114,0.0047844465
test_19115,0.0000301704
test_19116,0.9999731045
test_19117,0.0037328679
test_19118,0.0000013303
test_19119,0.9999677374
test_19120,0.0000185642
test_19121,0.9999321769
test_19122,0.9999514170
test_19123,0.9999336037
test_19124,0.0000417362
test_19125,0.9894676047
test_19126,0.9999681866
test_19127,0.0000006201
test_19128,0.9360104091
test_19129,0.0001020392
test_19130,0.9999997773
test_19131,0.9996675878
test_19132,0.1309297519
test_19133,0.0001806654
test_19134,0.9999924320
test_19135,0.0000031239
test_19136,0.9999624799
test_19137,0.9999860890
test_19138,0.0000000895
test_19139,0.0014562899
test_19140,0.9999992601
test_19141,0.0000408751
test_19142,0.9998999681
test_19143,0.0000002766
test_19144,0.9993299813
test_19145,0.9999991981
test_19146,0.9786969912
test_19147,0.9999914840
test_19148,0.9999013456
test_19149,0.9995252421
test_19150,0.0040322055
test_19151,0.0000138842
test_19152,0.9999943981
test_19153,0.9976390400
test_19154,0.0221583130
test_19155,0.9999954409
test_19156,0.1006053471
test_19157,0.9999979035
test_19158,0.9996595691
test_19159,0.9944837948
test_19160,0.0000000588
test_19161,0.0000027302
test_19162,0.0000925016
test_19163,0.9999989164
test_19164,0.0000098783
test_19165,0.0000003041
test_19166,0.9999478860
test_19167,0.9907380386
test_19168,0.9999998558
test_19169,0.0000135261
test_19170,0.9999842722
test_19171,0.9999972949
test_19172,0.9993439799
test_19173,0.9997955091
test_19174,0.0000560459
test_19175,0.9518358589
test_19176,0.0001679573
test_19177,0.9999995389
test_19178,0.9999915907
test_19179,0.0003618920
test_19180,0.0000001485
test_19181,0.8754266141
test_19182,0.0000001939
test_19183,0.9999152485
test_19184,0.9953174002
test_19185,0.0002056872
test_19186,0.9825523367
test_19187,0.9999547199
test_19188,0.9819382499
test_19189,0.9999975164
test_19190,0.9999181709
test_19191,0.0000009422
test_19192,0.9999994094
test_19193,0.0001667811
test_19194,0.0000050523
test_19195,0.0003459415
test_19196,0.9971561974
test_19197,0.0000559683
test_19198,0.9999995723
test_19199,0.0000009734
test_19200,0.9999986196
test_19201,0.9999932588
test_19202,0.9999980586
test_19203,0.9999999620
test_19204,0.9999309285
test_19205,0.2556236783
test_19206,0.9998304211
test_19207,0.0028836141
test_19208,0.9999981616
test_19209,0.9999989473
test_19210,0.0000010541
test_19211,0.0000010898
test_19212,0.9999821535
test_19213,0.9931433732
test_19214,0.0004981131
test_19215,0.0000106238
test_19216,0.0000090193
test_19217,0.9999908220
test_19218,0.0000272286
test_19219,0.0000407892
test_19220,0.0227927731
test_19221,0.0005509104
test_19222,0.9998771639
test_19223,0.9999713381
test_19224,0.0000001001
test_19225,0.0000047338
test_19226,0.9995830550
test_19227,0.0002929358
test_19228,0.9999985286
test_19229,0.0000342562
test_19230,0.0277938928
test_19231,0.9996539052
test_19232,0.9999918918
test_19233,0.9999999410
test_19234,0.0000000421
test_19235,0.0004869655
test_19236,0.0000056813
test_19237,0.0000000785
test_19238,0.0000571735
test_19239,0.0000256834
test_19240,0.9999797365
test_19241,0.9597384264
test_19242,0.0728691808
test_19243,0.9997616854
test_19244,0.9992489051
test_19245,0.9999959865
test_19246,0.9999977823
test_19247,0.0000249596
test_19248,0.9999996110
test_19249,0.0000068660
test_19250,0.9999889271
test_19251,0.9931575101
test_19252,0.0000279682
test_19253,0.0004258324
test_19254,0.9999996008
test_19255,0.9999995773
test_19256,0.8660294607
test_19257,0.0000000676
test_19258,0.0000052525
test_19259,0.0000059327
test_19260,0.5774050405
test_19261,0.9855695798
test_19262,0.9932342573
test_19263,0.0004258081
test_19264,0.0587826887
test_19265,0.9985848964
test_19266,0.0010979165
test_19267,0.9999955624
test_19268,0.9999994704
test_19269,0.0000245760
test_19270,0.0000158249
test_19271,0.0000002686
test_19272,0.9999926229
test_19273,0.9883006910
test_19274,0.0000016964
test_19275,0.9999985933
test_19276,0.9997209335
test_19277,0.0000053314
test_19278,0.0030252857
test_19279,0.9823719534
test_19280,0.9996294637
test_19281,0.9999304807
test_19282,0.0000017791
test_19283,0.0586691527
test_19284,0.9742265885
test_19285,0.9999968582
test_19286,0.0000000914
test_19287,0.9999579213
test_19288,0.0000495039
test_19289,0.0000022044
test_19290,0.9999997515
test_19291,0.0000004319
test_19292,0.0056329441
test_19293,0.0000263218
test_19294,0.9999996644
test_19295,0.9999990591
test_19296,0.9997083918
test_19297,0.0000017575
test_19298,0.9990577534
test_19299,0.0164606626
test_19300,0.0031964462
test_19301,0.9876933282
test_19302,0.0000882598
test_19303,0.9999993480
test_19304,0.9999966498
test_19305,0.0000699968
test_19306,0.9999997204
test_19307,0.9999972501
test_19308,0.9999871898
test_19309,0.0039420462
test_19310,0.0000017696
test_19311,0.0000028114
test_19312,0.0000110190
test_19313,0.0000389627
test_19314,0.0024046584
test_19315,0.9999997309
test_19316,0.9999987413
test_19317,0.0000041022
test_19318,0.9999878350
test_19319,0.0000002851
test_19320,0.9996660098
test_19321,0.0000137917
test_19322,0.0000010690
test_19323,0.9999998324
test_19324,0.0000062200
test_19325,0.0000033540
test_19326,0.0000075538
test_19327,0.9955785955
test_19328,0.0000007542
test_19329,0.0736046509
test_19330,0.6463169818
test_19331,0.0000002166
test_19332,0.9999946457
test_19333,0.0000070567
test_19334,0.0000004657
test_19335,0.0374738144
test_19336,0.0000024448
test_19337,0.0000041047
test_19338,0.9999994913
test_19339,0.0000090398
test_19340,0.9999985642
test_19341,0.0146958228
test_19342,0.9999946323
test_19343,0.9999837490
test_19344,0.0000001461
test_19345,0.9999991846
test_19346,0.4161279785
test_19347,0.0002338032
test_19348,0.0000783159
test_19349,0.0000000844
test_19350,0.0000000784
test_19351,0.0000018473
test_19352,0.9990770212
test_19353,0.0000001566
test_19354,0.9999998632
test_19355,0.0000801260
test_19356,0.0747131113
test_19357,0.9995825593
test_19358,0.9945006179
test_19359,0.9999998199
test_19360,0.0000377615
test_19361,0.0001154684
test_19362,0.0000050108
test_19363,0.0000134147
test_19364,0.9999623587
test_19365,0.0000092379
test_19366,0.0353947213
test_19367,0.9965511043
test_19368,0.9998250462
test_19369,0.9922919371
test_19370,0.3889058418
test_19371,0.0000053360
test_19372,0.0005572959
test_19373,0.9657006280
test_19374,0.9999993068
test_19375,0.5413423787
test_19376,0.9999998622
test_19377,0.9999965854
test_19378,0.9694598986
test_19379,0.0000003755
test_19380,0.9999981050
test_19381,0.9797387560
test_19382,0.0000098770
test_19383,0.9999996208
test_19384,0.9999968178
test_19385,0.9999997995
test_19386,0.9999988542
test_19387,0.0004665578
test_19388,0.9909405932
test_19389,0.0151867123
test_19390,0.9999581126
test_19391,0.9999158994
test_19392,0.0000067888
test_19393,0.9981987974
test_19394,0.9999932812
test_19395,0.0000001777
test_19396,0.9999986847
test_19397,0.0000129371
test_19398,0.4018459835
test_19399,0.0000609759
test_19400,0.0108023754
test_19401,0.9975524546
test_19402,0.0000991411
test_19403,0.0000080067
test_19404,0.0000268886
test_19405,0.9999972724
test_19406,0.9999994647
test_19407,0.0910408625
test_19408,0.9950702293
test_19409,0.0000000453
test_19410,0.0000508832
test_19411,0.0000080089
test_19412,0.0000177862
test_19413,0.9998433463
test_19414,0.0020645961
test_19415,0.0002253032
test_19416,0.9999750885
test_19417,0.2218776972
test_19418,0.0000014756
test_19419,0.9999716075
test_19420,0.0000322390
test_19421,0.9999968288
test_19422,0.9933774707
test_19423,0.9927219780
test_19424,0.1311940544
test_19425,0.0000029279
test_19426,0.0000147907
test_19427,0.0001055832
test_19428,0.9999825161
test_19429,0.9953752790
test_19430,0.9948083038
test_19431,0.9999992473
test_19432,0.9999531286
test_19433,0.0000001011
test_19434,0.9999780617
test_19435,0.9999997552
test_19436,0.9999915248
test_19437,0.9999865219
test_19438,0.0000002076
test_19439,0.9999162844
test_19440,0.0095169097
test_19441,0.9997927752
test_19442,0.9998559338
test_19443,0.0002477462
test_19444,0.0000221396
test_19445,0.0000006888
test_19446,0.9999949411
test_19447,0.0000316052
test_19448,0.9999877689
test_19449,0.9999966206
test_19450,0.9999994708
test_19451,0.9999872127
test_19452,0.9999999471
test_19453,0.9929994706
test_19454,0.9999780192
test_19455,0.0661662277
test_19456,0.0000063348
test_19457,0.9999978534
test_19458,0.9998278951
test_19459,0.9999984521
test_19460,0.0000000878
test_19461,0.0000010830
test_19462,0.9999993266
test_19463,0.0000034379
test_19464,0.3783971932
test_19465,0.0000022645
test_19466,0.9253478322
test_19467,0.9999985274
test_19468,0.9998967242
test_19469,0.9999545953
test_19470,0.0004935876
test_19471,0.0000172376
test_19472,0.9999980111
test_19473,0.9999997955
test_19474,0.9999950123
test_19475,0.9999996990
test_19476,0.9999992397
test_19477,0.0000334210
test_19478,0.0001729364
test_19479,0.9999998820
test_19480,0.9999853748
test_19481,0.9898762039
test_19482,0.0000304101
test_19483,0.9999671114
test_19484,0.9999905482
test_19485,0.9998880721
test_19486,0.0000015335
test_19487,0.9984774887
test_19488,0.9999852674
test_19489,0.9476072208
test_19490,0.0000003337
test_19491,0.1299654665
test_19492,0.0000608192
test_19493,0.9999994250
test_19494,0.9999467317
test_19495,0.9999847634
test_19496,0.9982896035
test_19497,0.0098858137
test_19498,0.9999664767
test_19499,0.9890062380
test_19500,0.0000037873
test_19501,0.1806565071
test_19502,0.0002350943
test_19503,0.9569802255
test_19504,0.0000007985
test_19505,0.9999944232
test_19506,0.8010351148
test_19507,0.9998564159
test_19508,0.9999924185
test_19509,0.9999993715
test_19510,0.9999987712
test_19511,0.9952517295
test_19512,0.9997424712
test_19513,0.9997374243
test_19514,0.9999997405
test_19515,0.0000075759
test_19516,0.9999342668
test_19517,0.0000137733
test_19518,0.9999980442
test_19519,0.9999918566
test_19520,0.0000140465
test_19521,0.9853764280
test_19522,0.0002853819
test_19523,0.9998347634
test_19524,0.0005165944
test_19525,0.0000008187
test_19526,0.0000002307
test_19527,0.9726389021
test_19528,0.0000247384
test_19529,0.0009920818
test_19530,0.0036947079
test_19531,0.2058682898
test_19532,0.9884638781
test_19533,0.0005713790
test_19534,0.9999947346
test_19535,0.0002394203
test_19536,0.9807420870
test_19537,0.9999169865
test_19538,0.9999577417
test_19539,0.9999882420
test_19540,0.0045437752
test_19541,0.9997985761
test_19542,0.9927855454
test_19543,0.0000003767
test_19544,0.9999668723
test_19545,0.9999662105
test_19546,0.9999768475
test_19547,0.0000223691
test_19548,0.9999900002
test_19549,0.0000000991
test_19550,0.0000206628
test_19551,0.8046333386
test_19552,0.9997060623
test_19553,0.0000005064
test_19554,0.0000017381
test_19555,0.9999325143
test_19556,0.0000010312
test_19557,0.0000394300
test_19558,0.0002324134
test_19559,0.0000285544
test_19560,0.9999997653
test_19561,0.9999797281
test_19562,0.9948295620
test_19563,0.9999988384
test_19564,0.0000002022
test_19565,0.0009668471
test_19566,0.0002727900
test_19567,0.7127360954
test_19568,0.0002899953
test_19569,0.0448455155
test_19570,0.9999887099
test_19571,0.9903409605
test_19572,0.9999659205
test_19573,0.9999836539
test_19574,0.0000002635
test_19575,0.0000466321
test_19576,0.9999987193
test_19577,0.9999984437
test_19578,0.9999961626
test_19579,0.0000082904
test_19580,0.0000000674
test_19581,0.9885721807
test_19582,0.9999773997
test_19583,0.0000024584
test_19584,0.0001436053
test_19585,0.9999953719
test_19586,0.9999933233
test_19587,0.0005531278
test_19588,0.9999996489
test_19589,0.0000053608
test_19590,0.9998433422
test_19591,0.9999994361
test_19592,0.9763223929
test_19593,0.9999744715
test_19594,0.0000025246
test_19595,0.0000089776
test_19596,0.9998674416
test_19597,0.0000019307
test_19598,0.0001613684
test_19599,0.9999262606
test_19600,0.0000096693
test_19601,0.0000001755
test_19602,0.0000047819
test_19603,0.9999986585
test_19604,0.9996488440
test_19605,0.0000054810
test_19606,0.9999980631
test_19607,0.0000000982
test_19608,0.0001310769
test_19609,0.1321323930
test_19610,0.9973664567
test_19611,0.9999990347
test_19612,0.9994758244
test_19613,0.9999997724
test_19614,0.0149396949
test_19615,0.9999659332
test_19616,0.0000000633
test_19617,0.0003883420
test_19618,0.9999586595
test_19619,0.9999940968
test_19620,0.0242191381
test_19621,0.0000000459
test_19622,0.0000007777
test_19623,0.0000070268
test_19624,0.0000098243
test_19625,0.9999923091
test_19626,0.0000027693
test_19627,0.0000034661
test_19628,0.9999988147
test_19629,0.0000020664
test_19630,0.9999959969
test_19631,0.9995558865
test_19632,0.9999568366
test_19633,0.9999904270
test_19634,0.9979525406
test_19635,0.9999906419
test_19636,0.9618185423
test_19637,0.0001783493
test_19638,0.9999474036
test_19639,0.0008249150
test_19640,0.0000033851
test_19641,0.0046651198
test_19642,0.0000005848
test_19643,0.0000013973
test_19644,0.0000000737
test_19645,0.2584570537
test_19646,0.0000029729
test_19647,0.9999859727
test_19648,0.0005934047
test_19649,0.9975869870
test_19650,0.0000022130
test_19651,0.0001628035
test_19652,0.0002353841
test_19653,0.0031924684
test_19654,0.0000005362
test_19655,0.0009984267
test_19656,0.0000006206
test_19657,0.2052440416
test_19658,0.1085082693
test_19659,0.9977683270
test_19660,0.9984476743
test_19661,0.0000522093
test_19662,0.9999910112
test_19663,0.0000021571
test_19664,0.9999942081
test_19665,0.9994682437
test_19666,0.8995138819
test_19667,0.9999961865
test_19668,0.0000599797
test_19669,0.0022880978
test_19670,0.9999930755
test_19671,0.0088498149
test_19672,0.9999994159
test_19673,0.0000006322
test_19674,0.0051325799
test_19675,0.9964938145
test_19676,0.9999773955
test_19677,0.9999975547
test_19678,0.0000253773
test_19679,0.9998121055
test_19680,0.9996337504
test_19681,0.0591332419
test_19682,0.0000042266
test_19683,0.9999938751
test_19684,0.0000041741
test_19685,0.9999993684
test_19686,0.9998740882
test_19687,0.0000007910
test_19688,0.9992045329
test_19689,0.9999993082
test_19690,0.0002086939
test_19691,0.9999963259
test_19692,0.9999827133
test_19693,0.9026139172
test_19694,0.9999765043
test_19695,0.9999591281
test_19696,0.9999990215
test_19697,0.0142327006
test_19698,0.9905876386
test_19699,0.9999995380
test_19700,0.5121937466
test_19701,0.0000077528
test_19702,0.0000146552
test_19703,0.0000000542
test_19704,0.9998580503
test_19705,0.0004258824
test_19706,0.0013077964
test_19707,0.9999637882
test_19708,0.0011066858
test_19709,0.0000055822
test_19710,0.9999734216
test_19711,0.0000101995
test_19712,0.9996733034
test_19713,0.9999930705
test_19714,0.0000540338
test_19715,0.0000037754
test_19716,0.0000005924
test_19717,0.9999835735
test_19718,0.9998733297
test_19719,0.9999973379
test_19720,0.9999919944
test_19721,0.9999704302
test_19722,0.0101071652
test_19723,0.9999990874
test_19724,0.0000877505
test_19725,0.9999603115
test_19726,0.9999330241
test_19727,0.0000029079
test_19728,0.9636731873
test_19729,0.0000819797
test_19730,0.0029383269
test_19731,0.0000494189
test_19732,0.9999996795
test_19733,0.0001741188
test_19734,0.9993933888
test_19735,0.9916324943
test_19736,0.9999609252
test_19737,0.0684261264
test_19738,0.9992338589
test_19739,0.0000001019
test_19740,0.9999931189
test_19741,0.9999990671
test_19742,0.0000001235
test_19743,0.0000000775
test_19744,0.9999902778
test_19745,0.9999360479
test_19746,0.0002705071
test_19747,0.0550989032
test_19748,0.0000011670
test_19749,0.0822717656
test_19750,0.9999868713
test_19751,0.0000014478
test_19752,0.9999871192
test_19753,0.0000002434
test_19754,0.0000009857
test_19755,0.9999819991
test_19756,0.9999913021
test_19757,0.9999600370
test_19758,0.0000203765
test_19759,0.9999957742
test_19760,0.9999263038
test_19761,0.0002680807
test_19762,0.0000141048
test_19763,0.0146323396
test_19764,0.6519446610
test_19765,0.9999861295
test_19766,0.0003735602
test_19767,0.0007496828
test_19768,0.0000185134
test_19769,0.0002819959
test_19770,0.0000135531
test_19771,0.9982100984
test_19772,0.9999996619
test_19773,0.0000013172
test_19774,0.0000893165
test_19775,0.0000252794
test_19776,0.9999999132
test_19777,0.0000108518
test_19778,0.9999021713
test_19779,0.9997842777
test_19780,0.9989036527
test_19781,0.0000002016
test_19782,0.9987513700
test_19783,0.0000051101
test_19784,0.9999961481
test_19785,0.9997491428
test_19786,0.9999590671
test_19787,0.0001410223
test_19788,0.9999990954
test_19789,0.9950379790
test_19790,0.9980292886
test_19791,0.0004641229
test_19792,0.9998754131
test_19793,0.0001447261
test_19794,0.0000017140
test_19795,0.0002035651
test_19796,0.0000723918
test_19797,0.9942858495
test_19798,0.0000011333
test_19799,0.9755434993
test_19800,0.0000006917
test_19801,0.0000066287
test_19802,0.0001190300
test_19803,0.9999994519
test_19804,0.9920552671
test_19805,0.0000001392
test_19806,0.0001353572
test_19807,0.9999960309
test_19808,0.0000015589
test_19809,0.0000537769
test_19810,0.9998481493
test_19811,0.9999364417
test_19812,0.0005924316
test_19813,0.0086201632
test_19814,0.9999734824
test_19815,0.0000007771
test_19816,0.0000240557
test_19817,0.9999960854
test_19818,0.0000048842
test_19819,0.9997273229
test_19820,0.2504538776
test_19821,0.9997542254
test_19822,0.9999731355
test_19823,0.9999989616
test_19824,0.9992495433
test_19825,0.9999993968
test_19826,0.0000034086
test_19827,0.9999926818
test_19828,0.0000001525
test_19829,0.0000001234
test_19830,0.9999339755
test_19831,0.0000022013
test_19832,0.9874037473
test_19833,0.0003612095
test_19834,0.9231837780
test_19835,0.2100696546
test_19836,0.0000048837
test_19837,0.9990755762
test_19838,0.9999986227
test_19839,0.0000672367
test_19840,0.9992439342
test_19841,0.0000030991
test_19842,0.0000091091
test_19843,0.0000001812
test_19844,0.0000000708
test_19845,0.0000099441
test_19846,0.9999862441
test_19847,0.9999777789
test_19848,0.0001030510
test_19849,0.0541489130
test_19850,0.9999147656
test_19851,0.1878948864
test_19852,0.0001381494
test_19853,0.0000118126
test_19854,0.9980563496
test_19855,0.4804054164
test_19856,0.9999829180
test_19857,0.0000321609
test_19858,0.9993723955
test_19859,0.9999584102
test_19860,0.0000004389
test_19861,0.0023502310
test_19862,0.0000006614
test_19863,0.9973070756
test_19864,0.0000001493
test_19865,0.9922925093
test_19866,0.0000385977
test_19867,0.9999998567
test_19868,0.9999932405
test_19869,0.0000371559
test_19870,0.0003906130
test_19871,0.9999998179
test_19872,0.9999982351
test_19873,0.9999995573
test_19874,0.0000214655
test_19875,0.0000054481
test_19876,0.0000010302
test_19877,0.9999984212
test_19878,0.9939897003
test_19879,0.9999870408
test_19880,0.3779037361
test_19881,0.0000145074
test_19882,0.9999458328
test_19883,0.9857609300
test_19884,0.0000136132
test_19885,0.9997622959
test_19886,0.9999985357
test_19887,0.9999983260
test_19888,0.0000577363
test_19889,0.9999237775
test_19890,0.9999033151
test_19891,0.2829137375
test_19892,0.9995824003
test_19893,0.9996280692
test_19894,0.0000008603
test_19895,0.9999975683
test_19896,0.0000104398
test_19897,0.0010850537
test_19898,0.0000012386
test_19899,0.0000041385
test_19900,0.9999337992
test_19901,0.0000022460
test_19902,0.9999890984
test_19903,0.9999569385
test_19904,0.9999998456
test_19905,0.0000144319
test_19906,0.0042132165
test_19907,0.0000176734
test_19908,0.0000166677
test_19909,0.0000002350
test_19910,0.0000858522
test_19911,0.0001044428
test_19912,0.0218157815
test_19913,0.9999845059
test_19914,0.0000002548
test_19915,0.0000001097
test_19916,0.0000522936
test_19917,0.0000008825
test_19918,0.0000320566
test_19919,0.0000016242
test_19920,0.0668772617
test_19921,0.9998064809
test_19922,0.9999894428
test_19923,0.9999991113
test_19924,0.0000061010
test_19925,0.9998296574
test_19926,0.0000580266
test_19927,0.6716569911
test_19928,0.0000002517
test_19929,0.9999991597
test_19930,0.9043426053
test_19931,0.9999990369
test_19932,0.9999805157
test_19933,0.0000075908
test_19934,0.9999994285
test_19935,0.0000001064
test_19936,0.9999951842
test_19937,0.9999989115
test_19938,0.9999953766
test_19939,0.0004523232
test_19940,0.0000203170
test_19941,0.0026521423
test_19942,0.0000180854
test_19943,0.9964048262
test_19944,0.9999997696
test_19945,0.0000006089
test_19946,0.0000333273
test_19947,0.0000000771
test_19948,0.9999939822
test_19949,0.0000003257
test_19950,0.0076942170
test_19951,0.9999998389
test_19952,0.9998282159
test_19953,0.0000001359
test_19954,0.0000028296
test_19955,0.0006536729
test_19956,0.0000001944
test_19957,0.0000012451
test_19958,0.1101626780
test_19959,0.9999714825
test_19960,0.0509869036
test_19961,0.9999846810
test_19962,0.0000001474
test_19963,0.0000418140
test_19964,0.9805091205
test_19965,0.0000249025
test_19966,0.9999956666
test_19967,0.2932117070
test_19968,0.9982157850
test_19969,0.0203674919
test_19970,0.0011145181
test_19971,0.0002283482
test_19972,0.0069217229
test_19973,0.9999979463
test_19974,0.9999960167
test_19975,0.0000141336
test_19976,0.9999956065
test_19977,0.0000003263
test_19978,0.0000106964
test_19979,0.0000054376
test_19980,0.9758481659
test_19981,0.9999998366
test_19982,0.9999998402
test_19983,0.9999664952
test_19984,0.8149621696
test_19985,0.0000006311
test_19986,0.0005897716
test_19987,0.9999979907
test_19988,0.9999964020
test_19989,0.0000096328
test_19990,0.9985046604
test_19991,0.9999979899
test_19992,0.0000001466
test_19993,0.0004993701
test_19994,0.0217594125
test_19995,0.9973037723
test_19996,0.0000016133
test_19997,0.0000025229
test_19998,0.0000001267
test_19999,0.0001600198
