image_id,p_180
test_00000,0.0023463609
test_00001,0.9984506813
test_00002,0.9999998175
test_00003,0.0028676356
test_00004,0.9972583760
test_00005,0.0841908519
test_00006,0.9679528194
test_00007,0.9999999989
test_00008,0.9964511518
test_00009,0.0965045594
test_00010,0.9967370114
test_00011,0.0000000079
test_00012,0.0236027264
test_00013,0.9995678952
test_00014,0.9359352541
test_00015,0.9999982609
test_00016,0.9992729900
test_00017,0.0000002394
test_00018,0.2220243478
test_00019,0.0000247503
test_00020,0.0000000283
test_00021,0.0001303048
test_00022,0.9999990180
test_00023,0.0018233850
test_00024,0.0042937956
test_00025,0.9999740560
test_00026,0.9999999429
test_00027,0.1685662443
test_00028,0.5822172184
test_00029,0.9141556776
test_00030,0.0006235478
test_00031,0.9996843966
test_00032,0.9723959514
test_00033,0.9610339441
test_00034,0.9902062500
test_00035,1.0000000000
test_00036,0.0306015187
test_00037,0.0038733218
test_00038,0.0544351334
test_00039,0.0000000517
test_00040,0.0243959785
test_00041,0.0006783273
test_00042,0.9999953446
test_00043,0.0007787782
test_00044,0.1087359430
test_00045,0.9778883568
test_00046,0.0000000035
test_00047,0.9999888756
test_00048,0.9560909666
test_00049,0.9374892775
test_00050,0.9999998845
test_00051,0.0000000256
test_00052,0.0000000000
test_00053,0.8557953712
test_00054,0.0035448578
test_00055,0.9838836323
test_00056,0.0000056090
test_00057,0.9639256880
test_00058,0.0002067373
test_00059,0.1965928939
test_00060,0.8421698690
test_00061,0.0001972383
test_00062,0.0389751792
test_00063,0.0000007443
test_00064,0.0000026130
test_00065,0.9999575678
test_00066,0.2070067564
test_00067,0.0073955742
test_00068,0.0021163909
test_00069,0.1065234066
test_00070,0.9951008566
test_00071,0.8986696700
test_00072,0.9996915766
test_00073,0.9979734146
test_00074,0.9343116577
test_00075,0.9266883463
test_00076,0.0000024420
test_00077,0.9999809232
test_00078,0.9999975431
test_00079,0.1099386415
test_00080,0.0015461810
test_00081,0.9999959456
test_00082,0.9064305654
test_00083,0.0000024790
test_00084,0.9999999985
test_00085,0.9874956777
test_00086,0.9999982450
test_00087,0.9999996142
test_00088,0.0093189527
test_00089,0.7994669395
test_00090,0.0040944521
test_00091,0.0000001165
test_00092,0.9595277077
test_00093,0.0111970949
test_00094,0.8846006623
test_00095,0.9676951627
test_00096,0.0362938712
test_00097,0.0000082063
test_00098,0.0000000144
test_00099,0.0000057341
test_00100,0.0005704024
test_00101,0.0001407363
test_00102,0.0794037695
test_00103,0.9999999987
test_00104,0.9935522002
test_00105,0.0000020695
test_00106,0.0676516779
test_00107,0.9999440750
test_00108,0.0469727648
test_00109,0.0417816116
test_00110,0.9999895955
test_00111,0.0087521502
test_00112,0.9842648090
test_00113,0.0000000361
test_00114,0.9930363376
test_00115,0.0628107091
test_00116,0.0000047194
test_00117,0.9380266049
test_00118,0.9999996176
test_00119,0.2300119945
test_00120,0.0185994668
test_00121,0.9999998472
test_00122,0.9879146434
test_00123,0.9999997801
test_00124,0.0090534058
test_00125,0.0444148644
test_00126,0.0000000028
test_00127,0.9997255773
test_00128,0.0058205868
test_00129,0.0001487003
test_00130,0.9827870141
test_00131,0.0000003616
test_00132,0.3789999239
test_00133,0.9981256990
test_00134,0.0000162705
test_00135,0.8126899970
test_00136,0.0001074076
test_00137,0.9999492873
test_00138,0.9999993914
test_00139,0.0000003353
test_00140,0.9999989702
test_00141,0.0000000366
test_00142,0.9933380572
test_00143,0.9999653122
test_00144,0.0038697256
test_00145,0.0130875797
test_00146,0.0000002728
test_00147,0.9934096747
test_00148,0.9914357715
test_00149,0.9380136304
test_00150,0.0000042944
test_00151,0.9998710925
test_00152,0.0000090604
test_00153,0.1421165897
test_00154,0.8639534552
test_00155,0.9999997167
test_00156,0.9999949689
test_00157,0.0178658572
test_00158,0.9999989245
test_00159,0.9999999994
test_00160,0.9999959274
test_00161,0.2868212855
test_00162,0.2965568548
test_00163,0.9904441106
test_00164,0.0005267318
test_00165,0.9999983862
test_00166,0.9168420584
test_00167,0.0277068829
test_00168,0.0003340905
test_00169,0.0002066484
test_00170,0.9989323963
test_00171,0.9627638310
test_00172,0.9701806651
test_00173,0.0181646708
test_00174,0.0000000006
test_00175,0.9999999494
test_00176,0.9995691987
test_00177,0.0000003671
test_00178,0.0000030838
test_00179,0.9845065271
test_00180,0.0000001982
test_00181,0.9995170730
test_00182,0.8395752271
test_00183,0.9518830697
test_00184,0.6589104890
test_00185,0.9980997328
test_00186,0.0000519757
test_00187,0.9999972751
test_00188,0.9999999612
test_00189,0.9999991649
test_00190,0.0006185671
test_00191,0.9906031383
test_00192,0.0000000000
test_00193,0.9802282152
test_00194,0.0000001791
test_00195,0.0000051307
test_00196,0.0095254547
test_00197,0.7894850560
test_00198,0.0330968370
test_00199,0.9898418353
test_00200,0.9999998051
test_00201,0.9998650896
test_00202,0.9982164535
test_00203,0.9370097127
test_00204,0.9886446227
test_00205,0.0000625172
test_00206,0.0011025879
test_00207,0.0000000005
test_00208,0.0000024640
test_00209,0.0000000080
test_00210,0.0066099894
test_00211,0.9999994780
test_00212,0.9996546553
test_00213,0.9997350219
test_00214,0.9999961052
test_00215,0.0000005626
test_00216,0.0000010211
test_00217,0.0000343875
test_00218,0.0000093641
test_00219,0.9999999449
test_00220,0.9999990766
test_00221,0.9975269531
test_00222,0.0009699282
test_00223,0.9999569881
test_00224,0.9387590240
test_00225,0.8874800403
test_00226,0.0000002873
test_00227,0.0000274549
test_00228,0.8910723715
test_00229,0.0016670877
test_00230,0.0000003078
test_00231,0.9999999707
test_00232,0.9854772899
test_00233,0.9995469051
test_00234,0.0011060730
test_00235,0.9766595087
test_00236,0.0010828900
test_00237,0.0000735541
test_00238,0.9999999145
test_00239,0.0216381815
test_00240,0.0000000384
test_00241,0.0000006097
test_00242,0.0171596802
test_00243,0.9969234847
test_00244,0.9999997975
test_00245,0.8902751561
test_00246,0.0000000001
test_00247,0.9894500107
test_00248,0.9999998608
test_00249,0.9859858276
test_00250,0.8783061023
test_00251,0.0335796602
test_00252,0.0154048344
test_00253,0.9999999990
test_00254,0.0000000865
test_00255,0.0000000796
test_00256,0.0027373814
test_00257,0.0051063811
test_00258,0.0163262759
test_00259,0.0069302097
test_00260,0.0024262231
test_00261,0.9513311172
test_00262,0.9999692643
test_00263,0.0554268956
test_00264,0.9999867454
test_00265,0.9491131794
test_00266,0.1750555131
test_00267,0.7483200054
test_00268,0.0007088655
test_00269,0.9999981881
test_00270,0.9831915310
test_00271,0.1470106991
test_00272,0.9997480880
test_00273,0.0000077407
test_00274,0.6443040633
test_00275,0.0000003660
test_00276,0.1739469047
test_00277,0.9991759741
test_00278,0.0023550434
test_00279,0.1957635523
test_00280,0.9992003723
test_00281,0.9713210524
test_00282,0.9983960186
test_00283,0.0378170825
test_00284,0.2037310979
test_00285,0.0012839752
test_00286,0.0000017823
test_00287,0.8586117430
test_00288,0.9995353700
test_00289,0.9999987807
test_00290,0.9998940839
test_00291,0.9999999990
test_00292,0.9999979038
test_00293,0.0000052267
test_00294,0.9999889778
test_00295,0.9999991922
test_00296,0.0608214857
test_00297,0.9165516884
test_00298,0.3023737069
test_00299,0.9999719301
test_00300,0.0000123451
test_00301,0.9999864644
test_00302,0.0000602283
test_00303,0.0394659087
test_00304,0.0000000101
test_00305,0.9945854845
test_00306,0.9999813851
test_00307,0.9890290361
test_00308,0.0757868636
test_00309,0.9343677155
test_00310,0.9845606084
test_00311,0.9932264425
test_00312,0.0000010480
test_00313,0.9999999529
test_00314,0.0000051046
test_00315,0.9853486638
test_00316,0.9989020074
test_00317,0.0000000005
test_00318,0.9999675027
test_00319,0.8783745473
test_00320,0.9999740453
test_00321,0.2604722329
test_00322,0.9996212510
test_00323,0.9999702621
test_00324,0.1434402686
test_00325,0.9930447727
test_00326,0.0019623205
test_00327,0.0327761980
test_00328,0.1928341303
test_00329,0.8673899224
test_00330,0.9999999888
test_00331,0.9999954950
test_00332,0.9526290398
test_00333,0.9999346437
test_00334,0.9999947824
test_00335,0.0138824335
test_00336,0.0031101714
test_00337,0.9510375748
test_00338,0.0000780489
test_00339,0.9858083981
test_00340,0.5856271327
test_00341,0.0008601914
test_00342,0.9997785375
test_00343,0.9999990641
test_00344,0.9999989120
test_00345,0.9996479252
test_00346,0.0822971283
test_00347,0.0016780945
test_00348,0.0414177624
test_00349,0.0178919254
test_00350,0.9970978305
test_00351,0.1408509162
test_00352,0.9976172079
test_00353,0.9683043596
test_00354,0.0042920417
test_00355,0.9999999954
test_00356,0.0301406753
test_00357,0.0000597383
test_00358,0.9911463020
test_00359,0.9999999971
test_00360,0.9993144210
test_00361,0.9942218767
test_00362,0.9691725535
test_00363,0.9999934758
test_00364,0.9999649142
test_00365,0.9514024933
test_00366,0.9893419030
test_00367,0.0000365508
test_00368,0.0253751647
test_00369,0.9999999948
test_00370,0.0017778750
test_00371,0.0110531371
test_00372,0.9999996594
test_00373,0.3515454006
test_00374,0.9999999834
test_00375,0.9996792467
test_00376,0.0000464300
test_00377,0.0100298676
test_00378,0.9673543894
test_00379,0.0000015897
test_00380,0.0000019249
test_00381,0.9957632730
test_00382,0.0511990347
test_00383,0.0648189414
test_00384,0.9999495818
test_00385,0.0000751901
test_00386,0.9870985682
test_00387,0.9997158718
test_00388,0.9529076683
test_00389,0.9999999986
test_00390,0.8155345905
test_00391,0.0000188462
test_00392,0.7514804501
test_00393,0.9561038198
test_00394,0.0009913287
test_00395,0.0000006434
test_00396,0.0586133846
test_00397,0.9989799026
test_00398,0.0001942902
test_00399,0.6509827948
test_00400,0.9999999993
test_00401,0.9369274249
test_00402,0.9999996064
test_00403,0.0950951114
test_00404,0.0000010750
test_00405,0.9998939954
test_00406,0.9497045099
test_00407,0.0000261032
test_00408,0.9999744637
test_00409,0.9986955621
test_00410,0.0000000009
test_00411,0.0000415954
test_00412,0.0107914483
test_00413,0.0216236798
test_00414,0.7079462881
test_00415,0.9230238014
test_00416,0.0000000226
test_00417,0.0000036276
test_00418,0.9974821522
test_00419,0.9999999960
test_00420,0.0000000007
test_00421,0.9984749728
test_00422,0.9999890712
test_00423,0.0000000006
test_00424,0.0000434114
test_00425,0.0000042476
test_00426,0.8929302424
test_00427,0.0246833458
test_00428,0.0155852817
test_00429,0.9986928154
test_00430,0.9997410862
test_00431,0.9999999998
test_00432,0.9999999952
test_00433,0.2933426400
test_00434,0.0302012848
test_00435,0.0073829064
test_00436,0.9999991298
test_00437,0.3485888081
test_00438,0.9999969303
test_00439,0.9828592856
test_00440,0.0057969509
test_00441,0.0519850581
test_00442,0.9948181645
test_00443,0.9999976734
test_00444,0.9999999999
test_00445,0.0000062653
test_00446,0.0000027949
test_00447,0.0000405407
test_00448,0.9998500042
test_00449,0.0000104500
test_00450,0.0000943180
test_00451,0.9976034684
test_00452,0.9976505689
test_00453,0.0053160993
test_00454,0.9730623021
test_00455,0.9999932362
test_00456,0.9941702793
test_00457,0.0122156096
test_00458,0.9992892270
test_00459,0.9999550089
test_00460,0.0722927287
test_00461,0.9176268227
test_00462,0.1714442832
test_00463,0.9939331261
test_00464,0.0000000256
test_00465,0.0000212415
test_00466,0.8979713249
test_00467,0.1877420647
test_00468,0.9999650645
test_00469,0.0004306282
test_00470,0.2297853646
test_00471,0.0001422594
test_00472,0.1220860658
test_00473,0.0000077127
test_00474,0.0000000102
test_00475,0.0007017638
test_00476,0.0706767716
test_00477,0.0366592500
test_00478,0.3616234196
test_00479,0.9197928268
test_00480,0.9999412348
test_00481,0.0000000031
test_00482,0.0000922598
test_00483,0.9562771817
test_00484,0.0003391074
test_00485,0.0000164009
test_00486,0.0000000305
test_00487,0.7218863955
test_00488,0.0101577093
test_00489,0.9999929188
test_00490,0.9999638549
test_00491,0.0209547942
test_00492,0.9933893988
test_00493,1.0000000000
test_00494,0.9973463362
test_00495,0.9999999941
test_00496,0.0431475281
test_00497,0.9999999973
test_00498,0.0010364848
test_00499,0.0000011032
test_00500,0.9999981753
test_00501,0.0000523420
test_00502,0.9765056685
test_00503,0.0000272821
test_00504,0.9999999969
test_00505,0.9712051504
test_00506,0.9991053758
test_00507,0.0000427200
test_00508,0.2666046236
test_00509,0.0130409194
test_00510,0.9964845055
test_00511,0.9710042155
test_00512,0.9999996399
test_00513,0.9999826213
test_00514,0.0000000853
test_00515,0.0002625805
test_00516,0.0001432565
test_00517,0.0025076583
test_00518,0.0002504355
test_00519,0.9987584321
test_00520,0.0000001817
test_00521,0.9999999737
test_00522,0.9211615739
test_00523,0.0000011968
test_00524,0.9999890346
test_00525,0.0353254181
test_00526,0.0467336888
test_00527,0.0000000310
test_00528,0.0103315487
test_00529,0.9997868410
test_00530,0.0000593582
test_00531,0.6963654117
test_00532,0.0065836058
test_00533,0.0840195150
test_00534,0.9999999915
test_00535,0.0024855202
test_00536,0.0002575206
test_00537,0.0006834612
test_00538,0.9998893199
test_00539,0.0415342580
test_00540,0.9606089818
test_00541,0.0923024854
test_00542,0.0679234785
test_00543,0.9999996238
test_00544,0.9999972034
test_00545,0.0000070291
test_00546,0.0132232085
test_00547,0.9999998417
test_00548,0.0304252462
test_00549,0.8923809345
test_00550,0.0029257862
test_00551,0.0000751240
test_00552,0.0000050072
test_00553,0.9916271079
test_00554,0.0155352429
test_00555,0.1180138829
test_00556,0.9691829186
test_00557,0.9999838310
test_00558,0.0000005145
test_00559,0.0000000012
test_00560,0.9089773050
test_00561,0.0017925271
test_00562,0.0924733791
test_00563,0.0018247273
test_00564,0.9999987111
test_00565,0.9999988878
test_00566,0.0000000000
test_00567,0.9980547324
test_00568,0.0000325040
test_00569,0.7679147537
test_00570,0.0501749227
test_00571,0.0601663607
test_00572,0.0001221672
test_00573,0.0000103332
test_00574,0.0131163217
test_00575,0.7420963663
test_00576,0.8927341430
test_00577,0.8590573657
test_00578,0.0000000000
test_00579,0.8481119996
test_00580,0.9999999994
test_00581,0.9999955735
test_00582,0.0016885939
test_00583,0.9790657431
test_00584,0.0000000216
test_00585,0.0000000001
test_00586,0.9999999955
test_00587,1.0000000000
test_00588,0.2444759105
test_00589,0.0000212673
test_00590,0.0000000045
test_00591,0.0000244882
test_00592,0.0011623666
test_00593,0.8640570445
test_00594,0.9949465427
test_00595,0.0018926536
test_00596,0.0210454595
test_00597,0.0260410397
test_00598,0.9999671143
test_00599,0.0000000428
test_00600,0.9993701310
test_00601,0.9283286895
test_00602,0.9983939003
test_00603,0.2321961928
test_00604,0.4368884001
test_00605,0.9359622418
test_00606,0.9999998585
test_00607,0.0010237281
test_00608,0.0476928709
test_00609,0.0000017543
test_00610,0.9999975658
test_00611,0.0445627927
test_00612,0.4310364701
test_00613,0.0987195152
test_00614,0.9150321114
test_00615,1.0000000000
test_00616,0.0000037357
test_00617,0.9999671346
test_00618,0.0000000391
test_00619,0.9999781094
test_00620,0.9986852056
test_00621,0.1265102773
test_00622,0.9999999982
test_00623,0.9031639802
test_00624,0.0000102710
test_00625,0.0000004402
test_00626,0.9999413321
test_00627,0.0000012454
test_00628,0.0371761194
test_00629,0.1582482633
test_00630,0.9981086691
test_00631,0.9711651861
test_00632,0.9959084276
test_00633,0.9947323366
test_00634,0.9999999573
test_00635,0.0000000836
test_00636,0.9920242606
test_00637,0.0640924071
test_00638,0.0000140662
test_00639,0.9999992357
test_00640,0.0082275904
test_00641,0.9923153765
test_00642,0.9915667547
test_00643,0.0003987663
test_00644,0.9999999997
test_00645,0.9999998375
test_00646,0.0846121359
test_00647,0.0001080674
test_00648,0.7637670494
test_00649,0.9992899849
test_00650,0.0000010045
test_00651,0.0064194230
test_00652,0.0008194219
test_00653,0.9999752638
test_00654,0.9736144523
test_00655,0.8962175047
test_00656,0.0000047294
test_00657,0.0485283527
test_00658,0.9999981111
test_00659,0.0128498413
test_00660,0.0016457639
test_00661,0.0000206161
test_00662,0.0015665165
test_00663,0.9960947752
test_00664,0.1737318901
test_00665,0.0000711451
test_00666,0.9978474398
test_00667,0.0203225761
test_00668,0.0266494189
test_00669,0.0111016172
test_00670,0.9635097681
test_00671,0.9999999883
test_00672,0.9999995315
test_00673,0.9973335534
test_00674,0.9992684377
test_00675,0.9999999602
test_00676,0.0122060246
test_00677,0.0121807376
test_00678,0.9995890233
test_00679,0.1845931914
test_00680,0.2676057764
test_00681,0.9999762187
test_00682,0.9999899399
test_00683,0.9958190861
test_00684,0.9980792679
test_00685,0.9995068866
test_00686,0.9999999463
test_00687,0.0144021776
test_00688,0.0069910430
test_00689,0.9999999973
test_00690,0.0568470077
test_00691,0.9999584862
test_00692,0.9999999472
test_00693,0.9992653703
test_00694,0.0000000002
test_00695,0.0004202308
test_00696,0.0348224555
test_00697,0.9999992966
test_00698,0.0000007064
test_00699,0.0016081335
test_00700,0.9999166016
test_00701,0.9999161361
test_00702,0.9999933364
test_00703,0.0043270106
test_00704,0.0000000049
test_00705,0.5902838097
test_00706,0.0010646233
test_00707,0.9997107436
test_00708,0.0000044540
test_00709,0.8034119898
test_00710,0.1005912771
test_00711,0.9604684610
test_00712,0.9233832277
test_00713,0.0045206812
test_00714,0.0457092327
test_00715,0.9999999977
test_00716,0.9939475901
test_00717,0.9946795273
test_00718,0.1563454539
test_00719,0.0002070571
test_00720,0.9999999882
test_00721,0.0012835532
test_00722,0.0000000135
test_00723,0.9999991112
test_00724,0.9999891708
test_00725,0.9999892386
test_00726,0.0001478397
test_00727,0.0002433289
test_00728,0.9999998009
test_00729,0.9999998608
test_00730,0.9468502736
test_00731,0.0109458600
test_00732,0.0001857362
test_00733,0.0142284150
test_00734,0.9999240670
test_00735,0.0430686979
test_00736,0.8574450245
test_00737,0.9956581050
test_00738,0.0929382667
test_00739,0.9999998407
test_00740,0.0000002778
test_00741,0.9999999996
test_00742,0.9478428512
test_00743,0.9447878725
test_00744,0.0029795860
test_00745,0.9804315697
test_00746,0.0000195289
test_00747,0.0002445447
test_00748,0.9999994582
test_00749,0.0000018793
test_00750,0.0116533824
test_00751,0.9995786432
test_00752,0.0000031130
test_00753,0.0000003412
test_00754,0.1524354512
test_00755,0.9310385073
test_00756,0.0001897387
test_00757,0.0000006211
test_00758,0.0000025362
test_00759,0.0025839556
test_00760,0.9981117373
test_00761,0.9999418480
test_00762,0.0000000028
test_00763,0.9999928114
test_00764,0.0044709236
test_00765,0.9999999841
test_00766,0.0001891207
test_00767,0.9999987534
test_00768,0.0000011474
test_00769,0.0000000529
test_00770,0.9999991917
test_00771,0.1278144255
test_00772,0.0080025567
test_00773,0.9999959183
test_00774,0.9999546205
test_00775,1.0000000000
test_00776,0.9901036434
test_00777,0.0750431380
test_00778,0.0014816751
test_00779,0.0000110824
test_00780,0.8297721639
test_00781,0.0007955949
test_00782,0.0054124751
test_00783,0.5741785966
test_00784,0.9358681108
test_00785,0.9999986629
test_00786,1.0000000000
test_00787,0.0153510707
test_00788,0.9015057550
test_00789,0.9997211789
test_00790,0.9999883147
test_00791,0.9999996235
test_00792,0.9999997587
test_00793,0.0000000034
test_00794,0.9999984446
test_00795,0.0000009781
test_00796,0.0000056102
test_00797,0.1509339394
test_00798,0.9136569678
test_00799,0.9886401095
test_00800,0.0001647338
test_00801,0.0029574324
test_00802,0.0000002095
test_00803,0.0044689572
test_00804,0.9779625870
test_00805,0.2137248934
test_00806,0.9999042628
test_00807,0.9999973557
test_00808,0.0002494721
test_00809,0.2389639847
test_00810,0.9151818206
test_00811,0.9994348259
test_00812,0.8206232700
test_00813,0.0000000874
test_00814,0.9999991269
test_00815,0.1238305770
test_00816,0.0003941501
test_00817,0.0000001062
test_00818,0.0000000441
test_00819,0.9957161962
test_00820,0.0001450573
test_00821,0.0000007793
test_00822,0.9879288256
test_00823,0.0000017457
test_00824,0.0000247497
test_00825,0.9331814860
test_00826,0.9986092267
test_00827,0.9981211609
test_00828,0.9963813482
test_00829,0.9999999914
test_00830,0.9999892171
test_00831,0.9974496455
test_00832,0.0000071834
test_00833,0.0006825247
test_00834,0.0000000671
test_00835,0.0423566119
test_00836,0.9451194468
test_00837,0.5590457346
test_00838,0.0000002081
test_00839,0.0000000000
test_00840,0.0706070190
test_00841,0.6893023168
test_00842,0.9999997332
test_00843,0.9999961491
test_00844,0.0000089786
test_00845,0.0000457249
test_00846,0.9999997672
test_00847,0.1505022552
test_00848,0.0000000080
test_00849,0.0708305744
test_00850,0.0373547551
test_00851,0.9996983537
test_00852,0.9986654842
test_00853,0.2161420403
test_00854,0.5643952332
test_00855,0.2267043343
test_00856,0.9936022306
test_00857,0.0027916871
test_00858,0.1179680759
test_00859,0.9999999933
test_00860,0.0060924477
test_00861,0.9993717239
test_00862,0.0000001020
test_00863,0.9999999917
test_00864,0.0137007082
test_00865,0.0007253775
test_00866,0.1767112455
test_00867,0.0074423970
test_00868,0.9998773750
test_00869,0.4947100375
test_00870,0.3228774155
test_00871,0.0000001130
test_00872,0.0000001749
test_00873,0.9999783519
test_00874,0.0000083032
test_00875,0.9924421734
test_00876,0.0020260058
test_00877,0.0000404022
test_00878,0.0000000373
test_00879,0.9999715243
test_00880,0.0112629935
test_00881,0.9999989015
test_00882,0.9408286039
test_00883,0.8777922494
test_00884,0.9991485987
test_00885,0.8855138090
test_00886,0.0510366074
test_00887,0.0420999968
test_00888,0.0774765279
test_00889,0.9996530255
test_00890,0.5655164638
test_00891,0.9983467584
test_00892,0.0090041373
test_00893,0.9993020228
test_00894,0.9836077224
test_00895,0.9994239546
test_00896,0.8524859768
test_00897,0.9492420721
test_00898,0.9999885015
test_00899,0.0000096823
test_00900,0.0002467753
test_00901,0.9953381500
test_00902,0.1653696337
test_00903,0.9999999930
test_00904,0.9999999999
test_00905,0.0000074442
test_00906,0.8869328167
test_00907,0.7949637720
test_00908,0.0000035383
test_00909,0.9993210565
test_00910,0.0000000116
test_00911,0.9872672067
test_00912,0.8947946669
test_00913,0.0054810989
test_00914,0.0000042373
test_00915,0.9719263029
test_00916,0.0054015649
test_00917,0.9991987603
test_00918,0.0000480639
test_00919,0.0000000339
test_00920,0.0002210836
test_00921,0.0000000000
test_00922,0.7794985040
test_00923,0.0000466375
test_00924,0.1890041031
test_00925,0.9999998555
test_00926,0.9992840102
test_00927,0.0001804282
test_00928,0.9903671151
test_00929,0.6963040673
test_00930,0.0000000048
test_00931,0.9999659764
test_00932,0.0000048249
test_00933,0.9998788946
test_00934,1.0000000000
test_00935,0.0046138045
test_00936,0.9999915776
test_00937,0.9999999902
test_00938,0.0000088912
test_00939,0.9999999999
test_00940,0.9999999999
test_00941,0.9999963494
test_00942,0.9999999999
test_00943,0.0000007842
test_00944,0.0000007953
test_00945,0.9461707888
test_00946,0.9953655934
test_00947,0.0938989019
test_00948,0.0000024703
test_00949,0.0060294697
test_00950,0.0000000361
test_00951,0.9109734755
test_00952,0.9890939388
test_00953,0.9999544737
test_00954,0.5098901756
test_00955,0.8449852257
test_00956,0.9010350838
test_00957,0.6728309311
test_00958,0.0427214715
test_00959,0.9786378452
test_00960,0.0000000025
test_00961,0.9761751956
test_00962,0.0000004382
test_00963,0.9999999919
test_00964,0.9999116184
test_00965,0.9422612377
test_00966,0.9075192996
test_00967,0.0002825642
test_00968,0.0971402052
test_00969,0.9664292904
test_00970,0.9969822912
test_00971,0.9999895321
test_00972,0.6180127953
test_00973,0.1425131948
test_00974,0.0015184094
test_00975,0.9868190605
test_00976,0.9999453434
test_00977,0.9999012198
test_00978,0.0000000001
test_00979,0.1584963607
test_00980,0.9999999350
test_00981,0.9616439022
test_00982,0.0514112960
test_00983,0.0303855733
test_00984,0.0145976181
test_00985,0.9998153099
test_00986,0.0000021680
test_00987,0.0000009374
test_00988,0.2036646564
test_00989,0.9993446255
test_00990,0.0017358516
test_00991,0.7204982466
test_00992,0.0082646013
test_00993,0.0011119520
test_00994,0.0257561158
test_00995,0.1434798813
test_00996,0.4008154138
test_00997,0.9999999723
test_00998,0.0000628993
test_00999,0.0016363539
test_01000,0.0116744460
test_01001,0.9999985770
test_01002,0.0457278289
test_01003,0.4360299376
test_01004,0.0595520192
test_01005,0.0011705257
test_01006,0.0042259461
test_01007,0.0001706070
test_01008,0.9273933965
test_01009,0.9350937521
test_01010,0.9992328392
test_01011,0.9606277449
test_01012,0.2214000251
test_01013,0.0000002364
test_01014,0.0000000000
test_01015,0.9994451580
test_01016,0.9999595882
test_01017,0.0081302373
test_01018,0.9999998669
test_01019,0.9983703092
test_01020,0.9999846077
test_01021,0.9999998860
test_01022,0.0115632507
test_01023,0.9998638208
test_01024,0.0001367110
test_01025,0.1536907946
test_01026,0.9966859017
test_01027,0.0000358263
test_01028,0.0000000542
test_01029,0.9999999956
test_01030,0.9995095606
test_01031,0.0280366657
test_01032,0.0001059333
test_01033,0.9999515416
test_01034,0.2363629181
test_01035,0.0000806782
test_01036,0.9999666078
test_01037,0.9625064658
test_01038,0.9970412279
test_01039,0.9999995912
test_01040,0.9988251873
test_01041,0.8669086037
test_01042,0.9976600900
test_01043,0.9606884924
test_01044,0.9948302621
test_01045,0.9482593357
test_01046,0.0001174308
test_01047,0.9995447391
test_01048,0.9912900551
test_01049,0.0000843590
test_01050,0.0000001068
test_01051,0.8508467082
test_01052,0.9783361014
test_01053,0.0002483530
test_01054,0.8821579717
test_01055,0.1015102694
test_01056,0.0003181344
test_01057,0.0051772054
test_01058,0.9905660653
test_01059,0.4493031695
test_01060,0.9150122966
test_01061,0.9929346164
test_01062,0.1720633153
test_01063,0.0005155873
test_01064,0.0000001848
test_01065,0.0261032589
test_01066,0.9966183734
test_01067,0.9962555662
test_01068,0.9999454875
test_01069,0.0002544829
test_01070,0.9997706208
test_01071,0.9999756042
test_01072,0.9971069682
test_01073,0.9948048126
test_01074,0.9998325565
test_01075,0.0000002502
test_01076,0.0005578422
test_01077,0.9742024113
test_01078,0.0030779939
test_01079,0.9999751419
test_01080,0.9999999517
test_01081,0.9999907189
test_01082,0.9999986536
test_01083,0.9999996001
test_01084,0.1817143726
test_01085,0.9989640460
test_01086,0.9955793930
test_01087,0.0122627580
test_01088,0.0726056763
test_01089,0.9999895598
test_01090,0.9999999947
test_01091,0.9999717586
test_01092,0.0316839802
test_01093,0.0004277007
test_01094,0.0004566982
test_01095,0.9999999941
test_01096,0.0020680025
test_01097,0.9998989565
test_01098,0.9999999955
test_01099,0.9793146485
test_01100,0.0000182261
test_01101,0.0044788580
test_01102,1.0000000000
test_01103,0.0065708826
test_01104,0.0171967274
test_01105,0.9995396086
test_01106,0.0002002218
test_01107,0.9999976465
test_01108,0.9533482724
test_01109,0.0000500274
test_01110,0.9712375732
test_01111,0.0001087235
test_01112,0.0592405311
test_01113,0.9816161019
test_01114,0.0000019599
test_01115,0.0011549300
test_01116,0.9772396198
test_01117,0.9997929379
test_01118,0.0000013146
test_01119,0.1021465524
test_01120,0.0000079689
test_01121,0.9994699995
test_01122,0.0111036456
test_01123,0.8831461716
test_01124,0.0001768538
test_01125,0.8554196193
test_01126,0.9999835950
test_01127,0.0000000014
test_01128,0.9211994518
test_01129,0.0462109209
test_01130,0.9999999656
test_01131,0.5640778646
test_01132,0.0000000032
test_01133,0.0204504498
test_01134,0.0000000110
test_01135,0.9919516730
test_01136,0.8658824537
test_01137,0.9999817661
test_01138,0.9680397942
test_01139,0.0000000061
test_01140,0.1653434091
test_01141,0.9958937896
test_01142,0.9993221111
test_01143,0.8699731493
test_01144,0.9999988666
test_01145,0.9459469532
test_01146,0.9989994993
test_01147,0.0645764608
test_01148,0.9922624720
test_01149,0.0048982275
test_01150,0.8308614748
test_01151,0.0000000040
test_01152,0.0000001680
test_01153,0.9999077402
test_01154,0.9936820816
test_01155,0.0356165879
test_01156,0.0782236759
test_01157,0.0000040321
test_01158,0.0019648588
test_01159,0.3504917841
test_01160,0.0062321373
test_01161,0.0004022309
test_01162,0.0000002645
test_01163,0.9999974886
test_01164,0.0000001617
test_01165,0.0002040985
test_01166,0.9999999502
test_01167,0.9948300892
test_01168,0.1583128329
test_01169,0.0000197596
test_01170,0.0042007409
test_01171,0.9989446567
test_01172,0.9999966121
test_01173,0.0000543315
test_01174,0.9987240655
test_01175,0.0000000154
test_01176,0.0000053144
test_01177,0.9964171778
test_01178,0.8090083437
test_01179,0.0000000000
test_01180,0.0000014028
test_01181,0.0000006267
test_01182,0.9873129393
test_01183,0.9732815314
test_01184,0.9999963791
test_01185,0.0000905209
test_01186,0.0000054390
test_01187,0.0001399369
test_01188,0.0000000001
test_01189,0.0000000806
test_01190,0.0000629276
test_01191,0.0161297699
test_01192,0.9999880639
test_01193,0.0000060520
test_01194,0.9999999966
test_01195,0.9141567292
test_01196,0.6653326546
test_01197,0.9748275892
test_01198,0.1662912802
test_01199,0.0002353921
test_01200,0.9995619507
test_01201,0.0113229589
test_01202,0.9964486305
test_01203,0.9995479914
test_01204,0.0332030783
test_01205,0.0000000012
test_01206,0.9974658304
test_01207,0.0000145444
test_01208,0.9445399845
test_01209,0.0809277012
test_01210,0.9999999924
test_01211,0.9855493099
test_01212,0.0003368337
test_01213,0.9986401698
test_01214,0.8669997167
test_01215,0.0000011820
test_01216,0.8720304790
test_01217,0.0000015740
test_01218,0.0234748224
test_01219,0.4774066819
test_01220,0.9999995198
test_01221,0.9999998276
test_01222,0.0055711671
test_01223,0.9998726643
test_01224,0.9999927004
test_01225,0.8669871334
test_01226,0.1745786569
test_01227,0.9720353004
test_01228,0.0003056125
test_01229,0.9999999990
test_01230,0.9999999953
test_01231,0.9473190288
test_01232,0.0002550111
test_01233,0.9999982735
test_01234,0.1110006983
test_01235,0.9999999737
test_01236,0.9994910118
test_01237,0.0001406521
test_01238,0.0001347917
test_01239,0.9999975691
test_01240,0.9999999999
test_01241,0.9999999974
test_01242,0.0335942034
test_01243,0.0000350402
test_01244,0.0006071763
test_01245,0.9999913434
test_01246,0.9999992020
test_01247,0.9999969941
test_01248,0.0058014818
test_01249,0.9999996359
test_01250,0.9468574209
test_01251,0.9808252834
test_01252,0.0407471877
test_01253,0.0124654160
test_01254,0.9999958848
test_01255,0.9981519983
test_01256,0.9995747023
test_01257,0.1784528443
test_01258,0.0067404236
test_01259,0.0290995435
test_01260,0.0001445707
test_01261,0.9623368107
test_01262,0.5879653084
test_01263,0.7977256142
test_01264,0.0033744399
test_01265,0.9999999993
test_01266,0.0000005006
test_01267,0.0001761603
test_01268,0.0000004771
test_01269,0.9356543507
test_01270,0.9970447191
test_01271,0.1077731799
test_01272,0.0000634929
test_01273,0.0002378204
test_01274,0.0352048290
test_01275,0.9999999993
test_01276,0.0000126240
test_01277,0.0054734462
test_01278,0.0664606095
test_01279,0.0001086436
test_01280,0.9831799728
test_01281,0.9985806938
test_01282,0.9999990436
test_01283,0.8368066484
test_01284,0.0373937912
test_01285,0.9724620623
test_01286,0.9999798895
test_01287,0.9999976749
test_01288,0.2867988708
test_01289,0.9999998270
test_01290,0.9999997016
test_01291,0.0000002863
test_01292,0.9997065253
test_01293,0.0114936572
test_01294,0.9999850084
test_01295,0.9999999650
test_01296,0.8722388750
test_01297,0.9999957140
test_01298,0.0062410212
test_01299,0.9999846314
test_01300,0.0000025043
test_01301,0.9999977105
test_01302,0.9933148144
test_01303,0.0713663326
test_01304,0.0058115197
test_01305,0.0000096917
test_01306,0.0470838899
test_01307,0.9999999941
test_01308,0.9999952290
test_01309,0.0000000830
test_01310,0.6825686007
test_01311,0.0000268023
test_01312,0.9999671607
test_01313,0.0000059924
test_01314,0.9999838026
test_01315,0.0012875497
test_01316,0.0505091578
test_01317,0.9977718084
test_01318,0.0002629819
test_01319,0.0000298931
test_01320,0.9345282970
test_01321,0.0000682678
test_01322,0.9568337520
test_01323,0.7889672542
test_01324,0.0000007775
test_01325,0.9909970975
test_01326,0.0000063761
test_01327,0.9924209719
test_01328,0.9999990085
test_01329,0.9999997836
test_01330,0.9999989636
test_01331,0.0000000473
test_01332,0.9936272543
test_01333,0.9185058236
test_01334,0.0367148673
test_01335,0.9999999672
test_01336,0.1044964298
test_01337,0.9999999934
test_01338,0.9999998123
test_01339,0.7028445627
test_01340,0.0000001335
test_01341,0.9999808504
test_01342,0.9279704860
test_01343,0.9999988505
test_01344,0.9999747621
test_01345,0.9953191697
test_01346,0.1949932942
test_01347,0.9999993926
test_01348,0.0002234226
test_01349,0.0000006479
test_01350,0.9200700679
test_01351,1.0000000000
test_01352,0.9999999965
test_01353,0.0000004522
test_01354,0.9999480792
test_01355,0.9723657060
test_01356,0.0076570280
test_01357,0.0021252323
test_01358,0.9990377438
test_01359,0.0345853185
test_01360,0.0000967880
test_01361,0.9999999515
test_01362,0.0192799687
test_01363,1.0000000000
test_01364,0.9686832713
test_01365,0.0755244115
test_01366,0.1296565367
test_01367,0.9997990260
test_01368,0.0756386842
test_01369,0.0000009452
test_01370,0.0000002391
test_01371,0.0011380995
test_01372,0.1358397449
test_01373,0.9999998350
test_01374,0.9999988361
test_01375,0.0000545973
test_01376,0.0000077491
test_01377,0.0000000009
test_01378,0.0001486192
test_01379,0.0498181634
test_01380,0.0344227484
test_01381,0.0000005988
test_01382,0.9960051770
test_01383,0.9883519623
test_01384,0.9999408932
test_01385,0.9998616085
test_01386,0.0388046767
test_01387,0.0379825890
test_01388,0.0041658341
test_01389,0.0006415969
test_01390,0.0096955850
test_01391,0.0095670958
test_01392,0.9876756682
test_01393,0.9999616906
test_01394,0.0004660584
test_01395,0.9999999950
test_01396,0.9997873932
test_01397,0.6984870460
test_01398,0.0101462522
test_01399,0.0000053608
test_01400,0.0041352511
test_01401,0.0469356693
test_01402,0.0000000001
test_01403,0.7247231307
test_01404,0.8234971306
test_01405,0.9999999291
test_01406,0.0000011869
test_01407,0.9999019229
test_01408,0.9987984169
test_01409,0.9999999782
test_01410,0.9999985763
test_01411,0.0000006267
test_01412,0.0036007365
test_01413,0.0000000279
test_01414,0.0104980766
test_01415,0.6970465719
test_01416,0.9999985177
test_01417,0.0000000571
test_01418,0.9999452414
test_01419,0.0002352369
test_01420,0.0000000000
test_01421,0.0091607259
test_01422,0.0722726792
test_01423,0.9710426674
test_01424,0.9999868260
test_01425,0.9999966056
test_01426,0.9925629394
test_01427,0.1061429405
test_01428,0.9976136124
test_01429,0.9992370830
test_01430,0.0192456285
test_01431,0.0014890745
test_01432,0.9697105989
test_01433,0.9399709833
test_01434,0.9999986577
test_01435,0.0122989510
test_01436,0.0227788264
test_01437,0.0000249375
test_01438,0.0324039379
test_01439,0.9031642166
test_01440,0.9999889661
test_01441,0.0172019254
test_01442,0.8709081459
test_01443,0.0142095264
test_01444,0.0301185974
test_01445,0.9979258588
test_01446,0.0211403772
test_01447,0.7311229456
test_01448,0.9999462206
test_01449,0.9229500117
test_01450,0.9995028200
test_01451,0.0002210073
test_01452,0.9999998158
test_01453,0.9915352074
test_01454,0.9999640161
test_01455,0.9977629762
test_01456,0.9988318444
test_01457,0.9999918655
test_01458,0.9911227580
test_01459,0.9999934231
test_01460,0.0000000000
test_01461,0.0000000467
test_01462,0.0000020250
test_01463,0.9999995655
test_01464,0.0000070478
test_01465,0.7872289870
test_01466,0.9999126668
test_01467,0.9969956354
test_01468,0.9999867326
test_01469,0.0000000511
test_01470,0.0021769168
test_01471,0.9928068896
test_01472,0.9374193854
test_01473,0.0000023205
test_01474,0.9792737141
test_01475,0.0056555002
test_01476,0.0050114930
test_01477,0.0000167181
test_01478,0.0000000009
test_01479,0.9862961129
test_01480,0.9999999187
test_01481,0.9785970945
test_01482,0.1268996959
test_01483,0.9799376709
test_01484,0.0000000401
test_01485,0.8979905144
test_01486,0.9999459711
test_01487,0.0059804039
test_01488,0.9999999989
test_01489,0.1100398602
test_01490,0.9185159988
test_01491,0.0000000119
test_01492,0.0000000568
test_01493,0.0000000280
test_01494,0.0005744627
test_01495,0.0008058972
test_01496,0.9992215608
test_01497,0.9936559503
test_01498,0.9221052484
test_01499,0.0474357385
test_01500,0.0013813456
test_01501,0.9337862767
test_01502,0.0754174647
test_01503,0.9479060396
test_01504,0.9086659173
test_01505,0.0000017107
test_01506,0.9933003542
test_01507,0.9723878366
test_01508,0.9962319170
test_01509,0.9999980792
test_01510,0.4759428575
test_01511,0.9999999982
test_01512,0.9998306212
test_01513,0.9999999715
test_01514,0.0129419238
test_01515,0.9999334342
test_01516,0.1266238428
test_01517,0.1662246990
test_01518,0.9947070697
test_01519,0.8284145163
test_01520,0.9997717265
test_01521,0.9775565674
test_01522,0.9999640126
test_01523,0.7952427385
test_01524,0.9975984038
test_01525,0.9999988719
test_01526,0.0000000000
test_01527,0.9999971036
test_01528,0.9999999730
test_01529,0.0000000000
test_01530,0.9999962529
test_01531,0.1101006719
test_01532,0.9993732503
test_01533,0.9244666966
test_01534,0.0000042923
test_01535,0.0000030355
test_01536,0.0000025011
test_01537,0.9999929114
test_01538,0.0000233597
test_01539,0.9999999600
test_01540,0.7772566818
test_01541,0.9914371536
test_01542,0.6245885819
test_01543,0.9999951641
test_01544,0.0000080801
test_01545,0.9999194429
test_01546,0.9999845424
test_01547,0.9563567172
test_01548,0.0030375477
test_01549,0.9153305672
test_01550,0.9999344256
test_01551,0.0072807927
test_01552,0.9947431857
test_01553,0.9663199080
test_01554,0.0997720110
test_01555,0.8603013308
test_01556,0.9957152367
test_01557,0.9999997626
test_01558,0.9999210043
test_01559,0.0000170648
test_01560,0.6239417359
test_01561,0.0002585152
test_01562,0.0000001377
test_01563,0.9991882170
test_01564,0.0000047512
test_01565,0.9997594308
test_01566,0.9999961728
test_01567,0.0007226705
test_01568,0.0000013969
test_01569,0.0000068918
test_01570,0.0001155742
test_01571,0.9840390099
test_01572,0.9999718203
test_01573,0.9881336031
test_01574,0.0412728157
test_01575,0.0004483532
test_01576,0.9999866294
test_01577,0.0243350868
test_01578,0.9470756300
test_01579,0.9511260358
test_01580,0.1020092404
test_01581,0.9999999854
test_01582,0.0000090890
test_01583,0.0000000132
test_01584,0.9648506330
test_01585,0.3886228074
test_01586,0.9847288217
test_01587,0.9945589811
test_01588,0.0000029264
test_01589,0.1898782865
test_01590,0.9999999910
test_01591,0.9993017637
test_01592,0.0953196977
test_01593,0.0000000158
test_01594,0.9999999611
test_01595,0.9999902848
test_01596,0.0000000550
test_01597,0.0057393639
test_01598,0.0225498462
test_01599,0.9970401698
test_01600,0.0791170463
test_01601,0.9393433460
test_01602,0.0216668812
test_01603,0.9999997706
test_01604,0.9999997510
test_01605,0.0002638599
test_01606,0.0000000328
test_01607,0.9999999989
test_01608,0.9996841148
test_01609,0.9999979859
test_01610,0.9992209853
test_01611,0.0096765494
test_01612,0.9994757521
test_01613,0.2710281846
test_01614,0.0001695408
test_01615,0.9586576097
test_01616,0.0000041142
test_01617,0.9831277877
test_01618,0.9999984336
test_01619,0.0000000562
test_01620,0.0000045534
test_01621,0.0747317674
test_01622,0.9999997645
test_01623,0.9524364732
test_01624,0.6037302876
test_01625,0.9292008581
test_01626,0.9944164339
test_01627,0.9976632415
test_01628,0.0000009321
test_01629,0.9999051969
test_01630,0.9999451926
test_01631,0.9998690407
test_01632,0.0000146298
test_01633,0.9822354272
test_01634,0.0000000233
test_01635,0.9888227152
test_01636,0.9999548932
test_01637,0.0000003599
test_01638,0.9942331201
test_01639,0.9617902130
test_01640,0.0000111093
test_01641,0.0030816520
test_01642,0.9996771807
test_01643,0.0004644837
test_01644,0.9846888564
test_01645,0.9969310167
test_01646,0.1536831720
test_01647,0.9999658050
test_01648,0.9879518602
test_01649,0.0000014670
test_01650,0.1616979616
test_01651,0.2095688973
test_01652,0.9999984008
test_01653,0.0003695392
test_01654,0.9187295637
test_01655,0.9999913721
test_01656,0.9992190262
test_01657,0.0000000002
test_01658,0.0126036684
test_01659,0.0024375581
test_01660,0.9999998816
test_01661,0.0000005533
test_01662,0.7737904681
test_01663,0.0002808364
test_01664,0.0000002485
test_01665,0.9986012196
test_01666,0.0000000319
test_01667,0.0000000013
test_01668,0.9903767294
test_01669,0.0000000347
test_01670,0.9649729682
test_01671,0.9999846531
test_01672,0.9998756253
test_01673,0.1480417639
test_01674,0.4009730616
test_01675,0.0212708431
test_01676,0.9999611877
test_01677,0.6957193742
test_01678,0.9985278352
test_01679,0.9999914825
test_01680,0.0000153864
test_01681,0.9992620819
test_01682,0.9999876144
test_01683,0.0000006572
test_01684,0.9999988894
test_01685,0.9999604908
test_01686,0.9999949970
test_01687,0.9712185380
test_01688,0.0582886349
test_01689,0.0000001818
test_01690,0.9999999997
test_01691,0.0107896101
test_01692,0.0000420309
test_01693,0.0612227097
test_01694,0.0000790139
test_01695,0.3022189857
test_01696,0.9797836213
test_01697,0.9963319990
test_01698,0.9798130485
test_01699,0.1122275323
test_01700,0.9999885782
test_01701,0.0011075682
test_01702,0.0000003939
test_01703,0.9999999823
test_01704,0.0000000462
test_01705,0.1054046185
test_01706,0.9557220176
test_01707,0.9998727242
test_01708,0.9986905455
test_01709,0.9990273254
test_01710,0.9982532626
test_01711,0.0000003987
test_01712,0.0742923391
test_01713,0.0000004733
test_01714,0.0001354576
test_01715,0.9999999941
test_01716,0.9858776130
test_01717,0.9999999820
test_01718,0.0001333759
test_01719,0.0004746662
test_01720,0.8510028691
test_01721,0.0000004428
test_01722,0.9998864984
test_01723,0.0121480608
test_01724,0.0021858181
test_01725,0.0007478301
test_01726,0.0003834937
test_01727,0.9989874440
test_01728,0.1062270871
test_01729,0.9999990617
test_01730,0.0057625552
test_01731,0.1686684042
test_01732,0.0002410905
test_01733,0.9976828245
test_01734,0.9989648335
test_01735,0.9999988257
test_01736,0.9999599286
test_01737,0.9999999559
test_01738,0.9769559708
test_01739,0.9836157647
test_01740,0.2112071934
test_01741,0.0002766620
test_01742,0.0037163890
test_01743,0.9308023036
test_01744,0.9994175180
test_01745,0.0015597737
test_01746,0.0000000281
test_01747,0.9999894979
test_01748,0.0765329832
test_01749,0.9985758320
test_01750,0.9999998444
test_01751,0.0083684791
test_01752,0.0351789085
test_01753,0.7845277625
test_01754,0.0393240413
test_01755,0.9830987789
test_01756,0.9886256316
test_01757,0.9949735434
test_01758,0.0001007259
test_01759,0.0383805570
test_01760,0.9899350132
test_01761,0.0489723615
test_01762,0.0056263302
test_01763,0.0000000420
test_01764,0.9194098405
test_01765,0.9999094064
test_01766,0.0000021579
test_01767,0.0000000182
test_01768,0.0045148604
test_01769,0.8485509202
test_01770,0.9432854883
test_01771,0.0685443932
test_01772,0.0047035882
test_01773,0.9797889070
test_01774,0.9999995411
test_01775,0.9999983664
test_01776,0.9994404997
test_01777,0.9999999243
test_01778,0.9999999999
test_01779,0.0914924352
test_01780,0.0034026237
test_01781,0.9944778360
test_01782,0.0000006016
test_01783,0.9999975470
test_01784,0.0047382958
test_01785,0.8647215475
test_01786,0.8690963518
test_01787,0.4546960547
test_01788,0.9999999498
test_01789,0.9863135432
test_01790,0.0000001585
test_01791,0.9969484679
test_01792,0.1228790752
test_01793,0.0703680399
test_01794,0.9769118478
test_01795,0.0001548535
test_01796,0.0015249223
test_01797,0.1864226518
test_01798,0.9693993064
test_01799,0.1903204919
test_01800,0.9402424557
test_01801,0.9999880011
test_01802,0.0035694002
test_01803,0.9997920259
test_01804,0.9999999179
test_01805,0.0000000102
test_01806,0.2459936279
test_01807,0.9999998336
test_01808,0.9999999964
test_01809,0.9999958173
test_01810,0.9980816963
test_01811,0.9917888689
test_01812,1.0000000000
test_01813,0.0073052708
test_01814,0.0000020558
test_01815,0.9983424552
test_01816,0.3908839329
test_01817,0.0018343760
test_01818,0.9999866002
test_01819,0.9980775531
test_01820,0.0419706421
test_01821,0.9999962032
test_01822,0.1336181237
test_01823,0.0000158705
test_01824,0.9940511489
test_01825,0.0891951369
test_01826,0.9963871970
test_01827,0.0000000020
test_01828,0.9999747285
test_01829,0.0003175067
test_01830,0.9997359035
test_01831,0.0000107400
test_01832,0.0000339617
test_01833,0.0000001563
test_01834,0.4057611463
test_01835,0.0870775047
test_01836,0.0000031815
test_01837,0.9999919342
test_01838,0.0000726714
test_01839,0.9999614835
test_01840,0.0000000144
test_01841,0.9561997962
test_01842,0.6461003328
test_01843,0.0000000000
test_01844,0.9765177436
test_01845,0.7770840264
test_01846,0.9999775731
test_01847,0.9999693013
test_01848,0.0048716547
test_01849,0.9416842754
test_01850,0.9999903958
test_01851,0.9849508879
test_01852,0.0009687216
test_01853,0.0148622232
test_01854,0.0322050830
test_01855,0.0032159409
test_01856,0.8487674905
test_01857,0.0000000001
test_01858,0.9900283099
test_01859,0.8303856991
test_01860,0.9999822452
test_01861,0.0000007314
test_01862,0.1022789934
test_01863,0.9595763178
test_01864,0.0000000034
test_01865,0.9999689221
test_01866,0.0037028636
test_01867,0.0000030015
test_01868,0.0000857804
test_01869,0.9999972917
test_01870,0.0001045709
test_01871,0.9636937900
test_01872,0.0089636462
test_01873,0.9873667711
test_01874,0.1275446740
test_01875,0.0000001699
test_01876,0.9880956936
test_01877,0.9999991667
test_01878,0.1037915791
test_01879,0.9996630007
test_01880,0.9897122214
test_01881,0.9988188379
test_01882,0.0000520123
test_01883,0.0294051723
test_01884,0.0000000263
test_01885,0.0205269040
test_01886,0.0000002190
test_01887,0.9993485469
test_01888,0.0268592361
test_01889,0.0463998904
test_01890,0.9998515868
test_01891,0.0273149799
test_01892,0.0000725414
test_01893,0.9994120216
test_01894,0.0173357295
test_01895,0.0000010505
test_01896,0.9908962101
test_01897,0.0000612071
test_01898,0.6710129273
test_01899,0.2009933774
test_01900,0.9999567652
test_01901,0.0647390533
test_01902,0.9962783535
test_01903,0.0000000328
test_01904,0.0000029341
test_01905,0.9326440985
test_01906,0.0001432013
test_01907,0.9999820834
test_01908,0.9999998648
test_01909,0.0706918253
test_01910,0.0000013745
test_01911,0.0069815209
test_01912,0.9994748807
test_01913,0.0632911997
test_01914,0.9999999896
test_01915,0.4812537657
test_01916,0.9999998470
test_01917,0.9999999979
test_01918,0.9963085464
test_01919,0.1082172436
test_01920,0.9984330214
test_01921,0.0000013580
test_01922,0.9662072346
test_01923,0.8829695371
test_01924,0.9802278523
test_01925,0.9999462318
test_01926,0.0000007953
test_01927,0.9998448405
test_01928,0.0000281335
test_01929,0.9771534539
test_01930,0.9999899303
test_01931,0.0000158043
test_01932,0.9999999998
test_01933,0.9968950025
test_01934,0.9634705306
test_01935,0.0000496050
test_01936,0.0000415806
test_01937,0.9999964334
test_01938,0.0062073450
test_01939,0.9999839200
test_01940,0.0000000000
test_01941,0.9617631471
test_01942,0.9993763866
test_01943,0.0000161913
test_01944,0.9999905896
test_01945,0.0071327465
test_01946,0.9551369289
test_01947,0.0012943003
test_01948,0.0030519307
test_01949,0.0119000311
test_01950,0.9997173941
test_01951,0.0217802547
test_01952,0.9999995424
test_01953,0.0000002056
test_01954,0.9999986314
test_01955,0.0067957745
test_01956,0.9999956973
test_01957,0.9892099220
test_01958,0.0262606278
test_01959,0.0000001759
test_01960,0.9999930413
test_01961,0.9997901428
test_01962,0.0000044096
test_01963,0.0811162371
test_01964,0.0002222217
test_01965,0.9932349449
test_01966,0.0000000430
test_01967,0.0332928371
test_01968,0.9148404894
test_01969,0.0000000001
test_01970,0.0014007898
test_01971,0.9983672043
test_01972,0.9997048221
test_01973,0.0000001451
test_01974,0.0642957556
test_01975,0.9999149241
test_01976,0.9999999741
test_01977,0.0000005080
test_01978,0.9999999826
test_01979,0.0000370512
test_01980,0.0000072874
test_01981,0.0002305274
test_01982,0.0000000365
test_01983,0.0077824230
test_01984,0.9445680092
test_01985,0.9999999344
test_01986,0.9865999262
test_01987,0.0000015809
test_01988,0.0001569666
test_01989,0.9636310369
test_01990,0.0332223116
test_01991,0.9983590337
test_01992,0.0166762636
test_01993,0.9999997407
test_01994,0.0921463412
test_01995,0.9999999912
test_01996,0.9999972110
test_01997,0.9661209449
test_01998,0.0000000618
test_01999,0.0211021759
test_02000,0.9999998836
test_02001,0.0034966237
test_02002,0.0000933663
test_02003,0.9779793695
test_02004,0.0000000107
test_02005,0.9860700021
test_02006,0.0842763918
test_02007,0.4164679357
test_02008,0.5773951585
test_02009,0.9772180233
test_02010,0.9996731235
test_02011,0.9999999823
test_02012,0.9779683996
test_02013,0.9999983186
test_02014,0.0000992179
test_02015,0.0000028777
test_02016,0.7264312201
test_02017,0.0056678068
test_02018,0.9872428950
test_02019,0.9999508294
test_02020,0.0259288283
test_02021,0.9999999375
test_02022,0.0722878484
test_02023,0.0188290163
test_02024,0.0001126221
test_02025,0.9999992466
test_02026,0.9998109634
test_02027,0.0005257243
test_02028,0.9999992788
test_02029,0.8286071402
test_02030,0.9977153342
test_02031,0.9889064914
test_02032,0.0000960779
test_02033,0.0000000002
test_02034,0.0000101160
test_02035,0.9941968976
test_02036,0.0000049303
test_02037,0.0005807325
test_02038,0.9590977280
test_02039,0.9999128684
test_02040,0.8072577944
test_02041,0.9994173023
test_02042,0.0002476160
test_02043,0.0000698178
test_02044,0.0459618710
test_02045,0.9975059513
test_02046,0.0001541464
test_02047,0.0208624181
test_02048,0.9999996838
test_02049,0.0003025363
test_02050,0.9525911976
test_02051,0.9999995572
test_02052,0.0169250635
test_02053,0.9999713597
test_02054,0.9687211719
test_02055,0.9998121508
test_02056,0.9997277702
test_02057,0.9952312491
test_02058,0.6189978161
test_02059,0.9999999592
test_02060,0.9999999952
test_02061,0.9982759185
test_02062,0.0000010677
test_02063,0.0000432981
test_02064,0.9994149284
test_02065,0.9889292801
test_02066,0.9999673083
test_02067,0.1127895491
test_02068,0.0119812568
test_02069,0.9991692577
test_02070,0.0000016253
test_02071,0.0005067747
test_02072,0.9999825308
test_02073,0.0877378452
test_02074,0.9998729434
test_02075,0.9375562764
test_02076,0.0563813975
test_02077,0.0217576633
test_02078,0.9995603887
test_02079,0.0152169512
test_02080,1.0000000000
test_02081,0.0000002423
test_02082,0.9530835885
test_02083,0.0000756848
test_02084,0.0000030146
test_02085,0.0221839257
test_02086,0.0006416502
test_02087,0.0000000682
test_02088,0.0001756844
test_02089,0.0000000282
test_02090,0.1452021350
test_02091,0.0000393620
test_02092,0.0377868366
test_02093,0.0001114436
test_02094,0.9999999945
test_02095,0.0000001636
test_02096,0.0166030102
test_02097,0.0482860190
test_02098,0.9567852246
test_02099,0.9999999999
test_02100,0.9999999642
test_02101,0.6134506521
test_02102,0.9999980959
test_02103,0.0086618145
test_02104,0.0000053643
test_02105,0.9892299806
test_02106,0.9983777890
test_02107,0.0000000002
test_02108,0.0000014652
test_02109,0.0000000003
test_02110,0.9998856099
test_02111,0.0000000000
test_02112,0.5025680314
test_02113,0.9922832021
test_02114,0.9999999099
test_02115,0.1126274544
test_02116,0.9993502622
test_02117,0.0000000357
test_02118,0.0005250055
test_02119,0.9750136676
test_02120,0.0018752409
test_02121,0.9870725173
test_02122,0.0000009515
test_02123,0.0090059947
test_02124,0.0100133667
test_02125,0.9999989114
test_02126,0.0694030038
test_02127,0.0000427663
test_02128,0.0225756718
test_02129,0.8165588611
test_02130,0.9986707666
test_02131,0.9999946497
test_02132,0.9999999683
test_02133,0.9902778644
test_02134,0.0219372372
test_02135,0.9999999658
test_02136,0.7177051660
test_02137,0.8423071908
test_02138,0.9061754044
test_02139,0.9999959527
test_02140,0.0796485575
test_02141,0.9999999963
test_02142,0.9999970624
test_02143,0.0000064857
test_02144,0.9576188160
test_02145,0.0000004995
test_02146,0.0000014362
test_02147,0.9026943648
test_02148,0.9944161178
test_02149,0.0000917373
test_02150,1.0000000000
test_02151,0.0003844208
test_02152,0.0000681963
test_02153,0.9999999556
test_02154,0.9999676219
test_02155,0.9999909116
test_02156,0.4511247103
test_02157,0.0000001363
test_02158,0.0238296800
test_02159,0.9999179398
test_02160,0.9998860192
test_02161,0.9480508851
test_02162,0.9999400339
test_02163,0.0000003084
test_02164,0.0000023929
test_02165,0.0365414666
test_02166,0.1486805768
test_02167,0.6357031663
test_02168,0.0529049218
test_02169,0.0000000005
test_02170,0.9970600124
test_02171,0.0134051653
test_02172,0.9659097666
test_02173,0.0000617925
test_02174,0.5906124415
test_02175,0.9963169730
test_02176,0.0345487763
test_02177,0.9990042236
test_02178,0.0004641666
test_02179,0.9600747481
test_02180,0.9999999596
test_02181,0.9999665064
test_02182,0.0056411834
test_02183,0.0000000303
test_02184,0.0002042341
test_02185,0.9999866904
test_02186,0.0000000014
test_02187,0.9985557633
test_02188,0.0467349675
test_02189,0.9999675536
test_02190,0.9999999999
test_02191,0.9907599478
test_02192,0.0003002283
test_02193,0.0002376695
test_02194,0.8157790266
test_02195,0.9922034139
test_02196,0.0447950512
test_02197,0.9999997241
test_02198,0.0063220816
test_02199,0.7517946265
test_02200,0.1876403456
test_02201,0.0620189672
test_02202,0.0000008020
test_02203,0.0056571705
test_02204,0.1548897710
test_02205,0.0496197310
test_02206,0.9992758559
test_02207,0.0000710294
test_02208,0.9999137221
test_02209,0.9326982710
test_02210,0.0000116389
test_02211,0.1076449336
test_02212,0.0869257241
test_02213,0.9999999595
test_02214,0.9999920537
test_02215,0.0048475573
test_02216,0.0058459039
test_02217,0.0000005679
test_02218,0.8452863357
test_02219,0.0004148244
test_02220,0.0053170853
test_02221,0.0000527170
test_02222,0.9940800782
test_02223,0.0647412530
test_02224,0.9998890430
test_02225,0.0000004098
test_02226,0.0000030556
test_02227,0.0085944995
test_02228,0.9999826318
test_02229,0.9949190817
test_02230,0.0001171912
test_02231,0.0003908162
test_02232,0.9945142815
test_02233,0.9999996426
test_02234,0.0000019480
test_02235,0.9868841240
test_02236,0.2525951530
test_02237,0.9543692530
test_02238,0.0121349088
test_02239,0.9999337163
test_02240,0.9994703843
test_02241,0.9999990279
test_02242,0.0169043820
test_02243,0.0005269958
test_02244,0.9982730700
test_02245,0.0001590781
test_02246,0.9999999707
test_02247,0.9999999956
test_02248,0.9948025697
test_02249,0.9999998658
test_02250,0.9999967411
test_02251,0.0045008856
test_02252,0.9999656540
test_02253,0.9999607639
test_02254,0.0000009677
test_02255,0.9016749396
test_02256,0.0037196653
test_02257,0.9974276338
test_02258,0.0001319913
test_02259,0.9999766378
test_02260,0.3086473431
test_02261,0.0000000002
test_02262,0.0003695690
test_02263,0.9933572900
test_02264,0.0348584303
test_02265,0.9999999815
test_02266,0.9991179547
test_02267,0.0000049146
test_02268,0.0082943578
test_02269,0.9999967961
test_02270,0.9928180473
test_02271,0.0003088698
test_02272,0.0000045253
test_02273,0.8377104254
test_02274,0.9930123588
test_02275,0.9999999989
test_02276,0.9949881830
test_02277,0.9999950541
test_02278,0.9999996894
test_02279,0.9999991722
test_02280,0.0000532414
test_02281,0.9083153948
test_02282,0.0007834390
test_02283,0.0162598770
test_02284,0.0000389354
test_02285,0.9973260099
test_02286,0.0000061373
test_02287,0.0000103025
test_02288,0.0137179777
test_02289,0.0000025762
test_02290,0.2538791941
test_02291,0.0089440560
test_02292,0.0014585254
test_02293,0.0028875619
test_02294,0.9989461087
test_02295,0.9593979026
test_02296,0.9999966038
test_02297,0.9906958737
test_02298,0.9017295709
test_02299,0.9998520169
test_02300,0.0000032843
test_02301,0.7106738684
test_02302,0.9997938899
test_02303,0.9999999962
test_02304,0.0000210211
test_02305,1.0000000000
test_02306,0.9999998636
test_02307,0.1582704573
test_02308,0.0001405796
test_02309,0.0000264192
test_02310,0.9999997113
test_02311,0.9170735241
test_02312,0.0206735517
test_02313,0.0756058543
test_02314,0.0115679228
test_02315,0.9974075083
test_02316,0.9882505773
test_02317,0.0072492981
test_02318,0.9999999992
test_02319,0.9999999989
test_02320,0.0307426067
test_02321,0.7836390781
test_02322,0.9999998237
test_02323,0.0264890798
test_02324,0.9995329610
test_02325,0.9998517438
test_02326,0.1019237526
test_02327,0.4188250035
test_02328,0.0034774155
test_02329,0.0000009427
test_02330,0.0014660615
test_02331,0.0000001495
test_02332,0.0000004192
test_02333,0.0001874621
test_02334,0.8595905337
test_02335,0.9842366709
test_02336,0.9999997751
test_02337,0.0230555423
test_02338,0.1916232863
test_02339,0.8265661707
test_02340,0.9999983361
test_02341,0.9453450964
test_02342,0.0000282200
test_02343,0.9874431505
test_02344,0.0000004865
test_02345,0.0037617597
test_02346,0.9998401386
test_02347,0.9999387413
test_02348,0.9342501164
test_02349,0.9998924881
test_02350,0.0199691017
test_02351,0.0036542254
test_02352,0.0000000004
test_02353,0.0302898627
test_02354,0.9999964144
test_02355,0.9999997230
test_02356,0.9956969737
test_02357,0.0000623728
test_02358,0.9998797200
test_02359,0.9999998792
test_02360,0.0036549804
test_02361,0.9518477115
test_02362,0.5536933026
test_02363,0.9108472607
test_02364,0.9991772482
test_02365,0.9999255616
test_02366,0.0000000537
test_02367,0.9981835307
test_02368,0.0000000241
test_02369,0.0000015979
test_02370,0.9999973270
test_02371,0.9999906160
test_02372,0.0000000008
test_02373,0.0005506225
test_02374,0.9999989015
test_02375,0.9999992457
test_02376,0.6051536214
test_02377,0.4499108893
test_02378,0.8969619626
test_02379,0.0003497141
test_02380,0.9999998383
test_02381,0.9999999870
test_02382,0.9999995239
test_02383,0.0229297983
test_02384,0.0000000014
test_02385,0.5931861425
test_02386,0.0000000001
test_02387,0.9999999863
test_02388,0.0016971515
test_02389,0.0000000000
test_02390,0.9647757482
test_02391,0.0143883122
test_02392,0.9999929442
test_02393,0.0001236174
test_02394,0.0000068371
test_02395,0.9999998681
test_02396,0.0813390129
test_02397,0.9086724799
test_02398,0.9956408822
test_02399,0.0762800579
test_02400,0.9999999998
test_02401,0.9999232537
test_02402,0.9999921004
test_02403,0.0168355510
test_02404,0.9260982276
test_02405,0.8974897190
test_02406,0.8640934004
test_02407,0.9999999525
test_02408,0.0750109618
test_02409,0.0895829454
test_02410,0.0000387621
test_02411,0.9765824665
test_02412,0.6939546003
test_02413,0.9999999916
test_02414,0.9999996456
test_02415,0.9999999928
test_02416,0.0000002211
test_02417,0.9654287770
test_02418,0.0002751782
test_02419,0.0049397416
test_02420,0.0000033336
test_02421,0.9910024873
test_02422,0.0122814312
test_02423,0.9991284416
test_02424,0.0000000118
test_02425,0.0000162868
test_02426,0.9999999996
test_02427,0.9992451423
test_02428,0.0000062022
test_02429,0.0777383048
test_02430,0.9997666246
test_02431,0.2216032936
test_02432,0.1854710446
test_02433,0.9998227707
test_02434,0.9999998375
test_02435,0.6006907966
test_02436,0.0322376186
test_02437,0.9371023211
test_02438,0.9999910541
test_02439,0.9999996332
test_02440,0.9999999598
test_02441,0.9886161184
test_02442,0.0000007517
test_02443,0.9999946147
test_02444,0.0349815334
test_02445,0.1417926108
test_02446,0.0689246551
test_02447,0.9981590908
test_02448,0.9999780456
test_02449,0.0000044709
test_02450,0.9971544618
test_02451,0.9999997217
test_02452,0.0000518149
test_02453,0.9961910438
test_02454,0.9975328191
test_02455,0.0000005618
test_02456,0.0119086011
test_02457,0.0240023235
test_02458,0.0114166369
test_02459,0.0000000968
test_02460,0.9421260129
test_02461,0.9999997822
test_02462,0.9999993808
test_02463,0.0009222462
test_02464,0.9928562871
test_02465,0.0000002206
test_02466,0.0166423431
test_02467,0.0000018471
test_02468,0.9999504664
test_02469,0.0000351836
test_02470,0.9952700767
test_02471,0.9999871493
test_02472,0.0000000372
test_02473,0.9999960531
test_02474,0.0000056162
test_02475,0.1357753733
test_02476,0.0242288917
test_02477,0.0959589353
test_02478,0.6884614994
test_02479,0.9999969933
test_02480,0.9999999970
test_02481,0.9999988569
test_02482,0.9431685650
test_02483,0.0110920515
test_02484,0.1959806791
test_02485,0.0000031824
test_02486,0.9999760831
test_02487,0.0989488197
test_02488,0.0007248102
test_02489,0.9999620438
test_02490,0.9999650453
test_02491,0.0124042256
test_02492,0.1258471953
test_02493,0.0000002218
test_02494,0.9999456835
test_02495,0.0000000001
test_02496,0.9999259887
test_02497,0.7826327872
test_02498,0.9999995694
test_02499,0.6588122821
test_02500,0.9994952925
test_02501,0.0000000008
test_02502,0.0067278460
test_02503,0.9917085879
test_02504,0.9999997293
test_02505,0.2176110513
test_02506,0.0052593742
test_02507,0.6919630273
test_02508,0.0000003527
test_02509,0.9999999340
test_02510,0.0000008632
test_02511,0.9999991516
test_02512,0.9999972991
test_02513,1.0000000000
test_02514,0.0049467028
test_02515,1.0000000000
test_02516,0.9993759931
test_02517,0.0664108791
test_02518,0.0012757005
test_02519,0.9966740361
test_02520,0.0000000019
test_02521,0.0313092231
test_02522,0.9956199036
test_02523,0.0000000137
test_02524,0.9935441197
test_02525,0.9995812096
test_02526,0.0292255955
test_02527,0.9999591874
test_02528,0.8714675710
test_02529,0.9567528190
test_02530,0.9652740377
test_02531,0.9999059152
test_02532,0.0306269835
test_02533,0.9939752376
test_02534,0.0007053520
test_02535,0.9841318215
test_02536,0.9999957503
test_02537,0.9218033493
test_02538,0.5018621863
test_02539,0.9999997509
test_02540,0.0000001877
test_02541,0.1395874735
test_02542,0.9438115354
test_02543,0.9890954446
test_02544,0.9243218163
test_02545,0.9848440960
test_02546,0.0000005006
test_02547,0.9994663092
test_02548,0.6246809655
test_02549,1.0000000000
test_02550,1.0000000000
test_02551,0.0213748820
test_02552,0.9976468500
test_02553,0.9999522447
test_02554,0.8365146441
test_02555,0.0972639499
test_02556,0.3776677057
test_02557,0.9809734235
test_02558,0.9964845712
test_02559,0.0000000032
test_02560,0.0091984990
test_02561,0.9999999974
test_02562,0.0004765926
test_02563,0.9999992493
test_02564,0.9945353663
test_02565,0.8461278628
test_02566,0.7644518027
test_02567,0.0204183276
test_02568,0.0129280856
test_02569,0.0000997101
test_02570,0.9997283919
test_02571,0.0011493577
test_02572,0.0234963746
test_02573,0.0000035138
test_02574,0.9868794548
test_02575,0.0766586734
test_02576,0.9999992167
test_02577,0.5161438710
test_02578,0.9999999520
test_02579,0.0000004498
test_02580,0.0042360082
test_02581,0.3094141224
test_02582,0.0001168147
test_02583,0.4662850191
test_02584,0.9999367447
test_02585,0.0134841991
test_02586,0.9658142490
test_02587,0.0155201307
test_02588,0.0105324636
test_02589,0.1239661289
test_02590,0.9893292113
test_02591,0.9949256765
test_02592,0.9569480752
test_02593,0.9866439845
test_02594,1.0000000000
test_02595,0.9990714569
test_02596,0.0000157422
test_02597,0.9999979248
test_02598,0.9850009507
test_02599,0.3171199875
test_02600,0.9986933358
test_02601,0.0023063434
test_02602,0.0627628865
test_02603,0.0000000000
test_02604,0.0000000979
test_02605,0.0000003391
test_02606,0.9476751029
test_02607,0.9999991147
test_02608,0.8615146189
test_02609,0.9999999680
test_02610,0.0243661400
test_02611,0.9701184252
test_02612,0.0002794874
test_02613,0.0001124920
test_02614,0.0043349964
test_02615,0.0000005973
test_02616,0.3242919603
test_02617,0.9997700587
test_02618,0.0244928930
test_02619,0.9996614041
test_02620,0.0000000000
test_02621,0.9999998350
test_02622,0.1072818070
test_02623,0.0460341016
test_02624,1.0000000000
test_02625,0.0000000234
test_02626,0.9999943026
test_02627,0.9999397623
test_02628,0.0000005091
test_02629,0.0005380371
test_02630,0.9992677921
test_02631,0.0000000020
test_02632,0.0004937398
test_02633,0.9999828518
test_02634,0.0000034765
test_02635,0.1115732081
test_02636,0.0159462584
test_02637,0.9999734346
test_02638,0.9999998716
test_02639,0.0003071302
test_02640,0.9999002738
test_02641,0.9999981179
test_02642,0.0000139972
test_02643,0.9999665434
test_02644,0.0111043768
test_02645,0.0051454097
test_02646,0.0001152602
test_02647,0.0000000997
test_02648,0.0000187042
test_02649,0.9999209409
test_02650,0.1321067572
test_02651,0.9790420722
test_02652,0.0169055968
test_02653,0.9467795168
test_02654,0.8411267767
test_02655,0.0000446993
test_02656,0.0021914901
test_02657,0.1252167334
test_02658,0.9878765961
test_02659,0.9951279891
test_02660,0.1091169667
test_02661,0.9999999994
test_02662,0.2013863239
test_02663,0.0000217397
test_02664,0.9999998739
test_02665,0.9997470454
test_02666,0.9999987417
test_02667,0.8348578668
test_02668,0.9586032787
test_02669,0.0002350471
test_02670,0.9994037011
test_02671,0.0010344359
test_02672,0.9999999837
test_02673,1.0000000000
test_02674,0.5503118831
test_02675,0.9632720457
test_02676,0.9999997204
test_02677,0.0007780713
test_02678,0.9999649807
test_02679,0.9697965892
test_02680,0.0003980952
test_02681,0.0002227131
test_02682,0.0006734196
test_02683,0.9806586039
test_02684,0.0007243709
test_02685,0.0048974831
test_02686,0.9959883088
test_02687,0.0050287401
test_02688,1.0000000000
test_02689,0.9967552180
test_02690,0.0019244262
test_02691,0.0155027473
test_02692,0.9999971155
test_02693,0.1309321702
test_02694,0.9999998689
test_02695,0.9754460796
test_02696,0.9015082148
test_02697,0.0000011132
test_02698,0.0000000071
test_02699,0.9999999997
test_02700,0.0088441367
test_02701,0.0000002463
test_02702,0.2295879778
test_02703,0.0000601667
test_02704,0.0001287451
test_02705,0.9762225330
test_02706,0.0100413654
test_02707,0.9999510640
test_02708,0.8352274453
test_02709,0.9997154013
test_02710,0.9999999529
test_02711,0.0002402155
test_02712,0.9999979320
test_02713,0.0130030642
test_02714,0.0026343049
test_02715,0.9778949936
test_02716,0.0385869657
test_02717,0.9851117138
test_02718,0.0000004204
test_02719,0.9598369242
test_02720,0.0023366525
test_02721,0.0000006608
test_02722,0.0002990645
test_02723,0.9999997007
test_02724,0.1120915501
test_02725,0.0828610724
test_02726,0.9998474334
test_02727,0.0564579366
test_02728,0.0002218154
test_02729,0.1029139282
test_02730,0.9999997761
test_02731,0.0710638570
test_02732,0.9709479324
test_02733,0.8045327083
test_02734,0.0000000548
test_02735,0.9999999522
test_02736,0.0234880828
test_02737,0.9999842657
test_02738,0.9999973890
test_02739,0.7718763545
test_02740,0.9999999997
test_02741,0.0004772165
test_02742,0.0887527664
test_02743,0.0000141399
test_02744,0.0000051376
test_02745,0.9999999988
test_02746,0.0094639275
test_02747,0.0000033245
test_02748,0.0000000038
test_02749,0.9739710122
test_02750,0.9999996678
test_02751,0.4821154229
test_02752,0.9955826230
test_02753,0.9999999443
test_02754,0.0004044147
test_02755,0.9998902257
test_02756,0.9999901416
test_02757,0.0001463492
test_02758,0.0177669936
test_02759,0.9969704095
test_02760,0.0000000015
test_02761,0.9999362722
test_02762,0.0000019007
test_02763,0.0005474581
test_02764,0.9979607870
test_02765,0.0000112931
test_02766,0.0778517148
test_02767,0.0024691443
test_02768,0.1035800873
test_02769,0.0000000676
test_02770,0.1604767272
test_02771,0.9990965765
test_02772,0.9517326634
test_02773,0.0000140907
test_02774,0.9983506872
test_02775,0.9821165548
test_02776,0.9999995542
test_02777,0.9999999983
test_02778,0.0347448505
test_02779,0.0059350636
test_02780,0.9982886747
test_02781,0.9415873146
test_02782,0.0294482498
test_02783,0.0000001400
test_02784,0.1327290752
test_02785,0.9999929933
test_02786,0.0027482710
test_02787,0.0001367202
test_02788,0.9999962772
test_02789,0.0897039419
test_02790,0.0001646349
test_02791,0.0550965811
test_02792,0.0193913208
test_02793,0.0000585941
test_02794,0.0000000162
test_02795,0.9996367400
test_02796,0.5726491755
test_02797,0.0004543492
test_02798,0.9970217135
test_02799,0.1994338196
test_02800,0.0000152976
test_02801,0.0000000171
test_02802,0.0106768878
test_02803,0.0000012348
test_02804,0.0203624052
test_02805,0.0000105724
test_02806,0.9999985878
test_02807,0.0000000003
test_02808,0.0013864977
test_02809,0.1082443691
test_02810,0.0000209772
test_02811,0.0001627850
test_02812,0.7501961797
test_02813,0.9006287082
test_02814,0.9999997396
test_02815,0.0008711052
test_02816,0.2221682040
test_02817,0.0001587369
test_02818,0.0001979536
test_02819,0.9999711240
test_02820,0.0000000000
test_02821,0.9991614745
test_02822,0.9984922512
test_02823,0.9974488676
test_02824,0.0000000001
test_02825,0.9999999938
test_02826,0.9999999494
test_02827,0.6164438200
test_02828,0.9999999433
test_02829,0.9999999873
test_02830,0.9999437848
test_02831,0.9999388723
test_02832,0.0345263404
test_02833,0.0136013462
test_02834,0.8860246690
test_02835,0.0000001283
test_02836,0.9999992827
test_02837,0.9882363550
test_02838,0.0000025498
test_02839,0.9988476191
test_02840,0.9396664739
test_02841,0.9999986750
test_02842,0.9999999741
test_02843,0.0000038017
test_02844,0.1222773121
test_02845,0.0868935334
test_02846,0.9999987663
test_02847,0.9993532775
test_02848,0.0022820014
test_02849,0.4699646739
test_02850,0.0000000011
test_02851,1.0000000000
test_02852,0.0000000000
test_02853,0.0006433439
test_02854,0.0227885969
test_02855,0.9999916867
test_02856,0.1066936017
test_02857,0.9999234141
test_02858,0.9999723621
test_02859,0.9999946095
test_02860,0.9235610331
test_02861,0.9999999093
test_02862,0.0008573229
test_02863,0.0094941191
test_02864,0.9496675246
test_02865,0.9534237645
test_02866,0.9999999781
test_02867,0.9997732232
test_02868,0.0000000174
test_02869,0.9996172477
test_02870,0.9787142819
test_02871,0.9999996963
test_02872,0.0331317020
test_02873,1.0000000000
test_02874,0.9999984248
test_02875,0.9994768831
test_02876,0.9892671778
test_02877,0.0359055768
test_02878,0.0000705888
test_02879,0.0030946896
test_02880,0.9902673132
test_02881,0.1545520024
test_02882,0.0003642300
test_02883,0.9997628681
test_02884,0.0295509496
test_02885,0.8954103553
test_02886,0.1742352355
test_02887,0.1981048389
test_02888,0.0000000151
test_02889,0.0047827839
test_02890,0.0000197885
test_02891,0.0181097147
test_02892,0.0652393974
test_02893,0.0000000368
test_02894,0.0000002277
test_02895,0.2203772796
test_02896,0.9999514003
test_02897,0.0126623512
test_02898,0.8528629028
test_02899,0.9109488211
test_02900,0.9898392745
test_02901,0.9856517391
test_02902,0.0000000016
test_02903,0.0000027790
test_02904,0.1336178524
test_02905,0.9999998714
test_02906,0.9686007622
test_02907,0.8798232349
test_02908,0.7766556907
test_02909,0.0017548917
test_02910,0.0000042053
test_02911,0.0001582325
test_02912,0.9999999877
test_02913,0.0482289981
test_02914,0.9664896383
test_02915,0.9999956702
test_02916,0.9980362024
test_02917,0.0009070502
test_02918,0.0008903485
test_02919,0.0661532630
test_02920,0.0000000425
test_02921,0.9911228859
test_02922,0.9999999910
test_02923,0.0000051012
test_02924,0.0148937257
test_02925,0.0820266967
test_02926,0.9983719134
test_02927,0.8617322937
test_02928,0.9999010626
test_02929,0.0000839620
test_02930,0.9999978298
test_02931,0.8526049671
test_02932,0.9969685485
test_02933,0.1114395987
test_02934,0.5491739336
test_02935,0.9442796733
test_02936,0.9999445181
test_02937,0.0001815823
test_02938,0.7248610797
test_02939,0.9999994276
test_02940,0.0445547551
test_02941,0.7765519172
test_02942,0.0467261849
test_02943,0.9911859586
test_02944,0.0000028658
test_02945,0.9810852337
test_02946,0.0000004428
test_02947,0.0424739294
test_02948,0.0000009623
test_02949,0.9999096584
test_02950,0.1616314834
test_02951,0.0815289993
test_02952,0.9999966819
test_02953,0.9926926710
test_02954,0.9999999866
test_02955,0.0052832996
test_02956,0.0000000061
test_02957,0.0000000259
test_02958,0.9999515593
test_02959,0.0213613148
test_02960,0.4590588976
test_02961,0.0430207638
test_02962,0.9995657661
test_02963,0.0000025186
test_02964,0.9969014589
test_02965,0.0464103733
test_02966,0.0000000131
test_02967,0.0854138481
test_02968,0.9999999627
test_02969,0.9999890978
test_02970,0.8961988475
test_02971,0.9999742588
test_02972,0.9999999986
test_02973,0.0001594700
test_02974,0.1253559361
test_02975,0.0413805365
test_02976,0.9789648656
test_02977,0.7629477256
test_02978,0.9999996767
test_02979,0.9999995972
test_02980,0.0069582498
test_02981,0.8512435451
test_02982,0.9999995322
test_02983,0.9994709738
test_02984,0.9989898440
test_02985,0.0000000000
test_02986,0.9720600672
test_02987,0.0000073485
test_02988,0.0118963403
test_02989,0.9607428622
test_02990,0.9997863813
test_02991,0.9999910201
test_02992,0.0004411965
test_02993,0.0000386076
test_02994,0.9482201872
test_02995,0.0000000005
test_02996,0.0639405582
test_02997,0.0555649318
test_02998,0.0002238671
test_02999,0.9999982996
test_03000,0.9999999603
test_03001,0.9999996713
test_03002,0.9996545341
test_03003,0.9973221629
test_03004,0.0295306949
test_03005,0.0000015838
test_03006,0.9666066356
test_03007,0.1600334461
test_03008,0.0967487823
test_03009,0.0171092611
test_03010,0.9999229458
test_03011,0.9999985674
test_03012,0.0000010590
test_03013,0.9999998979
test_03014,0.9931165626
test_03015,0.0000000011
test_03016,0.0000000008
test_03017,0.6384567430
test_03018,0.0000000263
test_03019,0.0000042798
test_03020,0.9999785160
test_03021,0.0003513840
test_03022,0.9989945008
test_03023,0.0152446988
test_03024,0.9999989839
test_03025,0.8639283096
test_03026,0.0000062261
test_03027,0.0000000128
test_03028,0.0000077493
test_03029,0.0000056055
test_03030,0.7636576958
test_03031,0.0350296711
test_03032,0.0036670865
test_03033,0.9835904440
test_03034,0.0037987719
test_03035,0.0001017111
test_03036,0.0696287936
test_03037,0.0001354639
test_03038,0.0063386222
test_03039,0.0093922002
test_03040,0.9997640434
test_03041,0.9999999877
test_03042,0.9867407003
test_03043,0.9963293829
test_03044,0.9919669366
test_03045,0.9953055440
test_03046,0.8691233888
test_03047,0.9999827200
test_03048,0.0011445512
test_03049,0.9984175076
test_03050,0.0000778275
test_03051,0.0000000324
test_03052,0.0079050918
test_03053,0.0020856773
test_03054,0.0333429569
test_03055,0.9000669464
test_03056,0.9999999634
test_03057,0.0000002394
test_03058,0.0007777180
test_03059,0.9999474376
test_03060,0.9967739281
test_03061,0.9999999952
test_03062,0.9987786801
test_03063,0.0705332377
test_03064,0.9999996284
test_03065,0.0027804710
test_03066,0.9999998660
test_03067,0.9667869203
test_03068,0.5423459152
test_03069,0.9959218499
test_03070,0.0616382041
test_03071,0.9999999877
test_03072,0.6796496704
test_03073,0.0000571308
test_03074,0.9999993154
test_03075,0.9403158264
test_03076,0.0000573343
test_03077,0.9516611322
test_03078,0.0024226792
test_03079,0.0344574624
test_03080,0.0002342842
test_03081,0.7647396963
test_03082,0.9999969514
test_03083,0.9907782341
test_03084,0.0002424613
test_03085,0.4041439640
test_03086,0.0136394681
test_03087,0.0319324943
test_03088,0.9894516730
test_03089,0.0000022013
test_03090,0.9345587952
test_03091,0.9999995766
test_03092,0.0000045992
test_03093,0.9982378426
test_03094,0.9999965144
test_03095,0.9396747997
test_03096,0.9966373924
test_03097,0.0000113166
test_03098,0.0000010156
test_03099,0.9109399704
test_03100,0.9837823166
test_03101,0.0482266226
test_03102,0.9056617667
test_03103,0.0385128632
test_03104,0.0487259921
test_03105,0.0787757859
test_03106,0.0000500668
test_03107,0.0004817742
test_03108,0.0109689459
test_03109,0.0019150823
test_03110,0.0341221729
test_03111,0.0000053655
test_03112,0.0000569468
test_03113,0.0000015031
test_03114,0.0005835392
test_03115,0.0003601120
test_03116,0.9989644565
test_03117,0.0000000062
test_03118,0.0000342452
test_03119,0.9997504629
test_03120,0.0025005391
test_03121,0.0000000000
test_03122,0.8986054608
test_03123,0.9999999658
test_03124,0.9999999429
test_03125,0.1782118331
test_03126,0.9999703612
test_03127,0.7489398908
test_03128,0.0000001765
test_03129,0.0000762392
test_03130,0.9999999734
test_03131,0.1432788705
test_03132,0.9584391326
test_03133,0.0000381497
test_03134,0.0868764188
test_03135,0.9999937690
test_03136,0.0937910832
test_03137,0.1882742119
test_03138,0.0000495373
test_03139,0.0000001993
test_03140,0.0000436621
test_03141,0.9717281196
test_03142,0.9999957813
test_03143,0.0167324400
test_03144,0.9999784200
test_03145,0.9999970831
test_03146,0.0000171649
test_03147,0.0244017267
test_03148,0.0066637013
test_03149,0.7127457330
test_03150,0.9978628738
test_03151,0.0000008716
test_03152,0.9927573975
test_03153,0.0000000156
test_03154,0.9997726445
test_03155,0.0000090998
test_03156,0.9999992630
test_03157,0.0000144274
test_03158,0.9999686360
test_03159,0.9999999316
test_03160,0.0307478879
test_03161,0.0000000000
test_03162,0.9999999086
test_03163,0.0538326540
test_03164,0.9999986733
test_03165,0.0000746100
test_03166,0.0001705175
test_03167,0.0013048427
test_03168,0.0000000013
test_03169,0.0266675256
test_03170,0.0000000004
test_03171,0.9997214501
test_03172,0.9473364790
test_03173,0.9999925201
test_03174,0.9523339331
test_03175,0.9597516499
test_03176,0.9999980091
test_03177,0.0850341759
test_03178,0.9973358285
test_03179,0.0451450292
test_03180,0.9999996626
test_03181,0.9999999998
test_03182,0.0000000567
test_03183,0.9631732714
test_03184,0.9999999412
test_03185,0.9999871493
test_03186,0.0000105443
test_03187,0.9966643011
test_03188,0.1001296503
test_03189,0.9920859925
test_03190,0.0277498510
test_03191,0.0002380112
test_03192,0.9998156470
test_03193,0.0012410773
test_03194,0.9999057124
test_03195,0.0880021457
test_03196,0.9999915490
test_03197,0.0002556334
test_03198,0.0000527465
test_03199,0.0550429300
test_03200,0.0047842211
test_03201,0.0659461937
test_03202,0.0021988349
test_03203,0.0001422106
test_03204,0.9999972950
test_03205,0.9333706948
test_03206,0.0000883721
test_03207,0.9783184365
test_03208,0.0076552691
test_03209,0.0694418733
test_03210,0.9333748079
test_03211,0.0043454847
test_03212,0.9964382016
test_03213,0.9999999938
test_03214,0.0019391855
test_03215,0.9999983432
test_03216,0.0623357105
test_03217,0.0002563958
test_03218,0.0000000286
test_03219,0.9999997335
test_03220,0.9854730628
test_03221,0.9919143404
test_03222,0.2400959637
test_03223,0.0268064243
test_03224,0.9999999983
test_03225,0.9999940859
test_03226,0.0000046425
test_03227,0.9997073324
test_03228,0.9979365468
test_03229,0.0051672722
test_03230,0.8393980473
test_03231,1.0000000000
test_03232,0.9003342163
test_03233,0.0000070310
test_03234,0.0505158392
test_03235,0.3365756457
test_03236,0.0000000484
test_03237,0.9931468395
test_03238,0.1866442150
test_03239,0.1049093657
test_03240,0.0000116647
test_03241,0.0243462406
test_03242,0.0104488792
test_03243,0.0000000032
test_03244,0.8283849665
test_03245,0.9267314837
test_03246,0.9977950903
test_03247,0.9999766476
test_03248,0.0995667081
test_03249,1.0000000000
test_03250,0.0000847616
test_03251,0.0000000493
test_03252,1.0000000000
test_03253,0.9997925669
test_03254,0.0013844593
test_03255,0.0073849610
test_03256,0.9986727399
test_03257,0.9709115554
test_03258,0.0747351087
test_03259,0.9978733591
test_03260,0.0146274635
test_03261,0.0000007758
test_03262,0.9995692173
test_03263,0.2287913633
test_03264,0.1988369973
test_03265,0.0037776499
test_03266,0.9999999849
test_03267,0.9999977387
test_03268,0.0653192602
test_03269,0.9999999833
test_03270,0.0000032734
test_03271,0.1111605275
test_03272,0.9963420198
test_03273,0.0114796625
test_03274,0.2816593081
test_03275,0.0000807558
test_03276,0.0106880131
test_03277,0.0430405921
test_03278,0.9990075493
test_03279,0.9976330637
test_03280,0.8275496178
test_03281,0.9999707406
test_03282,0.4780202076
test_03283,0.0003188736
test_03284,0.0000001812
test_03285,0.9999886682
test_03286,0.9998486773
test_03287,0.9999954566
test_03288,0.0798625951
test_03289,0.9999374185
test_03290,0.2163354218
test_03291,0.0863514453
test_03292,0.6835555586
test_03293,0.9994857265
test_03294,0.9999930001
test_03295,0.0000000339
test_03296,0.0188216324
test_03297,0.9998794155
test_03298,0.0000000286
test_03299,0.9999806956
test_03300,0.9999163783
test_03301,0.0076541936
test_03302,0.9999996977
test_03303,0.0000761281
test_03304,0.0000001115
test_03305,0.9999957327
test_03306,0.9923344409
test_03307,0.9998460888
test_03308,0.9999954137
test_03309,0.0000075931
test_03310,0.9998578261
test_03311,0.0097958421
test_03312,0.9376029417
test_03313,0.0098649108
test_03314,0.0000053190
test_03315,0.8941696290
test_03316,0.9980967246
test_03317,0.9999223820
test_03318,0.9990305014
test_03319,0.0000044360
test_03320,0.9999996690
test_03321,0.9620067688
test_03322,0.9502114269
test_03323,0.9560664115
test_03324,0.1440787584
test_03325,0.0469157934
test_03326,0.0038966140
test_03327,0.9730536030
test_03328,0.4575006445
test_03329,0.0045946276
test_03330,0.9675456558
test_03331,0.0000003379
test_03332,0.9999473382
test_03333,0.0005065514
test_03334,0.9920692918
test_03335,0.8317934130
test_03336,0.0000000079
test_03337,0.0000005052
test_03338,0.2477124763
test_03339,0.9947064886
test_03340,0.9140369205
test_03341,0.0000000475
test_03342,0.1642176358
test_03343,0.0365170432
test_03344,0.9966516833
test_03345,0.0000000654
test_03346,0.0772128330
test_03347,0.3843004544
test_03348,0.0000565763
test_03349,0.9999992225
test_03350,0.8230097334
test_03351,0.2097530444
test_03352,0.9999999981
test_03353,0.0089737316
test_03354,0.0000002807
test_03355,0.9077353930
test_03356,0.0020378358
test_03357,0.9999868790
test_03358,0.0000913104
test_03359,0.9999999968
test_03360,0.2852202220
test_03361,0.0173263786
test_03362,0.9996889538
test_03363,0.7010657128
test_03364,0.9265533699
test_03365,0.9071454714
test_03366,0.8532774522
test_03367,0.1459082552
test_03368,0.8511535084
test_03369,0.0000000563
test_03370,0.9440852853
test_03371,0.9999999968
test_03372,0.0152759890
test_03373,0.4142337782
test_03374,0.8821468847
test_03375,0.0000015483
test_03376,0.9995910770
test_03377,0.0270625222
test_03378,0.0000011662
test_03379,0.8898654789
test_03380,0.9999975838
test_03381,0.9999961610
test_03382,0.9999999534
test_03383,0.0001943763
test_03384,0.9264403755
test_03385,0.9999845027
test_03386,0.5050036230
test_03387,0.9999999881
test_03388,0.0032670325
test_03389,0.9747580942
test_03390,0.3657586473
test_03391,0.9999933027
test_03392,0.6336225358
test_03393,0.0007615179
test_03394,0.6405793551
test_03395,0.6020420128
test_03396,0.0307460929
test_03397,0.0016522976
test_03398,0.9968548202
test_03399,0.9857906130
test_03400,0.0518496995
test_03401,0.0358570692
test_03402,0.9924111972
test_03403,0.0000000180
test_03404,0.0000003134
test_03405,0.9200610823
test_03406,0.0000528128
test_03407,0.0000000014
test_03408,0.0889221879
test_03409,0.0000159147
test_03410,0.1927355490
test_03411,0.9952290144
test_03412,0.9627531532
test_03413,0.0000002058
test_03414,0.0000037160
test_03415,0.9997819182
test_03416,0.0001368907
test_03417,0.0000677023
test_03418,0.0030766364
test_03419,0.0005051299
test_03420,0.9999708845
test_03421,0.1004472520
test_03422,0.9999916707
test_03423,0.0049385127
test_03424,0.0000250133
test_03425,0.0000001341
test_03426,0.9996825855
test_03427,0.9999999959
test_03428,0.0322316325
test_03429,0.8928223536
test_03430,0.9992929800
test_03431,0.9999991166
test_03432,0.0003320607
test_03433,0.9528950006
test_03434,0.0000502392
test_03435,0.9982347273
test_03436,0.2523385970
test_03437,0.2222393398
test_03438,0.0000000000
test_03439,0.9987924511
test_03440,0.8168300054
test_03441,0.9848437037
test_03442,0.8221250484
test_03443,0.9999974798
test_03444,0.1919826239
test_03445,0.0355560722
test_03446,0.9747705277
test_03447,0.9986929098
test_03448,0.9525462684
test_03449,0.9999999919
test_03450,0.2876961141
test_03451,0.0000319910
test_03452,0.0000010242
test_03453,0.0000185258
test_03454,0.0994513271
test_03455,0.0000044739
test_03456,0.0000000571
test_03457,0.0964507905
test_03458,0.9999999837
test_03459,0.0000000065
test_03460,0.0028793393
test_03461,0.0521699864
test_03462,0.9999999007
test_03463,0.0000000000
test_03464,0.9999962849
test_03465,0.0348076856
test_03466,0.0007481617
test_03467,0.9952750695
test_03468,0.0000000149
test_03469,0.0372810268
test_03470,0.0000329952
test_03471,0.7418442052
test_03472,0.9997281791
test_03473,0.9999998348
test_03474,0.9999999982
test_03475,0.7967119812
test_03476,0.1813918042
test_03477,0.1059668775
test_03478,0.0000970648
test_03479,0.0046781548
test_03480,0.9999984951
test_03481,0.9938397208
test_03482,0.9843791513
test_03483,0.0000427091
test_03484,0.9992123939
test_03485,0.0000678485
test_03486,0.9930446273
test_03487,0.9918395941
test_03488,0.9999131773
test_03489,0.0003119232
test_03490,0.8129579224
test_03491,0.9355683605
test_03492,0.9999848283
test_03493,0.9999999983
test_03494,0.0385396179
test_03495,0.0000484902
test_03496,0.0003608503
test_03497,0.9832166846
test_03498,0.9999990689
test_03499,0.9999997503
test_03500,0.9886989169
test_03501,0.0006711568
test_03502,0.0176470758
test_03503,0.0067345151
test_03504,0.0001009204
test_03505,0.0000003134
test_03506,0.1836714465
test_03507,0.0183006891
test_03508,0.0144813813
test_03509,0.9670756391
test_03510,0.9997323259
test_03511,0.0000009004
test_03512,0.9861937494
test_03513,0.0009795419
test_03514,0.9999999928
test_03515,0.8734848020
test_03516,0.0101808367
test_03517,0.9986948460
test_03518,0.0000000064
test_03519,0.9542118806
test_03520,0.9998032521
test_03521,0.9952493362
test_03522,0.9746854586
test_03523,0.9999999997
test_03524,0.0045443598
test_03525,0.9970663089
test_03526,1.0000000000
test_03527,0.8379674928
test_03528,0.0233675797
test_03529,0.0000003131
test_03530,0.0000000040
test_03531,0.0001283971
test_03532,0.9999997059
test_03533,0.0000052256
test_03534,0.9974659683
test_03535,0.0000001938
test_03536,0.9999911923
test_03537,0.0011055986
test_03538,0.0110644748
test_03539,0.1430145822
test_03540,0.9890308591
test_03541,0.0180602305
test_03542,0.0667585486
test_03543,0.9992850663
test_03544,0.0000000041
test_03545,0.0000866331
test_03546,0.8497992441
test_03547,0.9997970687
test_03548,0.9999996782
test_03549,0.0006188527
test_03550,0.9944828643
test_03551,0.9999990475
test_03552,0.7743738488
test_03553,0.9998606999
test_03554,0.3144864642
test_03555,0.0000012176
test_03556,0.0054659863
test_03557,0.9758257816
test_03558,0.9948295233
test_03559,0.0000003713
test_03560,0.9999904286
test_03561,0.9999641616
test_03562,0.9999980938
test_03563,0.9974830620
test_03564,0.9997927596
test_03565,0.9999686700
test_03566,0.0000013750
test_03567,0.0639796174
test_03568,0.0823456921
test_03569,0.0000000836
test_03570,0.9899435386
test_03571,0.0000000377
test_03572,0.9849129011
test_03573,0.9907672991
test_03574,0.9011638129
test_03575,0.9999420878
test_03576,0.9999994980
test_03577,0.0000388894
test_03578,0.0000012662
test_03579,0.0002249703
test_03580,0.9850492691
test_03581,0.0000000059
test_03582,0.9987837192
test_03583,0.9988050750
test_03584,0.0000000023
test_03585,0.9999999281
test_03586,0.0000028226
test_03587,0.2169350193
test_03588,0.0000012826
test_03589,0.4341478700
test_03590,0.0540194662
test_03591,0.0000289603
test_03592,0.9999963104
test_03593,0.9999625504
test_03594,0.0001842415
test_03595,0.9999994866
test_03596,0.9986990039
test_03597,0.0000034018
test_03598,0.0595090278
test_03599,0.9999999472
test_03600,0.0736514452
test_03601,0.9936780080
test_03602,0.0000000000
test_03603,0.9999954287
test_03604,0.9967717889
test_03605,0.9471758939
test_03606,0.0006135909
test_03607,0.0000409998
test_03608,0.9999999826
test_03609,0.0000000240
test_03610,0.0945749086
test_03611,0.8802616537
test_03612,0.9998729203
test_03613,0.9702154134
test_03614,0.0002747323
test_03615,0.9991349443
test_03616,0.0006606992
test_03617,0.0000000073
test_03618,0.9999873488
test_03619,0.0437195744
test_03620,0.0010820932
test_03621,0.0036102161
test_03622,0.0000000000
test_03623,0.0000332725
test_03624,0.0016851708
test_03625,0.9999999929
test_03626,0.4615406009
test_03627,0.0500998075
test_03628,0.0000015142
test_03629,0.9082023307
test_03630,0.2959262890
test_03631,0.0008496814
test_03632,0.9864374964
test_03633,0.0002617698
test_03634,0.0002968685
test_03635,0.9897488070
test_03636,0.1135900580
test_03637,0.0000011239
test_03638,0.8128085091
test_03639,0.0000108226
test_03640,0.0113840958
test_03641,0.9814566845
test_03642,0.1065584116
test_03643,0.9174245824
test_03644,0.0000000518
test_03645,0.9999999991
test_03646,0.9717862347
test_03647,0.9470947524
test_03648,0.9727001098
test_03649,0.9965861843
test_03650,0.9999999991
test_03651,0.0076025907
test_03652,0.0000207101
test_03653,0.9999865263
test_03654,0.9999528975
test_03655,0.9999927059
test_03656,0.9775708563
test_03657,0.0037666392
test_03658,0.9793161232
test_03659,0.9999992932
test_03660,0.9876026000
test_03661,0.0055035372
test_03662,0.9999999265
test_03663,0.9999892897
test_03664,0.9927072307
test_03665,0.9999982043
test_03666,0.1797356165
test_03667,0.0271940370
test_03668,0.9999307434
test_03669,0.9999997394
test_03670,0.0000428359
test_03671,0.0000000015
test_03672,0.9300935858
test_03673,0.9999873507
test_03674,0.0990525945
test_03675,0.9999974726
test_03676,0.9999992396
test_03677,0.8075161506
test_03678,0.9337147624
test_03679,0.0000000824
test_03680,0.9979390778
test_03681,0.0966203711
test_03682,0.9991103242
test_03683,0.9999999643
test_03684,0.9999991646
test_03685,0.9994270628
test_03686,0.9999608273
test_03687,0.3520805166
test_03688,0.9999923430
test_03689,0.0883639283
test_03690,0.9909890104
test_03691,0.9999822133
test_03692,0.0015948760
test_03693,0.9969243782
test_03694,0.9989861584
test_03695,0.0046050710
test_03696,0.0000136350
test_03697,0.8250400851
test_03698,0.9985327228
test_03699,0.9999962811
test_03700,0.9999998585
test_03701,0.0194165744
test_03702,0.9419368642
test_03703,0.9999816324
test_03704,0.0000187369
test_03705,0.0000011382
test_03706,0.0000000004
test_03707,0.9999989575
test_03708,0.1289927281
test_03709,0.9999999672
test_03710,0.9919170336
test_03711,0.0100215683
test_03712,0.9866945552
test_03713,0.0186749827
test_03714,0.0884072174
test_03715,0.9999999999
test_03716,0.9999257824
test_03717,0.0000000172
test_03718,0.0000681964
test_03719,0.9999999170
test_03720,0.0000084472
test_03721,0.0047314898
test_03722,0.0014455650
test_03723,0.0000071133
test_03724,0.9993066305
test_03725,0.0000000000
test_03726,0.9999925777
test_03727,0.0000061212
test_03728,0.1565183425
test_03729,0.0000114422
test_03730,0.9968753500
test_03731,0.1115202836
test_03732,0.9918927841
test_03733,0.8262336709
test_03734,0.9999589873
test_03735,0.0902357150
test_03736,0.0001551149
test_03737,0.9999814286
test_03738,0.0690395996
test_03739,0.9999929828
test_03740,0.0000373784
test_03741,0.0011365381
test_03742,0.2492034233
test_03743,0.9999969540
test_03744,0.9131374722
test_03745,0.9999995083
test_03746,0.0046930579
test_03747,0.2049501513
test_03748,0.0000045982
test_03749,0.9896033549
test_03750,0.9999989588
test_03751,0.9999739326
test_03752,0.9966312211
test_03753,0.1495834361
test_03754,0.9863564565
test_03755,0.9993735132
test_03756,0.9997272501
test_03757,0.0012733305
test_03758,0.9981733494
test_03759,0.0012548731
test_03760,0.0081713437
test_03761,0.0000330449
test_03762,0.9998502583
test_03763,0.0150373053
test_03764,0.9991473174
test_03765,0.0000001143
test_03766,0.9990740562
test_03767,0.9438143985
test_03768,0.0000005403
test_03769,0.0002293778
test_03770,0.9878392635
test_03771,0.9933417932
test_03772,0.9999997991
test_03773,0.0000001142
test_03774,0.1256545726
test_03775,0.9753036377
test_03776,0.0000000000
test_03777,0.0000276113
test_03778,0.9999977643
test_03779,0.0000113657
test_03780,0.0976369696
test_03781,0.0005639053
test_03782,0.0000051080
test_03783,0.0000003391
test_03784,0.0003287989
test_03785,0.9999999135
test_03786,0.1343518463
test_03787,0.0000169526
test_03788,0.0000000002
test_03789,0.0006843536
test_03790,0.9932507553
test_03791,0.7309541118
test_03792,0.9999811669
test_03793,0.0000000253
test_03794,0.9983469927
test_03795,0.9999937689
test_03796,0.9999977350
test_03797,0.0000845181
test_03798,0.9994686865
test_03799,0.0001233334
test_03800,0.9999990353
test_03801,0.0000000012
test_03802,0.1319439703
test_03803,0.0065226964
test_03804,0.0760763426
test_03805,0.7691876681
test_03806,0.0000030067
test_03807,0.5901376904
test_03808,0.9999986559
test_03809,0.0827142879
test_03810,0.0000000162
test_03811,0.0036608223
test_03812,0.0000001355
test_03813,0.9999489877
test_03814,0.0004541064
test_03815,0.9611258114
test_03816,0.0000174502
test_03817,0.9699631460
test_03818,0.0000000298
test_03819,0.1386680329
test_03820,0.9999287820
test_03821,0.9999999439
test_03822,0.9338969621
test_03823,0.0000077002
test_03824,0.9935318019
test_03825,0.9287506015
test_03826,0.9999999349
test_03827,0.0204106183
test_03828,0.9999988440
test_03829,0.0927403618
test_03830,0.8823973284
test_03831,0.0000000005
test_03832,0.0000060740
test_03833,0.0003547076
test_03834,0.9999981392
test_03835,0.9999811738
test_03836,0.0000993966
test_03837,0.0000001288
test_03838,0.0000010064
test_03839,0.0031951502
test_03840,0.9999971647
test_03841,0.9999962012
test_03842,0.0583742317
test_03843,0.5707745014
test_03844,0.0006796701
test_03845,0.9999995652
test_03846,0.9937846093
test_03847,0.0000000042
test_03848,0.9815784369
test_03849,0.9999582968
test_03850,0.0374534367
test_03851,0.0185194431
test_03852,0.0002604688
test_03853,0.9999952531
test_03854,0.9999978644
test_03855,0.0876058876
test_03856,0.2623334345
test_03857,0.0015787707
test_03858,0.0000002230
test_03859,0.0000165892
test_03860,0.0303196441
test_03861,0.0037695625
test_03862,0.9999880876
test_03863,0.9986977467
test_03864,0.9993166370
test_03865,0.0126378064
test_03866,0.9999999747
test_03867,0.0000712180
test_03868,0.0000000007
test_03869,0.9999804466
test_03870,0.8781510317
test_03871,0.0000000015
test_03872,0.0000073639
test_03873,0.0588397941
test_03874,0.0199208739
test_03875,0.0001211582
test_03876,0.9999979377
test_03877,0.1314742173
test_03878,0.8150055826
test_03879,0.9999973410
test_03880,0.9999986267
test_03881,0.0224788596
test_03882,0.9997990769
test_03883,0.0170076142
test_03884,0.9999852821
test_03885,0.0001355824
test_03886,0.0022642075
test_03887,0.3045635196
test_03888,0.9958675722
test_03889,0.0000000369
test_03890,0.9866619247
test_03891,0.0000176191
test_03892,0.0172681872
test_03893,0.0000001275
test_03894,0.0567015681
test_03895,0.0923205621
test_03896,0.9999975541
test_03897,0.9999998330
test_03898,0.0010679178
test_03899,0.9785911217
test_03900,0.0802486008
test_03901,0.0000002801
test_03902,0.0000061149
test_03903,0.9114636829
test_03904,0.0000001453
test_03905,0.9981243121
test_03906,0.0006375326
test_03907,0.9999998890
test_03908,0.9214719639
test_03909,0.9901212565
test_03910,0.0135197437
test_03911,0.9138618260
test_03912,0.9999716016
test_03913,0.0018508829
test_03914,0.6314023000
test_03915,0.0000139474
test_03916,0.9998001046
test_03917,0.9999694685
test_03918,0.9988483075
test_03919,0.9972811908
test_03920,0.9243103221
test_03921,0.0023395393
test_03922,0.0000090421
test_03923,0.8762681940
test_03924,0.8855013330
test_03925,0.0000000040
test_03926,0.9999236010
test_03927,0.1238600314
test_03928,0.0000964581
test_03929,0.9632490230
test_03930,0.6955185410
test_03931,0.9996227253
test_03932,0.0000000051
test_03933,0.0000402155
test_03934,0.9999989738
test_03935,0.0002363161
test_03936,0.0229017110
test_03937,0.0000018424
test_03938,0.9828180449
test_03939,0.0000219899
test_03940,0.0004644137
test_03941,0.6277673065
test_03942,0.0448589373
test_03943,0.0156832803
test_03944,0.9997136111
test_03945,0.9997069151
test_03946,0.3478782422
test_03947,0.9949566570
test_03948,0.9999987467
test_03949,0.4180802095
test_03950,0.9951398802
test_03951,0.0000011569
test_03952,0.8765460798
test_03953,0.9999861470
test_03954,0.9999574189
test_03955,0.0000096635
test_03956,0.0012632653
test_03957,0.9991897428
test_03958,0.9999995975
test_03959,0.0213342062
test_03960,0.0003665020
test_03961,0.9999596697
test_03962,0.9999999147
test_03963,0.0000336353
test_03964,0.9519963214
test_03965,0.0000000000
test_03966,0.0040394247
test_03967,0.0000000016
test_03968,0.9999999852
test_03969,0.9987327315
test_03970,0.9068977988
test_03971,0.0588990211
test_03972,0.0001253682
test_03973,0.9999986542
test_03974,0.0223402341
test_03975,0.9987446908
test_03976,0.9927163235
test_03977,0.9999999851
test_03978,0.0104647323
test_03979,0.9999475993
test_03980,0.9446771729
test_03981,0.9999952608
test_03982,0.9993792268
test_03983,0.9997730171
test_03984,0.9992164874
test_03985,0.0589831760
test_03986,0.0000000400
test_03987,0.7453498569
test_03988,0.9999915191
test_03989,0.0010469412
test_03990,0.0000000014
test_03991,0.0000009140
test_03992,0.9973058564
test_03993,0.0290246015
test_03994,0.0000000313
test_03995,0.0077532153
test_03996,1.0000000000
test_03997,0.9906508335
test_03998,0.9986536848
test_03999,0.9999999988
test_04000,0.9999918554
test_04001,0.5689348834
test_04002,0.9999999965
test_04003,0.9982083909
test_04004,0.7903008713
test_04005,0.0241674901
test_04006,0.0166121420
test_04007,0.3429505798
test_04008,0.9993792079
test_04009,0.0000000263
test_04010,0.0039219182
test_04011,0.0000013140
test_04012,0.0000000072
test_04013,0.4409293262
test_04014,0.9999967456
test_04015,0.9999999249
test_04016,0.9999461995
test_04017,0.0121875421
test_04018,0.9999999972
test_04019,0.9994974025
test_04020,0.9999975084
test_04021,0.0000003070
test_04022,0.0007903617
test_04023,0.1517866703
test_04024,0.0000255260
test_04025,0.0000000108
test_04026,0.9186706297
test_04027,0.0005283166
test_04028,0.0294450808
test_04029,0.0194753030
test_04030,0.9999472462
test_04031,0.0000000018
test_04032,0.0666070717
test_04033,0.9999967894
test_04034,0.9999999318
test_04035,0.9980277110
test_04036,0.9939243102
test_04037,0.9999999974
test_04038,0.0129791915
test_04039,0.0148544094
test_04040,0.9999999963
test_04041,0.9980843837
test_04042,0.9999972594
test_04043,0.0110954721
test_04044,0.0004570308
test_04045,0.0376094505
test_04046,0.0549988523
test_04047,0.9989307778
test_04048,0.9983527925
test_04049,0.9982014633
test_04050,0.0000001851
test_04051,0.9999999993
test_04052,0.9990911217
test_04053,0.9871751220
test_04054,0.0000019166
test_04055,0.4267965205
test_04056,0.9999829185
test_04057,0.9269047870
test_04058,0.9810152382
test_04059,0.8789714813
test_04060,0.9999999353
test_04061,0.2729405471
test_04062,0.0000000008
test_04063,0.0362033233
test_04064,0.9986394974
test_04065,0.9850250397
test_04066,0.9999999475
test_04067,0.0011182356
test_04068,0.0091610818
test_04069,0.0000004837
test_04070,0.0000046370
test_04071,0.9465627879
test_04072,0.0799514087
test_04073,0.0000049951
test_04074,0.0111690956
test_04075,0.9998161487
test_04076,0.9938527431
test_04077,0.9995716238
test_04078,0.9997804498
test_04079,0.0000696861
test_04080,0.0031981290
test_04081,0.9758973961
test_04082,0.0000017186
test_04083,0.2472366426
test_04084,0.8179157744
test_04085,0.0001686836
test_04086,0.0173530807
test_04087,0.9989405034
test_04088,0.8747560502
test_04089,0.0009916308
test_04090,0.9988429405
test_04091,0.9138241156
test_04092,0.9998357792
test_04093,0.9999999918
test_04094,0.0000293727
test_04095,0.0041464103
test_04096,0.0000001453
test_04097,0.9899655855
test_04098,0.0000000018
test_04099,0.9999642735
test_04100,0.9999999970
test_04101,0.0000000048
test_04102,0.0080719910
test_04103,0.0000121528
test_04104,0.9968319554
test_04105,0.0065466011
test_04106,0.0000000260
test_04107,0.3125324607
test_04108,0.9956807053
test_04109,0.9999983413
test_04110,0.8862999363
test_04111,0.9999943802
test_04112,0.0503144958
test_04113,0.9993123191
test_04114,0.9805139745
test_04115,0.6511836055
test_04116,0.9009385764
test_04117,0.9998883424
test_04118,0.0000214747
test_04119,0.0001238334
test_04120,0.7953416684
test_04121,0.9212286810
test_04122,0.0072703011
test_04123,0.9999998507
test_04124,0.9995605828
test_04125,0.0022297357
test_04126,0.0000000219
test_04127,0.0000095730
test_04128,0.9998668641
test_04129,0.9995331644
test_04130,0.0000000015
test_04131,0.0000000000
test_04132,0.6415972851
test_04133,0.0000004299
test_04134,0.9990709828
test_04135,0.9999989328
test_04136,0.9992710364
test_04137,0.0191592025
test_04138,0.3652782667
test_04139,0.9872263369
test_04140,0.9999998879
test_04141,0.0076926788
test_04142,0.8798751802
test_04143,0.8760437287
test_04144,0.9998625281
test_04145,0.9949089618
test_04146,0.0000017991
test_04147,0.0030028466
test_04148,0.9929530416
test_04149,0.9929508864
test_04150,0.0000156803
test_04151,0.9723181215
test_04152,0.0691952110
test_04153,0.9978549808
test_04154,0.0006335494
test_04155,0.0001457490
test_04156,0.9996254821
test_04157,0.9999998725
test_04158,0.8977671843
test_04159,0.0171995483
test_04160,0.9999617157
test_04161,0.0000021312
test_04162,0.9955120902
test_04163,0.0175372471
test_04164,0.9994093627
test_04165,0.9999996456
test_04166,0.0000009912
test_04167,0.0000600408
test_04168,0.0000069999
test_04169,0.9999942485
test_04170,0.9997739781
test_04171,0.9985500777
test_04172,0.0000359714
test_04173,0.9992224018
test_04174,0.0000038814
test_04175,0.9783203714
test_04176,0.8900311011
test_04177,0.0000000076
test_04178,0.9491155246
test_04179,0.0001966110
test_04180,0.0000000571
test_04181,0.9999788538
test_04182,0.9993216317
test_04183,0.2233708897
test_04184,0.9831840156
test_04185,0.7232157792
test_04186,0.7888128625
test_04187,0.9859364000
test_04188,0.0000005834
test_04189,0.0000000009
test_04190,0.9995142312
test_04191,0.9999335050
test_04192,0.0000164336
test_04193,0.0000282253
test_04194,0.0000375178
test_04195,0.0002047971
test_04196,0.9859523259
test_04197,0.1026935235
test_04198,0.9999999898
test_04199,0.0009135975
test_04200,0.0821384867
test_04201,0.8073104737
test_04202,0.9994277326
test_04203,0.9897982870
test_04204,0.0613066262
test_04205,0.0000000000
test_04206,0.0000026656
test_04207,0.9653304132
test_04208,0.0000439135
test_04209,0.0162783455
test_04210,0.9543707856
test_04211,0.9423955535
test_04212,0.9978705658
test_04213,0.0069564384
test_04214,0.9999986860
test_04215,0.0020467697
test_04216,0.1642081925
test_04217,0.9998013730
test_04218,0.0000420145
test_04219,0.9885330626
test_04220,0.0001383854
test_04221,0.9999123781
test_04222,0.9219858163
test_04223,0.9999936618
test_04224,0.9999999828
test_04225,0.3911342817
test_04226,0.9987309063
test_04227,0.9998580397
test_04228,0.9999999872
test_04229,0.9829747415
test_04230,0.0767084672
test_04231,0.5457628582
test_04232,1.0000000000
test_04233,0.9999999511
test_04234,0.9999999834
test_04235,0.9999997955
test_04236,0.0000248066
test_04237,0.2422408508
test_04238,0.0000004630
test_04239,0.9956207768
test_04240,0.5252523710
test_04241,0.9999999912
test_04242,0.8587151516
test_04243,0.0000126744
test_04244,0.9981260044
test_04245,0.9999999142
test_04246,0.9999998714
test_04247,0.9319131925
test_04248,0.9999999750
test_04249,0.9999999942
test_04250,0.9999320677
test_04251,0.9995312919
test_04252,0.0000013696
test_04253,0.0000002367
test_04254,0.0000002384
test_04255,0.7561335096
test_04256,0.9999999999
test_04257,0.0011516859
test_04258,0.0837956970
test_04259,0.9992635982
test_04260,0.8370549269
test_04261,0.9838728315
test_04262,0.4976727671
test_04263,0.1980041462
test_04264,0.9996626810
test_04265,0.9999899176
test_04266,0.0847596158
test_04267,0.2847209322
test_04268,0.9999615495
test_04269,0.9999998478
test_04270,0.0016018862
test_04271,0.0148054046
test_04272,0.0000039639
test_04273,0.4408700121
test_04274,0.1005777373
test_04275,0.0130264210
test_04276,0.9917003906
test_04277,0.0558534855
test_04278,0.2480721761
test_04279,0.0000004482
test_04280,0.0020180749
test_04281,0.9999952892
test_04282,0.0192227051
test_04283,0.0000000074
test_04284,0.0024665669
test_04285,0.7135481849
test_04286,0.0000003641
test_04287,0.9999999922
test_04288,0.0015095913
test_04289,1.0000000000
test_04290,0.1370154329
test_04291,0.0108423555
test_04292,0.1240892269
test_04293,0.9967829883
test_04294,0.7475899973
test_04295,0.0000000000
test_04296,0.4959185704
test_04297,0.9999230262
test_04298,0.9999071370
test_04299,0.0000000000
test_04300,0.0000006846
test_04301,0.9999999480
test_04302,0.1736082762
test_04303,0.9891659272
test_04304,0.9977309231
test_04305,0.9932243438
test_04306,0.0030869275
test_04307,0.9338268864
test_04308,0.0000092658
test_04309,0.9970311626
test_04310,1.0000000000
test_04311,0.9981281667
test_04312,0.6409796012
test_04313,0.0000007563
test_04314,0.9884528349
test_04315,0.9999998880
test_04316,0.0188797893
test_04317,0.0037206899
test_04318,0.0105879897
test_04319,0.0025133287
test_04320,0.0019781226
test_04321,0.9994287093
test_04322,0.9398836952
test_04323,0.0000126170
test_04324,0.9950914883
test_04325,0.9999988589
test_04326,0.9994833327
test_04327,0.1574354652
test_04328,0.0076950680
test_04329,0.9999999991
test_04330,0.9995443274
test_04331,0.9040152041
test_04332,0.0007527684
test_04333,0.0003290753
test_04334,0.9884009654
test_04335,0.0000024162
test_04336,0.0000044222
test_04337,0.9992777321
test_04338,0.9999999904
test_04339,0.9464918418
test_04340,0.0010357487
test_04341,0.9999981339
test_04342,0.0258864745
test_04343,0.9913400529
test_04344,0.0196428099
test_04345,0.9944801853
test_04346,0.0000030873
test_04347,0.0820096938
test_04348,0.9996850067
test_04349,0.9943626049
test_04350,0.9999061097
test_04351,0.0462519680
test_04352,0.1182191358
test_04353,0.7718079420
test_04354,0.0000000724
test_04355,0.9999784176
test_04356,0.0066243105
test_04357,0.5499168349
test_04358,0.0000000021
test_04359,0.0134619583
test_04360,0.3091653264
test_04361,0.5079848474
test_04362,0.0000097717
test_04363,0.9991260179
test_04364,0.9996980933
test_04365,0.0935466764
test_04366,0.0000434102
test_04367,0.0039653292
test_04368,0.0539657396
test_04369,0.0140340123
test_04370,0.0000000000
test_04371,0.5508127705
test_04372,0.0162461473
test_04373,0.0001947848
test_04374,0.0000600290
test_04375,0.9999999385
test_04376,0.0052491193
test_04377,0.0581065275
test_04378,0.9999972884
test_04379,0.0000265987
test_04380,0.0485031629
test_04381,0.9999994608
test_04382,0.0002526347
test_04383,0.1502286310
test_04384,0.9859481090
test_04385,0.8411581501
test_04386,0.0000034092
test_04387,0.0017533503
test_04388,0.0000039789
test_04389,0.0000003339
test_04390,0.9999356257
test_04391,0.9999965424
test_04392,0.9992995877
test_04393,0.9949248174
test_04394,0.9999999313
test_04395,0.0016860307
test_04396,0.0192890044
test_04397,0.9414440757
test_04398,0.0079925137
test_04399,0.0000000272
test_04400,0.2361563578
test_04401,0.0566022568
test_04402,0.9852581854
test_04403,0.9225757216
test_04404,0.0093053073
test_04405,0.9999999990
test_04406,0.9999986606
test_04407,0.0012013520
test_04408,0.9999999035
test_04409,0.9999999913
test_04410,0.9998347985
test_04411,0.9908418783
test_04412,0.9935202153
test_04413,0.9999999948
test_04414,0.9999998383
test_04415,0.0000000002
test_04416,0.0491057517
test_04417,0.2443656842
test_04418,0.0000000137
test_04419,0.0000002604
test_04420,0.0000014261
test_04421,0.9996761041
test_04422,0.0408693343
test_04423,0.0076608474
test_04424,0.0013533692
test_04425,0.7144240819
test_04426,0.1133117822
test_04427,0.9999949147
test_04428,0.0009263792
test_04429,0.9999999915
test_04430,0.9079481031
test_04431,0.9999999946
test_04432,0.0000000001
test_04433,0.0006561686
test_04434,0.9892112005
test_04435,0.0935353505
test_04436,0.0046234291
test_04437,0.9999999992
test_04438,0.3223865305
test_04439,0.0000000392
test_04440,0.9999999501
test_04441,0.9999991795
test_04442,0.9773580281
test_04443,0.0000317730
test_04444,0.9328305484
test_04445,0.9999999992
test_04446,0.0018888526
test_04447,0.9999858146
test_04448,0.0000026264
test_04449,0.7782811276
test_04450,0.9997832170
test_04451,0.0000985441
test_04452,0.0010940061
test_04453,0.9999959689
test_04454,0.0000240603
test_04455,0.4733534538
test_04456,0.0002628647
test_04457,0.1481040347
test_04458,0.9999982103
test_04459,0.0289465046
test_04460,0.0000054180
test_04461,0.9967516692
test_04462,0.0103085877
test_04463,0.9670465257
test_04464,0.9999800475
test_04465,0.3289343377
test_04466,0.0000002366
test_04467,0.9992690692
test_04468,0.0000064346
test_04469,0.0046819937
test_04470,0.0798375187
test_04471,0.9976753060
test_04472,0.9957828494
test_04473,0.0000008205
test_04474,0.0020279424
test_04475,0.0172126033
test_04476,0.0000029444
test_04477,0.0099556183
test_04478,0.9286827911
test_04479,0.4956813475
test_04480,0.9928614482
test_04481,0.9773531042
test_04482,0.0067972577
test_04483,0.9999999999
test_04484,0.9941559413
test_04485,0.9274829230
test_04486,0.9999999174
test_04487,0.0098052673
test_04488,0.9947669531
test_04489,0.0000002347
test_04490,0.7498821530
test_04491,0.7654602282
test_04492,0.0012173441
test_04493,0.0293553585
test_04494,0.1207714462
test_04495,0.9306764944
test_04496,0.0000103446
test_04497,0.0000000910
test_04498,0.1716590662
test_04499,0.0000033796
test_04500,0.9979745466
test_04501,0.0000000072
test_04502,0.9910193732
test_04503,0.0000217115
test_04504,0.0000823082
test_04505,0.0373826151
test_04506,0.9999995899
test_04507,0.0000178868
test_04508,0.0000001126
test_04509,0.0140522546
test_04510,0.0035367352
test_04511,0.0000004114
test_04512,0.9999999993
test_04513,0.0923958463
test_04514,0.9999971155
test_04515,0.0006467021
test_04516,0.9135788101
test_04517,0.9627016549
test_04518,0.0000001791
test_04519,0.0275060918
test_04520,0.0000810352
test_04521,0.9999917302
test_04522,0.9997058872
test_04523,0.0000281422
test_04524,0.9999834559
test_04525,0.0059704376
test_04526,0.9999999988
test_04527,0.8580976877
test_04528,0.9644612066
test_04529,0.0017952315
test_04530,0.0006382359
test_04531,0.0091156602
test_04532,0.6719285995
test_04533,0.0000242422
test_04534,0.0001582687
test_04535,0.9861385617
test_04536,0.0512622729
test_04537,0.0000121143
test_04538,0.5477367371
test_04539,0.9999761792
test_04540,0.9993424038
test_04541,0.9998862154
test_04542,0.0009126368
test_04543,0.0000000957
test_04544,0.4403524928
test_04545,0.9999999102
test_04546,0.9999795122
test_04547,0.9999782436
test_04548,0.9999975052
test_04549,0.0000048950
test_04550,0.9809409160
test_04551,0.9999989743
test_04552,0.1043956320
test_04553,0.0064067876
test_04554,0.1413516397
test_04555,0.1962755194
test_04556,0.8640961519
test_04557,0.0000462368
test_04558,0.0017520586
test_04559,0.0000000032
test_04560,0.0008228428
test_04561,0.0000007696
test_04562,0.0006686531
test_04563,0.9999998894
test_04564,0.0000000098
test_04565,0.9723247870
test_04566,0.0021436323
test_04567,0.9911826285
test_04568,0.8981301428
test_04569,0.9999989436
test_04570,0.0008943232
test_04571,0.0000070131
test_04572,0.9999979722
test_04573,0.9508456852
test_04574,0.0421983006
test_04575,0.9184142525
test_04576,0.9733103155
test_04577,0.9971189103
test_04578,1.0000000000
test_04579,0.0506688479
test_04580,0.0094450432
test_04581,0.0001860443
test_04582,0.0040531968
test_04583,0.9847837423
test_04584,0.9933573371
test_04585,0.8898718366
test_04586,0.0000035383
test_04587,0.9511770790
test_04588,0.9573269391
test_04589,0.9992238851
test_04590,0.9999923569
test_04591,0.9999824444
test_04592,0.0979888196
test_04593,0.8582211908
test_04594,0.0236282668
test_04595,0.9653244151
test_04596,0.0006502951
test_04597,0.0000628188
test_04598,0.0000029851
test_04599,0.9782246978
test_04600,0.0001589298
test_04601,0.0087712785
test_04602,0.0834735447
test_04603,0.9999113569
test_04604,0.0001132565
test_04605,0.9917413853
test_04606,0.9599478008
test_04607,0.0157349082
test_04608,0.0004206197
test_04609,0.9890665753
test_04610,0.0000000005
test_04611,1.0000000000
test_04612,0.9776710640
test_04613,0.9801492592
test_04614,0.9999999920
test_04615,0.9999997332
test_04616,0.9998103442
test_04617,0.0205556738
test_04618,0.9999432789
test_04619,0.7734783588
test_04620,0.0008898466
test_04621,0.9999440181
test_04622,0.8049745220
test_04623,0.9999586492
test_04624,0.8805362340
test_04625,0.9987612165
test_04626,0.0028218449
test_04627,0.0001403179
test_04628,0.9999996311
test_04629,0.9999719837
test_04630,0.9991270189
test_04631,0.9999999105
test_04632,0.0013956992
test_04633,0.0006882804
test_04634,0.9999993800
test_04635,0.9999801622
test_04636,0.9998001031
test_04637,0.9081031505
test_04638,0.9302626783
test_04639,0.9999990828
test_04640,0.9999900672
test_04641,0.9978211973
test_04642,0.8991840493
test_04643,0.8603474049
test_04644,0.0488039724
test_04645,0.9855155841
test_04646,0.0171319582
test_04647,0.9999973180
test_04648,0.8206769602
test_04649,0.9976775397
test_04650,0.0000103737
test_04651,0.9999990626
test_04652,0.0000299616
test_04653,0.9999999659
test_04654,0.0028344642
test_04655,0.8885537340
test_04656,0.0000049265
test_04657,0.9998943097
test_04658,0.9989092866
test_04659,0.7578834134
test_04660,0.0122181168
test_04661,0.2114973541
test_04662,0.0000642358
test_04663,0.0216369344
test_04664,0.0000492130
test_04665,0.9999999993
test_04666,0.0000016400
test_04667,0.9999953824
test_04668,0.0000000017
test_04669,0.9998940629
test_04670,0.9982301742
test_04671,0.0070101729
test_04672,0.0048053209
test_04673,0.0128655104
test_04674,0.0000755087
test_04675,0.0126290900
test_04676,0.0351152520
test_04677,0.9964564772
test_04678,0.9995465391
test_04679,0.0000001295
test_04680,0.9999996849
test_04681,0.9999994336
test_04682,0.0000936234
test_04683,0.0008644328
test_04684,0.0007396943
test_04685,0.9884814696
test_04686,0.9999266414
test_04687,0.9999077647
test_04688,0.2371323005
test_04689,0.9976929731
test_04690,0.9991259864
test_04691,0.0137240735
test_04692,0.0000000024
test_04693,0.9998966153
test_04694,0.9998274600
test_04695,0.0000005199
test_04696,0.9999062765
test_04697,0.1205660078
test_04698,0.0000219000
test_04699,0.0003250818
test_04700,0.9999998615
test_04701,0.1696656679
test_04702,0.0092898853
test_04703,0.9999982269
test_04704,0.1017818891
test_04705,0.6703066911
test_04706,0.0000000321
test_04707,0.6101031470
test_04708,0.0026003973
test_04709,0.0000005224
test_04710,0.9823993809
test_04711,0.9804746116
test_04712,0.9999987310
test_04713,0.9415473693
test_04714,0.0984678721
test_04715,0.9999999979
test_04716,0.0000001136
test_04717,0.0061944472
test_04718,0.0000284190
test_04719,0.0000000620
test_04720,0.9988597578
test_04721,0.9997855736
test_04722,0.9999674297
test_04723,0.9999990597
test_04724,0.9999999997
test_04725,0.9822619125
test_04726,0.6782895448
test_04727,0.9994311602
test_04728,0.9094019274
test_04729,0.0000416546
test_04730,0.0000000075
test_04731,0.0001110436
test_04732,0.8733671010
test_04733,0.0066130442
test_04734,0.9999957895
test_04735,0.9999999013
test_04736,0.0060785135
test_04737,0.0623514546
test_04738,0.0145121862
test_04739,0.0042481466
test_04740,0.9999621529
test_04741,0.9941992916
test_04742,0.9999544299
test_04743,0.7964205923
test_04744,0.9737526658
test_04745,0.9865394605
test_04746,0.0000038056
test_04747,0.0105914409
test_04748,0.0002076849
test_04749,0.9984952421
test_04750,0.8700878020
test_04751,0.9999997427
test_04752,0.0000001044
test_04753,0.9991422123
test_04754,0.0000089560
test_04755,0.0773941366
test_04756,0.0000004963
test_04757,0.0190586004
test_04758,0.0000000000
test_04759,0.9999188319
test_04760,0.9999473823
test_04761,0.9525982203
test_04762,0.0010525614
test_04763,0.2389380718
test_04764,0.9998952203
test_04765,0.9999296560
test_04766,0.0028291012
test_04767,0.9997437648
test_04768,0.0000022590
test_04769,0.9999994630
test_04770,0.9999998799
test_04771,0.0000724375
test_04772,0.9596666893
test_04773,0.9999435882
test_04774,0.0000065550
test_04775,0.9969776639
test_04776,0.9999977508
test_04777,0.0079012624
test_04778,0.0001017136
test_04779,0.0145196716
test_04780,0.9780554107
test_04781,0.0253816791
test_04782,0.0000005308
test_04783,0.9999654105
test_04784,0.0000005332
test_04785,0.9999926392
test_04786,0.0008440100
test_04787,0.9997702774
test_04788,0.1319958512
test_04789,0.0000011001
test_04790,0.9998664940
test_04791,0.0000065705
test_04792,0.9995228069
test_04793,0.9999999999
test_04794,0.0000482926
test_04795,0.0246024103
test_04796,0.0000519831
test_04797,0.9999999978
test_04798,0.9999937740
test_04799,0.0052313418
test_04800,0.9996653408
test_04801,0.9991317617
test_04802,0.0636849754
test_04803,0.9999999872
test_04804,0.9941800700
test_04805,0.0000000899
test_04806,0.8888042979
test_04807,0.1079566160
test_04808,0.9996013236
test_04809,0.9965097410
test_04810,0.0025835188
test_04811,0.0000003485
test_04812,0.9975631274
test_04813,0.9999999852
test_04814,0.1512733421
test_04815,0.9998903071
test_04816,0.9504877492
test_04817,0.0001446019
test_04818,0.0330361685
test_04819,0.1601742385
test_04820,0.0000759152
test_04821,0.9998723722
test_04822,0.9994197852
test_04823,0.9999994794
test_04824,0.0037126336
test_04825,0.0131875224
test_04826,0.9999859714
test_04827,0.0000013668
test_04828,0.9923510770
test_04829,0.9999999775
test_04830,0.0000102993
test_04831,0.0122481460
test_04832,0.9999978438
test_04833,0.1174459544
test_04834,0.0000000935
test_04835,1.0000000000
test_04836,0.0001872659
test_04837,0.9343942300
test_04838,0.0011835414
test_04839,0.0010620970
test_04840,0.0013726423
test_04841,0.0194413222
test_04842,0.9999645603
test_04843,0.0000929955
test_04844,0.0000412987
test_04845,0.9999999227
test_04846,0.0118014231
test_04847,0.9999448540
test_04848,0.9998488933
test_04849,0.9998887068
test_04850,0.9351486415
test_04851,0.9999934527
test_04852,0.9996791112
test_04853,0.0057472719
test_04854,0.0108919077
test_04855,0.9999993622
test_04856,0.0934517805
test_04857,0.0003013137
test_04858,0.9993320125
test_04859,0.0263276890
test_04860,0.0363735857
test_04861,0.9920359256
test_04862,0.0000010943
test_04863,0.0695434259
test_04864,0.7628871642
test_04865,0.0223450512
test_04866,0.0000002247
test_04867,0.0402450251
test_04868,0.0000000049
test_04869,0.0443513399
test_04870,0.9999981083
test_04871,0.9998861608
test_04872,0.9999999636
test_04873,0.9999507158
test_04874,0.0000096135
test_04875,0.9982769512
test_04876,0.0034934568
test_04877,0.3953227166
test_04878,0.0015008164
test_04879,0.9732648699
test_04880,0.0000312818
test_04881,0.0022156208
test_04882,0.8070711056
test_04883,0.9999974957
test_04884,0.0198036374
test_04885,0.0000446858
test_04886,0.9999975233
test_04887,0.0146457306
test_04888,0.0001734241
test_04889,0.8931542892
test_04890,0.0006816734
test_04891,0.9244093320
test_04892,0.0410377362
test_04893,0.0222791683
test_04894,0.0068739991
test_04895,0.0000000000
test_04896,0.0000443231
test_04897,0.0052401920
test_04898,0.0441675893
test_04899,0.0011716305
test_04900,0.9999933365
test_04901,0.9054016595
test_04902,0.0000006817
test_04903,0.9999985080
test_04904,0.9967287784
test_04905,0.0691147024
test_04906,0.9999987321
test_04907,0.9071331829
test_04908,0.0205081672
test_04909,0.9999998093
test_04910,0.9999912415
test_04911,0.9991511538
test_04912,0.9961590753
test_04913,0.9925741115
test_04914,0.0000052589
test_04915,0.9999850960
test_04916,0.0024199316
test_04917,0.9999989328
test_04918,0.9984788401
test_04919,0.0859797050
test_04920,0.5030865241
test_04921,0.9999995927
test_04922,0.0000000177
test_04923,0.0001915922
test_04924,0.0026149812
test_04925,0.9440570767
test_04926,0.9999999498
test_04927,0.0000004603
test_04928,0.0000000000
test_04929,0.9999911175
test_04930,0.1034450266
test_04931,0.9999214104
test_04932,0.9915260369
test_04933,0.9999782932
test_04934,0.0068922940
test_04935,0.0000002306
test_04936,0.9998906477
test_04937,0.0000007758
test_04938,0.0001998532
test_04939,0.9991973079
test_04940,0.9934592355
test_04941,0.9999660997
test_04942,0.5884198216
test_04943,0.9999801960
test_04944,0.9989560500
test_04945,0.0000016432
test_04946,0.0000001585
test_04947,0.9340467454
test_04948,0.9999999452
test_04949,0.9998979852
test_04950,0.0001084681
test_04951,0.0000043079
test_04952,0.9968851126
test_04953,0.0492368323
test_04954,0.9891093622
test_04955,0.9999993066
test_04956,0.9921726850
test_04957,0.9639306000
test_04958,0.0347733950
test_04959,0.0005623376
test_04960,0.9855245452
test_04961,0.0593024250
test_04962,0.8010206763
test_04963,0.0000249021
test_04964,0.7813429038
test_04965,0.9948079324
test_04966,1.0000000000
test_04967,0.0187568239
test_04968,0.9894685416
test_04969,0.9820171608
test_04970,0.9999995795
test_04971,0.9999515077
test_04972,0.0000055947
test_04973,0.9912111735
test_04974,0.9135751152
test_04975,0.4990879068
test_04976,0.0003190585
test_04977,0.0000000125
test_04978,0.0065304096
test_04979,0.0004086991
test_04980,0.9999905913
test_04981,0.9999986167
test_04982,0.9998521665
test_04983,0.0000073361
test_04984,0.0247587420
test_04985,0.9949307415
test_04986,0.0107466965
test_04987,0.9999727591
test_04988,0.0000000222
test_04989,0.0000118563
test_04990,0.9999426542
test_04991,0.0007656277
test_04992,0.0000007696
test_04993,0.9999999612
test_04994,0.0000140622
test_04995,0.9999995502
test_04996,0.9717129022
test_04997,0.0004056797
test_04998,0.0973085484
test_04999,0.0000088570
test_05000,0.9999663794
test_05001,0.9999999985
test_05002,0.1676753156
test_05003,0.9970417938
test_05004,0.1100541223
test_05005,0.9996542119
test_05006,0.0000084311
test_05007,0.3775058747
test_05008,0.9998330471
test_05009,0.9986748290
test_05010,0.0007889292
test_05011,0.2061009809
test_05012,0.9999999639
test_05013,0.9978345635
test_05014,0.9999973638
test_05015,0.9661260807
test_05016,0.0256693245
test_05017,0.9999999769
test_05018,0.0004946081
test_05019,0.0000158484
test_05020,0.9951262039
test_05021,0.1176731414
test_05022,0.9999999676
test_05023,0.9913058590
test_05024,0.9061540272
test_05025,0.0000003179
test_05026,0.9997842351
test_05027,0.9708243691
test_05028,0.9999999484
test_05029,0.9944752068
test_05030,0.8106386386
test_05031,0.0347380970
test_05032,0.9999991935
test_05033,0.9999962159
test_05034,0.1137877958
test_05035,0.2184528867
test_05036,0.8843596228
test_05037,0.9999999348
test_05038,0.0000002413
test_05039,0.9999728856
test_05040,0.0248696964
test_05041,0.9998228867
test_05042,0.9727887180
test_05043,0.9998925554
test_05044,0.8650298875
test_05045,0.9998527450
test_05046,0.0001658480
test_05047,0.9999999292
test_05048,0.0034797252
test_05049,0.9999386514
test_05050,0.0378841367
test_05051,0.1799334902
test_05052,0.9832602589
test_05053,0.9999891529
test_05054,0.0000000077
test_05055,0.0000005919
test_05056,0.9728677772
test_05057,0.9999357073
test_05058,0.9904021050
test_05059,0.0000000976
test_05060,0.9995994461
test_05061,0.9999999992
test_05062,0.0000266326
test_05063,0.9994065185
test_05064,0.9913939892
test_05065,0.0141722082
test_05066,0.0000011716
test_05067,0.9999999992
test_05068,0.9750257086
test_05069,0.9262102765
test_05070,0.0146413761
test_05071,0.0002688663
test_05072,0.0405126923
test_05073,0.1501906534
test_05074,0.1074986301
test_05075,0.9994004872
test_05076,0.9998993254
test_05077,0.0000000045
test_05078,0.9984353681
test_05079,0.0211641414
test_05080,0.9999999978
test_05081,0.0000174123
test_05082,0.0000000952
test_05083,0.9806010273
test_05084,0.9974404194
test_05085,0.9507366957
test_05086,0.8935908582
test_05087,0.7720198254
test_05088,0.9972510932
test_05089,0.0374875528
test_05090,0.1861348857
test_05091,0.9999929415
test_05092,0.0000153015
test_05093,0.0000001038
test_05094,0.9188676940
test_05095,0.9999808151
test_05096,0.0005297359
test_05097,0.9999950183
test_05098,0.0000000005
test_05099,0.9999933040
test_05100,0.0000093133
test_05101,0.0067076623
test_05102,0.0000090360
test_05103,0.9999881455
test_05104,0.0000343608
test_05105,0.9711439641
test_05106,0.9985377048
test_05107,0.0014042293
test_05108,0.0167264120
test_05109,0.0000004375
test_05110,0.9989720926
test_05111,0.9348444678
test_05112,0.9995364484
test_05113,0.0471912285
test_05114,0.0593595851
test_05115,0.0000003081
test_05116,0.0025532709
test_05117,0.7421431714
test_05118,0.0000324263
test_05119,0.9999999862
test_05120,0.9998890029
test_05121,0.0000000306
test_05122,0.0018324955
test_05123,0.0251997155
test_05124,0.0136749333
test_05125,0.9999451174
test_05126,0.9858583094
test_05127,0.9998254997
test_05128,0.0124868472
test_05129,0.9906055561
test_05130,0.0118711502
test_05131,0.0913740672
test_05132,0.0170272446
test_05133,0.0253992543
test_05134,0.3830759353
test_05135,0.0020987925
test_05136,0.1515291586
test_05137,0.9999999994
test_05138,0.9160045542
test_05139,0.9909623018
test_05140,0.9704248552
test_05141,0.9610695886
test_05142,0.8961662386
test_05143,0.9998486091
test_05144,0.9307416910
test_05145,0.9999989146
test_05146,0.9957291582
test_05147,0.7065477251
test_05148,0.0036690515
test_05149,0.0472391953
test_05150,0.0000164704
test_05151,0.9962192153
test_05152,0.9999994994
test_05153,0.0000087312
test_05154,0.0002001949
test_05155,0.0992562568
test_05156,0.9999762812
test_05157,0.0014404899
test_05158,0.9151727152
test_05159,0.0000897180
test_05160,0.9689635692
test_05161,0.9978788639
test_05162,0.0000000571
test_05163,0.0000000001
test_05164,0.0006759490
test_05165,0.0000007582
test_05166,0.9999939772
test_05167,0.1538212062
test_05168,0.9767877450
test_05169,0.9999929177
test_05170,0.0000000017
test_05171,0.9999649687
test_05172,0.9995695013
test_05173,0.0000037199
test_05174,0.9890296687
test_05175,0.0034815950
test_05176,0.0003691399
test_05177,0.9962100187
test_05178,0.9716324611
test_05179,0.0000103851
test_05180,0.0007870997
test_05181,0.4289240348
test_05182,0.0041504362
test_05183,0.0044167844
test_05184,0.9999990298
test_05185,0.9999904575
test_05186,0.9991584103
test_05187,0.9996985694
test_05188,0.9999993558
test_05189,0.0047957501
test_05190,0.9975375337
test_05191,0.9991951668
test_05192,0.0000000151
test_05193,0.0000004458
test_05194,0.8773440582
test_05195,0.0158363577
test_05196,0.0162864051
test_05197,0.0041546821
test_05198,0.9995760647
test_05199,0.7001616335
test_05200,0.9999999211
test_05201,0.9999999635
test_05202,0.9761351735
test_05203,0.9736418619
test_05204,0.0000139681
test_05205,0.0031786832
test_05206,0.9998222429
test_05207,0.0010569344
test_05208,0.9997841423
test_05209,0.0000710831
test_05210,0.9999999938
test_05211,0.9577502041
test_05212,0.9999997980
test_05213,0.0102011816
test_05214,0.0237962550
test_05215,0.9670996731
test_05216,0.9981351082
test_05217,0.9647542896
test_05218,0.9999990155
test_05219,0.2457010277
test_05220,0.9999999631
test_05221,0.0000000516
test_05222,0.0000069581
test_05223,0.9999999810
test_05224,0.0005947336
test_05225,0.9999999962
test_05226,0.0000000243
test_05227,0.9999818565
test_05228,0.3585616266
test_05229,0.0015991451
test_05230,0.0083146766
test_05231,0.0011259155
test_05232,0.0000163071
test_05233,0.5291921976
test_05234,0.0000520416
test_05235,0.9999993574
test_05236,0.8661038266
test_05237,0.9966928833
test_05238,0.0000016710
test_05239,0.9999948806
test_05240,0.9852304074
test_05241,0.0000664162
test_05242,0.3869012710
test_05243,0.9999995730
test_05244,0.8340138711
test_05245,0.0000000401
test_05246,0.4279944538
test_05247,0.1414882252
test_05248,0.0000788647
test_05249,0.6679180547
test_05250,0.9984208960
test_05251,1.0000000000
test_05252,0.0000000076
test_05253,0.0184071699
test_05254,0.9997865745
test_05255,0.9921777417
test_05256,0.0000038764
test_05257,0.9909353792
test_05258,0.1039940038
test_05259,0.0000007657
test_05260,0.9980815461
test_05261,0.9999998268
test_05262,0.9638260135
test_05263,0.9999999974
test_05264,0.9762414140
test_05265,0.0000978616
test_05266,0.9999998285
test_05267,0.9999997422
test_05268,0.9997928752
test_05269,0.9953446521
test_05270,0.9903422861
test_05271,0.9999542127
test_05272,0.9994875406
test_05273,0.0000018105
test_05274,0.0086970593
test_05275,0.0004526623
test_05276,0.9999996293
test_05277,0.0351743197
test_05278,0.9956271153
test_05279,0.0000014028
test_05280,0.0014283888
test_05281,0.9997878205
test_05282,0.0099721674
test_05283,0.9999989518
test_05284,0.5683634591
test_05285,0.0008214189
test_05286,0.9999995342
test_05287,0.0000001103
test_05288,0.9959259350
test_05289,0.9999997435
test_05290,0.9275976156
test_05291,0.0000000000
test_05292,0.9999999995
test_05293,0.0000071900
test_05294,0.9994581585
test_05295,0.9999999757
test_05296,0.0205765368
test_05297,0.0006155028
test_05298,0.9999994058
test_05299,0.9905321420
test_05300,0.0207489348
test_05301,0.0000000000
test_05302,0.0000000836
test_05303,0.9999998945
test_05304,0.0000019627
test_05305,0.9999993392
test_05306,0.1370198125
test_05307,0.9960649212
test_05308,1.0000000000
test_05309,0.0008376746
test_05310,0.0225554061
test_05311,0.9998486018
test_05312,0.9999924663
test_05313,0.9999999995
test_05314,0.9904809100
test_05315,0.0000377973
test_05316,0.9992049050
test_05317,0.9999998779
test_05318,0.2768420592
test_05319,0.9890670355
test_05320,0.9997180367
test_05321,0.9995861395
test_05322,0.0875241217
test_05323,0.9826944286
test_05324,0.9999999775
test_05325,0.9999997628
test_05326,0.9999999606
test_05327,0.8546010530
test_05328,0.0055105887
test_05329,0.9999616436
test_05330,0.0000027158
test_05331,0.0187147712
test_05332,0.0000001589
test_05333,0.7494753007
test_05334,0.0000212601
test_05335,0.1517796954
test_05336,0.9780445872
test_05337,0.9999999988
test_05338,0.9749182181
test_05339,0.0915747274
test_05340,0.9985745139
test_05341,0.0463385032
test_05342,0.0000005942
test_05343,0.9970749620
test_05344,0.0000000048
test_05345,0.0007276593
test_05346,0.9903471237
test_05347,0.0177954155
test_05348,0.9953106714
test_05349,0.9937311890
test_05350,0.1023514870
test_05351,0.9999994952
test_05352,0.0000002946
test_05353,0.0000322250
test_05354,0.0000730838
test_05355,0.0004251903
test_05356,0.0340228476
test_05357,0.9962176305
test_05358,0.0661601889
test_05359,0.0000000000
test_05360,0.0000000481
test_05361,0.9879115688
test_05362,0.9832104896
test_05363,0.0000855699
test_05364,0.9777798978
test_05365,0.1029566643
test_05366,0.0289528125
test_05367,0.0000000120
test_05368,0.0058334443
test_05369,0.0000197098
test_05370,0.9999999728
test_05371,0.0023471980
test_05372,0.9783926692
test_05373,0.9942601766
test_05374,0.0006948667
test_05375,0.0000000288
test_05376,0.0000303976
test_05377,0.9889274483
test_05378,0.9999999608
test_05379,0.9999832977
test_05380,0.0000070865
test_05381,0.9992246066
test_05382,0.9675479759
test_05383,0.9999116040
test_05384,0.0354922388
test_05385,0.9991797472
test_05386,0.5798440449
test_05387,0.9999747183
test_05388,0.9999409465
test_05389,0.0000000174
test_05390,0.9999994895
test_05391,0.9999963398
test_05392,0.6771038649
test_05393,0.9243972086
test_05394,0.9999989482
test_05395,0.9906868298
test_05396,0.0002516681
test_05397,0.0011055562
test_05398,0.9998458854
test_05399,0.9959793132
test_05400,0.9409334287
test_05401,0.6845148117
test_05402,0.9998993304
test_05403,0.9500502091
test_05404,0.9961105989
test_05405,0.0000010070
test_05406,0.9999959231
test_05407,0.8883207677
test_05408,0.9992781925
test_05409,0.0004162763
test_05410,0.9998962154
test_05411,0.9999999977
test_05412,0.9999942738
test_05413,0.0011950914
test_05414,0.0291285037
test_05415,0.0636417303
test_05416,0.9831257049
test_05417,0.0003147729
test_05418,0.9999991576
test_05419,0.9845272855
test_05420,0.0004994761
test_05421,0.9984798551
test_05422,0.9947375948
test_05423,0.2103787166
test_05424,0.0000003914
test_05425,0.0663672446
test_05426,0.0000002483
test_05427,0.0000000002
test_05428,1.0000000000
test_05429,0.9999992711
test_05430,0.9999992477
test_05431,0.0062328666
test_05432,0.9999999404
test_05433,0.9999999844
test_05434,0.9999999531
test_05435,0.9892093603
test_05436,0.0057243234
test_05437,0.9990125132
test_05438,0.0013757490
test_05439,0.0013553233
test_05440,0.0000523494
test_05441,0.9999999963
test_05442,0.6871795295
test_05443,0.0000099027
test_05444,0.9995309647
test_05445,0.0232146045
test_05446,0.0000604664
test_05447,0.8261480640
test_05448,0.9540020247
test_05449,0.0000010461
test_05450,0.9999988180
test_05451,0.1424922581
test_05452,0.9999999882
test_05453,0.9999991091
test_05454,0.0006584858
test_05455,0.0000303418
test_05456,0.0000002540
test_05457,0.0000557320
test_05458,0.0007576213
test_05459,0.0000010641
test_05460,0.9973797809
test_05461,0.0845202219
test_05462,0.9993732776
test_05463,0.9999999750
test_05464,0.9998974457
test_05465,0.2198387920
test_05466,0.9999916606
test_05467,0.0033393975
test_05468,0.9720748534
test_05469,0.3680462140
test_05470,0.0007348437
test_05471,0.0180431500
test_05472,0.9860528438
test_05473,0.0046255377
test_05474,0.0000018301
test_05475,0.0000000330
test_05476,0.0000060369
test_05477,0.1602596485
test_05478,0.2557819640
test_05479,0.9589293041
test_05480,0.0000017193
test_05481,0.9956729526
test_05482,0.0000134533
test_05483,0.9999667071
test_05484,0.0011037387
test_05485,0.0000005235
test_05486,0.9828026627
test_05487,0.9120901410
test_05488,0.9999987607
test_05489,0.0001890799
test_05490,0.0000000007
test_05491,0.4623111176
test_05492,0.0000000115
test_05493,0.0005512358
test_05494,0.9961258054
test_05495,0.9999999991
test_05496,0.9999994135
test_05497,0.0000938773
test_05498,0.1082103726
test_05499,0.0007383333
test_05500,0.9999079603
test_05501,0.6636988885
test_05502,0.0000000003
test_05503,0.0000082554
test_05504,0.9999996713
test_05505,0.9990824406
test_05506,0.0000004768
test_05507,0.0000003491
test_05508,0.9999904011
test_05509,0.0000000167
test_05510,0.9995579937
test_05511,0.9999970967
test_05512,0.0001837748
test_05513,0.0088028739
test_05514,0.0000001973
test_05515,0.0000001658
test_05516,0.0000048458
test_05517,0.0005576195
test_05518,0.0151674705
test_05519,0.1288488867
test_05520,0.9529940214
test_05521,0.9989772177
test_05522,0.0000466790
test_05523,0.9995456285
test_05524,0.9999392054
test_05525,0.0000008651
test_05526,0.0829961521
test_05527,0.6857110975
test_05528,0.0000002998
test_05529,0.9999903599
test_05530,0.0001615854
test_05531,0.0001253769
test_05532,0.9999996509
test_05533,0.9839643025
test_05534,0.9999980876
test_05535,0.9999889125
test_05536,0.8410290038
test_05537,0.9999999823
test_05538,0.0154848765
test_05539,0.9999999578
test_05540,0.6498335303
test_05541,0.0081617338
test_05542,0.0852133985
test_05543,0.0000094458
test_05544,0.9999990573
test_05545,0.0000004562
test_05546,0.0000019965
test_05547,0.0233322487
test_05548,0.9999121061
test_05549,0.8933435993
test_05550,0.0000033768
test_05551,0.9998367109
test_05552,0.2162542614
test_05553,0.9999212302
test_05554,0.9883344248
test_05555,0.9999996991
test_05556,0.9999999580
test_05557,0.9716143221
test_05558,0.0085252736
test_05559,0.0000000018
test_05560,0.9999999545
test_05561,0.0174899726
test_05562,0.9761367681
test_05563,0.9360535663
test_05564,0.9999986120
test_05565,0.9998108603
test_05566,0.0027868479
test_05567,0.9999871222
test_05568,0.9810697998
test_05569,0.5332655419
test_05570,0.0000025875
test_05571,0.9999999999
test_05572,1.0000000000
test_05573,0.9999999227
test_05574,0.1396722543
test_05575,0.9996157393
test_05576,0.0021945849
test_05577,0.9824402887
test_05578,0.9993532844
test_05579,0.0000407408
test_05580,0.1504140134
test_05581,0.0010259987
test_05582,0.9999999992
test_05583,0.0000059879
test_05584,0.9999998659
test_05585,0.0025602528
test_05586,0.0966944163
test_05587,0.0000103251
test_05588,0.9871210219
test_05589,0.0000000000
test_05590,0.9997493998
test_05591,0.0183129167
test_05592,0.1419086053
test_05593,0.9999999872
test_05594,0.9934449679
test_05595,0.9999986279
test_05596,0.9982362943
test_05597,0.0773266625
test_05598,0.3433186759
test_05599,0.1489688204
test_05600,0.9999994927
test_05601,0.9999999923
test_05602,0.0000056445
test_05603,0.9799382405
test_05604,0.9999999728
test_05605,0.9543467675
test_05606,0.0000002702
test_05607,0.1239077168
test_05608,0.0008704181
test_05609,0.0000000720
test_05610,1.0000000000
test_05611,0.0015824492
test_05612,0.9997577896
test_05613,0.1460199530
test_05614,0.0252564684
test_05615,0.5730246342
test_05616,0.0125011900
test_05617,0.0032370285
test_05618,0.0000000003
test_05619,0.0386327631
test_05620,0.0016455638
test_05621,0.8913307197
test_05622,0.9900698272
test_05623,0.0000000244
test_05624,0.8555015954
test_05625,0.0000664451
test_05626,0.9968698370
test_05627,0.0000000149
test_05628,0.0109906051
test_05629,0.0098089326
test_05630,0.0000000056
test_05631,0.0000000350
test_05632,0.9999999870
test_05633,0.9999994952
test_05634,0.9999997957
test_05635,0.0133937145
test_05636,0.8614307323
test_05637,0.8402570304
test_05638,0.1381778769
test_05639,0.6261563882
test_05640,0.9999940516
test_05641,0.0000017597
test_05642,0.9999375029
test_05643,0.2141619196
test_05644,0.0699754742
test_05645,0.9997015255
test_05646,0.1181248425
test_05647,0.0159174481
test_05648,0.0000000269
test_05649,0.0002494394
test_05650,0.9999996988
test_05651,0.0019467541
test_05652,0.9275562320
test_05653,0.0001064261
test_05654,0.6344972691
test_05655,0.9999999906
test_05656,0.2762880937
test_05657,0.0000004566
test_05658,0.0000007465
test_05659,0.6374753303
test_05660,0.9802528901
test_05661,0.0336185240
test_05662,0.9999973467
test_05663,0.9999999972
test_05664,0.9994216515
test_05665,0.3352456238
test_05666,0.0000005181
test_05667,0.0000000243
test_05668,0.0001178019
test_05669,0.9999998872
test_05670,0.0007318762
test_05671,0.9040180107
test_05672,0.9863936760
test_05673,0.0000001951
test_05674,0.0000049783
test_05675,0.9988519120
test_05676,0.0021865050
test_05677,0.0021007525
test_05678,0.0000000069
test_05679,0.9994007060
test_05680,0.0000000007
test_05681,0.0000657553
test_05682,0.9999993959
test_05683,0.0000212810
test_05684,0.1563840670
test_05685,0.2100356426
test_05686,0.9998073252
test_05687,0.0151529518
test_05688,0.9526159297
test_05689,0.9999998793
test_05690,0.0000013750
test_05691,0.9921339055
test_05692,0.6742661639
test_05693,0.9540970812
test_05694,0.7458882651
test_05695,0.0000000072
test_05696,0.9889598764
test_05697,0.9640954587
test_05698,0.0000528239
test_05699,0.9968117281
test_05700,0.9999999968
test_05701,0.9999999614
test_05702,0.0189122719
test_05703,0.9999999995
test_05704,0.9999880708
test_05705,0.0000482426
test_05706,0.0015337067
test_05707,0.9999808996
test_05708,0.0003844614
test_05709,0.1863291462
test_05710,0.9502392026
test_05711,0.0295094886
test_05712,0.9661396521
test_05713,0.0243580395
test_05714,0.9926949636
test_05715,0.0462377923
test_05716,0.9043308651
test_05717,0.9893652198
test_05718,0.9999989621
test_05719,0.0000000002
test_05720,0.1237600010
test_05721,0.9999999937
test_05722,0.9265823427
test_05723,0.0002725196
test_05724,0.9999177229
test_05725,0.0041729106
test_05726,0.0000000137
test_05727,0.9999774288
test_05728,0.9999655591
test_05729,0.0000346469
test_05730,0.9999999915
test_05731,0.9994823471
test_05732,0.0000001991
test_05733,0.9999998260
test_05734,0.4826747924
test_05735,0.0040878299
test_05736,0.0095821171
test_05737,0.0000051262
test_05738,0.1560496765
test_05739,0.0011128489
test_05740,0.4822731981
test_05741,0.0008930884
test_05742,0.1385570919
test_05743,0.0903513651
test_05744,0.0591594130
test_05745,0.0582588790
test_05746,0.0004237745
test_05747,0.5251877197
test_05748,0.2337896422
test_05749,0.9999998877
test_05750,0.0105923056
test_05751,0.0010893056
test_05752,0.0257333829
test_05753,0.0001799321
test_05754,0.9957109517
test_05755,0.9986385275
test_05756,0.1573910809
test_05757,0.5264402615
test_05758,0.0000557354
test_05759,0.0072380404
test_05760,0.9903057079
test_05761,0.9895050975
test_05762,0.0000092376
test_05763,0.9999911340
test_05764,0.9966973294
test_05765,0.9999999993
test_05766,0.0888847135
test_05767,0.1053962073
test_05768,0.0004164366
test_05769,0.0128735677
test_05770,0.9999978651
test_05771,0.7707561427
test_05772,0.8727319421
test_05773,0.9999537287
test_05774,0.9796014434
test_05775,0.9714977704
test_05776,0.0868668363
test_05777,0.9689535188
test_05778,0.9985940801
test_05779,0.2384784454
test_05780,0.9168028426
test_05781,0.9842961587
test_05782,0.9986057951
test_05783,0.9999996939
test_05784,0.9762896653
test_05785,0.9988104794
test_05786,0.9992548848
test_05787,0.0747662780
test_05788,0.9893488934
test_05789,0.9965401046
test_05790,0.9977762887
test_05791,0.0000032989
test_05792,0.0550130513
test_05793,0.9999078429
test_05794,0.9995811048
test_05795,0.8931562854
test_05796,0.9999959315
test_05797,0.9999999392
test_05798,0.9949388080
test_05799,0.9998076674
test_05800,0.9838114186
test_05801,0.1154050962
test_05802,0.0000690511
test_05803,0.9994443194
test_05804,0.9994836428
test_05805,0.9999847713
test_05806,0.0000000307
test_05807,0.0000002833
test_05808,0.9851889719
test_05809,0.9912881810
test_05810,0.9998501434
test_05811,0.0000119570
test_05812,0.9843971063
test_05813,0.9995583826
test_05814,0.9982152173
test_05815,0.9971863405
test_05816,0.0000053097
test_05817,0.9647722857
test_05818,0.9999955968
test_05819,0.9999994736
test_05820,0.0001175693
test_05821,0.9942578634
test_05822,0.0090095852
test_05823,0.0880306027
test_05824,0.0000025656
test_05825,0.0000816590
test_05826,0.9999893569
test_05827,0.0000007482
test_05828,0.1271964961
test_05829,0.0000945836
test_05830,0.0001465413
test_05831,0.0024157291
test_05832,0.9079322759
test_05833,0.9127448628
test_05834,0.0236839520
test_05835,0.9999999999
test_05836,0.9534419723
test_05837,0.0000043967
test_05838,0.0026064055
test_05839,0.9999992616
test_05840,0.9894516555
test_05841,0.0219050831
test_05842,0.0000000000
test_05843,0.9003792427
test_05844,0.0006509167
test_05845,0.0000012460
test_05846,0.0717358170
test_05847,0.9989498008
test_05848,0.1274929597
test_05849,0.0000060098
test_05850,0.1610352463
test_05851,0.1535381298
test_05852,0.9999988332
test_05853,0.9889821590
test_05854,0.0583427061
test_05855,0.9982496310
test_05856,0.9999999996
test_05857,0.9999131417
test_05858,0.0030024516
test_05859,0.0372100290
test_05860,0.0000071577
test_05861,0.0000000112
test_05862,0.0684664497
test_05863,0.0000003753
test_05864,0.0151607402
test_05865,0.0000000013
test_05866,0.1920737172
test_05867,0.9995089825
test_05868,0.9869215143
test_05869,0.9743844539
test_05870,0.0036663072
test_05871,0.9893669491
test_05872,0.9999672155
test_05873,0.0006969763
test_05874,0.6572615925
test_05875,0.0000000062
test_05876,0.0000695630
test_05877,0.9999990708
test_05878,0.9999508943
test_05879,0.9999848558
test_05880,0.9999897486
test_05881,0.9999907129
test_05882,0.9999999724
test_05883,0.9999964433
test_05884,0.9876628849
test_05885,0.0266768594
test_05886,0.0761901911
test_05887,0.0000069058
test_05888,0.0001453699
test_05889,0.0009094694
test_05890,0.0000000007
test_05891,0.0022817065
test_05892,0.9999971291
test_05893,0.0000253251
test_05894,0.9999506958
test_05895,0.0013476529
test_05896,0.9654307738
test_05897,0.9995486335
test_05898,0.0000000081
test_05899,0.9999999991
test_05900,0.9999954694
test_05901,0.9862595721
test_05902,0.9994275820
test_05903,0.1091730579
test_05904,0.0650425843
test_05905,0.0004853392
test_05906,0.2425352628
test_05907,0.4813074574
test_05908,0.0078971723
test_05909,0.0014470981
test_05910,0.9999989431
test_05911,0.0000007409
test_05912,0.0097606905
test_05913,0.0002929700
test_05914,0.0000433914
test_05915,0.9999974404
test_05916,0.0171892298
test_05917,0.1194798149
test_05918,0.6212583196
test_05919,0.9999174734
test_05920,0.0658879065
test_05921,0.9999997177
test_05922,0.9999999864
test_05923,0.9999637454
test_05924,0.0001366811
test_05925,0.0000000011
test_05926,0.0000139945
test_05927,0.0004293973
test_05928,0.9999999144
test_05929,0.0000000182
test_05930,0.0410117295
test_05931,0.9999100019
test_05932,0.0000039559
test_05933,0.0012130400
test_05934,0.0000016068
test_05935,0.0020808009
test_05936,0.9954196027
test_05937,0.0011809290
test_05938,1.0000000000
test_05939,0.0000000020
test_05940,0.8974430431
test_05941,1.0000000000
test_05942,0.0000000796
test_05943,0.9999972502
test_05944,0.9999081585
test_05945,0.0000001546
test_05946,0.0694900105
test_05947,0.9991602557
test_05948,0.9999747564
test_05949,0.9152051123
test_05950,0.0000013377
test_05951,0.0002802915
test_05952,0.0000000853
test_05953,0.9999999969
test_05954,0.0000000018
test_05955,0.9894200421
test_05956,0.0866780563
test_05957,0.0113377714
test_05958,0.0000000002
test_05959,0.9999999772
test_05960,0.0000012060
test_05961,0.9998425017
test_05962,0.9999996930
test_05963,0.9984031733
test_05964,0.5330509765
test_05965,0.0001125842
test_05966,0.0320149220
test_05967,0.9868360718
test_05968,0.9999184278
test_05969,0.0000001196
test_05970,0.9980811725
test_05971,0.0000157983
test_05972,0.9837839820
test_05973,0.0000032408
test_05974,0.0063713132
test_05975,0.9999757312
test_05976,0.4397257338
test_05977,0.9999750044
test_05978,0.9989968249
test_05979,0.0024383980
test_05980,0.0000888995
test_05981,0.9525674755
test_05982,0.9989075089
test_05983,0.0000000020
test_05984,0.0000113098
test_05985,0.0157850784
test_05986,0.9391762207
test_05987,0.9999998877
test_05988,0.9999999504
test_05989,0.9999999998
test_05990,0.9999999337
test_05991,0.9999959618
test_05992,0.9999994740
test_05993,0.9999937501
test_05994,0.0047016467
test_05995,0.0185742291
test_05996,0.3972093781
test_05997,0.9999982530
test_05998,0.3916456369
test_05999,0.0030372212
test_06000,0.9999999287
test_06001,0.9999108265
test_06002,0.9512071927
test_06003,0.9999932727
test_06004,0.0000000014
test_06005,0.9998401257
test_06006,0.9999999928
test_06007,0.0002243529
test_06008,0.0002265565
test_06009,0.0000004455
test_06010,0.9885189716
test_06011,0.8993458942
test_06012,0.9999980966
test_06013,0.9242010428
test_06014,0.0275732803
test_06015,0.0000069866
test_06016,0.0085743082
test_06017,0.0113816313
test_06018,0.0014649239
test_06019,0.9787953323
test_06020,0.1531482906
test_06021,0.0000533747
test_06022,0.0000004600
test_06023,0.0010624829
test_06024,0.7322575550
test_06025,0.9999780165
test_06026,0.0008257257
test_06027,0.9993978614
test_06028,0.0000008498
test_06029,0.0641044268
test_06030,0.9863395874
test_06031,0.1011607366
test_06032,0.0000194222
test_06033,0.0896462792
test_06034,0.9367538637
test_06035,0.0000000742
test_06036,0.9999460195
test_06037,0.0018394199
test_06038,0.9852121332
test_06039,0.0000001376
test_06040,0.0188058220
test_06041,0.0577940136
test_06042,0.9964183029
test_06043,0.0029408576
test_06044,0.9999998628
test_06045,0.9794320270
test_06046,0.0002276430
test_06047,0.1067327988
test_06048,0.9958595702
test_06049,0.0001308422
test_06050,0.0415871164
test_06051,0.0000004610
test_06052,0.9999967934
test_06053,0.0005445671
test_06054,0.0001327624
test_06055,0.0000000234
test_06056,0.9999999999
test_06057,0.9997185222
test_06058,0.9810865598
test_06059,0.9999992539
test_06060,0.9999478523
test_06061,0.0000000000
test_06062,0.9342586110
test_06063,0.9566408346
test_06064,0.9999691324
test_06065,0.0000131229
test_06066,0.0026405461
test_06067,0.9548598253
test_06068,0.9999988343
test_06069,0.9300180922
test_06070,0.0000004468
test_06071,0.0000166653
test_06072,0.9999998872
test_06073,0.9999168108
test_06074,0.0002093784
test_06075,0.0000003039
test_06076,0.9999753466
test_06077,0.8203477664
test_06078,0.9875319402
test_06079,0.9999999986
test_06080,0.9991783392
test_06081,0.9374659386
test_06082,0.8892893177
test_06083,0.0062500497
test_06084,0.0000001955
test_06085,0.9988183136
test_06086,0.0001760901
test_06087,0.9785109061
test_06088,0.0141935981
test_06089,0.9985094250
test_06090,0.9998119889
test_06091,0.9871447758
test_06092,0.0000023635
test_06093,0.0345166096
test_06094,0.9999999954
test_06095,0.5764065018
test_06096,0.9999999863
test_06097,0.0000217186
test_06098,0.0000007353
test_06099,0.0000107729
test_06100,0.0006155778
test_06101,0.0000070585
test_06102,0.9999877619
test_06103,0.9999999996
test_06104,0.9999992127
test_06105,0.9998925201
test_06106,0.9999921033
test_06107,0.7901963564
test_06108,0.2251372968
test_06109,0.1148972767
test_06110,0.5431460508
test_06111,0.0000001890
test_06112,0.5537870513
test_06113,0.0000009830
test_06114,0.0002128470
test_06115,0.9999999924
test_06116,0.9998447957
test_06117,0.0044991781
test_06118,0.0437911339
test_06119,0.9801995366
test_06120,0.4997275470
test_06121,0.9982825837
test_06122,0.0641253163
test_06123,0.0120215759
test_06124,0.1676139748
test_06125,0.9999355871
test_06126,0.0351498709
test_06127,0.0080878763
test_06128,0.9035192648
test_06129,0.3255177887
test_06130,0.1813781646
test_06131,0.1824641297
test_06132,0.9992879353
test_06133,0.1491426865
test_06134,0.0000056424
test_06135,0.0000000002
test_06136,1.0000000000
test_06137,0.9999999671
test_06138,0.9991032197
test_06139,0.9999996574
test_06140,0.8363142729
test_06141,0.9999778798
test_06142,0.9877031092
test_06143,0.0029177425
test_06144,0.9969147446
test_06145,0.0035962593
test_06146,0.0611342014
test_06147,0.9880011061
test_06148,0.0000000001
test_06149,0.0000944065
test_06150,0.0002685363
test_06151,0.0167216597
test_06152,0.0000000293
test_06153,0.9999527060
test_06154,0.0007175546
test_06155,0.9999463099
test_06156,0.0000007775
test_06157,0.0000112320
test_06158,0.0072023020
test_06159,0.8057444905
test_06160,0.9991716001
test_06161,0.0083611202
test_06162,0.9616022570
test_06163,0.9997976753
test_06164,0.9897151826
test_06165,0.0000531895
test_06166,0.0559088827
test_06167,0.0718382007
test_06168,0.0702399532
test_06169,0.9999999232
test_06170,0.9993770650
test_06171,0.0001110597
test_06172,0.9994891297
test_06173,0.9965899278
test_06174,0.0000044550
test_06175,0.0000000021
test_06176,0.5366113775
test_06177,0.9999996089
test_06178,0.8803732087
test_06179,0.7387101909
test_06180,0.9992750672
test_06181,0.0002367286
test_06182,0.0048737173
test_06183,0.9999999988
test_06184,0.7696309866
test_06185,0.4724881066
test_06186,0.9999995947
test_06187,0.0063330150
test_06188,0.9171322397
test_06189,0.0002978404
test_06190,0.9114449417
test_06191,0.0000184824
test_06192,0.0000000342
test_06193,0.9820934078
test_06194,0.9979116834
test_06195,0.2003749202
test_06196,0.0000000042
test_06197,0.9999998564
test_06198,0.0109991751
test_06199,0.9997781236
test_06200,0.9999997288
test_06201,0.9998985664
test_06202,0.3105501514
test_06203,0.0000366089
test_06204,0.0590641420
test_06205,0.7200358816
test_06206,0.0000381073
test_06207,0.9905311017
test_06208,0.0000102477
test_06209,0.0000005800
test_06210,0.9999989718
test_06211,0.0001591193
test_06212,0.9200949620
test_06213,0.0013380241
test_06214,0.3159522369
test_06215,0.9780425771
test_06216,0.9911908863
test_06217,0.9991765352
test_06218,0.9499212551
test_06219,0.6001246189
test_06220,0.0000000196
test_06221,0.0002189319
test_06222,0.0000000060
test_06223,0.0003438555
test_06224,0.2837957912
test_06225,0.9999733752
test_06226,0.9858086287
test_06227,0.0000000126
test_06228,0.9999155990
test_06229,0.0000000038
test_06230,0.3261171119
test_06231,0.0000671429
test_06232,0.0549929650
test_06233,0.0000020378
test_06234,0.9999102723
test_06235,0.0000041694
test_06236,0.0000877697
test_06237,0.9753689708
test_06238,0.0000297186
test_06239,0.9999995165
test_06240,0.9885902108
test_06241,0.9987827644
test_06242,0.9456824192
test_06243,0.9999997910
test_06244,0.4664323809
test_06245,0.9664050306
test_06246,0.9994601535
test_06247,0.9992451614
test_06248,1.0000000000
test_06249,0.9656643862
test_06250,0.9999996635
test_06251,0.0238099800
test_06252,0.9079402259
test_06253,0.0156642833
test_06254,0.9996641830
test_06255,0.0000004279
test_06256,0.9998964425
test_06257,0.9999384269
test_06258,0.9999999999
test_06259,0.8452105583
test_06260,0.9999976833
test_06261,0.0161379735
test_06262,0.9991370402
test_06263,0.9650205989
test_06264,0.9927473275
test_06265,0.9842448020
test_06266,0.9878807004
test_06267,0.9990225669
test_06268,0.9999991409
test_06269,0.0221122650
test_06270,0.9908658355
test_06271,0.9874859953
test_06272,0.9999999999
test_06273,0.9755583758
test_06274,0.9673476452
test_06275,0.9901051989
test_06276,0.0175289254
test_06277,0.9928496916
test_06278,0.0000749608
test_06279,0.0000015998
test_06280,0.0025487727
test_06281,0.9999950753
test_06282,0.9999990080
test_06283,0.0085615562
test_06284,0.1340920510
test_06285,0.0252147456
test_06286,0.9993141733
test_06287,0.0000007595
test_06288,0.9987441410
test_06289,0.0316007409
test_06290,0.0000156046
test_06291,0.1268362174
test_06292,0.0000000162
test_06293,0.0000005440
test_06294,0.0393009679
test_06295,0.0004224151
test_06296,0.0018758994
test_06297,0.9833293688
test_06298,1.0000000000
test_06299,0.9999670214
test_06300,0.9994767405
test_06301,0.0071811630
test_06302,0.9741146555
test_06303,0.0000020129
test_06304,0.9935088496
test_06305,0.1045970440
test_06306,0.0004165213
test_06307,0.0434567007
test_06308,0.9983034473
test_06309,0.9993659221
test_06310,0.0000000151
test_06311,0.0997896578
test_06312,0.0058140155
test_06313,0.0246127596
test_06314,0.0000067130
test_06315,0.0518734910
test_06316,0.0385811218
test_06317,0.9998790948
test_06318,0.9999998132
test_06319,0.5482321437
test_06320,0.9999999877
test_06321,0.0805269436
test_06322,0.9994178524
test_06323,0.6145178980
test_06324,0.0000000146
test_06325,0.9995807023
test_06326,0.9998537313
test_06327,0.0000105839
test_06328,0.9881732170
test_06329,0.0512363755
test_06330,0.0000000001
test_06331,0.0000359142
test_06332,0.0004163833
test_06333,0.0163399927
test_06334,0.0000069587
test_06335,0.9796047060
test_06336,0.0121762573
test_06337,0.0012865858
test_06338,0.9999928397
test_06339,0.9999999826
test_06340,0.9999937840
test_06341,0.0000000955
test_06342,0.9999982919
test_06343,0.1530939643
test_06344,0.0000016658
test_06345,0.1456340800
test_06346,0.9992022173
test_06347,0.0029751754
test_06348,0.9999997703
test_06349,0.0232767276
test_06350,0.0000001797
test_06351,0.9867114479
test_06352,0.0012383442
test_06353,0.0000019760
test_06354,0.1176370281
test_06355,0.8419724703
test_06356,0.9999914652
test_06357,0.0002880023
test_06358,0.9909356060
test_06359,0.9998601782
test_06360,0.9999176756
test_06361,0.1428054624
test_06362,0.0002279591
test_06363,0.4340067268
test_06364,0.7535267075
test_06365,0.0012487526
test_06366,0.9808568386
test_06367,0.9999757735
test_06368,0.9951335792
test_06369,0.9985589952
test_06370,0.9984266761
test_06371,0.0061222958
test_06372,0.9719991928
test_06373,1.0000000000
test_06374,0.9976097021
test_06375,0.0000216715
test_06376,0.0152321924
test_06377,0.9798632610
test_06378,0.9897529219
test_06379,0.0000006152
test_06380,0.0094010042
test_06381,0.0000000068
test_06382,0.9999999577
test_06383,0.9183029892
test_06384,0.9949821365
test_06385,0.0006630326
test_06386,0.9999999993
test_06387,0.9054842187
test_06388,0.9999972419
test_06389,0.1662916051
test_06390,0.7956763163
test_06391,0.0000002895
test_06392,0.0593457172
test_06393,0.0000369096
test_06394,0.9935610639
test_06395,0.2832285387
test_06396,0.6745036610
test_06397,0.0000000408
test_06398,0.8545295042
test_06399,0.0001181960
test_06400,0.0000044794
test_06401,0.9173193242
test_06402,0.9982884257
test_06403,0.0010515951
test_06404,0.7312542072
test_06405,0.0000000001
test_06406,0.0000000003
test_06407,0.0000015495
test_06408,0.0000000554
test_06409,0.9999318615
test_06410,0.9997492555
test_06411,0.9998475911
test_06412,0.9547452651
test_06413,0.0000044032
test_06414,0.9927255732
test_06415,0.0000113547
test_06416,0.9999793887
test_06417,0.9780198854
test_06418,0.0068964402
test_06419,0.9915151322
test_06420,0.0000008642
test_06421,0.9993901327
test_06422,0.9954905043
test_06423,0.9942650338
test_06424,0.9920743050
test_06425,0.0086298307
test_06426,0.0001564581
test_06427,0.0531226523
test_06428,0.9058408658
test_06429,0.0000017161
test_06430,0.0276704402
test_06431,0.9999926092
test_06432,0.0000001422
test_06433,0.9995254783
test_06434,0.9999995776
test_06435,0.9861315676
test_06436,0.0020790863
test_06437,0.3643548921
test_06438,0.0000019208
test_06439,0.9999973279
test_06440,0.0000107994
test_06441,0.9340908626
test_06442,0.0000772643
test_06443,0.0572003979
test_06444,0.0004342229
test_06445,0.0000000653
test_06446,0.9798913187
test_06447,0.9825874437
test_06448,0.9999793543
test_06449,0.0000001243
test_06450,0.9954964198
test_06451,0.9999958255
test_06452,0.9999897055
test_06453,0.0456019014
test_06454,0.9993111393
test_06455,0.9999987757
test_06456,0.0000097466
test_06457,0.9842279974
test_06458,0.1128436170
test_06459,0.9106858046
test_06460,0.0000003805
test_06461,0.0000025827
test_06462,0.9999999999
test_06463,0.9999999979
test_06464,0.0274856563
test_06465,0.0004081346
test_06466,0.0001926652
test_06467,0.4736559816
test_06468,0.0000000094
test_06469,0.9998004863
test_06470,0.9999869882
test_06471,0.0001741100
test_06472,0.0009708850
test_06473,0.9999999994
test_06474,0.0000001110
test_06475,0.9976994619
test_06476,0.0000000000
test_06477,0.0007646211
test_06478,0.9999738217
test_06479,0.9999493899
test_06480,0.9993333162
test_06481,0.0297254809
test_06482,0.9920828958
test_06483,0.0036161296
test_06484,0.0000000399
test_06485,0.9999866646
test_06486,0.9997789456
test_06487,0.0016273684
test_06488,0.9999974028
test_06489,0.0000000018
test_06490,1.0000000000
test_06491,0.0000662081
test_06492,0.9999999787
test_06493,0.0000000005
test_06494,0.9947068624
test_06495,0.0000000000
test_06496,0.0007020941
test_06497,0.9973100593
test_06498,0.9998379924
test_06499,0.0000002376
test_06500,0.0123860515
test_06501,0.0000000085
test_06502,0.9991118271
test_06503,0.0039904166
test_06504,0.0000033557
test_06505,0.0000000193
test_06506,0.9269732166
test_06507,1.0000000000
test_06508,0.9999999798
test_06509,0.0052948826
test_06510,0.9157754184
test_06511,0.9992098478
test_06512,0.9952938242
test_06513,0.9807737177
test_06514,0.0051409387
test_06515,0.9999998352
test_06516,0.9999999724
test_06517,0.9988041253
test_06518,0.5388872547
test_06519,0.0001852992
test_06520,0.3658234263
test_06521,0.9999931641
test_06522,0.9998548398
test_06523,0.9999999990
test_06524,0.0002970465
test_06525,0.0323325791
test_06526,0.9012280002
test_06527,0.0000000132
test_06528,0.9948579434
test_06529,0.0259265608
test_06530,0.0000045619
test_06531,0.8652387873
test_06532,0.9843879432
test_06533,0.9999946531
test_06534,0.9825727518
test_06535,0.9811554585
test_06536,0.2418365261
test_06537,0.0019540766
test_06538,0.9987646441
test_06539,0.3240978843
test_06540,0.2473071252
test_06541,0.0958545419
test_06542,0.0000162888
test_06543,0.1088966991
test_06544,0.9995781836
test_06545,0.9944337571
test_06546,0.0429692964
test_06547,0.9667883984
test_06548,0.9999926705
test_06549,0.0000009985
test_06550,0.9999999988
test_06551,0.0000452022
test_06552,0.6395449112
test_06553,0.9999933222
test_06554,0.9156638664
test_06555,0.0561270975
test_06556,0.9999999757
test_06557,0.0010189941
test_06558,0.9656267396
test_06559,0.0000888852
test_06560,0.4142147905
test_06561,0.9245634716
test_06562,0.0000837800
test_06563,0.0000940798
test_06564,0.9994015885
test_06565,0.8991469916
test_06566,0.9882214063
test_06567,0.7987592841
test_06568,0.0006603075
test_06569,0.0007031169
test_06570,0.0854966606
test_06571,0.0000001136
test_06572,0.0439177372
test_06573,0.0227266098
test_06574,0.1536276612
test_06575,0.0064274365
test_06576,0.1122236664
test_06577,0.0121345759
test_06578,0.9009309376
test_06579,0.0117322704
test_06580,0.9936327244
test_06581,0.0004260922
test_06582,0.9999997843
test_06583,0.0004752445
test_06584,0.9767895113
test_06585,0.0072427509
test_06586,0.0000369283
test_06587,0.9999999872
test_06588,0.0839747483
test_06589,0.9964730105
test_06590,0.0004310605
test_06591,0.0000001682
test_06592,0.9970603124
test_06593,0.9875746072
test_06594,0.9999024171
test_06595,0.1033502252
test_06596,0.3544373754
test_06597,0.3101242506
test_06598,0.0000000156
test_06599,0.0000000172
test_06600,0.0482115419
test_06601,0.0000145502
test_06602,0.1288120245
test_06603,0.0021789558
test_06604,0.2369255439
test_06605,0.0000000090
test_06606,0.9987183648
test_06607,0.0000042239
test_06608,0.9999992574
test_06609,0.9762615760
test_06610,0.0000000152
test_06611,0.9876260674
test_06612,0.0000059483
test_06613,0.0000000003
test_06614,0.0001710175
test_06615,0.0095311531
test_06616,0.9780769852
test_06617,0.9998641191
test_06618,0.0416312712
test_06619,0.0001152328
test_06620,0.3163298502
test_06621,0.0000000000
test_06622,0.0003579657
test_06623,0.1669346193
test_06624,0.9999999682
test_06625,0.9959982867
test_06626,0.0000002844
test_06627,0.0000001293
test_06628,0.9824049433
test_06629,0.0000105947
test_06630,0.0000123714
test_06631,0.0003873296
test_06632,0.0003535459
test_06633,0.0000040614
test_06634,0.8439976024
test_06635,0.0017842561
test_06636,0.0596412069
test_06637,0.0000101576
test_06638,0.0224368746
test_06639,0.9814799904
test_06640,0.8106595534
test_06641,0.1349994923
test_06642,0.9891289655
test_06643,0.9999016955
test_06644,0.9999995194
test_06645,0.9999999928
test_06646,0.9999996345
test_06647,0.9998877082
test_06648,0.0801169254
test_06649,0.2458603653
test_06650,0.0006262141
test_06651,0.0444297484
test_06652,0.0000000098
test_06653,0.9999999141
test_06654,0.0030307926
test_06655,0.0135718594
test_06656,0.9999933973
test_06657,0.9999999623
test_06658,0.0001028460
test_06659,0.9968446935
test_06660,0.8343364067
test_06661,0.0184429526
test_06662,0.0001509701
test_06663,0.0000314632
test_06664,0.0000003462
test_06665,0.3640451764
test_06666,0.1173579093
test_06667,0.9999998179
test_06668,0.1122275141
test_06669,0.0010333708
test_06670,0.1203337921
test_06671,0.9500822595
test_06672,0.0004526016
test_06673,0.0000008029
test_06674,0.9999775462
test_06675,0.0482508980
test_06676,0.9874876250
test_06677,0.9999999349
test_06678,0.9998569151
test_06679,0.4051893841
test_06680,0.0000037724
test_06681,0.9996687220
test_06682,0.0000534118
test_06683,0.7740952537
test_06684,0.0000011191
test_06685,0.9997792725
test_06686,0.9999432522
test_06687,0.0137625401
test_06688,0.6551778456
test_06689,0.9847236275
test_06690,0.9394462628
test_06691,0.0000000135
test_06692,0.9916499267
test_06693,0.9917092308
test_06694,0.9999987020
test_06695,0.0114634824
test_06696,0.7699645802
test_06697,1.0000000000
test_06698,0.0000292876
test_06699,0.5502514725
test_06700,0.9999999947
test_06701,0.9994237910
test_06702,0.9999903365
test_06703,0.0000677732
test_06704,0.9999999998
test_06705,0.9999992694
test_06706,0.4999624912
test_06707,0.0002957113
test_06708,0.9999999981
test_06709,0.7330195860
test_06710,0.9995351790
test_06711,0.9999999999
test_06712,0.0828171503
test_06713,0.9999998053
test_06714,0.6019823187
test_06715,0.0000000041
test_06716,0.9294018892
test_06717,0.9999764516
test_06718,0.9911735832
test_06719,0.9733302281
test_06720,0.9999354482
test_06721,0.0001544901
test_06722,0.9675596955
test_06723,0.9999823301
test_06724,0.0001859800
test_06725,0.3058186503
test_06726,0.9994990168
test_06727,0.9948746459
test_06728,0.0097205037
test_06729,0.0000005652
test_06730,0.0000297592
test_06731,0.8291461045
test_06732,0.0098028582
test_06733,0.9958612536
test_06734,0.0000984349
test_06735,0.9993903268
test_06736,0.9999999414
test_06737,0.9999999978
test_06738,0.9999967664
test_06739,0.9999557130
test_06740,0.9982601953
test_06741,0.9931268798
test_06742,0.9999981612
test_06743,0.9999941249
test_06744,0.0622819213
test_06745,0.0000000000
test_06746,0.9796921665
test_06747,0.9999999707
test_06748,0.1169645096
test_06749,0.9999866756
test_06750,0.9999881197
test_06751,0.4005121767
test_06752,0.0000107070
test_06753,0.0000013077
test_06754,0.0000007846
test_06755,0.9590408532
test_06756,0.0709020514
test_06757,0.9999999639
test_06758,0.0000000128
test_06759,0.0087441421
test_06760,0.0036042737
test_06761,0.9998271903
test_06762,0.9999904922
test_06763,0.9884832173
test_06764,0.8727440302
test_06765,0.9691822341
test_06766,0.0210338419
test_06767,0.0000015570
test_06768,0.9999999997
test_06769,0.0572219931
test_06770,0.0045836176
test_06771,0.9999927736
test_06772,0.0000148604
test_06773,0.9999999812
test_06774,0.0001739246
test_06775,0.0001825989
test_06776,1.0000000000
test_06777,0.9995336826
test_06778,0.0000001415
test_06779,0.7950771355
test_06780,0.9998189161
test_06781,0.9890441414
test_06782,0.9878882329
test_06783,0.9710710639
test_06784,0.0001060473
test_06785,0.9993115121
test_06786,0.9994530069
test_06787,0.0000001261
test_06788,0.0000000169
test_06789,0.2046524486
test_06790,0.9935658508
test_06791,0.9919185111
test_06792,0.9999973833
test_06793,0.0028752772
test_06794,0.8616261246
test_06795,0.0000016151
test_06796,0.9999979175
test_06797,0.9100368070
test_06798,0.9991656093
test_06799,0.2482670185
test_06800,0.0000003726
test_06801,0.9519270139
test_06802,0.0032073735
test_06803,0.0102623301
test_06804,0.8873262160
test_06805,0.0141201879
test_06806,0.9999965256
test_06807,0.9921821156
test_06808,0.9999984623
test_06809,0.9945522631
test_06810,0.9893282137
test_06811,0.9999999938
test_06812,0.0019115260
test_06813,0.7706276437
test_06814,0.9999986997
test_06815,0.9998511497
test_06816,0.9999965050
test_06817,0.0000122689
test_06818,0.9793667326
test_06819,0.9185634980
test_06820,0.0004422363
test_06821,0.7746702435
test_06822,0.0077407006
test_06823,0.0862109008
test_06824,0.9996721022
test_06825,0.0000057455
test_06826,0.0000009756
test_06827,0.1052180903
test_06828,0.9996538938
test_06829,0.9954026085
test_06830,0.0000072819
test_06831,0.9970868948
test_06832,0.0000654041
test_06833,0.0003979255
test_06834,0.0059715449
test_06835,0.0000000384
test_06836,0.0123855790
test_06837,0.0000010420
test_06838,0.0001817065
test_06839,0.0052763903
test_06840,0.9772104067
test_06841,0.0086883090
test_06842,0.9999985919
test_06843,0.0000114575
test_06844,0.0000000014
test_06845,0.0000000001
test_06846,0.9999755117
test_06847,0.9999847694
test_06848,0.0123120599
test_06849,0.9971154970
test_06850,0.0016433955
test_06851,0.0000005134
test_06852,0.0094253397
test_06853,0.0000511762
test_06854,0.9662378541
test_06855,0.0000000006
test_06856,0.0004190385
test_06857,0.3437687715
test_06858,0.0019435664
test_06859,0.9505377207
test_06860,0.9664698230
test_06861,0.0003724189
test_06862,0.9802312622
test_06863,0.9302438379
test_06864,0.9799589747
test_06865,0.1472108562
test_06866,0.0018065266
test_06867,0.0035859125
test_06868,0.9266704233
test_06869,0.0212687042
test_06870,0.9999996467
test_06871,0.9998934265
test_06872,0.0730580381
test_06873,0.0000230897
test_06874,0.9986328200
test_06875,0.1010399451
test_06876,0.0000007361
test_06877,0.9999979492
test_06878,0.0080830137
test_06879,0.9249518328
test_06880,0.0047644644
test_06881,0.8562886178
test_06882,0.0113466326
test_06883,0.0303564129
test_06884,0.0000000000
test_06885,0.0000129523
test_06886,0.0005102384
test_06887,0.9991597689
test_06888,0.4901388588
test_06889,0.9790937239
test_06890,0.0777286267
test_06891,0.0000000219
test_06892,0.0000000094
test_06893,0.6254075368
test_06894,0.0000830761
test_06895,0.0000000001
test_06896,0.9999781662
test_06897,0.2750822608
test_06898,0.3936188296
test_06899,0.0000000266
test_06900,0.0000000843
test_06901,0.9999990877
test_06902,0.1273782183
test_06903,0.9999999347
test_06904,0.9999991594
test_06905,0.9999995438
test_06906,0.0051011516
test_06907,0.9739134550
test_06908,0.9999999992
test_06909,0.0000000000
test_06910,0.9999961087
test_06911,0.9999999383
test_06912,0.0000000151
test_06913,0.0891842882
test_06914,0.9991706254
test_06915,0.0293214421
test_06916,0.9999999924
test_06917,0.0000662920
test_06918,0.9833954667
test_06919,0.9999983779
test_06920,0.0007678539
test_06921,0.9999934153
test_06922,0.9999995950
test_06923,0.9710757227
test_06924,0.9730420795
test_06925,0.0349758900
test_06926,0.0000093164
test_06927,0.0489877627
test_06928,0.0000000800
test_06929,0.7151148563
test_06930,0.0000001460
test_06931,0.0001536824
test_06932,0.9999998725
test_06933,0.9820680390
test_06934,0.0002952133
test_06935,0.0000001346
test_06936,0.9997416506
test_06937,0.5874884000
test_06938,0.0120831247
test_06939,0.0000029101
test_06940,0.9988898247
test_06941,0.5258691683
test_06942,0.0618516852
test_06943,0.0240655449
test_06944,0.0651675619
test_06945,0.0000089937
test_06946,0.0021707312
test_06947,0.9984230165
test_06948,0.1060039894
test_06949,0.9999999744
test_06950,0.0139632584
test_06951,0.0000005148
test_06952,0.9165511570
test_06953,0.0338666656
test_06954,0.9666675363
test_06955,0.9999914354
test_06956,0.9987056034
test_06957,0.9818270479
test_06958,0.9999946926
test_06959,0.0000375923
test_06960,0.0002726790
test_06961,0.9811559774
test_06962,0.0000037471
test_06963,0.0441889017
test_06964,0.9999999584
test_06965,0.0075962478
test_06966,0.0000001268
test_06967,0.0001097957
test_06968,0.0000032644
test_06969,0.0000000013
test_06970,0.9999999904
test_06971,0.9870793915
test_06972,0.0001481949
test_06973,0.9945572515
test_06974,0.0032204790
test_06975,0.9998323057
test_06976,0.9999957523
test_06977,0.9967266456
test_06978,0.0000163214
test_06979,0.3780198435
test_06980,0.9848924002
test_06981,0.9999999672
test_06982,0.9999923625
test_06983,0.0014141289
test_06984,0.0001614084
test_06985,0.0000008665
test_06986,0.0575761657
test_06987,0.0000094644
test_06988,0.2219811674
test_06989,0.0524927504
test_06990,0.9999998158
test_06991,0.9999029051
test_06992,0.2184227055
test_06993,0.0000030416
test_06994,0.0000000106
test_06995,0.0000000000
test_06996,0.0006269996
test_06997,0.8649277681
test_06998,0.0000003521
test_06999,0.9995644850
test_07000,0.0031865155
test_07001,0.9992441758
test_07002,0.9999999917
test_07003,0.9999783440
test_07004,0.8083762107
test_07005,0.9928920039
test_07006,0.0001838116
test_07007,0.0000407990
test_07008,0.0144992220
test_07009,0.9965037391
test_07010,0.7908055095
test_07011,0.9971156160
test_07012,0.9956959005
test_07013,0.1393366146
test_07014,0.9999223283
test_07015,0.9920921979
test_07016,0.9999998925
test_07017,0.0045318732
test_07018,0.9997619808
test_07019,0.9896898334
test_07020,0.0022862299
test_07021,0.9999754418
test_07022,0.0016441338
test_07023,0.6907676947
test_07024,0.0015895646
test_07025,0.9993342657
test_07026,0.9999999997
test_07027,0.0000000003
test_07028,0.8528207788
test_07029,0.5969060554
test_07030,0.9754679838
test_07031,0.0000000000
test_07032,0.9986358138
test_07033,0.9999999870
test_07034,0.0001702362
test_07035,0.0019888444
test_07036,0.0000039949
test_07037,0.0495233291
test_07038,0.9999999142
test_07039,0.1073540293
test_07040,0.0477561212
test_07041,0.9999541662
test_07042,0.9998697770
test_07043,0.1053143859
test_07044,0.9999999592
test_07045,0.0094197125
test_07046,0.9999902157
test_07047,0.9999959234
test_07048,0.0000301736
test_07049,0.0405319624
test_07050,0.9861512610
test_07051,0.0000147353
test_07052,0.9286523853
test_07053,0.0000001491
test_07054,0.9873037595
test_07055,0.9999999908
test_07056,0.9928375262
test_07057,0.0000073132
test_07058,0.8331547114
test_07059,0.4778469509
test_07060,0.9999991446
test_07061,0.9986184547
test_07062,0.0050205027
test_07063,0.1313778082
test_07064,0.0000000841
test_07065,0.0000259875
test_07066,0.0546999676
test_07067,0.9999999187
test_07068,0.8303705818
test_07069,0.9784448620
test_07070,0.0000028327
test_07071,0.4220830113
test_07072,0.9999999916
test_07073,0.9248661127
test_07074,0.9999880569
test_07075,0.9908009896
test_07076,0.9999999592
test_07077,0.0262130242
test_07078,0.9999969469
test_07079,0.9980975778
test_07080,0.2402069709
test_07081,0.0535443880
test_07082,0.9910331041
test_07083,0.0000143930
test_07084,0.0000078474
test_07085,0.0327199071
test_07086,0.8838834628
test_07087,0.0002664085
test_07088,0.9995642873
test_07089,0.0133288393
test_07090,0.7204431032
test_07091,0.0000038972
test_07092,0.9999997984
test_07093,0.8681068138
test_07094,0.9949929770
test_07095,0.0000106724
test_07096,0.9768218427
test_07097,0.0362057923
test_07098,0.0028299842
test_07099,0.0000015967
test_07100,0.9181399304
test_07101,0.9999983439
test_07102,0.9998971385
test_07103,0.9979577119
test_07104,0.9996990182
test_07105,0.0000000000
test_07106,0.7766498649
test_07107,0.0023331857
test_07108,0.8799267539
test_07109,0.1744181971
test_07110,0.5483867995
test_07111,0.0001241008
test_07112,0.9958509057
test_07113,0.0165801644
test_07114,0.9999987685
test_07115,0.3828208543
test_07116,0.0698201417
test_07117,0.0729557955
test_07118,0.0000024657
test_07119,0.0000347743
test_07120,0.0024545471
test_07121,0.2124826915
test_07122,0.9138410195
test_07123,0.2443338212
test_07124,0.9999872341
test_07125,0.9999999841
test_07126,0.9967972503
test_07127,0.9999927952
test_07128,0.0000003015
test_07129,0.0000000019
test_07130,0.9999400890
test_07131,0.9998871611
test_07132,0.0000728970
test_07133,0.0000461129
test_07134,0.0001464572
test_07135,0.0000000001
test_07136,0.9991050247
test_07137,0.9544195500
test_07138,0.0000102155
test_07139,0.0036080001
test_07140,0.0012019720
test_07141,0.0271777169
test_07142,0.0040078911
test_07143,0.0000054109
test_07144,0.0000696904
test_07145,0.0039832636
test_07146,0.9999999890
test_07147,0.1673843552
test_07148,0.9996814223
test_07149,0.0000003185
test_07150,0.7912072490
test_07151,0.0724502618
test_07152,0.9745997086
test_07153,0.6501685217
test_07154,0.8939256405
test_07155,0.0001715642
test_07156,0.0000456701
test_07157,0.9981544805
test_07158,0.9999996815
test_07159,0.0000341211
test_07160,0.0112312599
test_07161,0.0000018288
test_07162,0.9979752193
test_07163,0.9923471877
test_07164,0.9526578467
test_07165,0.9065547420
test_07166,0.9999997873
test_07167,0.0000015148
test_07168,0.9998669428
test_07169,0.0000000140
test_07170,0.9999991213
test_07171,0.9962877909
test_07172,0.9999985220
test_07173,0.9999999201
test_07174,0.9999113308
test_07175,0.9990942021
test_07176,0.0000002056
test_07177,0.0000365292
test_07178,0.9926578872
test_07179,0.0271431937
test_07180,0.0060819717
test_07181,0.0611131700
test_07182,0.0003158024
test_07183,0.0738128048
test_07184,0.0000001911
test_07185,0.9999999990
test_07186,0.9998642205
test_07187,0.0000138291
test_07188,0.8591185542
test_07189,0.0000575651
test_07190,0.9862376569
test_07191,0.0000000441
test_07192,0.0000000017
test_07193,0.0000314915
test_07194,0.9766378526
test_07195,0.9872150532
test_07196,0.9791403403
test_07197,0.0690545622
test_07198,0.0000091691
test_07199,0.0000029686
test_07200,0.9999998184
test_07201,0.0192397614
test_07202,0.0000017576
test_07203,0.9999987128
test_07204,0.9437482201
test_07205,0.0000000775
test_07206,0.3567279517
test_07207,0.9975721827
test_07208,0.0000751959
test_07209,0.9933736143
test_07210,0.0000416215
test_07211,0.0116685869
test_07212,0.8488720180
test_07213,0.3024235933
test_07214,0.9917882297
test_07215,0.9756960493
test_07216,0.0001178463
test_07217,0.0000001266
test_07218,0.0009748449
test_07219,0.9999999443
test_07220,0.0007164832
test_07221,0.9997300572
test_07222,0.0115097926
test_07223,0.1205336755
test_07224,0.9999996114
test_07225,0.2139077618
test_07226,0.9489715927
test_07227,0.9999807753
test_07228,0.0000421427
test_07229,0.0000006934
test_07230,0.0100877489
test_07231,0.0000002566
test_07232,0.3178359674
test_07233,0.9943759391
test_07234,0.9844703064
test_07235,0.9996019187
test_07236,0.0000172884
test_07237,0.9999993116
test_07238,0.0000000036
test_07239,0.9585078006
test_07240,0.0326196036
test_07241,0.0000000404
test_07242,0.0979836478
test_07243,0.0000009845
test_07244,0.9999999982
test_07245,0.0233188860
test_07246,0.0285300984
test_07247,0.9793518503
test_07248,0.9999999994
test_07249,0.0008623745
test_07250,0.0047457372
test_07251,0.0016018645
test_07252,0.9999905124
test_07253,0.0000084838
test_07254,0.0172241672
test_07255,0.9489855111
test_07256,0.0000081402
test_07257,0.9926381829
test_07258,0.0013513771
test_07259,0.9897345567
test_07260,0.9948349415
test_07261,0.0000000596
test_07262,0.0000000656
test_07263,0.9999999971
test_07264,0.0023919608
test_07265,0.9688006451
test_07266,0.0000000865
test_07267,0.8962309343
test_07268,0.9608735737
test_07269,0.9995386908
test_07270,0.8286971008
test_07271,0.9998755630
test_07272,0.0101362418
test_07273,0.9996778283
test_07274,0.9998204189
test_07275,0.0083534077
test_07276,0.0000795893
test_07277,0.9999999982
test_07278,0.9443183402
test_07279,0.0001036027
test_07280,0.0000000001
test_07281,0.0001866894
test_07282,0.7693903053
test_07283,0.0010732474
test_07284,0.1698629166
test_07285,0.9999073252
test_07286,0.0259913207
test_07287,0.9846666710
test_07288,0.0093251426
test_07289,0.3757484108
test_07290,0.0000137898
test_07291,0.9554353108
test_07292,0.0050963474
test_07293,0.0002621793
test_07294,0.9999998158
test_07295,0.9317076916
test_07296,0.9597556891
test_07297,0.9999999939
test_07298,0.0049959542
test_07299,0.9468725538
test_07300,0.0000920881
test_07301,0.9999988359
test_07302,0.0000000005
test_07303,0.9997199159
test_07304,0.0000067743
test_07305,0.1682345532
test_07306,0.3124395452
test_07307,0.0000647211
test_07308,0.0009019938
test_07309,0.0000000036
test_07310,0.0041777677
test_07311,0.0000103818
test_07312,0.9999704548
test_07313,0.0005607885
test_07314,0.8924960146
test_07315,0.6261541281
test_07316,0.8825441814
test_07317,0.9891698420
test_07318,0.0026281705
test_07319,0.9344963083
test_07320,0.9996838756
test_07321,0.0110315419
test_07322,0.4045674827
test_07323,0.0774138146
test_07324,0.4850365023
test_07325,0.9388587735
test_07326,0.9969810315
test_07327,0.9988385796
test_07328,0.9999925832
test_07329,0.0259510720
test_07330,0.0353578862
test_07331,0.0000015558
test_07332,0.0000095419
test_07333,0.0153203974
test_07334,0.8898458744
test_07335,0.9726808759
test_07336,0.3977241120
test_07337,0.7840597589
test_07338,0.9922519384
test_07339,0.0005926262
test_07340,0.9998933475
test_07341,0.0462991671
test_07342,0.0000085716
test_07343,0.9998496777
test_07344,0.9826875998
test_07345,0.0000200992
test_07346,0.0006127984
test_07347,0.0000032318
test_07348,0.8884933863
test_07349,0.0095717157
test_07350,0.9999995821
test_07351,0.0000000048
test_07352,0.9666661455
test_07353,0.9807377275
test_07354,0.8791879248
test_07355,0.9999999728
test_07356,0.9997776479
test_07357,0.9990279378
test_07358,0.8453346098
test_07359,0.0008926292
test_07360,0.9998779854
test_07361,0.9874803825
test_07362,0.0000146406
test_07363,0.9914610314
test_07364,0.0107318933
test_07365,0.9773265540
test_07366,0.9999067488
test_07367,0.9926103750
test_07368,0.1845886975
test_07369,0.0123538213
test_07370,0.9998780983
test_07371,0.0019974692
test_07372,0.0012838028
test_07373,0.9944551627
test_07374,0.0001161611
test_07375,0.0582102038
test_07376,0.0957576922
test_07377,0.0000058459
test_07378,0.9394561265
test_07379,0.0000889285
test_07380,0.0531560392
test_07381,0.0001197953
test_07382,0.9999672151
test_07383,0.9984214098
test_07384,0.9991343115
test_07385,0.1186945788
test_07386,0.0008124726
test_07387,0.0022842548
test_07388,0.9991753066
test_07389,0.0109483165
test_07390,0.0000061876
test_07391,0.9999999996
test_07392,0.7417019578
test_07393,0.9462575405
test_07394,0.9847908344
test_07395,0.9999995062
test_07396,0.0000000963
test_07397,0.9999995899
test_07398,0.9989896245
test_07399,0.9722481252
test_07400,0.9996822831
test_07401,0.1254880773
test_07402,0.9999999996
test_07403,0.0000197861
test_07404,0.0029340511
test_07405,0.9999796102
test_07406,0.0000000007
test_07407,0.0000264349
test_07408,0.1519968408
test_07409,0.8856893533
test_07410,0.9999976840
test_07411,0.0163486759
test_07412,0.0027975526
test_07413,0.9999604302
test_07414,0.0004565968
test_07415,0.5686686827
test_07416,0.0000002908
test_07417,0.0077341568
test_07418,0.9999980765
test_07419,0.0000118736
test_07420,0.0000000022
test_07421,0.2751493304
test_07422,0.9999142982
test_07423,0.9999053805
test_07424,0.0000673179
test_07425,0.0000003494
test_07426,0.0934953008
test_07427,0.0098436778
test_07428,0.0000013750
test_07429,0.6740558841
test_07430,0.0000175429
test_07431,0.9989517499
test_07432,0.0000000979
test_07433,0.0375146381
test_07434,0.0113517598
test_07435,0.0000000000
test_07436,0.0000011180
test_07437,0.9981729557
test_07438,0.9998933076
test_07439,0.0209875173
test_07440,0.0000017596
test_07441,0.0000017596
test_07442,0.0023215202
test_07443,0.9993701318
test_07444,0.0000932217
test_07445,0.0109515230
test_07446,0.0000000000
test_07447,0.0000000000
test_07448,0.0070735982
test_07449,0.9999998334
test_07450,0.9998875242
test_07451,0.9995443721
test_07452,0.0067604814
test_07453,0.0000346818
test_07454,0.9999987608
test_07455,0.0048911892
test_07456,0.9999994531
test_07457,0.9998840424
test_07458,0.9999999938
test_07459,0.9999999063
test_07460,0.0391472564
test_07461,0.9999997201
test_07462,0.9546286419
test_07463,0.0000018105
test_07464,0.2001020432
test_07465,0.9982357059
test_07466,0.0916390968
test_07467,0.9951348132
test_07468,0.9985742907
test_07469,0.0278715496
test_07470,0.9996100071
test_07471,0.9381103745
test_07472,0.7456372860
test_07473,0.0000820695
test_07474,0.0003736925
test_07475,0.9948165632
test_07476,0.0000042840
test_07477,0.0000000429
test_07478,0.9998810257
test_07479,0.9999586492
test_07480,0.0159764315
test_07481,0.0181959794
test_07482,0.3003367757
test_07483,0.3928280809
test_07484,0.0000502584
test_07485,0.9988540043
test_07486,0.9999999608
test_07487,0.0008937534
test_07488,0.0003118044
test_07489,0.9999999370
test_07490,0.6953636473
test_07491,0.0031939272
test_07492,0.0817447646
test_07493,0.9579122452
test_07494,0.9999988338
test_07495,0.9999999936
test_07496,0.0000024892
test_07497,0.0007261173
test_07498,0.6994659929
test_07499,0.0000000001
test_07500,0.0000023481
test_07501,0.0612279971
test_07502,0.9997746612
test_07503,0.0003902598
test_07504,0.0036506770
test_07505,0.9999983657
test_07506,0.9982168652
test_07507,0.0067141251
test_07508,0.0000097215
test_07509,0.9990741271
test_07510,0.9679912490
test_07511,0.9999981501
test_07512,0.0000399561
test_07513,0.9898762623
test_07514,0.9999937727
test_07515,0.9996373828
test_07516,0.9999999825
test_07517,0.9999991312
test_07518,0.0000014471
test_07519,0.0249316739
test_07520,0.0030282775
test_07521,0.0465141352
test_07522,0.9999974028
test_07523,0.0000019515
test_07524,0.9953318048
test_07525,0.6412981260
test_07526,0.0000041050
test_07527,0.0996741695
test_07528,0.9999998841
test_07529,0.0000039759
test_07530,0.9999987145
test_07531,0.9259398610
test_07532,0.9999974382
test_07533,0.0004670524
test_07534,0.2520880834
test_07535,0.1472161518
test_07536,0.1240266084
test_07537,0.0000000098
test_07538,0.4044043588
test_07539,0.9999798759
test_07540,0.0000012673
test_07541,0.6931726901
test_07542,0.9922675937
test_07543,0.0046588892
test_07544,0.9612577280
test_07545,0.0982635457
test_07546,0.9907175464
test_07547,0.9998600873
test_07548,0.0041203384
test_07549,0.9999906236
test_07550,0.9988809796
test_07551,0.9998284325
test_07552,0.0526830704
test_07553,0.9999003054
test_07554,0.9998136684
test_07555,0.0002727925
test_07556,0.0000000292
test_07557,0.9999998760
test_07558,0.8818509915
test_07559,0.9955808583
test_07560,0.2324685540
test_07561,0.0000000044
test_07562,0.2513334335
test_07563,0.9997180411
test_07564,0.9956627355
test_07565,0.0073644597
test_07566,0.1067073268
test_07567,0.0001272181
test_07568,0.0011760579
test_07569,0.9735353305
test_07570,0.9997454157
test_07571,0.0000151285
test_07572,1.0000000000
test_07573,1.0000000000
test_07574,0.9958295836
test_07575,0.0054625796
test_07576,0.0000126564
test_07577,0.0032194704
test_07578,0.0001309827
test_07579,0.0000004192
test_07580,0.9999987735
test_07581,0.0000036391
test_07582,0.0000146812
test_07583,0.9975943720
test_07584,0.9790224136
test_07585,0.9323272013
test_07586,0.9999999801
test_07587,0.2620093082
test_07588,0.9999888907
test_07589,0.9985077833
test_07590,0.0006052393
test_07591,0.9999997124
test_07592,0.0000003547
test_07593,0.9999988968
test_07594,0.0589527380
test_07595,0.0000001123
test_07596,0.0000025170
test_07597,0.9999432292
test_07598,0.7536245846
test_07599,0.9949140586
test_07600,0.0000000004
test_07601,0.0032074677
test_07602,0.0006335228
test_07603,0.9999999980
test_07604,0.0001019384
test_07605,0.0601608515
test_07606,0.0000250600
test_07607,0.0000228478
test_07608,0.9318481246
test_07609,0.9999998615
test_07610,0.0000027940
test_07611,0.0000107978
test_07612,0.0000005045
test_07613,0.0222972860
test_07614,0.9999902471
test_07615,0.9363399276
test_07616,0.9919677404
test_07617,0.7198621452
test_07618,0.9999928397
test_07619,0.0000891454
test_07620,0.1064281494
test_07621,0.0000000001
test_07622,0.0176238811
test_07623,0.9999999900
test_07624,0.0000000314
test_07625,0.0000001514
test_07626,0.9999999641
test_07627,0.9999574548
test_07628,0.9999433057
test_07629,0.0027167957
test_07630,0.9999999895
test_07631,0.0002222523
test_07632,0.0011406920
test_07633,0.0100305664
test_07634,0.9998925078
test_07635,0.9999977845
test_07636,0.0003458363
test_07637,0.9929710378
test_07638,1.0000000000
test_07639,0.0041756559
test_07640,0.0006620101
test_07641,0.9493456668
test_07642,0.0546772280
test_07643,0.9999959406
test_07644,0.9999965871
test_07645,0.0000010040
test_07646,0.7792143321
test_07647,1.0000000000
test_07648,0.0130845700
test_07649,0.7003884486
test_07650,0.9999842557
test_07651,0.9238282828
test_07652,0.9997174114
test_07653,0.9999964117
test_07654,0.9998588008
test_07655,0.0117053610
test_07656,0.0070124787
test_07657,0.9951669696
test_07658,0.0000000000
test_07659,0.9999973848
test_07660,0.8133077369
test_07661,0.9993665301
test_07662,0.0000002817
test_07663,0.0132213132
test_07664,0.0000017616
test_07665,0.0000000272
test_07666,0.9999999993
test_07667,0.0063995731
test_07668,0.0000322738
test_07669,0.9999999958
test_07670,0.0001918484
test_07671,0.0000000000
test_07672,0.0000293670
test_07673,0.0001622359
test_07674,0.9265039350
test_07675,0.0000049325
test_07676,0.0046032306
test_07677,0.0114809264
test_07678,0.0972500952
test_07679,0.0641707727
test_07680,0.9893499476
test_07681,0.0000000101
test_07682,0.0000002235
test_07683,0.9999178153
test_07684,0.8357204142
test_07685,0.0313759549
test_07686,0.0006575422
test_07687,0.8593039076
test_07688,0.7513409082
test_07689,0.9998024944
test_07690,0.9999999451
test_07691,0.0000000128
test_07692,1.0000000000
test_07693,0.9921518642
test_07694,0.0000764569
test_07695,0.6243210894
test_07696,0.0741801028
test_07697,0.9998681705
test_07698,0.9999996039
test_07699,0.0036573815
test_07700,0.8893941133
test_07701,0.0000037861
test_07702,0.0021178467
test_07703,0.9936139640
test_07704,0.9999994291
test_07705,0.0597314635
test_07706,0.9599049517
test_07707,0.1484629914
test_07708,0.9999999868
test_07709,0.9110813321
test_07710,0.9999999996
test_07711,0.9855550863
test_07712,0.0000064551
test_07713,0.0000000000
test_07714,0.0000000004
test_07715,0.9998052439
test_07716,0.9993581369
test_07717,0.0000056247
test_07718,0.0003113308
test_07719,0.0000064054
test_07720,0.0036133162
test_07721,0.0394916125
test_07722,0.0033045255
test_07723,0.0087741553
test_07724,1.0000000000
test_07725,0.9305899811
test_07726,0.7139069104
test_07727,0.0003907012
test_07728,0.0242946067
test_07729,0.9532411246
test_07730,0.0001084415
test_07731,0.0000265284
test_07732,0.4811580449
test_07733,0.9997972176
test_07734,0.0135430340
test_07735,0.0138659799
test_07736,0.0000003843
test_07737,0.9798029297
test_07738,0.0937018810
test_07739,0.0253817973
test_07740,0.0001375140
test_07741,0.0000919811
test_07742,0.9470917137
test_07743,0.9992059613
test_07744,0.0000305734
test_07745,0.6467972888
test_07746,0.8891506147
test_07747,0.0629425942
test_07748,0.0000515160
test_07749,0.9975521095
test_07750,0.9999396309
test_07751,0.1623709680
test_07752,0.0013246589
test_07753,0.9804043187
test_07754,0.0133131942
test_07755,0.0038960841
test_07756,0.9999999462
test_07757,0.0000544012
test_07758,0.0781000029
test_07759,0.8256113258
test_07760,0.0000023344
test_07761,0.9942612530
test_07762,0.9718195776
test_07763,0.9999999574
test_07764,0.9999995773
test_07765,0.0123976950
test_07766,0.9999999998
test_07767,0.0000039240
test_07768,0.5147807538
test_07769,0.0000000000
test_07770,0.0778861065
test_07771,0.9970141545
test_07772,0.9999998593
test_07773,0.9992219286
test_07774,0.0744759785
test_07775,0.0001103098
test_07776,0.1309482776
test_07777,0.9999999924
test_07778,0.9998616108
test_07779,0.9937005293
test_07780,0.9015610428
test_07781,0.0000000901
test_07782,0.1250300728
test_07783,0.0002085310
test_07784,0.3060782336
test_07785,0.0007543028
test_07786,0.0123786919
test_07787,0.9999979666
test_07788,0.9999359961
test_07789,0.9971147547
test_07790,0.0007089859
test_07791,0.0126483320
test_07792,0.0125437580
test_07793,0.0000014941
test_07794,0.0295336085
test_07795,0.9972119177
test_07796,0.0000483244
test_07797,0.0000020536
test_07798,0.9976081034
test_07799,0.9999988246
test_07800,0.3068517437
test_07801,0.0005484992
test_07802,0.9757538390
test_07803,0.9929801993
test_07804,0.9998573553
test_07805,0.0005617674
test_07806,0.0168683826
test_07807,0.0837332779
test_07808,0.0000289413
test_07809,0.0000000354
test_07810,0.0000024224
test_07811,0.9999998956
test_07812,0.1131559647
test_07813,0.9999999754
test_07814,0.0042211479
test_07815,0.0000000081
test_07816,0.0004129280
test_07817,0.9999999390
test_07818,0.0000071752
test_07819,0.9163437154
test_07820,0.0000060431
test_07821,0.9999998132
test_07822,0.0000088345
test_07823,0.0130602981
test_07824,0.9999978305
test_07825,0.9999996120
test_07826,0.0552367495
test_07827,0.9990229040
test_07828,0.0000449843
test_07829,0.9905868440
test_07830,0.0090777109
test_07831,0.9999999981
test_07832,0.9968558788
test_07833,0.8980752765
test_07834,0.9982929799
test_07835,0.9753329147
test_07836,0.0016799769
test_07837,0.0000031761
test_07838,0.9999983855
test_07839,0.9999999496
test_07840,0.9126777435
test_07841,0.0000010232
test_07842,0.0016160425
test_07843,0.0000000703
test_07844,0.9999816626
test_07845,0.9999999358
test_07846,0.0000086827
test_07847,0.9903028354
test_07848,0.0000066557
test_07849,0.9994727795
test_07850,0.9999992074
test_07851,0.0169017059
test_07852,0.9205881063
test_07853,0.2086340161
test_07854,0.9636457588
test_07855,0.0003769317
test_07856,0.0001182405
test_07857,0.0011150235
test_07858,0.0018598339
test_07859,0.9971177500
test_07860,0.0000000317
test_07861,0.0129904230
test_07862,0.0000009340
test_07863,0.0228243413
test_07864,0.2843604953
test_07865,0.9945392552
test_07866,0.8168306992
test_07867,0.0000396973
test_07868,0.9999483833
test_07869,0.9914535660
test_07870,0.9772676113
test_07871,0.8917170456
test_07872,0.2036777521
test_07873,0.0000161311
test_07874,0.1761442620
test_07875,0.0000000017
test_07876,0.0000113301
test_07877,0.0024365413
test_07878,0.0000215020
test_07879,0.0889798632
test_07880,0.9998823200
test_07881,0.9308866339
test_07882,0.9812118782
test_07883,0.9972057464
test_07884,0.9406179925
test_07885,0.9722551680
test_07886,0.0308019776
test_07887,0.9999992699
test_07888,0.1690734374
test_07889,0.9994552563
test_07890,0.9907997391
test_07891,0.9999726879
test_07892,0.1737148638
test_07893,0.9999683238
test_07894,0.0000025722
test_07895,0.0170797965
test_07896,0.9997262256
test_07897,0.0004599554
test_07898,0.9999958848
test_07899,0.9999999990
test_07900,0.9999983108
test_07901,0.9986169781
test_07902,0.0000000165
test_07903,0.1419805315
test_07904,0.0000000261
test_07905,0.0749818868
test_07906,0.0000048558
test_07907,0.1257510413
test_07908,0.0000054425
test_07909,0.9975663137
test_07910,0.9951623783
test_07911,0.9999981794
test_07912,0.0000000172
test_07913,0.0000000117
test_07914,0.0000000001
test_07915,0.0000016924
test_07916,0.9997778245
test_07917,0.0000000002
test_07918,0.0001842033
test_07919,0.0000063774
test_07920,0.0002098106
test_07921,0.9999925982
test_07922,0.0261728143
test_07923,0.9999999069
test_07924,0.0345516450
test_07925,0.0000002487
test_07926,0.0330384506
test_07927,0.9999968506
test_07928,0.0052623586
test_07929,0.0000014994
test_07930,0.0817218946
test_07931,0.0022449170
test_07932,0.9999028246
test_07933,0.9999969071
test_07934,0.0883931958
test_07935,0.0011251286
test_07936,0.0000000399
test_07937,0.4145241293
test_07938,0.9935284990
test_07939,0.0000516348
test_07940,0.0000012520
test_07941,0.1499224996
test_07942,0.0000078826
test_07943,0.9970056458
test_07944,0.0183372376
test_07945,0.0004384762
test_07946,0.0000055402
test_07947,0.9999998540
test_07948,0.3937201909
test_07949,0.9983799194
test_07950,0.9993758174
test_07951,0.0000220562
test_07952,0.0001765194
test_07953,0.0000808704
test_07954,0.0040668340
test_07955,0.0000017823
test_07956,0.0087063654
test_07957,0.7992104113
test_07958,0.0099479449
test_07959,0.9996324439
test_07960,0.0000021496
test_07961,0.9999986802
test_07962,0.0118160077
test_07963,0.8427715651
test_07964,0.0000138891
test_07965,0.0006026996
test_07966,0.9953071370
test_07967,0.9998739265
test_07968,0.0001268321
test_07969,0.0431392702
test_07970,0.0000000296
test_07971,0.0213368729
test_07972,0.9999823873
test_07973,0.0000028556
test_07974,0.9989786285
test_07975,0.0000925049
test_07976,0.0551289046
test_07977,0.0121199172
test_07978,0.9942957562
test_07979,0.0000336119
test_07980,0.3842832187
test_07981,0.0021883461
test_07982,0.0000140718
test_07983,0.0010382666
test_07984,0.8416664268
test_07985,0.9999999885
test_07986,0.0617201348
test_07987,0.0000631444
test_07988,0.0069819533
test_07989,0.0000006235
test_07990,0.2130417849
test_07991,0.9516234904
test_07992,0.0085233374
test_07993,0.9999999934
test_07994,0.9795355568
test_07995,0.8457822400
test_07996,0.9999902719
test_07997,0.9998951264
test_07998,0.9999344923
test_07999,0.9999972244
test_08000,0.0089243386
test_08001,0.0000027431
test_08002,0.0742340396
test_08003,0.9506835672
test_08004,0.0002611021
test_08005,0.9999996585
test_08006,0.8254834465
test_08007,0.0000001377
test_08008,0.9837057377
test_08009,0.0008162023
test_08010,0.9339514370
test_08011,0.9379930067
test_08012,0.9978195147
test_08013,0.0000000180
test_08014,0.0029842283
test_08015,0.0000000327
test_08016,0.9999928154
test_08017,0.0204901721
test_08018,0.9999999999
test_08019,0.9999982050
test_08020,0.9999747183
test_08021,0.1678542089
test_08022,0.0028699804
test_08023,0.0000000000
test_08024,0.0000000464
test_08025,0.9772201549
test_08026,0.9998923173
test_08027,0.6380613953
test_08028,0.0193140495
test_08029,0.9999909019
test_08030,0.0015771547
test_08031,0.0000000048
test_08032,0.9999981692
test_08033,0.0006796840
test_08034,0.9999999099
test_08035,0.0000036787
test_08036,0.9896704578
test_08037,0.0000542199
test_08038,0.9431597248
test_08039,0.9999998089
test_08040,0.9352458889
test_08041,0.9990106092
test_08042,0.9999658937
test_08043,0.0001919267
test_08044,0.0041294966
test_08045,0.1061877444
test_08046,0.0007856571
test_08047,0.0001827730
test_08048,0.9105934740
test_08049,0.9973860418
test_08050,0.0056964599
test_08051,0.0944385881
test_08052,0.9993990361
test_08053,0.9717022883
test_08054,0.0000192313
test_08055,0.9999999795
test_08056,0.9999999999
test_08057,0.0002219761
test_08058,0.0056311126
test_08059,0.0395111317
test_08060,0.9998591170
test_08061,0.0875926389
test_08062,0.9997329423
test_08063,0.0339050263
test_08064,0.0158301135
test_08065,0.9999999575
test_08066,0.0000812874
test_08067,0.9999995743
test_08068,0.6330941607
test_08069,0.9505840271
test_08070,0.0000041336
test_08071,0.9999967492
test_08072,0.0000673137
test_08073,0.9755670000
test_08074,0.0593565070
test_08075,0.6613872226
test_08076,0.0000000000
test_08077,0.0077719927
test_08078,0.8661189559
test_08079,0.0001437837
test_08080,0.9999751254
test_08081,0.0354698988
test_08082,0.0000020508
test_08083,0.9999999948
test_08084,0.0000045092
test_08085,0.0000705717
test_08086,0.0039162944
test_08087,0.9888946145
test_08088,0.9938775249
test_08089,0.0015400638
test_08090,0.0015899036
test_08091,0.9999999865
test_08092,0.9714586482
test_08093,0.4492567471
test_08094,0.0005341138
test_08095,0.9846134450
test_08096,0.0002529627
test_08097,0.9999975274
test_08098,0.0000747630
test_08099,0.0040209729
test_08100,0.9999999373
test_08101,0.0000006884
test_08102,0.0005637062
test_08103,0.9999156271
test_08104,0.0000000089
test_08105,0.9999702593
test_08106,0.9847896021
test_08107,0.7105832602
test_08108,0.0000473218
test_08109,0.9989542290
test_08110,0.9939577993
test_08111,0.0000245031
test_08112,0.9991982655
test_08113,0.0083822765
test_08114,0.0000002865
test_08115,0.0000949768
test_08116,0.9999925241
test_08117,0.0000001001
test_08118,0.0037330979
test_08119,0.7201352740
test_08120,0.0006391915
test_08121,0.0041522508
test_08122,0.9999998632
test_08123,0.2931687838
test_08124,0.5010337190
test_08125,0.9964899243
test_08126,0.0191766990
test_08127,0.0000001313
test_08128,0.6224567358
test_08129,0.0106784689
test_08130,0.0003392065
test_08131,0.9999933869
test_08132,0.0000917081
test_08133,0.0030085726
test_08134,0.0001766627
test_08135,0.0027382897
test_08136,0.9990069465
test_08137,0.0000000166
test_08138,0.0000000032
test_08139,0.9984557891
test_08140,0.9598576565
test_08141,0.9004840888
test_08142,0.9999793107
test_08143,0.9749741835
test_08144,0.9999999324
test_08145,0.0007921464
test_08146,0.8188718021
test_08147,0.0118330946
test_08148,0.0748277033
test_08149,0.0034415911
test_08150,0.9854853688
test_08151,0.8944900550
test_08152,0.2264547169
test_08153,0.9713801195
test_08154,0.0977308521
test_08155,0.0021667399
test_08156,0.0000000270
test_08157,0.0000005656
test_08158,0.0033315845
test_08159,0.9999993428
test_08160,0.9999559822
test_08161,0.9368659913
test_08162,0.4122556656
test_08163,0.9999726457
test_08164,0.0074803238
test_08165,0.1653443892
test_08166,0.0000232914
test_08167,0.0057160299
test_08168,0.9996322548
test_08169,0.9768892947
test_08170,0.0000000002
test_08171,0.9999639614
test_08172,0.9016763697
test_08173,0.0018590616
test_08174,0.1094825755
test_08175,0.9831140967
test_08176,0.9999508012
test_08177,0.9994491697
test_08178,0.9999996417
test_08179,0.9957497207
test_08180,0.0000226814
test_08181,0.0007840956
test_08182,0.0094661235
test_08183,0.9999934321
test_08184,0.9999999876
test_08185,0.9520507665
test_08186,0.9893882605
test_08187,0.7232808469
test_08188,0.0000021939
test_08189,0.0039620404
test_08190,0.0009383942
test_08191,0.9744838171
test_08192,0.9900406338
test_08193,0.9999653418
test_08194,0.0303462626
test_08195,0.0000873503
test_08196,0.0000023750
test_08197,1.0000000000
test_08198,0.9999973065
test_08199,0.0000000104
test_08200,0.9994356225
test_08201,0.0003041131
test_08202,0.9999246994
test_08203,0.7228049962
test_08204,0.8226206301
test_08205,0.9392817695
test_08206,0.8898240242
test_08207,0.9999999804
test_08208,0.8403560949
test_08209,0.0002253566
test_08210,0.0113303316
test_08211,0.0040581757
test_08212,0.9924854961
test_08213,0.9992999776
test_08214,0.0117859343
test_08215,0.0000036659
test_08216,0.0682329328
test_08217,0.9998760914
test_08218,0.9936597212
test_08219,0.2921458690
test_08220,0.0000000000
test_08221,0.0000001413
test_08222,0.9983909791
test_08223,0.0000081712
test_08224,0.0001766354
test_08225,0.0922556071
test_08226,0.9907859751
test_08227,0.9999967691
test_08228,0.9987274141
test_08229,0.0000193614
test_08230,0.1629888017
test_08231,0.0000292111
test_08232,0.0000471093
test_08233,0.0008092511
test_08234,0.0000004428
test_08235,0.0000000687
test_08236,0.0025705255
test_08237,0.9985991071
test_08238,0.9999992814
test_08239,0.9926357804
test_08240,0.4101884405
test_08241,0.6063675670
test_08242,0.9897099180
test_08243,0.0126723614
test_08244,0.9999222430
test_08245,0.2644970783
test_08246,0.2449866749
test_08247,0.0456959939
test_08248,0.0526537172
test_08249,0.9628672852
test_08250,0.0450232108
test_08251,0.9861153277
test_08252,0.9999334139
test_08253,0.0000647146
test_08254,0.8448531725
test_08255,0.0000010487
test_08256,0.0014187994
test_08257,0.0000002865
test_08258,0.6040915795
test_08259,0.9999978105
test_08260,0.4720294433
test_08261,0.9999999993
test_08262,0.9247225053
test_08263,0.9999902989
test_08264,0.9994355728
test_08265,0.9995625480
test_08266,0.9638664324
test_08267,0.0892058754
test_08268,0.0209402427
test_08269,0.9830917254
test_08270,0.0000354967
test_08271,0.9887930947
test_08272,0.9992974426
test_08273,0.9933258457
test_08274,0.9998496275
test_08275,0.0298966825
test_08276,0.9999932414
test_08277,0.0068656144
test_08278,0.0159641230
test_08279,0.0345538879
test_08280,0.0000087525
test_08281,0.9788415109
test_08282,0.9493665067
test_08283,0.9507737832
test_08284,0.9987610133
test_08285,0.9998550350
test_08286,0.0163942642
test_08287,0.0756761643
test_08288,0.0000000940
test_08289,0.0000908702
test_08290,0.0004166065
test_08291,0.0067229168
test_08292,0.0000498338
test_08293,0.8520567282
test_08294,0.0718777573
test_08295,0.9999173069
test_08296,0.9830761526
test_08297,0.9999995638
test_08298,0.0223291163
test_08299,0.0000000023
test_08300,0.7840415562
test_08301,0.9968788193
test_08302,0.9999712541
test_08303,0.9997326469
test_08304,0.9999357520
test_08305,0.5616103261
test_08306,0.0000000018
test_08307,0.9828900057
test_08308,0.9629236770
test_08309,0.0000334127
test_08310,0.9994285464
test_08311,0.0048725628
test_08312,0.9910972347
test_08313,0.9945818230
test_08314,0.0000588470
test_08315,0.9999467217
test_08316,0.9999937149
test_08317,0.9999440826
test_08318,0.0017544833
test_08319,0.9995824478
test_08320,0.9978744158
test_08321,0.2290619797
test_08322,0.8820667724
test_08323,0.9996847587
test_08324,0.9390148908
test_08325,0.9999999728
test_08326,0.0015309713
test_08327,0.0000155707
test_08328,0.0000502992
test_08329,0.9995734015
test_08330,0.9940633854
test_08331,0.9894930362
test_08332,0.0002731337
test_08333,0.0000417621
test_08334,0.9999067339
test_08335,0.3218108157
test_08336,0.6422351160
test_08337,0.9992746507
test_08338,0.9981805840
test_08339,0.0000015439
test_08340,0.0000001290
test_08341,0.9912549197
test_08342,0.0025602243
test_08343,0.9906167729
test_08344,0.8912872883
test_08345,0.9999999889
test_08346,0.0576965427
test_08347,0.0182786700
test_08348,0.9999999976
test_08349,0.0001183959
test_08350,0.9999685257
test_08351,0.9999999644
test_08352,0.0005500980
test_08353,0.9933709261
test_08354,0.0000000011
test_08355,0.9872866248
test_08356,0.9598628468
test_08357,0.0000039429
test_08358,0.9991474711
test_08359,0.9991416697
test_08360,0.9999350333
test_08361,0.9982907108
test_08362,0.0000000495
test_08363,0.9996923216
test_08364,0.0122915814
test_08365,0.0000608698
test_08366,0.5188938960
test_08367,0.9999751733
test_08368,0.9986898279
test_08369,0.0003949524
test_08370,0.9999999756
test_08371,0.0000000034
test_08372,0.0014749530
test_08373,0.8986018301
test_08374,0.9999999959
test_08375,0.0000054683
test_08376,0.9999422508
test_08377,0.7573730853
test_08378,0.5871592629
test_08379,0.9292560313
test_08380,0.9999999828
test_08381,0.9352644355
test_08382,0.9942984944
test_08383,0.0045765280
test_08384,0.0000724807
test_08385,0.0000030242
test_08386,0.0000001121
test_08387,0.0013702773
test_08388,0.0000127354
test_08389,0.9541114334
test_08390,0.0028598869
test_08391,0.0384570553
test_08392,0.8717464716
test_08393,0.9999716752
test_08394,0.0000000328
test_08395,0.1224572030
test_08396,0.0039357478
test_08397,0.0000522320
test_08398,0.9359397456
test_08399,0.0000265675
test_08400,0.0000002369
test_08401,0.1737630119
test_08402,0.0091458122
test_08403,0.0002330216
test_08404,0.9999995404
test_08405,0.0087030063
test_08406,0.0000038577
test_08407,0.9999050430
test_08408,0.1587350266
test_08409,0.0000010922
test_08410,0.9349441583
test_08411,0.9999964749
test_08412,0.9999680243
test_08413,0.0000000022
test_08414,0.0124445532
test_08415,0.0000023197
test_08416,0.9999999412
test_08417,0.7821656251
test_08418,0.9999810968
test_08419,0.0000533064
test_08420,0.7224221009
test_08421,0.0206526254
test_08422,0.9995478031
test_08423,0.9999992418
test_08424,0.0118461194
test_08425,0.0825533064
test_08426,0.0000027748
test_08427,0.9999999979
test_08428,0.9999984361
test_08429,0.0008433186
test_08430,0.9812371598
test_08431,0.0093511181
test_08432,0.0418973558
test_08433,0.0189736542
test_08434,0.9995920336
test_08435,0.0000704521
test_08436,0.9998207216
test_08437,0.0000013516
test_08438,0.9999957046
test_08439,0.0686049825
test_08440,0.9977796578
test_08441,0.0252412708
test_08442,0.9748639528
test_08443,0.0001468576
test_08444,0.0000067678
test_08445,0.9036993774
test_08446,0.0000028904
test_08447,0.1102369545
test_08448,0.0356062579
test_08449,0.9960314156
test_08450,0.3688795037
test_08451,0.0564412849
test_08452,0.0134914013
test_08453,0.0000374806
test_08454,0.0001160842
test_08455,0.7232631677
test_08456,0.9999999781
test_08457,0.9999888117
test_08458,0.0000002478
test_08459,1.0000000000
test_08460,0.9999999991
test_08461,0.0000168655
test_08462,0.0001458804
test_08463,0.9992790788
test_08464,0.0062964735
test_08465,0.9999999624
test_08466,0.0099405122
test_08467,0.0343767418
test_08468,0.9998224562
test_08469,0.0000003726
test_08470,0.0000018827
test_08471,0.0064345814
test_08472,0.9999992132
test_08473,0.0000071172
test_08474,0.9999999426
test_08475,0.0000000762
test_08476,0.9543312343
test_08477,0.9999997650
test_08478,0.9894501338
test_08479,0.7911923942
test_08480,0.0014246324
test_08481,0.0148819324
test_08482,0.9999998830
test_08483,0.0018683990
test_08484,0.9996487032
test_08485,0.0399916261
test_08486,0.7858868367
test_08487,0.0063941620
test_08488,0.2692386237
test_08489,0.1243439940
test_08490,0.9765713335
test_08491,0.9999998431
test_08492,0.9999091396
test_08493,0.1978045580
test_08494,0.0341162269
test_08495,0.0135033320
test_08496,0.0452825741
test_08497,0.9989687652
test_08498,0.0038984012
test_08499,0.7073434622
test_08500,0.9999999723
test_08501,0.0000054570
test_08502,0.9999994830
test_08503,0.0435547684
test_08504,0.9853675597
test_08505,0.0001071699
test_08506,0.2500671236
test_08507,0.0000000000
test_08508,0.9999422730
test_08509,0.9673713678
test_08510,0.9999903365
test_08511,0.2096699515
test_08512,0.9998127980
test_08513,0.9989778467
test_08514,0.0000011673
test_08515,0.9999449452
test_08516,0.9999952914
test_08517,1.0000000000
test_08518,0.9972433938
test_08519,0.9999974004
test_08520,0.0088937253
test_08521,0.0099563446
test_08522,0.0218220467
test_08523,0.0000000210
test_08524,0.0000000190
test_08525,0.9944754628
test_08526,0.0001257692
test_08527,0.0000000586
test_08528,0.0000000123
test_08529,0.9992226937
test_08530,0.0000013395
test_08531,0.0132239086
test_08532,0.9999997005
test_08533,0.1398549135
test_08534,0.0000009850
test_08535,0.9999999739
test_08536,0.0025746815
test_08537,0.9999931312
test_08538,0.8680452468
test_08539,0.0008986072
test_08540,0.9999999213
test_08541,0.0000000000
test_08542,0.9639722233
test_08543,0.0110429036
test_08544,0.9927728916
test_08545,0.9756127073
test_08546,0.9689403533
test_08547,0.9997576593
test_08548,0.0006704216
test_08549,0.0000002555
test_08550,0.9934876590
test_08551,0.9539545993
test_08552,0.9636565552
test_08553,0.9996163046
test_08554,0.0000000040
test_08555,0.9999986454
test_08556,0.0000097953
test_08557,0.0002507280
test_08558,0.0883716168
test_08559,0.9995948019
test_08560,0.0672043747
test_08561,0.9978815122
test_08562,0.9496098490
test_08563,0.3743493232
test_08564,0.0000007135
test_08565,0.9999890596
test_08566,0.9995623411
test_08567,0.7663829383
test_08568,0.9997152965
test_08569,0.0045981211
test_08570,0.5884973414
test_08571,0.0764202423
test_08572,0.9778097553
test_08573,0.9992586707
test_08574,0.0000740916
test_08575,0.9743343206
test_08576,0.0013202227
test_08577,0.9998430865
test_08578,0.0000000202
test_08579,0.8598388722
test_08580,0.9999805491
test_08581,0.9376337928
test_08582,0.0604011456
test_08583,0.0000251423
test_08584,0.0292769644
test_08585,0.0000333280
test_08586,0.9680494341
test_08587,0.0004634394
test_08588,0.9706349845
test_08589,0.2508173563
test_08590,0.9991158309
test_08591,0.0000000027
test_08592,0.9775520889
test_08593,0.0000153985
test_08594,0.0013765026
test_08595,0.9881142294
test_08596,0.9984512962
test_08597,0.9327580950
test_08598,0.9731933654
test_08599,0.7174393103
test_08600,0.9999547775
test_08601,0.9999999995
test_08602,0.9964004550
test_08603,0.9748630252
test_08604,0.9997733271
test_08605,0.2980248692
test_08606,0.9999997056
test_08607,0.9863481244
test_08608,0.9998157759
test_08609,0.0057561955
test_08610,0.9392277822
test_08611,0.0000003095
test_08612,0.9998382339
test_08613,0.2643304189
test_08614,0.9999967202
test_08615,0.0086036313
test_08616,0.9999999065
test_08617,0.0017985808
test_08618,0.0000002093
test_08619,0.9999982230
test_08620,0.9999983213
test_08621,0.9999974694
test_08622,0.9986681141
test_08623,0.0077779304
test_08624,0.8843821390
test_08625,0.9999992105
test_08626,0.1029826709
test_08627,0.0001143155
test_08628,0.9997805250
test_08629,0.0000046359
test_08630,0.9947269909
test_08631,0.1763607975
test_08632,0.0000000000
test_08633,0.9999997761
test_08634,0.9883609506
test_08635,0.0414643219
test_08636,0.0005168139
test_08637,0.9999999329
test_08638,0.9999978943
test_08639,0.0009601499
test_08640,0.0000000212
test_08641,0.1232905151
test_08642,0.9999999972
test_08643,0.0010047673
test_08644,0.9986034485
test_08645,0.0208434925
test_08646,0.0009588188
test_08647,0.0000146175
test_08648,0.0000000018
test_08649,0.9968859293
test_08650,0.9999999822
test_08651,0.9984663567
test_08652,0.8438096798
test_08653,0.9999609223
test_08654,0.0000000036
test_08655,0.7386972990
test_08656,0.1062572196
test_08657,0.9878256133
test_08658,0.9550712524
test_08659,0.0000006551
test_08660,0.1374127289
test_08661,0.0001096171
test_08662,0.0000323974
test_08663,0.0000000002
test_08664,0.0000001460
test_08665,0.0000314150
test_08666,0.9999889008
test_08667,0.9999784668
test_08668,0.9999648548
test_08669,0.9999987562
test_08670,0.9765334868
test_08671,0.5959112577
test_08672,0.9999974830
test_08673,0.9999998585
test_08674,0.9999868753
test_08675,0.0000492628
test_08676,0.3725323890
test_08677,0.5509794656
test_08678,0.9406198317
test_08679,0.9946544112
test_08680,0.9999328410
test_08681,0.0000047600
test_08682,0.0222532295
test_08683,0.8903413352
test_08684,0.0086235491
test_08685,0.9215029634
test_08686,0.9999992877
test_08687,0.0000275768
test_08688,0.9862121641
test_08689,0.9999990180
test_08690,0.0020319014
test_08691,0.9992440310
test_08692,0.9999999232
test_08693,0.0106495583
test_08694,0.0469798441
test_08695,0.9321838870
test_08696,0.0039247314
test_08697,0.0002418676
test_08698,0.9727684430
test_08699,0.9171717814
test_08700,0.9999993606
test_08701,1.0000000000
test_08702,0.0000000030
test_08703,0.8545135461
test_08704,0.0000000601
test_08705,0.0351859573
test_08706,0.0002173755
test_08707,0.9999994382
test_08708,0.9998492329
test_08709,0.9999989073
test_08710,0.0000000818
test_08711,0.9932228637
test_08712,0.0000000088
test_08713,0.9997834302
test_08714,0.9982154010
test_08715,0.0022540448
test_08716,0.9999999999
test_08717,0.0449814468
test_08718,0.0012993878
test_08719,0.9982830094
test_08720,0.9925322449
test_08721,0.9999964277
test_08722,0.9999622258
test_08723,0.9703763546
test_08724,0.0052383324
test_08725,0.9543146732
test_08726,0.9998016049
test_08727,0.0036107549
test_08728,0.0000034101
test_08729,0.9957001936
test_08730,0.0528286445
test_08731,0.9955528238
test_08732,0.9629898146
test_08733,0.0013045374
test_08734,0.9789539682
test_08735,0.0031652259
test_08736,0.9999999793
test_08737,0.0000031227
test_08738,0.5539217363
test_08739,0.0000431281
test_08740,0.0004026585
test_08741,0.0000587535
test_08742,0.9747571404
test_08743,0.0000093348
test_08744,0.4859535005
test_08745,0.9999992535
test_08746,0.0000135069
test_08747,0.9999999013
test_08748,0.0019071394
test_08749,0.0000978601
test_08750,0.9517280700
test_08751,0.0000021650
test_08752,0.0001175692
test_08753,0.9997697306
test_08754,0.0000795530
test_08755,0.9910709839
test_08756,0.9938995056
test_08757,0.9999987741
test_08758,0.0000441893
test_08759,0.0000108757
test_08760,0.0000003084
test_08761,0.0164115902
test_08762,0.9795180327
test_08763,0.0044151981
test_08764,0.7523726437
test_08765,0.0007091468
test_08766,0.9999219601
test_08767,0.0000000454
test_08768,0.9999999931
test_08769,0.0018740898
test_08770,0.9998756550
test_08771,0.4661239194
test_08772,0.0000000088
test_08773,0.0000000676
test_08774,0.0000004970
test_08775,0.9626695613
test_08776,0.9999999170
test_08777,0.0000000001
test_08778,0.9622655053
test_08779,0.8189688010
test_08780,0.0411464740
test_08781,0.9464722619
test_08782,0.0149269753
test_08783,1.0000000000
test_08784,0.9956378620
test_08785,0.0590847879
test_08786,0.9342678768
test_08787,0.0267281050
test_08788,0.0110254141
test_08789,0.8696753915
test_08790,0.0000002394
test_08791,0.0075428978
test_08792,0.0000024703
test_08793,0.0001819417
test_08794,0.0001179566
test_08795,0.9999999989
test_08796,0.9999992047
test_08797,0.8594807469
test_08798,0.8676322701
test_08799,0.9999902995
test_08800,0.9418056931
test_08801,0.9999999193
test_08802,0.9992609934
test_08803,0.9999993737
test_08804,0.0113631897
test_08805,0.9999264982
test_08806,0.9919125997
test_08807,0.0000051569
test_08808,0.9999043064
test_08809,0.9994681920
test_08810,0.4831709590
test_08811,0.9999998940
test_08812,0.0132067952
test_08813,0.9841791145
test_08814,0.0000559327
test_08815,0.0000009028
test_08816,0.0000055485
test_08817,0.9998349410
test_08818,0.0032779064
test_08819,1.0000000000
test_08820,0.9904925352
test_08821,0.0177133502
test_08822,0.9913780032
test_08823,0.4384958654
test_08824,0.2832961830
test_08825,0.9742246907
test_08826,0.0000110289
test_08827,0.9999999313
test_08828,0.9802343747
test_08829,0.0546163472
test_08830,0.9999368517
test_08831,0.9562920167
test_08832,0.0003786256
test_08833,0.9999967916
test_08834,0.9428740366
test_08835,0.9914272201
test_08836,0.4976497880
test_08837,0.8046429132
test_08838,0.9986499531
test_08839,0.9999996947
test_08840,0.9855455407
test_08841,0.9963965643
test_08842,0.0004205560
test_08843,0.9816945681
test_08844,0.0028524160
test_08845,0.0000020065
test_08846,0.9978931997
test_08847,0.9257557737
test_08848,0.0079152073
test_08849,0.0129929335
test_08850,0.9976980701
test_08851,0.0000188725
test_08852,0.0076578784
test_08853,0.9993007154
test_08854,0.8997107873
test_08855,0.3662257803
test_08856,0.9915939511
test_08857,0.9999448578
test_08858,0.9999989697
test_08859,0.0010866535
test_08860,0.9999296240
test_08861,0.9982800266
test_08862,0.0000078912
test_08863,0.0009836187
test_08864,0.0324698071
test_08865,0.0001459840
test_08866,0.9848278879
test_08867,0.9992460636
test_08868,0.0000000008
test_08869,0.8605203845
test_08870,0.9885889956
test_08871,0.9994902334
test_08872,0.1295412881
test_08873,0.9999978840
test_08874,0.0000000023
test_08875,0.9999986917
test_08876,0.9997768180
test_08877,0.9692960187
test_08878,0.7629674394
test_08879,0.9839764787
test_08880,0.9765141555
test_08881,0.9999999987
test_08882,0.0317179994
test_08883,0.0017740373
test_08884,0.9999159495
test_08885,0.0035550015
test_08886,0.0000006184
test_08887,0.0020133237
test_08888,0.2360653860
test_08889,0.9999999896
test_08890,0.3135150023
test_08891,0.1795527353
test_08892,0.0788285316
test_08893,0.0000418214
test_08894,0.9154189575
test_08895,0.0187291940
test_08896,1.0000000000
test_08897,0.0000000000
test_08898,0.8979897909
test_08899,0.0000003196
test_08900,0.9999997108
test_08901,0.9999997145
test_08902,0.9558318285
test_08903,0.9974407503
test_08904,0.9977575948
test_08905,0.9998157307
test_08906,0.9997287400
test_08907,0.9999998066
test_08908,0.9999925256
test_08909,0.0038179558
test_08910,0.0000000106
test_08911,0.9999893489
test_08912,0.0018533113
test_08913,0.0001315745
test_08914,0.0000000001
test_08915,0.0668035178
test_08916,0.9999938627
test_08917,0.9997092295
test_08918,0.9999965425
test_08919,0.8416805363
test_08920,0.0001922117
test_08921,0.9579925880
test_08922,0.0116518833
test_08923,0.9904156404
test_08924,0.9999999991
test_08925,0.9917447509
test_08926,0.0002541210
test_08927,0.0232567548
test_08928,0.0026960425
test_08929,0.9997663910
test_08930,0.9999999998
test_08931,0.0036854049
test_08932,0.5083097734
test_08933,0.8397545414
test_08934,0.9038453204
test_08935,0.9999998681
test_08936,0.9849097516
test_08937,0.9976081739
test_08938,0.9999444475
test_08939,0.0000000000
test_08940,0.0080931463
test_08941,0.0010891306
test_08942,0.8002507833
test_08943,0.9999981597
test_08944,0.9999999990
test_08945,0.9999981228
test_08946,0.0008427775
test_08947,0.7922912727
test_08948,0.9983121269
test_08949,0.0886024050
test_08950,0.0000095275
test_08951,0.9992682809
test_08952,0.8997054649
test_08953,0.8706172268
test_08954,0.9672817187
test_08955,0.9999989651
test_08956,0.9999996696
test_08957,0.0093852406
test_08958,0.0090676641
test_08959,0.0005682595
test_08960,0.8733840664
test_08961,0.0000067756
test_08962,0.0000892292
test_08963,0.0000004754
test_08964,0.0049367818
test_08965,0.0000000017
test_08966,0.8512365360
test_08967,0.0000018594
test_08968,0.9927680051
test_08969,0.0000000299
test_08970,0.9999997937
test_08971,0.0000001381
test_08972,0.0000000069
test_08973,0.9999999639
test_08974,0.0975986623
test_08975,0.0236231577
test_08976,0.0000018403
test_08977,0.9866192449
test_08978,0.0514465960
test_08979,0.9946716488
test_08980,0.9963816512
test_08981,0.9843001322
test_08982,0.9999852725
test_08983,0.9748727894
test_08984,0.2416030831
test_08985,0.0000010776
test_08986,0.9996951195
test_08987,0.0000003799
test_08988,0.0000071362
test_08989,0.9999616593
test_08990,0.0000354156
test_08991,0.0000055684
test_08992,0.0012781491
test_08993,0.0054431303
test_08994,0.9999999898
test_08995,0.0000000000
test_08996,0.9999994980
test_08997,0.9964655463
test_08998,0.9786851850
test_08999,0.9908504961
test_09000,0.9999995665
test_09001,0.9146819796
test_09002,0.0059706567
test_09003,0.9998736914
test_09004,0.0110595505
test_09005,0.9999999908
test_09006,0.9978905742
test_09007,0.9441911475
test_09008,0.0325888611
test_09009,0.9972322308
test_09010,0.9236810148
test_09011,0.0000000299
test_09012,0.9999367094
test_09013,0.9991397622
test_09014,0.1186640721
test_09015,0.9937211291
test_09016,0.9975161292
test_09017,0.9220567729
test_09018,0.9999999516
test_09019,0.9998885992
test_09020,0.0004486026
test_09021,0.0551890211
test_09022,0.9999999785
test_09023,0.0000019980
test_09024,0.9797521515
test_09025,0.9996593598
test_09026,0.9999999851
test_09027,0.9899174887
test_09028,0.0345323212
test_09029,0.0000008628
test_09030,0.9999999482
test_09031,0.0001006184
test_09032,0.9999998393
test_09033,0.6706942936
test_09034,0.0000000130
test_09035,0.0852065913
test_09036,0.0000141115
test_09037,0.0000000773
test_09038,0.0000000071
test_09039,0.0000184477
test_09040,0.9985080329
test_09041,0.0001031574
test_09042,0.9996970045
test_09043,0.0010845824
test_09044,0.8966780997
test_09045,0.0232205521
test_09046,0.9954585971
test_09047,0.9904462322
test_09048,0.0740721149
test_09049,0.9999999869
test_09050,0.0000480851
test_09051,0.9985795407
test_09052,0.9911191482
test_09053,0.9880303915
test_09054,0.9576642404
test_09055,0.0017775356
test_09056,0.0260968729
test_09057,0.0000000036
test_09058,0.8570206493
test_09059,0.0003219390
test_09060,0.9917713341
test_09061,0.0196858230
test_09062,0.7345670063
test_09063,0.9999987652
test_09064,0.0010596183
test_09065,0.9999930214
test_09066,0.8849617600
test_09067,0.9894153404
test_09068,0.0000000012
test_09069,0.0012911619
test_09070,0.0000738597
test_09071,0.9966858535
test_09072,0.9999940810
test_09073,1.0000000000
test_09074,0.9976971777
test_09075,0.9551401181
test_09076,0.0005329562
test_09077,0.9999593888
test_09078,0.9999999990
test_09079,0.9999982304
test_09080,0.6532409142
test_09081,0.9934787527
test_09082,0.0011168994
test_09083,0.9874906047
test_09084,0.0000000661
test_09085,0.9999873138
test_09086,0.9999506838
test_09087,0.0000000195
test_09088,0.0043696372
test_09089,0.9807706538
test_09090,0.5192504637
test_09091,0.0076838550
test_09092,0.0000000009
test_09093,0.0234584311
test_09094,0.9998449042
test_09095,0.9998932683
test_09096,0.0000000000
test_09097,0.0044304643
test_09098,0.9991933484
test_09099,0.0157731685
test_09100,0.8963193747
test_09101,0.9970084644
test_09102,0.1084298292
test_09103,0.0015019424
test_09104,0.9999999981
test_09105,0.0065492703
test_09106,0.8323490080
test_09107,0.0003129502
test_09108,0.9964579401
test_09109,0.0000000060
test_09110,0.9026603201
test_09111,0.9999999983
test_09112,0.9966726554
test_09113,0.9999676774
test_09114,0.0000122690
test_09115,0.0120468789
test_09116,0.9999997097
test_09117,0.0000047089
test_09118,0.9999993525
test_09119,0.0202108607
test_09120,0.9999999958
test_09121,0.9957297346
test_09122,0.9997403384
test_09123,0.0016342796
test_09124,0.8569109666
test_09125,0.9991736059
test_09126,0.1043899110
test_09127,0.9999824253
test_09128,0.0000046728
test_09129,0.0154042197
test_09130,0.0000000000
test_09131,0.0107981220
test_09132,0.2327199339
test_09133,0.0027976404
test_09134,0.0015154942
test_09135,0.9999999994
test_09136,0.9999975713
test_09137,0.9999939877
test_09138,0.7923580341
test_09139,0.0106345957
test_09140,0.9999998117
test_09141,0.0280266773
test_09142,0.0000032662
test_09143,0.0115132226
test_09144,0.9979921568
test_09145,0.9999968167
test_09146,0.0000000002
test_09147,0.9350207313
test_09148,0.0133960432
test_09149,0.9955310802
test_09150,0.0016325226
test_09151,0.0000420539
test_09152,0.0000022163
test_09153,0.9682783772
test_09154,0.9945052062
test_09155,0.0583971050
test_09156,0.0078531728
test_09157,0.0000000144
test_09158,0.9725576064
test_09159,0.0237851919
test_09160,0.5903746963
test_09161,0.9999999978
test_09162,0.0312044076
test_09163,0.9999911983
test_09164,0.0397179793
test_09165,0.0000000008
test_09166,0.9600777427
test_09167,0.0012700744
test_09168,0.9999999923
test_09169,0.9999889979
test_09170,0.2065407277
test_09171,0.9311874908
test_09172,0.9999690340
test_09173,0.9999997926
test_09174,0.0628279192
test_09175,0.0000006180
test_09176,0.0109969687
test_09177,0.1657850121
test_09178,0.9998421865
test_09179,0.0644697186
test_09180,0.0019112884
test_09181,0.0832881034
test_09182,0.9999999971
test_09183,0.0177070008
test_09184,0.0000000014
test_09185,0.0180142572
test_09186,0.1081748648
test_09187,0.9999843775
test_09188,0.0000172821
test_09189,0.0965945225
test_09190,0.9999998144
test_09191,0.9531428907
test_09192,0.0000000424
test_09193,0.9999990651
test_09194,0.0123198376
test_09195,0.9999984166
test_09196,0.9999999830
test_09197,0.8536945765
test_09198,0.0088299149
test_09199,0.9980769105
test_09200,0.0000013610
test_09201,0.0233482518
test_09202,0.0634301061
test_09203,0.9999999934
test_09204,0.9997352067
test_09205,0.9212851334
test_09206,0.5653034287
test_09207,0.0004124648
test_09208,0.0553167266
test_09209,0.0000000000
test_09210,0.7074630791
test_09211,0.9978019596
test_09212,0.0000446252
test_09213,0.9999999007
test_09214,0.9753752635
test_09215,0.3996670766
test_09216,0.0002085161
test_09217,0.8823293610
test_09218,0.9999995106
test_09219,0.9997568803
test_09220,0.9999440931
test_09221,0.9987564583
test_09222,0.1238726962
test_09223,0.5575875188
test_09224,0.9999971334
test_09225,0.9999999863
test_09226,0.9999992995
test_09227,0.0667693881
test_09228,0.0000051046
test_09229,0.0001605686
test_09230,0.9714234956
test_09231,0.9993522932
test_09232,0.0025093061
test_09233,0.0088204788
test_09234,0.9996951197
test_09235,0.0000076097
test_09236,0.0000004362
test_09237,0.9999502126
test_09238,0.9994986866
test_09239,0.9577469237
test_09240,0.1682405874
test_09241,0.0832666322
test_09242,0.9999788376
test_09243,0.0023837900
test_09244,0.0288028475
test_09245,1.0000000000
test_09246,0.9984372924
test_09247,0.1578172451
test_09248,0.9779968962
test_09249,0.9999998710
test_09250,0.0000014676
test_09251,0.1894264262
test_09252,0.0000002090
test_09253,0.9999999798
test_09254,0.1422740805
test_09255,0.0921103891
test_09256,0.9966667123
test_09257,0.0004755323
test_09258,0.0000823695
test_09259,0.9997153402
test_09260,0.0000022447
test_09261,0.0007666788
test_09262,0.9999962462
test_09263,0.1081901671
test_09264,0.1362863834
test_09265,0.8831951264
test_09266,0.9744629671
test_09267,0.8711074734
test_09268,0.9999977062
test_09269,0.1354676400
test_09270,0.0000007837
test_09271,0.9995912241
test_09272,0.9999999882
test_09273,0.9999999998
test_09274,0.1588846506
test_09275,0.0000001157
test_09276,0.0626646860
test_09277,0.9999304327
test_09278,0.1994440994
test_09279,0.0000000102
test_09280,0.0000769292
test_09281,0.9216735076
test_09282,0.0000010975
test_09283,0.0000012028
test_09284,0.9999989789
test_09285,0.0009105728
test_09286,0.0000832999
test_09287,0.9999986917
test_09288,0.1852880682
test_09289,0.9998632531
test_09290,0.0000000021
test_09291,0.9998641013
test_09292,0.9998827419
test_09293,0.0000003001
test_09294,0.0000000000
test_09295,0.0000014004
test_09296,0.0001713021
test_09297,0.9302778645
test_09298,0.9824184731
test_09299,0.0074681452
test_09300,0.0000070043
test_09301,0.0000002604
test_09302,0.9477551887
test_09303,0.9999954169
test_09304,0.1337834293
test_09305,0.8707316279
test_09306,0.0002536294
test_09307,0.0006056262
test_09308,0.0000000814
test_09309,0.9767505975
test_09310,0.9999995353
test_09311,0.1207881532
test_09312,0.9969192097
test_09313,0.9655773777
test_09314,0.0000000001
test_09315,0.0599131783
test_09316,0.9351222524
test_09317,0.9999998850
test_09318,0.7283768186
test_09319,0.9982845034
test_09320,0.9153311201
test_09321,0.9216716460
test_09322,0.8485206647
test_09323,1.0000000000
test_09324,0.9545819062
test_09325,0.9999996553
test_09326,0.8915966420
test_09327,0.0000001514
test_09328,0.0665349024
test_09329,0.0097733422
test_09330,0.0007082488
test_09331,1.0000000000
test_09332,0.0017631800
test_09333,0.6078458764
test_09334,0.9999999888
test_09335,0.0003461739
test_09336,0.0001612904
test_09337,0.8539026957
test_09338,0.0356271874
test_09339,0.0171830377
test_09340,0.8491357903
test_09341,0.0000000751
test_09342,0.9091658903
test_09343,0.0000000350
test_09344,0.9767532690
test_09345,0.9904023590
test_09346,0.8956505562
test_09347,0.0000000000
test_09348,0.9880545052
test_09349,0.0018637076
test_09350,0.9992048226
test_09351,0.9999605925
test_09352,0.0000410452
test_09353,0.0001065209
test_09354,0.9995742838
test_09355,0.9999999988
test_09356,0.9999666311
test_09357,0.9999877522
test_09358,0.0000048800
test_09359,0.4452143553
test_09360,0.0423025564
test_09361,0.1973427715
test_09362,0.0000070065
test_09363,0.8071141695
test_09364,0.0000000001
test_09365,0.0000038390
test_09366,0.9913261845
test_09367,0.0138194229
test_09368,0.9709296432
test_09369,0.0007599005
test_09370,0.0000374558
test_09371,0.0024851024
test_09372,0.9999487675
test_09373,0.0000000464
test_09374,0.9999999086
test_09375,0.0855516067
test_09376,0.0199769633
test_09377,0.2592418564
test_09378,0.9968224767
test_09379,0.9999999992
test_09380,0.0000144581
test_09381,0.7615933941
test_09382,0.9999999970
test_09383,0.9962498010
test_09384,0.0016104931
test_09385,1.0000000000
test_09386,0.9999841557
test_09387,0.9998716017
test_09388,0.8369346139
test_09389,0.9639968208
test_09390,0.9144063119
test_09391,0.0001144503
test_09392,0.0000068794
test_09393,0.0128313584
test_09394,0.9999995037
test_09395,0.0447293352
test_09396,0.9999996807
test_09397,0.0092096442
test_09398,0.9990973406
test_09399,0.0005916951
test_09400,0.6610989709
test_09401,0.8380142022
test_09402,0.9076603889
test_09403,0.0001657225
test_09404,0.9984354959
test_09405,0.0005672715
test_09406,0.7897454657
test_09407,0.9796395916
test_09408,0.0310276419
test_09409,0.0187128518
test_09410,0.9999999994
test_09411,0.9999999308
test_09412,0.9092192785
test_09413,0.9999960001
test_09414,0.3361838715
test_09415,0.9999947387
test_09416,0.9999992225
test_09417,0.0000000277
test_09418,0.9999992814
test_09419,0.0000577317
test_09420,0.9999987568
test_09421,0.0000000853
test_09422,0.0027593288
test_09423,0.1251633817
test_09424,0.9495924634
test_09425,0.0000639757
test_09426,0.9887402398
test_09427,0.0005693772
test_09428,0.0098712676
test_09429,0.9904874761
test_09430,0.9999416184
test_09431,0.9999967438
test_09432,0.0099976620
test_09433,0.8680843521
test_09434,0.9999919969
test_09435,0.9761588741
test_09436,0.0008022132
test_09437,0.0066106488
test_09438,0.8702198636
test_09439,0.0459333342
test_09440,0.9999246158
test_09441,0.0018757583
test_09442,0.0000013792
test_09443,0.9870681056
test_09444,0.9992826081
test_09445,0.6885156034
test_09446,0.1089730099
test_09447,0.0101980227
test_09448,0.9651759043
test_09449,0.9997368921
test_09450,0.9999999170
test_09451,0.0000002038
test_09452,0.9999999167
test_09453,0.9999994751
test_09454,0.0719365275
test_09455,0.9999999939
test_09456,0.9993488554
test_09457,0.0000045745
test_09458,0.0026460950
test_09459,0.9999546991
test_09460,0.9999871854
test_09461,0.9983706056
test_09462,0.0167277809
test_09463,0.0000116166
test_09464,0.0294579751
test_09465,0.9999999994
test_09466,0.0000041663
test_09467,0.9990089377
test_09468,0.0236837860
test_09469,0.0994776336
test_09470,0.9999999972
test_09471,0.0223830638
test_09472,0.9707240205
test_09473,0.0004908441
test_09474,0.0848713339
test_09475,0.9998791004
test_09476,0.9993659474
test_09477,0.0629519766
test_09478,0.0000000040
test_09479,0.7723035598
test_09480,0.0000022772
test_09481,0.0646641801
test_09482,0.0000052970
test_09483,0.9999211468
test_09484,0.0023351704
test_09485,0.0001497891
test_09486,0.9871498353
test_09487,0.9990483650
test_09488,0.0000169131
test_09489,0.9970712507
test_09490,0.0000235976
test_09491,0.0103105917
test_09492,0.9999943033
test_09493,0.0167729387
test_09494,0.2464739915
test_09495,0.0012909501
test_09496,0.0000474614
test_09497,0.0015364293
test_09498,0.9999556388
test_09499,0.8274941381
test_09500,0.9999981454
test_09501,0.9999953251
test_09502,0.0000353607
test_09503,0.9992913666
test_09504,0.0820700531
test_09505,0.9998561719
test_09506,0.9059950501
test_09507,0.9999998000
test_09508,0.9999999999
test_09509,0.0949398222
test_09510,0.3644417875
test_09511,0.0000114133
test_09512,0.0000012707
test_09513,0.6963059730
test_09514,0.9999999995
test_09515,0.0458168791
test_09516,0.8126577994
test_09517,0.9064828125
test_09518,0.0000170232
test_09519,0.9999995743
test_09520,0.8702323777
test_09521,0.9950060557
test_09522,0.4582469446
test_09523,0.0000000001
test_09524,0.9677206918
test_09525,0.9999683851
test_09526,0.9996356411
test_09527,0.1426914141
test_09528,0.0002446819
test_09529,0.9979481793
test_09530,0.1176353903
test_09531,0.0005926770
test_09532,0.0001037306
test_09533,0.9999458106
test_09534,0.9687519055
test_09535,0.0090987610
test_09536,0.0000018186
test_09537,0.9996026762
test_09538,0.0019723381
test_09539,0.9703935917
test_09540,0.0000006884
test_09541,0.1861397771
test_09542,0.0000534670
test_09543,0.9934929004
test_09544,0.9999999466
test_09545,0.9479774293
test_09546,0.0000010554
test_09547,0.0000000101
test_09548,0.0000000229
test_09549,0.9988365689
test_09550,0.0000000000
test_09551,0.0033764369
test_09552,0.9990486596
test_09553,0.0000415986
test_09554,0.0000011940
test_09555,0.0000000738
test_09556,0.0695297175
test_09557,0.0042700040
test_09558,0.0048611268
test_09559,0.9992578958
test_09560,0.0949794894
test_09561,0.0022033711
test_09562,0.9999999881
test_09563,0.0575752019
test_09564,0.9989876129
test_09565,0.9999999976
test_09566,0.0117938530
test_09567,0.9999959193
test_09568,0.9999894750
test_09569,0.0001997295
test_09570,0.0047280110
test_09571,0.0354201942
test_09572,0.1854734713
test_09573,0.9425397550
test_09574,0.9999999717
test_09575,0.8662056814
test_09576,0.0115026111
test_09577,0.0005404761
test_09578,0.0017605209
test_09579,0.9999990742
test_09580,0.0028463699
test_09581,0.9414038640
test_09582,0.9829448275
test_09583,0.0666466862
test_09584,0.9999998501
test_09585,0.9167552422
test_09586,0.9905134625
test_09587,0.0000000018
test_09588,0.9999994246
test_09589,0.9747536558
test_09590,0.9971515820
test_09591,0.9999977575
test_09592,0.9874936846
test_09593,0.0041659075
test_09594,0.9999992915
test_09595,0.9918323202
test_09596,0.9999996594
test_09597,0.9963351486
test_09598,0.6834024811
test_09599,0.0000000109
test_09600,0.0027555344
test_09601,0.9907576120
test_09602,0.0190835971
test_09603,0.1110413937
test_09604,0.0000000138
test_09605,0.9303950434
test_09606,0.7979395314
test_09607,0.2054637339
test_09608,0.0128782878
test_09609,0.9250146383
test_09610,0.9995013286
test_09611,0.0931639928
test_09612,0.9999999996
test_09613,0.0000232234
test_09614,0.0434934306
test_09615,0.0000022878
test_09616,0.0172928313
test_09617,0.9999811297
test_09618,0.0103714057
test_09619,0.2435319858
test_09620,0.9999206548
test_09621,0.9999991872
test_09622,0.0000196204
test_09623,0.9999987405
test_09624,0.0431729642
test_09625,1.0000000000
test_09626,0.9998499788
test_09627,0.0017068100
test_09628,0.0000169858
test_09629,0.9867771425
test_09630,0.9998492440
test_09631,0.0000000005
test_09632,0.0000000050
test_09633,0.9797384210
test_09634,0.9598300337
test_09635,0.9330948110
test_09636,0.0000003874
test_09637,0.0181565383
test_09638,0.0004357793
test_09639,0.9999721291
test_09640,0.0296351248
test_09641,0.0000150620
test_09642,0.9993359317
test_09643,0.9989169079
test_09644,0.0016936308
test_09645,0.8894442865
test_09646,0.0000000012
test_09647,0.0041615817
test_09648,0.9011369874
test_09649,0.0000000883
test_09650,0.0047540570
test_09651,0.0037522830
test_09652,0.4720832744
test_09653,0.8849765484
test_09654,0.0000000050
test_09655,0.9989130298
test_09656,0.9999999896
test_09657,0.0027438778
test_09658,0.0000009276
test_09659,0.2849796806
test_09660,0.9571375152
test_09661,0.9612038903
test_09662,0.0003976356
test_09663,0.9999999959
test_09664,0.9999885888
test_09665,0.0033503142
test_09666,0.9229117766
test_09667,0.0000025035
test_09668,0.0000090814
test_09669,0.9904310898
test_09670,0.0068347990
test_09671,0.2395403074
test_09672,0.9954543246
test_09673,0.0049603880
test_09674,0.0011790099
test_09675,0.0007015967
test_09676,0.9983627504
test_09677,0.1943669454
test_09678,0.9879804208
test_09679,0.0030131955
test_09680,0.9991305027
test_09681,0.9858325846
test_09682,0.0194070704
test_09683,0.0018425494
test_09684,0.9965086865
test_09685,0.0922203470
test_09686,0.0572314525
test_09687,0.0020716572
test_09688,0.6079653357
test_09689,0.0000036650
test_09690,0.9972629076
test_09691,0.9999601590
test_09692,0.9922824596
test_09693,0.0231344445
test_09694,0.9933240844
test_09695,0.0014382982
test_09696,0.0000941205
test_09697,0.9953683998
test_09698,0.9999911445
test_09699,0.0058638476
test_09700,0.8329371123
test_09701,0.2293545354
test_09702,0.9999883422
test_09703,0.9843462294
test_09704,0.9716665022
test_09705,0.9999899683
test_09706,0.0268219351
test_09707,0.9999979722
test_09708,0.9941678126
test_09709,0.0002636187
test_09710,0.0847340370
test_09711,0.0000060369
test_09712,0.0000553455
test_09713,0.9999935488
test_09714,0.9906583507
test_09715,0.1529067340
test_09716,0.0035141375
test_09717,0.9997646130
test_09718,0.8893227789
test_09719,0.0002433369
test_09720,0.8505301986
test_09721,0.1104953004
test_09722,0.0000159730
test_09723,0.9997548099
test_09724,0.0526275065
test_09725,0.9999381436
test_09726,0.0444800559
test_09727,0.9995102965
test_09728,0.0000027940
test_09729,0.0017658872
test_09730,0.9999999787
test_09731,0.0004065496
test_09732,0.0166938820
test_09733,0.6934160121
test_09734,0.0000369267
test_09735,0.0128523167
test_09736,0.0000072210
test_09737,0.9999962733
test_09738,0.0000005716
test_09739,0.0001427727
test_09740,0.0000027194
test_09741,0.0077969474
test_09742,0.0000001052
test_09743,0.9999137457
test_09744,0.9999999763
test_09745,0.9886497808
test_09746,0.9959234213
test_09747,0.9989546589
test_09748,0.0321736059
test_09749,0.9999999993
test_09750,0.9999999520
test_09751,0.9432589590
test_09752,0.4934338238
test_09753,0.9982482139
test_09754,0.0000001033
test_09755,0.0291747754
test_09756,0.8471956227
test_09757,0.9973572743
test_09758,0.0258474931
test_09759,0.9414814707
test_09760,0.0386873860
test_09761,0.1482879947
test_09762,0.0027575327
test_09763,0.9999861015
test_09764,0.0006215084
test_09765,0.0000000350
test_09766,0.0002059467
test_09767,0.0000430385
test_09768,0.9998890997
test_09769,0.0000012393
test_09770,0.0000174333
test_09771,0.7868156990
test_09772,0.9999475295
test_09773,0.9999997007
test_09774,0.0000592722
test_09775,0.0000046165
test_09776,0.8811086124
test_09777,0.9973112318
test_09778,0.0686208779
test_09779,0.9990458458
test_09780,0.0000001355
test_09781,0.0098425913
test_09782,0.9981663296
test_09783,0.9999872933
test_09784,0.0006572458
test_09785,0.9999999771
test_09786,0.0000112034
test_09787,0.8087535825
test_09788,0.9920282489
test_09789,0.8581400704
test_09790,0.0000841533
test_09791,0.9549773740
test_09792,0.0168594207
test_09793,0.9518692642
test_09794,0.0000144581
test_09795,0.1595734083
test_09796,0.0056415915
test_09797,0.0047206814
test_09798,0.9999999923
test_09799,0.9978925815
test_09800,0.8085632614
test_09801,0.0321450052
test_09802,0.9999997850
test_09803,0.9999891244
test_09804,0.9992797609
test_09805,0.9204396600
test_09806,0.9999999941
test_09807,0.9999999464
test_09808,0.9999689636
test_09809,0.0704968468
test_09810,0.9999996515
test_09811,0.0305150898
test_09812,0.1854980274
test_09813,0.0000000159
test_09814,0.9807420222
test_09815,0.0068881954
test_09816,0.0444754084
test_09817,0.0019573967
test_09818,0.9999999812
test_09819,0.9768258335
test_09820,0.9999924980
test_09821,0.0000000000
test_09822,0.9999999989
test_09823,0.9999999997
test_09824,0.9999964674
test_09825,0.9999999157
test_09826,0.9999999997
test_09827,0.8757436262
test_09828,0.9998689353
test_09829,0.1705097026
test_09830,0.9999997043
test_09831,0.9999289627
test_09832,0.9949663967
test_09833,0.9999985006
test_09834,0.9999160289
test_09835,0.0000000001
test_09836,0.9999994579
test_09837,0.9999999872
test_09838,0.9999999958
test_09839,0.9999871421
test_09840,0.0671686759
test_09841,0.9999994471
test_09842,0.0004647425
test_09843,0.0000001275
test_09844,0.0000285403
test_09845,0.9650116432
test_09846,0.9999827970
test_09847,0.0007063589
test_09848,0.1590555755
test_09849,0.9999998106
test_09850,0.9999966526
test_09851,0.9999001271
test_09852,0.9906060152
test_09853,0.9992309236
test_09854,0.9815126410
test_09855,0.0000005986
test_09856,0.0001643098
test_09857,0.9999974294
test_09858,0.8470623406
test_09859,0.0000032390
test_09860,0.0121697727
test_09861,0.9998420859
test_09862,0.0443950903
test_09863,0.9999999328
test_09864,0.9993436419
test_09865,0.0000512235
test_09866,0.3537584900
test_09867,0.0000000004
test_09868,0.9994461056
test_09869,0.7744912475
test_09870,0.2258269668
test_09871,0.0000042012
test_09872,0.1970111378
test_09873,0.9999188181
test_09874,0.0000223018
test_09875,0.9999999994
test_09876,0.9997424710
test_09877,0.0026472848
test_09878,0.0001815817
test_09879,0.0006289120
test_09880,0.0002151655
test_09881,0.9940167240
test_09882,0.1050488049
test_09883,0.0023152370
test_09884,0.9712165011
test_09885,0.9999588768
test_09886,0.9968717617
test_09887,0.0110471990
test_09888,0.0082944108
test_09889,0.9999435882
test_09890,0.5370878842
test_09891,0.0128322535
test_09892,0.9999989446
test_09893,0.0000000011
test_09894,0.9999997040
test_09895,0.0001436732
test_09896,0.0016749963
test_09897,0.9917217595
test_09898,0.9848461561
test_09899,0.9999977198
test_09900,0.0000000023
test_09901,0.0000792946
test_09902,0.9997207922
test_09903,0.0000386170
test_09904,0.0000000567
test_09905,0.9999999981
test_09906,0.9797466252
test_09907,0.9739861250
test_09908,0.0000002367
test_09909,0.2360204407
test_09910,0.0023814363
test_09911,0.8442667364
test_09912,0.6708081591
test_09913,0.0041029291
test_09914,0.0081562671
test_09915,0.0001080127
test_09916,0.9999888437
test_09917,0.0000222391
test_09918,0.1867557103
test_09919,0.1432688761
test_09920,0.0000096620
test_09921,0.9972785983
test_09922,0.0125905726
test_09923,0.7992698680
test_09924,0.9997491085
test_09925,0.9999999633
test_09926,0.9999996114
test_09927,0.0028201436
test_09928,0.1528874831
test_09929,0.9975409378
test_09930,0.9999999646
test_09931,0.0454498011
test_09932,0.9995276097
test_09933,0.0191737295
test_09934,0.0000139380
test_09935,0.0000426702
test_09936,0.9996435767
test_09937,0.9999760535
test_09938,0.9999999769
test_09939,0.0116109315
test_09940,0.9962731128
test_09941,0.9999963148
test_09942,0.0401051916
test_09943,0.9825758071
test_09944,0.1670798933
test_09945,0.9999997611
test_09946,0.0002311458
test_09947,0.9999995912
test_09948,0.9964798371
test_09949,0.0002650787
test_09950,0.0721822057
test_09951,0.9999716434
test_09952,0.0064158106
test_09953,0.0000395984
test_09954,0.0300901682
test_09955,0.0071941476
test_09956,0.9999881732
test_09957,0.0062521652
test_09958,0.8389958622
test_09959,0.9800911299
test_09960,0.9999999032
test_09961,0.5492237110
test_09962,0.9376977169
test_09963,0.9967409491
test_09964,0.1123362827
test_09965,0.0000017843
test_09966,0.9999963735
test_09967,0.0005606149
test_09968,0.0000076278
test_09969,0.9624214711
test_09970,0.0000055627
test_09971,0.0000241372
test_09972,0.9999846577
test_09973,0.8428763449
test_09974,0.9999998988
test_09975,0.0000000080
test_09976,0.9942120966
test_09977,0.0000002576
test_09978,0.5171212284
test_09979,0.9985684815
test_09980,0.1253517161
test_09981,0.9999456087
test_09982,0.9999999573
test_09983,0.9566484331
test_09984,0.0000000708
test_09985,0.0001148822
test_09986,0.9812806025
test_09987,0.0002252875
test_09988,0.9999635654
test_09989,0.9999990982
test_09990,0.0024533629
test_09991,0.9999836032
test_09992,0.0214671597
test_09993,0.0000000081
test_09994,0.9999999993
test_09995,1.0000000000
test_09996,0.9999999999
test_09997,0.8561638296
test_09998,0.0131073164
test_09999,0.9999999999
test_10000,0.7903431649
test_10001,0.9999992225
test_10002,0.9999999626
test_10003,0.9990352815
test_10004,0.9999999926
test_10005,0.0002041583
test_10006,0.9788253351
test_10007,0.9998820757
test_10008,0.8458009223
test_10009,0.0000020651
test_10010,0.9999999892
test_10011,0.7210352107
test_10012,0.0225962550
test_10013,0.0005679534
test_10014,0.0000001709
test_10015,0.0000000556
test_10016,0.9928656434
test_10017,0.8124325531
test_10018,0.9999481010
test_10019,0.0000043633
test_10020,0.0000033768
test_10021,0.0509484104
test_10022,0.0003998195
test_10023,0.0000004813
test_10024,0.9996621095
test_10025,0.0000023542
test_10026,0.9999636112
test_10027,0.0039394831
test_10028,0.0000000055
test_10029,0.9999979878
test_10030,0.9740924658
test_10031,0.2351441347
test_10032,0.0002107057
test_10033,0.0006510529
test_10034,0.0014772260
test_10035,0.8065100786
test_10036,0.0359685908
test_10037,1.0000000000
test_10038,0.9999999758
test_10039,0.1168508422
test_10040,0.9755632372
test_10041,0.9988573432
test_10042,0.0356649549
test_10043,0.9461108676
test_10044,0.9836403808
test_10045,0.6702192052
test_10046,0.9999989799
test_10047,0.1103033832
test_10048,0.1582048648
test_10049,0.9992067795
test_10050,0.9897622464
test_10051,0.9842511011
test_10052,0.9919917974
test_10053,0.0686823667
test_10054,0.9999218526
test_10055,0.0000007802
test_10056,0.8197682379
test_10057,0.9999025681
test_10058,0.0223658744
test_10059,0.9999183129
test_10060,0.8613461043
test_10061,0.0039772240
test_10062,0.0000000907
test_10063,0.9999999999
test_10064,0.0002370724
test_10065,0.0000000759
test_10066,0.9999998228
test_10067,0.9993632223
test_10068,0.8782373979
test_10069,0.0006362083
test_10070,0.1541038497
test_10071,0.9999998415
test_10072,0.6178629343
test_10073,0.0210934006
test_10074,0.0000000119
test_10075,0.9999538562
test_10076,0.0000007195
test_10077,0.9956392420
test_10078,0.0000000645
test_10079,0.9802493200
test_10080,0.0000000003
test_10081,0.0103105910
test_10082,0.9999999875
test_10083,0.9999433592
test_10084,0.9988110874
test_10085,0.6535854542
test_10086,0.9756230992
test_10087,0.9999214739
test_10088,0.9972940569
test_10089,0.0628542343
test_10090,0.9812248232
test_10091,0.9909548857
test_10092,0.9994854804
test_10093,0.9943569652
test_10094,0.0041818464
test_10095,0.7975932987
test_10096,0.0000412701
test_10097,0.9999999999
test_10098,0.0002597281
test_10099,0.0001146579
test_10100,1.0000000000
test_10101,0.9997920333
test_10102,0.0000000027
test_10103,0.0000010015
test_10104,0.9387639932
test_10105,1.0000000000
test_10106,0.0000000006
test_10107,0.0000812936
test_10108,0.9859358245
test_10109,0.0000957709
test_10110,0.0000005781
test_10111,0.0258665794
test_10112,0.0000015123
test_10113,0.9753918068
test_10114,0.3531000065
test_10115,0.0000000000
test_10116,0.0000000045
test_10117,0.0015552431
test_10118,0.9830854801
test_10119,0.9999792847
test_10120,0.0059034328
test_10121,0.9999999966
test_10122,0.0006275609
test_10123,0.0147072326
test_10124,0.8384352983
test_10125,0.0997199160
test_10126,0.0001593832
test_10127,0.0000000635
test_10128,0.0462612056
test_10129,0.9998585575
test_10130,0.0206722107
test_10131,0.0000000697
test_10132,0.0000300031
test_10133,0.0000000000
test_10134,0.0006896757
test_10135,0.0000000056
test_10136,0.0014352419
test_10137,0.0000028062
test_10138,0.9918151576
test_10139,0.0392996433
test_10140,0.0002204221
test_10141,0.0003358833
test_10142,0.0000000045
test_10143,0.0000017121
test_10144,0.8516209120
test_10145,0.0031825038
test_10146,0.0000846772
test_10147,0.9999999754
test_10148,0.9991519907
test_10149,0.0003516080
test_10150,0.9740150068
test_10151,0.0000096135
test_10152,0.0205595879
test_10153,0.9999963801
test_10154,0.9998989463
test_10155,0.0252700755
test_10156,0.9999915001
test_10157,0.7316231488
test_10158,0.0000008554
test_10159,0.0400647571
test_10160,0.0055901559
test_10161,0.9936294509
test_10162,0.9999689540
test_10163,0.9999903490
test_10164,0.0000244031
test_10165,0.0000001522
test_10166,0.9999935965
test_10167,0.9999490973
test_10168,0.9509303177
test_10169,0.9999989213
test_10170,0.0000000028
test_10171,0.0000674514
test_10172,0.0439338755
test_10173,0.9999963081
test_10174,0.9999868150
test_10175,0.6401784821
test_10176,0.0000124317
test_10177,0.0000978583
test_10178,0.1054481315
test_10179,0.0041457578
test_10180,0.9581469740
test_10181,0.0000000346
test_10182,0.9998797257
test_10183,0.0000185366
test_10184,0.1199721409
test_10185,0.9857435893
test_10186,0.0008125687
test_10187,0.9998398209
test_10188,0.9999998943
test_10189,0.9979489410
test_10190,0.9999913647
test_10191,0.9996011189
test_10192,0.0000710079
test_10193,0.8770465629
test_10194,0.0883202262
test_10195,0.9707533453
test_10196,0.0348608127
test_10197,0.9953227760
test_10198,0.0011070130
test_10199,0.0000014604
test_10200,0.0141119688
test_10201,0.0000194147
test_10202,0.9994053533
test_10203,0.9999694188
test_10204,0.0186500517
test_10205,0.9548879958
test_10206,0.0037964858
test_10207,0.0000000484
test_10208,0.9946478498
test_10209,1.0000000000
test_10210,0.9999296631
test_10211,0.0307016370
test_10212,0.9999972652
test_10213,0.0068839073
test_10214,0.9586408765
test_10215,0.0002482517
test_10216,0.9999864133
test_10217,0.9999915659
test_10218,0.9763560872
test_10219,0.9947449652
test_10220,0.9301223903
test_10221,0.0517392247
test_10222,0.9999998251
test_10223,0.9932011164
test_10224,0.1270855200
test_10225,0.0035905458
test_10226,0.0000006378
test_10227,0.0000110640
test_10228,0.0637579865
test_10229,0.0684997112
test_10230,0.0001285304
test_10231,0.9999727794
test_10232,0.9999999973
test_10233,0.9999680471
test_10234,0.0000000151
test_10235,0.0259214062
test_10236,0.9416018134
test_10237,0.8383465860
test_10238,0.0000006152
test_10239,0.4020582501
test_10240,0.9999932139
test_10241,0.0099488383
test_10242,0.9999586785
test_10243,0.9997594374
test_10244,0.0454449358
test_10245,0.3245297677
test_10246,0.9684776735
test_10247,0.8450707366
test_10248,0.9774215722
test_10249,0.4757429895
test_10250,0.7331991516
test_10251,0.9999999430
test_10252,0.0002142731
test_10253,0.9921115388
test_10254,0.3468480220
test_10255,0.0000001770
test_10256,0.9803324547
test_10257,0.0074248931
test_10258,0.9999276854
test_10259,0.0832947311
test_10260,0.9815710759
test_10261,0.9999969074
test_10262,0.9214965879
test_10263,0.9999975258
test_10264,0.9664116473
test_10265,0.0000001150
test_10266,0.0005079633
test_10267,0.9960508540
test_10268,0.9999841516
test_10269,0.0014791247
test_10270,0.0001892060
test_10271,0.0001433176
test_10272,0.0183455311
test_10273,0.0206701168
test_10274,0.9718538540
test_10275,0.9999939149
test_10276,0.9999999559
test_10277,0.9999994999
test_10278,0.9723074408
test_10279,0.1037432153
test_10280,0.9764479998
test_10281,0.0000000090
test_10282,0.0141266784
test_10283,0.0002031006
test_10284,0.9948165338
test_10285,0.9976872118
test_10286,0.0119085968
test_10287,0.0066272771
test_10288,0.9995691556
test_10289,0.8924941034
test_10290,0.9821599354
test_10291,0.8751731582
test_10292,0.0494829566
test_10293,0.9999989626
test_10294,0.8245633457
test_10295,0.9589734519
test_10296,0.9998989463
test_10297,0.0691783761
test_10298,0.0000001383
test_10299,0.0399027820
test_10300,0.0046344537
test_10301,0.0001043623
test_10302,1.0000000000
test_10303,0.9999755292
test_10304,0.9790680469
test_10305,0.9403249249
test_10306,0.0004159588
test_10307,0.0000000071
test_10308,0.0000035752
test_10309,0.9624067540
test_10310,0.0033418110
test_10311,0.0060426229
test_10312,0.0000011678
test_10313,0.0021185487
test_10314,0.9999955450
test_10315,0.0000001542
test_10316,0.9643548732
test_10317,0.0723824727
test_10318,0.9997479717
test_10319,0.9891757951
test_10320,0.9032703124
test_10321,0.9986616226
test_10322,0.0090333877
test_10323,0.0000594365
test_10324,0.0186029021
test_10325,0.9898806469
test_10326,1.0000000000
test_10327,0.9999995065
test_10328,0.0000002670
test_10329,0.9999999353
test_10330,0.0000043762
test_10331,0.8585872357
test_10332,1.0000000000
test_10333,0.9951557558
test_10334,0.0004806072
test_10335,0.0000000040
test_10336,0.9820206273
test_10337,0.0191808044
test_10338,0.9988124313
test_10339,0.9968234012
test_10340,0.9991515596
test_10341,0.0000000830
test_10342,0.9353530636
test_10343,0.9305591345
test_10344,0.9989205157
test_10345,0.0047448000
test_10346,0.9986208680
test_10347,0.9999086434
test_10348,0.9783847542
test_10349,0.0174422749
test_10350,0.7714995916
test_10351,0.2811435981
test_10352,0.0002679275
test_10353,0.0404089989
test_10354,0.9997027212
test_10355,0.9276940646
test_10356,0.0000081116
test_10357,0.0000787517
test_10358,0.9985161076
test_10359,0.0006374336
test_10360,0.0347740064
test_10361,1.0000000000
test_10362,0.9537504282
test_10363,0.9931970012
test_10364,0.9399809332
test_10365,0.0014321808
test_10366,0.1261152187
test_10367,0.0746615677
test_10368,0.0087478261
test_10369,0.9608448209
test_10370,0.8218424066
test_10371,0.9999997427
test_10372,0.0000028726
test_10373,0.9996759881
test_10374,0.0000000907
test_10375,0.9998996592
test_10376,0.9999999538
test_10377,0.0000052348
test_10378,0.0000102155
test_10379,0.1092747177
test_10380,0.9999257932
test_10381,0.7374117082
test_10382,0.9990798705
test_10383,0.9989856163
test_10384,0.0000000018
test_10385,0.0000735584
test_10386,0.9905266455
test_10387,0.9999039472
test_10388,0.0000104078
test_10389,0.0000582720
test_10390,0.0000193110
test_10391,0.0163965746
test_10392,0.0057728003
test_10393,0.0000121247
test_10394,0.0568924574
test_10395,0.9217402035
test_10396,0.1527525993
test_10397,0.2925586934
test_10398,0.9999992004
test_10399,0.0000001642
test_10400,0.9999999679
test_10401,0.0011655536
test_10402,0.0004357544
test_10403,0.0334453375
test_10404,0.0062286766
test_10405,0.2311021588
test_10406,0.9999953932
test_10407,0.9999995750
test_10408,0.9999996503
test_10409,0.0000000433
test_10410,0.0000001070
test_10411,0.9987208165
test_10412,0.0000015672
test_10413,0.1112343717
test_10414,0.0000191253
test_10415,0.9918356121
test_10416,0.0031416320
test_10417,0.9896026665
test_10418,0.9347825405
test_10419,0.8949542881
test_10420,0.9822053861
test_10421,0.9352367109
test_10422,0.0085318801
test_10423,0.9999879453
test_10424,0.9991970689
test_10425,0.0010595660
test_10426,0.9997911051
test_10427,0.9999998983
test_10428,0.5349994906
test_10429,0.0151304639
test_10430,0.0000027017
test_10431,0.0429198786
test_10432,0.0018140907
test_10433,0.9999999915
test_10434,0.9999999923
test_10435,0.0000922500
test_10436,0.0000484967
test_10437,0.0193112852
test_10438,0.9818901710
test_10439,0.0363936901
test_10440,0.0000008572
test_10441,0.3818877239
test_10442,0.6830019771
test_10443,0.9999999999
test_10444,0.8518455384
test_10445,0.0639136512
test_10446,0.9999999221
test_10447,0.9999999942
test_10448,0.0000000004
test_10449,0.9999996767
test_10450,0.9999883525
test_10451,0.9999996163
test_10452,0.9874831592
test_10453,0.9994126318
test_10454,0.0017848513
test_10455,0.0047428798
test_10456,0.0000676017
test_10457,0.9999995714
test_10458,0.0036517653
test_10459,0.1896991203
test_10460,0.8088213634
test_10461,0.9552439723
test_10462,0.0621305415
test_10463,0.0484511868
test_10464,0.9663093497
test_10465,0.0000000061
test_10466,0.9999999737
test_10467,0.9987947032
test_10468,0.9997499427
test_10469,0.2337358073
test_10470,0.9999993232
test_10471,0.1567538366
test_10472,0.9999999337
test_10473,0.9997864016
test_10474,0.9999926392
test_10475,0.9052988951
test_10476,0.0000021806
test_10477,0.8236019296
test_10478,0.0000000458
test_10479,0.9999999584
test_10480,0.9999999868
test_10481,0.0121660308
test_10482,0.0889266572
test_10483,0.9544756581
test_10484,0.9422048519
test_10485,0.0000000248
test_10486,0.0014910733
test_10487,0.9898670120
test_10488,0.0000000001
test_10489,0.0038325331
test_10490,0.9999607600
test_10491,0.0002076998
test_10492,0.0048277405
test_10493,0.9999999890
test_10494,0.0324604517
test_10495,0.9999942413
test_10496,0.0026860856
test_10497,0.0000000123
test_10498,0.0000135158
test_10499,0.8237969965
test_10500,0.9739478116
test_10501,0.7858686415
test_10502,0.0301012820
test_10503,0.3938420685
test_10504,0.0067055785
test_10505,0.9846442362
test_10506,0.9998823603
test_10507,0.0409823734
test_10508,0.9376482287
test_10509,0.9997901746
test_10510,0.9807745941
test_10511,0.0000188593
test_10512,0.0000026590
test_10513,0.9999997611
test_10514,0.9999925297
test_10515,0.0002165488
test_10516,0.9772833532
test_10517,0.9679491245
test_10518,0.9355365715
test_10519,0.0000000024
test_10520,0.9999999993
test_10521,0.9999995912
test_10522,0.9817186135
test_10523,0.9999999999
test_10524,0.9999628810
test_10525,0.8993906264
test_10526,0.9999997687
test_10527,0.9983697339
test_10528,0.9999972652
test_10529,0.9999998862
test_10530,0.0022671494
test_10531,0.9999993265
test_10532,0.0005654353
test_10533,0.9997854877
test_10534,0.0087272911
test_10535,0.0000528497
test_10536,0.9446970954
test_10537,0.9991021837
test_10538,0.0000026427
test_10539,0.9997354672
test_10540,0.0926713063
test_10541,0.0000006751
test_10542,0.9983365065
test_10543,0.9997997761
test_10544,0.0123178840
test_10545,0.1546739134
test_10546,0.9937729370
test_10547,0.9998536199
test_10548,0.0000009860
test_10549,0.4536862987
test_10550,0.9993831374
test_10551,0.0000001319
test_10552,0.9977397980
test_10553,0.0000002954
test_10554,0.9999999974
test_10555,0.9897015479
test_10556,0.0000000095
test_10557,0.0366069192
test_10558,0.0000193015
test_10559,0.9838104717
test_10560,0.9999999626
test_10561,0.9792570173
test_10562,0.9434563209
test_10563,0.9952638327
test_10564,0.9999999254
test_10565,0.9738688899
test_10566,0.9999982264
test_10567,0.5041577132
test_10568,0.9999973971
test_10569,0.2181134279
test_10570,0.0529823594
test_10571,0.9639831381
test_10572,0.9999999992
test_10573,0.9999659881
test_10574,0.5600226664
test_10575,0.9999998211
test_10576,0.9943622535
test_10577,0.9994859542
test_10578,0.0000040120
test_10579,0.0199911933
test_10580,0.0767766206
test_10581,0.0798299981
test_10582,0.9999990495
test_10583,0.0000364529
test_10584,0.9990980405
test_10585,0.0000000006
test_10586,0.0000197099
test_10587,0.1478544510
test_10588,0.0088150964
test_10589,0.0000681544
test_10590,0.5348407029
test_10591,0.0000000269
test_10592,0.0024940072
test_10593,0.9999999260
test_10594,0.9999999894
test_10595,0.0001467582
test_10596,0.9996936463
test_10597,0.0000000024
test_10598,0.9999998173
test_10599,0.9999719542
test_10600,0.0007195593
test_10601,0.0000116853
test_10602,0.5902360588
test_10603,0.9736650185
test_10604,0.9999863278
test_10605,0.9987481198
test_10606,0.9999999826
test_10607,0.9983062194
test_10608,0.0002162084
test_10609,0.9999932884
test_10610,0.0000000195
test_10611,0.8202898274
test_10612,0.0000346789
test_10613,0.0000008475
test_10614,0.0001199689
test_10615,0.9999999834
test_10616,0.9999999087
test_10617,0.8536815706
test_10618,0.9999999910
test_10619,0.9999997193
test_10620,0.9999998251
test_10621,0.9999784505
test_10622,0.9972894674
test_10623,0.0000279433
test_10624,0.9894466598
test_10625,0.0662465107
test_10626,0.0000000225
test_10627,0.3368053756
test_10628,0.9999998966
test_10629,0.9981167113
test_10630,0.9995191974
test_10631,0.9962145800
test_10632,0.9998734472
test_10633,0.9998113212
test_10634,0.9999999210
test_10635,0.0000003285
test_10636,0.9978245305
test_10637,0.9999944858
test_10638,0.0000930790
test_10639,0.9999972352
test_10640,0.0000001259
test_10641,0.9999999399
test_10642,0.9837792857
test_10643,0.9999994291
test_10644,0.5118783955
test_10645,0.0120349206
test_10646,0.2388161340
test_10647,0.0166997026
test_10648,0.9454485277
test_10649,0.9700561717
test_10650,0.9933240993
test_10651,0.9460431162
test_10652,0.0019269277
test_10653,0.9999970037
test_10654,0.0527978896
test_10655,0.0002410824
test_10656,0.9999999997
test_10657,0.0000001067
test_10658,0.9999941298
test_10659,0.0210050863
test_10660,0.9990960982
test_10661,0.9295813660
test_10662,0.0000012083
test_10663,0.0852868887
test_10664,0.9999999941
test_10665,0.9927306427
test_10666,0.8180185147
test_10667,0.0456833073
test_10668,0.9995610463
test_10669,0.9993529645
test_10670,0.0000000000
test_10671,0.1032782260
test_10672,0.0015690708
test_10673,0.1652932314
test_10674,0.0407539478
test_10675,0.0208705956
test_10676,0.9999966938
test_10677,0.9999997386
test_10678,0.9967683141
test_10679,0.9950031200
test_10680,0.1001623161
test_10681,1.0000000000
test_10682,0.8814307212
test_10683,0.0182481338
test_10684,0.0012481852
test_10685,0.1465907112
test_10686,0.9999997220
test_10687,0.1047967193
test_10688,0.0583048087
test_10689,0.0502668999
test_10690,0.4235919873
test_10691,0.0057553100
test_10692,0.9782244629
test_10693,0.0000000000
test_10694,0.9772883818
test_10695,0.9999999982
test_10696,0.7060899718
test_10697,0.0000001083
test_10698,0.9701277834
test_10699,0.9999997898
test_10700,0.0000000003
test_10701,0.9975883702
test_10702,0.0000000056
test_10703,0.0026551961
test_10704,0.8778478620
test_10705,0.9918792399
test_10706,0.0004572982
test_10707,0.9999994763
test_10708,1.0000000000
test_10709,0.9902458960
test_10710,0.9999988251
test_10711,0.9999999437
test_10712,0.9999999676
test_10713,0.0005754424
test_10714,0.6793541646
test_10715,0.0000117243
test_10716,0.8641134804
test_10717,0.9999999996
test_10718,0.1755697123
test_10719,0.9980984775
test_10720,0.9999996673
test_10721,0.0000000000
test_10722,0.9997985111
test_10723,0.0000775194
test_10724,0.0000971503
test_10725,0.0031815358
test_10726,0.9901777892
test_10727,0.0006643245
test_10728,0.0000460934
test_10729,0.0000003142
test_10730,0.0155544852
test_10731,0.0000005103
test_10732,0.6558370069
test_10733,0.0074282098
test_10734,0.0000335972
test_10735,0.9999995953
test_10736,0.0000134866
test_10737,0.0000000034
test_10738,0.9998997852
test_10739,0.9969108306
test_10740,0.9961270625
test_10741,0.9999980695
test_10742,0.5081366356
test_10743,0.9994196588
test_10744,0.0002135984
test_10745,0.0000759105
test_10746,0.0032362694
test_10747,0.9999999883
test_10748,0.9965072353
test_10749,0.9999999999
test_10750,0.9999943038
test_10751,0.1580570035
test_10752,0.9990227998
test_10753,0.9999999729
test_10754,0.9999495197
test_10755,0.0000000023
test_10756,0.9605666837
test_10757,0.0000199683
test_10758,0.0000010771
test_10759,0.7378205547
test_10760,0.0006463283
test_10761,0.0000000047
test_10762,0.9999991555
test_10763,0.9998769559
test_10764,0.9999980938
test_10765,0.5608963369
test_10766,0.9967339358
test_10767,0.2453779267
test_10768,0.9232029771
test_10769,0.0000507906
test_10770,0.0002174971
test_10771,0.9990655989
test_10772,0.0000002127
test_10773,0.9999997508
test_10774,0.9999634676
test_10775,0.1159168513
test_10776,0.8956891032
test_10777,0.0000000016
test_10778,0.9996265484
test_10779,0.9999997384
test_10780,0.9998963506
test_10781,0.9999933947
test_10782,0.0327950348
test_10783,0.1433114795
test_10784,0.0000001925
test_10785,0.9992777397
test_10786,0.9994957387
test_10787,0.9973236798
test_10788,0.0000227682
test_10789,0.0000000846
test_10790,0.0103647566
test_10791,0.0016234068
test_10792,0.9999996827
test_10793,0.9985571930
test_10794,0.8571392013
test_10795,0.0021535224
test_10796,0.9449285283
test_10797,0.9965882598
test_10798,0.9958441933
test_10799,0.0000262447
test_10800,0.9999984223
test_10801,0.0000029092
test_10802,0.0000005410
test_10803,0.9974510695
test_10804,0.9851286083
test_10805,0.0000000400
test_10806,0.9999999466
test_10807,0.9999955989
test_10808,0.9999308052
test_10809,0.9999997450
test_10810,0.9994773039
test_10811,0.9914439721
test_10812,0.0000136721
test_10813,0.0010077265
test_10814,0.1098306989
test_10815,0.8917828307
test_10816,0.0690225966
test_10817,0.9957759958
test_10818,0.9999997161
test_10819,0.9999510179
test_10820,0.0000427863
test_10821,0.1139496052
test_10822,0.9509627337
test_10823,0.5538880030
test_10824,0.0000000000
test_10825,0.9999556624
test_10826,0.9999999908
test_10827,0.9858690912
test_10828,0.9982982374
test_10829,0.0244856030
test_10830,0.9998846836
test_10831,0.2108822028
test_10832,0.1684144400
test_10833,0.9458822342
test_10834,0.9845810411
test_10835,0.0170409943
test_10836,0.0000000001
test_10837,0.0130057809
test_10838,0.0034333867
test_10839,0.0001468873
test_10840,0.9999991813
test_10841,0.0101341880
test_10842,0.9410900953
test_10843,0.0000000007
test_10844,0.0000218080
test_10845,0.0000001629
test_10846,1.0000000000
test_10847,0.0332384826
test_10848,0.1176378811
test_10849,0.0000000098
test_10850,0.0000000194
test_10851,0.0000000740
test_10852,0.0009206311
test_10853,0.0016429142
test_10854,0.9997018114
test_10855,0.0000134109
test_10856,0.0967404095
test_10857,0.9999428922
test_10858,0.0213701701
test_10859,0.9999273417
test_10860,0.0000003958
test_10861,0.0223355570
test_10862,0.9838163171
test_10863,0.9999999863
test_10864,0.0743129846
test_10865,0.9888981916
test_10866,0.9998958045
test_10867,0.9680981357
test_10868,0.0000014823
test_10869,0.0364561159
test_10870,0.0011298377
test_10871,0.0000000002
test_10872,0.9999999480
test_10873,0.9999997882
test_10874,0.1002783578
test_10875,0.1940460480
test_10876,0.0000672137
test_10877,0.9995589350
test_10878,0.9998770636
test_10879,0.0000035251
test_10880,0.3136742189
test_10881,0.0000000127
test_10882,0.0671103669
test_10883,0.9920089018
test_10884,0.9999999995
test_10885,0.1168290254
test_10886,0.0144167138
test_10887,0.9999854191
test_10888,0.9999975431
test_10889,0.0670704475
test_10890,0.0008473011
test_10891,0.0006075122
test_10892,0.9999959950
test_10893,0.0000274999
test_10894,0.0010351522
test_10895,0.9867467426
test_10896,0.0000029574
test_10897,0.0000062864
test_10898,0.9183621713
test_10899,0.4088643671
test_10900,0.9661251468
test_10901,0.9999966892
test_10902,0.9993858877
test_10903,0.9983527710
test_10904,0.9999075771
test_10905,0.9999788584
test_10906,0.9999709471
test_10907,0.0385053297
test_10908,0.7787121238
test_10909,0.9999987128
test_10910,0.0000000034
test_10911,0.0000003674
test_10912,0.9999977069
test_10913,0.0000000174
test_10914,0.9936439964
test_10915,0.3702443118
test_10916,0.0053628999
test_10917,0.6538494904
test_10918,0.0001844646
test_10919,0.0002706983
test_10920,0.9999611309
test_10921,0.2092016393
test_10922,0.8957742926
test_10923,1.0000000000
test_10924,0.9831492386
test_10925,0.9948180819
test_10926,0.0000001170
test_10927,0.9997112319
test_10928,0.0001584710
test_10929,0.0000001885
test_10930,0.9722014584
test_10931,0.0014798033
test_10932,0.9930218292
test_10933,0.9990340033
test_10934,0.0000000000
test_10935,0.0000001833
test_10936,0.9546756364
test_10937,0.9998660326
test_10938,0.0001216762
test_10939,0.9107506467
test_10940,0.0097081853
test_10941,0.0000006442
test_10942,0.2024664889
test_10943,0.0000044159
test_10944,0.9973374482
test_10945,0.0125734480
test_10946,0.0000000115
test_10947,0.9830573833
test_10948,0.0046451449
test_10949,0.0000052405
test_10950,0.0606894570
test_10951,0.9999938776
test_10952,0.0000000006
test_10953,0.9954067138
test_10954,1.0000000000
test_10955,0.9999994185
test_10956,0.0002368827
test_10957,0.0027788940
test_10958,0.0039980289
test_10959,0.0000087704
test_10960,0.9946241587
test_10961,0.9255154736
test_10962,0.0626731365
test_10963,0.0077156373
test_10964,0.0010403931
test_10965,0.0001438329
test_10966,0.0000258537
test_10967,0.9422487681
test_10968,0.1903473184
test_10969,0.9846872803
test_10970,0.0009653706
test_10971,0.9646209988
test_10972,0.9847142007
test_10973,0.0000000001
test_10974,0.0032445773
test_10975,0.9913157011
test_10976,0.9992436542
test_10977,0.9095532063
test_10978,0.9732118196
test_10979,0.0000012471
test_10980,0.8808177294
test_10981,0.9999206330
test_10982,0.9999579625
test_10983,0.0000070732
test_10984,0.9999998316
test_10985,0.9880183366
test_10986,0.0655110864
test_10987,0.9999988284
test_10988,0.0000010652
test_10989,0.0000197704
test_10990,0.0008569513
test_10991,0.0000002218
test_10992,0.9999999996
test_10993,0.9999943600
test_10994,0.0000026061
test_10995,0.0000286917
test_10996,0.9993976988
test_10997,0.9998299578
test_10998,0.0017360768
test_10999,0.0000286349
test_11000,0.0008283097
test_11001,0.9460316335
test_11002,0.0012493638
test_11003,0.0000799666
test_11004,0.0045985815
test_11005,0.9993494048
test_11006,0.0000000098
test_11007,0.0000044688
test_11008,0.0315356718
test_11009,0.0000440043
test_11010,0.9998895453
test_11011,0.9949286314
test_11012,0.1193499138
test_11013,0.9995826391
test_11014,0.8877864142
test_11015,0.2265049536
test_11016,0.0001774718
test_11017,0.0004880517
test_11018,0.9999836888
test_11019,0.0003195478
test_11020,0.4509891064
test_11021,0.9999958868
test_11022,0.0464175203
test_11023,0.0004041624
test_11024,0.9999994663
test_11025,0.9997646997
test_11026,0.9999999763
test_11027,0.9999999959
test_11028,0.9963802866
test_11029,0.9964083303
test_11030,0.9999998407
test_11031,0.0068179392
test_11032,0.0000021203
test_11033,0.0000890728
test_11034,0.0011131969
test_11035,0.9999010473
test_11036,0.9999605353
test_11037,0.0000056355
test_11038,0.9999573567
test_11039,0.4885953392
test_11040,0.9999983619
test_11041,0.0189163567
test_11042,0.0022297837
test_11043,0.9264618350
test_11044,0.9999999972
test_11045,0.9999330318
test_11046,0.9999307368
test_11047,0.9995406931
test_11048,0.9997374364
test_11049,0.9285679353
test_11050,0.0000001118
test_11051,0.9810150538
test_11052,0.9999999760
test_11053,0.9999998045
test_11054,0.9977271434
test_11055,0.0000023805
test_11056,0.9956958637
test_11057,0.0000000003
test_11058,0.9347877246
test_11059,0.0003923031
test_11060,0.8880261636
test_11061,0.0000000925
test_11062,0.9997588693
test_11063,0.0234768692
test_11064,0.9999995478
test_11065,0.9999921484
test_11066,1.0000000000
test_11067,0.0000032753
test_11068,0.0000000132
test_11069,0.9999998642
test_11070,0.9999696163
test_11071,0.9999999983
test_11072,0.0000236780
test_11073,0.0000000901
test_11074,0.0000011495
test_11075,0.9999978797
test_11076,0.9999197464
test_11077,0.0002198761
test_11078,0.0006399620
test_11079,0.9151592621
test_11080,0.0000028199
test_11081,0.0000138741
test_11082,0.0076329093
test_11083,0.1089709899
test_11084,0.9856537697
test_11085,0.0327957599
test_11086,0.0110983932
test_11087,0.9918363018
test_11088,0.0000000001
test_11089,0.0528331957
test_11090,0.9123848117
test_11091,0.9999172234
test_11092,0.0000050431
test_11093,0.9998871719
test_11094,0.9545588991
test_11095,0.9994561593
test_11096,0.0083509026
test_11097,0.9594380800
test_11098,0.0082192300
test_11099,0.9999971070
test_11100,0.9999994359
test_11101,0.0000204103
test_11102,0.6259708885
test_11103,0.9999954180
test_11104,0.5735632983
test_11105,0.1933499219
test_11106,0.8996783237
test_11107,0.8191116367
test_11108,0.8860446750
test_11109,0.9896371804
test_11110,0.9968060171
test_11111,0.7486237339
test_11112,0.9524448445
test_11113,0.1421770208
test_11114,0.9763714375
test_11115,0.9726820656
test_11116,0.9999999863
test_11117,0.7443567703
test_11118,0.9999999899
test_11119,0.9980261157
test_11120,0.0007755269
test_11121,0.9993489355
test_11122,0.9980311385
test_11123,0.9753835752
test_11124,0.9999333434
test_11125,0.9999999546
test_11126,0.9999999854
test_11127,0.9756007957
test_11128,0.0492220352
test_11129,0.0259486554
test_11130,0.9999994959
test_11131,0.0003472069
test_11132,0.9996477112
test_11133,0.0000414322
test_11134,0.1272394893
test_11135,0.9995502601
test_11136,0.9999999998
test_11137,0.0005268639
test_11138,0.9475238586
test_11139,0.0003564879
test_11140,0.5317975354
test_11141,0.9982717147
test_11142,0.0000032354
test_11143,0.7041672064
test_11144,0.9999746370
test_11145,0.0271208504
test_11146,0.0000000044
test_11147,0.9999997854
test_11148,0.0215313125
test_11149,0.0039328319
test_11150,0.9999999999
test_11151,0.0000154937
test_11152,0.9998446553
test_11153,0.9999996838
test_11154,0.9997435049
test_11155,0.0070856430
test_11156,0.0092702384
test_11157,0.9999971342
test_11158,0.0000039679
test_11159,0.0001437899
test_11160,0.4456861027
test_11161,0.8879991531
test_11162,0.0000000000
test_11163,0.0145156836
test_11164,0.0002346288
test_11165,0.9642830329
test_11166,0.9693683661
test_11167,0.0000182081
test_11168,0.1729163672
test_11169,0.9999999979
test_11170,0.9748659998
test_11171,0.0000048105
test_11172,0.9491740272
test_11173,0.9998765247
test_11174,0.0000002965
test_11175,0.0007995081
test_11176,0.2621889350
test_11177,0.0000000672
test_11178,0.1041131281
test_11179,0.0000189910
test_11180,0.8987280353
test_11181,0.9935742309
test_11182,0.0130654037
test_11183,0.0460757381
test_11184,0.9393676717
test_11185,0.9985920656
test_11186,0.0023703239
test_11187,0.0000000010
test_11188,0.9999999864
test_11189,0.0481585575
test_11190,0.0469833698
test_11191,0.9999999291
test_11192,0.0076568042
test_11193,0.0000451680
test_11194,0.0283949774
test_11195,1.0000000000
test_11196,0.1653498846
test_11197,0.9908799278
test_11198,0.9999041519
test_11199,0.0000014996
test_11200,0.0000129755
test_11201,0.0145368727
test_11202,0.8724439255
test_11203,0.9856995858
test_11204,0.8764781642
test_11205,0.0001499897
test_11206,0.9971493250
test_11207,0.0000000188
test_11208,0.9961151467
test_11209,0.0004258451
test_11210,0.8981803205
test_11211,0.0002042234
test_11212,0.9328613698
test_11213,0.0033936576
test_11214,0.0000547634
test_11215,0.0000000004
test_11216,0.0000000441
test_11217,0.9945964550
test_11218,0.9857963315
test_11219,0.9564710936
test_11220,0.9999857975
test_11221,0.0666145434
test_11222,0.0003720678
test_11223,0.0168774812
test_11224,0.9927062779
test_11225,0.0000000003
test_11226,0.0082129343
test_11227,0.9598299037
test_11228,0.0190617948
test_11229,0.9224655536
test_11230,0.0314619263
test_11231,0.9513068806
test_11232,0.0926203263
test_11233,0.9460118822
test_11234,0.9999999985
test_11235,0.9162471332
test_11236,0.9319007043
test_11237,0.0000000098
test_11238,0.9998734097
test_11239,0.9985582347
test_11240,0.9990870430
test_11241,0.9941948703
test_11242,0.9999999007
test_11243,0.9966992155
test_11244,0.0007779387
test_11245,0.0000981237
test_11246,0.9989207080
test_11247,0.0111717825
test_11248,0.9998351279
test_11249,0.0000007426
test_11250,0.9999999958
test_11251,0.9997134275
test_11252,0.0003100068
test_11253,0.0207383139
test_11254,0.9994520867
test_11255,0.1263006271
test_11256,0.6719620855
test_11257,0.9999998540
test_11258,0.9917232093
test_11259,0.0000000005
test_11260,0.0000000008
test_11261,0.0000354729
test_11262,0.9999998982
test_11263,0.9063500076
test_11264,0.8592697158
test_11265,0.0889020957
test_11266,0.0002555306
test_11267,0.0001686959
test_11268,0.9796090576
test_11269,0.3110273498
test_11270,0.9999869300
test_11271,0.9433627518
test_11272,0.0000000020
test_11273,0.9638882999
test_11274,0.9999998619
test_11275,0.0011865995
test_11276,0.0000469113
test_11277,0.9998522661
test_11278,0.0000922353
test_11279,0.1316604059
test_11280,0.9999858752
test_11281,0.9996021883
test_11282,0.0236041135
test_11283,0.0603034064
test_11284,0.0320752906
test_11285,0.0000000040
test_11286,0.0000007123
test_11287,0.9999999958
test_11288,0.9994825010
test_11289,0.0019621600
test_11290,0.9996446181
test_11291,0.9971769820
test_11292,0.9999999007
test_11293,0.0080902667
test_11294,0.9999995698
test_11295,0.9476654773
test_11296,0.0000000000
test_11297,1.0000000000
test_11298,0.0000015664
test_11299,0.8985898026
test_11300,0.9999999910
test_11301,0.9958750238
test_11302,0.0000000925
test_11303,0.9045992538
test_11304,0.9998787969
test_11305,0.0035754476
test_11306,0.9996358181
test_11307,0.9999873972
test_11308,0.9999504235
test_11309,0.0021825258
test_11310,0.1506415601
test_11311,0.0000288842
test_11312,0.8947935810
test_11313,0.0000000000
test_11314,0.0014490182
test_11315,0.2276315225
test_11316,0.0049342502
test_11317,0.9124400794
test_11318,0.9630829827
test_11319,0.0000005156
test_11320,0.1184041866
test_11321,0.0005661438
test_11322,0.0002764128
test_11323,0.0000003556
test_11324,0.0695842095
test_11325,0.9878952307
test_11326,0.0000000001
test_11327,0.9998413482
test_11328,0.9999999992
test_11329,0.0000399784
test_11330,0.1263730697
test_11331,0.0000133851
test_11332,0.9999987518
test_11333,0.9933277309
test_11334,0.0949401896
test_11335,0.8184119282
test_11336,0.9695065180
test_11337,0.9999993318
test_11338,0.5970900168
test_11339,0.0126545531
test_11340,0.2298484601
test_11341,0.9889573563
test_11342,0.0093066995
test_11343,0.9992471447
test_11344,0.0000562442
test_11345,0.0051624900
test_11346,0.0068688378
test_11347,0.9729969652
test_11348,0.0043230756
test_11349,0.0001761854
test_11350,0.9261802276
test_11351,0.0000000300
test_11352,0.0000001872
test_11353,0.9999999963
test_11354,0.2311934837
test_11355,0.0230940786
test_11356,0.0921553706
test_11357,0.0000010792
test_11358,0.0001831322
test_11359,0.0080357052
test_11360,0.2693679743
test_11361,0.0439344555
test_11362,0.0006219481
test_11363,0.0000005559
test_11364,0.0000000164
test_11365,0.0153629649
test_11366,0.9999991209
test_11367,0.0010959141
test_11368,0.0417370573
test_11369,0.0489684515
test_11370,0.9985078668
test_11371,0.0000227104
test_11372,0.0007752478
test_11373,0.0000000000
test_11374,0.8830443170
test_11375,0.0045767195
test_11376,0.0008987326
test_11377,0.9997976897
test_11378,0.0328559385
test_11379,0.0000331618
test_11380,0.0159616742
test_11381,0.0009194220
test_11382,0.9968662648
test_11383,0.1414580672
test_11384,0.0407467723
test_11385,0.9999256279
test_11386,0.9988035419
test_11387,0.9999999877
test_11388,0.3030952917
test_11389,0.0003894901
test_11390,0.9640711996
test_11391,0.9013448940
test_11392,0.9999885833
test_11393,0.9807293156
test_11394,0.8238617761
test_11395,0.0550198530
test_11396,0.0222836542
test_11397,0.0000000859
test_11398,0.9994183578
test_11399,0.9317592111
test_11400,0.0873698661
test_11401,0.9999998305
test_11402,0.9865753293
test_11403,0.2100386378
test_11404,0.9999787493
test_11405,0.0398952930
test_11406,0.1179974254
test_11407,0.0000000001
test_11408,0.0087054286
test_11409,0.0000000071
test_11410,0.0130029264
test_11411,0.0040872910
test_11412,0.9622120292
test_11413,0.0000001212
test_11414,0.0618361037
test_11415,0.9999077989
test_11416,0.0134271003
test_11417,0.9999797646
test_11418,0.8821195949
test_11419,0.9999642222
test_11420,0.0010585269
test_11421,0.0001682276
test_11422,0.0065619225
test_11423,0.0370228436
test_11424,0.9999996877
test_11425,0.0000126618
test_11426,0.0000040928
test_11427,0.9999977100
test_11428,0.0000613900
test_11429,0.9999872094
test_11430,0.0000775552
test_11431,0.9997977130
test_11432,0.9594629731
test_11433,0.0001673706
test_11434,0.9996859613
test_11435,1.0000000000
test_11436,0.9399024609
test_11437,0.9501946286
test_11438,0.0000000120
test_11439,0.0000525036
test_11440,0.0000058629
test_11441,0.0001274028
test_11442,0.0276642921
test_11443,0.9234055042
test_11444,0.0695874853
test_11445,0.0831418666
test_11446,0.0000000666
test_11447,0.3213912036
test_11448,0.1318020726
test_11449,0.9952924423
test_11450,0.9999956010
test_11451,0.9980694889
test_11452,0.9615224610
test_11453,0.0000015414
test_11454,0.0000001909
test_11455,0.0090451577
test_11456,0.0000002081
test_11457,0.9157934988
test_11458,0.0482861685
test_11459,0.0000021555
test_11460,0.1869086523
test_11461,0.9987374823
test_11462,0.9928850847
test_11463,0.0010337642
test_11464,0.9998050133
test_11465,0.9921026191
test_11466,0.9939030599
test_11467,0.0000006338
test_11468,0.9683150894
test_11469,0.0000140851
test_11470,0.0000854757
test_11471,0.9870209603
test_11472,0.0011211275
test_11473,0.9990468827
test_11474,0.9999138498
test_11475,0.0109568037
test_11476,0.0123134931
test_11477,0.9599297787
test_11478,0.0512293861
test_11479,0.0974421529
test_11480,0.9997705973
test_11481,0.0092762353
test_11482,0.9659710639
test_11483,0.9999816476
test_11484,0.0000781073
test_11485,0.9999963848
test_11486,0.9137729101
test_11487,0.0478902381
test_11488,0.0000061498
test_11489,0.9999962539
test_11490,0.9965462925
test_11491,0.0321463523
test_11492,0.0419039516
test_11493,0.9999040371
test_11494,0.1180549269
test_11495,0.0008844686
test_11496,0.9997787521
test_11497,0.9997016059
test_11498,0.8778661107
test_11499,0.9932711402
test_11500,0.0000978703
test_11501,0.9392592360
test_11502,0.0000572728
test_11503,0.0517221955
test_11504,0.9999988164
test_11505,0.9999713326
test_11506,0.0000000302
test_11507,0.0000150296
test_11508,0.0000000001
test_11509,0.0920240659
test_11510,0.0001118054
test_11511,0.0122173525
test_11512,0.0000000032
test_11513,0.0606352140
test_11514,0.0639978089
test_11515,0.0000957734
test_11516,0.0002140709
test_11517,0.0859545096
test_11518,0.6326723736
test_11519,0.9998548871
test_11520,0.9406019094
test_11521,0.0004838465
test_11522,0.0000000006
test_11523,0.4484796931
test_11524,0.0008630265
test_11525,0.9899577215
test_11526,0.1523444461
test_11527,0.0190348429
test_11528,0.2061913075
test_11529,0.0000021673
test_11530,0.9945682586
test_11531,0.9999328571
test_11532,0.9999969758
test_11533,0.0071113816
test_11534,0.9999959082
test_11535,0.8278999139
test_11536,0.9999895971
test_11537,0.9999955968
test_11538,0.0170539498
test_11539,0.9999999951
test_11540,0.9999993049
test_11541,0.0048209931
test_11542,0.0000419193
test_11543,0.9999836868
test_11544,0.0000079874
test_11545,0.9997563591
test_11546,0.0000000651
test_11547,0.9999191663
test_11548,0.3853642922
test_11549,0.0000056830
test_11550,0.9949302545
test_11551,0.0193952261
test_11552,0.9936959466
test_11553,0.9995696529
test_11554,0.1936548009
test_11555,1.0000000000
test_11556,0.0592016116
test_11557,0.9926168465
test_11558,0.9999999928
test_11559,0.0006025976
test_11560,0.1338609788
test_11561,0.0002497840
test_11562,0.9999999741
test_11563,0.9999989925
test_11564,0.0021640982
test_11565,0.1826380869
test_11566,0.0000000709
test_11567,0.9883291038
test_11568,0.0000057359
test_11569,0.9999340420
test_11570,0.0000009569
test_11571,0.0787645319
test_11572,0.0000332522
test_11573,0.4052031211
test_11574,0.9999996201
test_11575,0.9372616472
test_11576,0.9999398293
test_11577,0.9999998953
test_11578,0.2361293696
test_11579,0.9997826321
test_11580,0.9999948647
test_11581,0.9189621734
test_11582,0.0000000764
test_11583,0.0368172346
test_11584,0.9992364288
test_11585,0.0827964626
test_11586,1.0000000000
test_11587,0.9999969814
test_11588,0.2771196355
test_11589,0.9819155038
test_11590,0.9947351535
test_11591,0.9249584723
test_11592,0.9999998375
test_11593,0.0002201544
test_11594,0.9975795340
test_11595,0.0000011302
test_11596,0.9931994095
test_11597,1.0000000000
test_11598,0.0037437115
test_11599,0.0944049880
test_11600,0.0057287310
test_11601,0.9988064966
test_11602,0.1435967918
test_11603,0.9902378406
test_11604,0.9999891956
test_11605,0.9999999963
test_11606,0.0025108682
test_11607,0.9936212198
test_11608,0.0055056130
test_11609,1.0000000000
test_11610,0.0071271929
test_11611,0.9999997188
test_11612,0.9999994780
test_11613,0.9999979088
test_11614,0.0726567171
test_11615,0.9999260390
test_11616,0.9968372717
test_11617,0.9999963148
test_11618,0.9977577274
test_11619,0.8964812140
test_11620,0.0037227358
test_11621,0.0000000213
test_11622,0.9919893270
test_11623,0.0000010062
test_11624,0.9612951292
test_11625,0.9997347530
test_11626,0.9997370593
test_11627,0.9999980091
test_11628,0.0000000498
test_11629,0.7981335141
test_11630,0.0002937051
test_11631,0.0009440807
test_11632,0.0017901879
test_11633,0.9979502230
test_11634,0.9257447782
test_11635,0.9999985184
test_11636,0.9999933070
test_11637,0.9999706687
test_11638,0.9701297220
test_11639,0.0493251495
test_11640,0.9996908019
test_11641,0.9999999116
test_11642,0.9998831928
test_11643,0.9993779086
test_11644,0.9999999439
test_11645,0.0857417394
test_11646,0.0000000005
test_11647,0.0006460977
test_11648,0.9999999348
test_11649,0.1391266167
test_11650,0.9997445532
test_11651,0.0113952120
test_11652,0.0000003958
test_11653,0.1619224363
test_11654,0.0153888162
test_11655,0.1833077555
test_11656,0.9998444188
test_11657,0.0000217656
test_11658,0.0000170919
test_11659,0.0000033419
test_11660,0.7737147281
test_11661,0.0000040452
test_11662,0.9999940062
test_11663,0.0000000392
test_11664,0.0227394483
test_11665,0.0219431698
test_11666,0.0005145196
test_11667,0.1217789625
test_11668,0.9999999858
test_11669,0.9999542991
test_11670,0.0011722337
test_11671,0.3236091884
test_11672,0.9998713429
test_11673,0.3459313218
test_11674,0.0000024595
test_11675,0.0730621892
test_11676,0.9999972269
test_11677,0.9633016950
test_11678,0.0416743519
test_11679,0.9999000710
test_11680,0.0000042299
test_11681,0.0001627523
test_11682,0.0061959289
test_11683,0.8241685667
test_11684,0.8013406434
test_11685,0.0761345724
test_11686,0.9839694109
test_11687,0.0425393667
test_11688,0.0552951393
test_11689,0.0000339676
test_11690,0.9987410288
test_11691,0.9999077255
test_11692,0.0863779731
test_11693,0.6263270983
test_11694,0.0000190350
test_11695,0.9999979447
test_11696,0.0000163478
test_11697,0.0000000002
test_11698,0.0019715165
test_11699,0.5399242143
test_11700,0.1053330331
test_11701,0.1274128333
test_11702,0.0000190878
test_11703,0.0000349767
test_11704,0.9871330403
test_11705,0.9999709281
test_11706,0.9999980345
test_11707,0.0098919759
test_11708,0.9999999775
test_11709,0.9986658572
test_11710,0.9632018306
test_11711,0.8875370248
test_11712,0.1071438344
test_11713,0.8965456698
test_11714,0.9999998466
test_11715,0.9987728248
test_11716,0.0016655435
test_11717,0.0000000087
test_11718,0.0005312051
test_11719,0.0000007547
test_11720,0.9999822537
test_11721,0.9899303720
test_11722,0.9998534693
test_11723,0.9580401316
test_11724,0.0000000000
test_11725,0.1794352507
test_11726,0.9991416542
test_11727,0.9995175752
test_11728,0.9582471632
test_11729,0.9908921752
test_11730,0.0059706564
test_11731,0.0000250082
test_11732,0.9999888606
test_11733,0.9999999999
test_11734,0.0000086946
test_11735,0.9876720146
test_11736,0.0080035854
test_11737,0.9825366443
test_11738,0.9999931746
test_11739,0.8787039115
test_11740,0.0062306346
test_11741,0.1979885941
test_11742,0.0457591877
test_11743,0.9795941880
test_11744,0.9453230840
test_11745,0.0000058738
test_11746,0.9674875417
test_11747,0.0000090148
test_11748,0.0000219804
test_11749,0.9999872969
test_11750,0.0161405099
test_11751,0.9999996532
test_11752,0.9999999480
test_11753,0.0010844420
test_11754,0.9356297829
test_11755,0.1522100357
test_11756,0.9999981303
test_11757,0.0024629293
test_11758,0.0001130669
test_11759,0.9955905062
test_11760,0.8092445966
test_11761,0.9999777847
test_11762,0.9998430608
test_11763,0.8418684861
test_11764,0.9999999927
test_11765,0.0000035288
test_11766,0.9395923514
test_11767,0.1017339783
test_11768,0.0000540963
test_11769,0.0020690765
test_11770,0.0036922024
test_11771,0.9996244261
test_11772,0.9918890810
test_11773,0.0000305314
test_11774,0.0000932513
test_11775,0.9996208465
test_11776,0.1247071887
test_11777,0.9050146688
test_11778,0.9999987790
test_11779,0.9999912281
test_11780,0.9999999933
test_11781,0.0000000863
test_11782,0.0000001217
test_11783,0.0008717614
test_11784,0.9999999721
test_11785,0.0000019291
test_11786,0.9950808616
test_11787,0.0000006892
test_11788,0.0000007762
test_11789,0.0000080045
test_11790,0.0000000088
test_11791,0.9999970383
test_11792,0.9955379571
test_11793,0.9944454012
test_11794,0.9986768573
test_11795,0.9999977024
test_11796,0.0000000005
test_11797,0.9718654077
test_11798,0.0006258305
test_11799,0.9999998369
test_11800,0.0000048933
test_11801,0.0284072505
test_11802,0.0001380003
test_11803,0.0000017470
test_11804,0.0000007989
test_11805,0.0040830111
test_11806,0.0068764430
test_11807,0.9999990229
test_11808,0.9999873346
test_11809,0.1232571660
test_11810,0.9992112779
test_11811,0.0000000592
test_11812,0.0270995057
test_11813,0.0000002573
test_11814,0.0558984902
test_11815,0.0000028172
test_11816,0.9999802273
test_11817,0.0881944125
test_11818,0.0000028598
test_11819,0.9879514621
test_11820,0.8083931438
test_11821,0.9999999994
test_11822,0.9155334476
test_11823,0.9970555396
test_11824,0.9999056480
test_11825,0.9994030652
test_11826,0.0000139248
test_11827,0.9999946392
test_11828,0.0212809764
test_11829,0.0573637082
test_11830,0.9997082236
test_11831,0.0120917786
test_11832,0.0091142531
test_11833,0.0000003415
test_11834,0.5961518868
test_11835,0.0005097074
test_11836,0.9369908158
test_11837,0.9999997753
test_11838,0.0007530291
test_11839,0.0044143090
test_11840,0.0050791997
test_11841,0.0069294238
test_11842,0.0000419456
test_11843,0.0000001782
test_11844,0.0005924985
test_11845,0.9844686934
test_11846,0.0244561901
test_11847,0.9988071794
test_11848,0.8140194655
test_11849,0.0000000000
test_11850,0.9999997437
test_11851,0.0100865882
test_11852,0.0092571024
test_11853,0.9999999832
test_11854,0.0000031905
test_11855,0.9724357385
test_11856,0.9191076509
test_11857,0.0001157432
test_11858,0.9999999955
test_11859,0.1154446394
test_11860,0.2019231902
test_11861,0.0007455112
test_11862,0.0000175599
test_11863,0.0194102378
test_11864,0.9595413029
test_11865,0.9835719570
test_11866,0.9991828616
test_11867,0.9803209905
test_11868,0.0005551747
test_11869,0.9847103128
test_11870,0.9996957334
test_11871,0.9999999574
test_11872,0.9999917591
test_11873,0.8952435332
test_11874,0.9357112152
test_11875,0.9994534841
test_11876,0.9999997177
test_11877,0.0828950310
test_11878,0.8551599507
test_11879,0.5858497733
test_11880,0.2135184643
test_11881,0.9972767087
test_11882,0.9999991354
test_11883,0.0000082684
test_11884,0.9999981415
test_11885,0.0283506190
test_11886,0.0000835846
test_11887,0.9999999998
test_11888,0.0922705977
test_11889,0.0000294410
test_11890,0.0001061052
test_11891,0.8956403377
test_11892,0.0000329960
test_11893,0.9968534190
test_11894,0.6174645512
test_11895,0.0335528236
test_11896,0.9999500909
test_11897,0.0036750858
test_11898,0.0646647694
test_11899,0.9998116739
test_11900,0.8889524730
test_11901,0.9668715797
test_11902,0.9693821125
test_11903,0.9999412504
test_11904,0.9999999986
test_11905,1.0000000000
test_11906,0.0000000000
test_11907,0.9991410341
test_11908,0.0000000180
test_11909,0.0000090300
test_11910,0.9995633864
test_11911,0.9365765617
test_11912,0.0000004674
test_11913,0.0356465241
test_11914,0.0054214197
test_11915,0.0000025338
test_11916,0.0000757558
test_11917,0.0520766268
test_11918,0.8977736578
test_11919,0.1271299208
test_11920,0.9311743402
test_11921,0.1450131558
test_11922,0.0004051608
test_11923,0.9996375111
test_11924,0.9927546392
test_11925,0.9999936884
test_11926,0.9999998667
test_11927,0.9998264137
test_11928,0.8902963225
test_11929,0.0000107169
test_11930,0.9999999514
test_11931,0.8883182380
test_11932,0.0034732714
test_11933,0.9533499522
test_11934,0.0015235256
test_11935,0.0000051878
test_11936,0.9999979807
test_11937,0.0000188666
test_11938,0.9999999960
test_11939,0.0058612024
test_11940,0.0525538326
test_11941,0.0000004576
test_11942,0.9479233719
test_11943,0.0000092980
test_11944,0.0000004549
test_11945,0.9453684473
test_11946,0.6829486685
test_11947,0.1193557922
test_11948,0.0314555048
test_11949,0.1090483926
test_11950,0.0000049369
test_11951,0.0000020008
test_11952,0.0000000045
test_11953,0.9219409968
test_11954,0.0025618739
test_11955,0.9999999801
test_11956,0.0722107897
test_11957,0.9701908871
test_11958,0.3242942570
test_11959,0.9957683382
test_11960,0.0000054519
test_11961,0.0027396621
test_11962,0.0000504010
test_11963,0.9999973884
test_11964,0.0772725257
test_11965,0.9779379662
test_11966,0.9999659557
test_11967,0.0158063409
test_11968,0.9999996351
test_11969,0.0000002335
test_11970,0.0005525633
test_11971,0.0449701348
test_11972,0.9999998453
test_11973,0.0729413708
test_11974,0.9999986384
test_11975,0.9999999895
test_11976,0.0006089742
test_11977,0.9938019218
test_11978,0.9999928799
test_11979,0.9749742628
test_11980,0.9933660263
test_11981,0.0000224706
test_11982,0.9999999760
test_11983,0.9957649234
test_11984,0.8678115856
test_11985,0.0071694233
test_11986,0.3228798730
test_11987,0.0517924337
test_11988,0.9994014619
test_11989,0.0314398994
test_11990,0.9999999536
test_11991,0.9983535815
test_11992,0.0000055013
test_11993,0.9330204545
test_11994,0.4328073232
test_11995,0.9802090079
test_11996,0.0000019159
test_11997,0.9999996835
test_11998,0.0061922242
test_11999,0.0489312837
test_12000,0.9891504260
test_12001,0.0000053527
test_12002,0.0096678886
test_12003,0.9887200667
test_12004,0.0308286047
test_12005,0.0000295837
test_12006,0.0012529552
test_12007,0.8855705814
test_12008,0.0000880612
test_12009,0.0863492361
test_12010,0.0000897132
test_12011,0.9983180286
test_12012,0.9765175077
test_12013,0.0000003628
test_12014,0.9360519614
test_12015,0.9999957150
test_12016,0.9951718647
test_12017,1.0000000000
test_12018,0.9999999854
test_12019,0.9999814351
test_12020,0.0136070020
test_12021,0.9929275724
test_12022,0.9997831402
test_12023,0.0000185301
test_12024,0.0007904722
test_12025,0.9220453579
test_12026,0.0636223797
test_12027,0.9891622392
test_12028,0.0023226004
test_12029,0.0173238459
test_12030,0.0001435506
test_12031,0.9951316369
test_12032,0.0000252862
test_12033,1.0000000000
test_12034,0.9999999836
test_12035,0.8148749428
test_12036,0.0002572551
test_12037,0.9720016329
test_12038,0.0115009298
test_12039,0.0000002118
test_12040,0.9998848330
test_12041,0.9994677478
test_12042,0.0009835022
test_12043,0.9999868552
test_12044,0.0000000282
test_12045,0.0000010141
test_12046,0.9999999995
test_12047,0.0000152976
test_12048,0.9999507549
test_12049,0.0022158936
test_12050,0.0138036594
test_12051,0.0124858978
test_12052,0.0027720679
test_12053,0.0169666353
test_12054,0.9998240800
test_12055,0.9999511774
test_12056,0.6006293489
test_12057,0.9712687892
test_12058,0.7111938186
test_12059,0.9999996562
test_12060,0.9999999949
test_12061,0.0000002285
test_12062,0.0018869180
test_12063,0.9999965256
test_12064,0.9999994776
test_12065,0.0502016339
test_12066,0.0386554673
test_12067,0.9995321837
test_12068,0.0001328036
test_12069,0.0034730088
test_12070,0.0002150447
test_12071,0.9999960191
test_12072,0.9233708762
test_12073,0.0002344234
test_12074,0.0640031141
test_12075,0.9974555542
test_12076,0.9733428036
test_12077,0.0949033545
test_12078,0.9999999992
test_12079,0.0576495196
test_12080,0.0001396344
test_12081,0.9999999971
test_12082,0.0007803101
test_12083,0.2191483031
test_12084,0.9999733204
test_12085,0.9993798541
test_12086,0.9999960846
test_12087,0.9998017135
test_12088,0.0693454795
test_12089,0.0024969171
test_12090,0.1651555527
test_12091,0.9999984492
test_12092,0.9999523952
test_12093,0.9999695773
test_12094,0.9999658494
test_12095,0.9986779675
test_12096,0.9968408238
test_12097,0.0000768400
test_12098,0.9585416877
test_12099,0.0000005930
test_12100,0.0376045220
test_12101,0.9983373874
test_12102,0.0000000044
test_12103,0.0000001666
test_12104,0.0198857759
test_12105,0.0000253503
test_12106,0.9988168727
test_12107,0.9996238056
test_12108,0.9519202171
test_12109,0.0000074869
test_12110,0.0000528017
test_12111,0.9999994765
test_12112,0.9999255951
test_12113,0.9439613508
test_12114,0.9999999494
test_12115,0.0000000225
test_12116,0.0000000003
test_12117,0.0000304956
test_12118,0.9999655828
test_12119,0.9834532469
test_12120,0.9999138839
test_12121,0.1819804395
test_12122,0.0000884630
test_12123,0.0000000043
test_12124,0.9863703040
test_12125,0.0120737401
test_12126,0.9999999399
test_12127,0.9999940136
test_12128,0.9990535297
test_12129,0.2038223525
test_12130,0.9983238094
test_12131,0.9965289316
test_12132,0.0008203737
test_12133,0.9999999805
test_12134,0.9999735158
test_12135,0.0005658836
test_12136,0.9999931654
test_12137,0.8836807612
test_12138,0.0804237885
test_12139,0.8175841282
test_12140,0.9915396949
test_12141,0.0001362299
test_12142,0.9037911433
test_12143,0.9963307791
test_12144,0.0112372729
test_12145,0.0286744984
test_12146,0.9999999546
test_12147,0.0001265040
test_12148,0.0010890633
test_12149,0.9999999433
test_12150,0.0000000128
test_12151,0.9963224036
test_12152,0.9846438863
test_12153,0.1032794738
test_12154,1.0000000000
test_12155,0.9743099579
test_12156,0.0352066680
test_12157,0.9588425607
test_12158,0.0000714628
test_12159,0.9999999747
test_12160,0.9989997006
test_12161,0.9999920168
test_12162,0.9999340834
test_12163,0.4065754927
test_12164,0.9996461103
test_12165,0.0004631810
test_12166,0.9995367628
test_12167,0.9999858396
test_12168,0.0000143377
test_12169,0.9999284899
test_12170,0.0000059197
test_12171,0.0000000456
test_12172,0.9902800235
test_12173,0.9999999855
test_12174,0.3859437636
test_12175,0.9999997447
test_12176,0.0763726523
test_12177,0.0006097119
test_12178,0.8302637250
test_12179,0.0112692785
test_12180,0.9998683223
test_12181,0.9999802004
test_12182,0.9022149028
test_12183,0.9999999646
test_12184,0.0000141305
test_12185,0.9999977560
test_12186,0.9737498180
test_12187,0.0013801088
test_12188,0.0000060107
test_12189,0.2344420350
test_12190,0.9214269625
test_12191,0.9999999598
test_12192,0.0000041982
test_12193,0.0000042702
test_12194,0.0000369711
test_12195,0.0000062788
test_12196,0.0109897298
test_12197,0.0128165418
test_12198,0.0032319074
test_12199,0.0526735294
test_12200,0.7937080740
test_12201,0.0000003533
test_12202,0.9990685950
test_12203,0.9988577160
test_12204,0.0025198051
test_12205,0.0001290357
test_12206,0.0069082353
test_12207,0.0065400462
test_12208,0.9999991274
test_12209,0.9999770338
test_12210,0.1207695162
test_12211,0.0000000365
test_12212,0.9349688294
test_12213,0.0000020665
test_12214,0.9988765695
test_12215,0.9972085176
test_12216,0.1815542387
test_12217,0.0000007186
test_12218,0.0268700734
test_12219,0.0043736328
test_12220,0.0034863701
test_12221,0.0004038385
test_12222,0.0000001973
test_12223,0.0000003565
test_12224,0.9453637771
test_12225,0.0012319559
test_12226,0.0768350915
test_12227,0.0192097438
test_12228,0.9995972996
test_12229,0.0006358807
test_12230,0.0170818381
test_12231,0.0081177325
test_12232,0.0143568954
test_12233,0.0049094934
test_12234,0.9729309420
test_12235,0.1128674039
test_12236,0.0012744455
test_12237,0.8360014311
test_12238,0.9998992331
test_12239,0.9999990805
test_12240,0.0274010719
test_12241,0.0777120886
test_12242,0.0000000019
test_12243,0.9999713489
test_12244,0.0000014171
test_12245,0.1820141590
test_12246,0.9999837872
test_12247,0.0000000041
test_12248,0.0000039250
test_12249,0.0000046348
test_12250,0.1088294739
test_12251,0.0000000026
test_12252,0.0369631749
test_12253,0.8934457940
test_12254,0.9566186179
test_12255,0.0309185832
test_12256,0.0010700928
test_12257,0.2822361164
test_12258,0.0265144926
test_12259,0.9709802308
test_12260,0.9998097141
test_12261,0.9999988804
test_12262,0.3375514706
test_12263,0.0119896792
test_12264,0.0755752285
test_12265,0.0001293723
test_12266,0.6272488785
test_12267,0.0017860388
test_12268,0.0000785982
test_12269,0.9681318156
test_12270,0.0213920840
test_12271,0.1456172401
test_12272,0.9999898135
test_12273,0.0068482126
test_12274,0.9580980147
test_12275,0.0000000562
test_12276,0.7079447166
test_12277,0.3093959748
test_12278,0.0000025714
test_12279,0.8016025735
test_12280,0.9999965611
test_12281,0.0000410517
test_12282,0.0000929709
test_12283,0.8693207654
test_12284,0.0001175893
test_12285,0.0117917251
test_12286,0.1842072228
test_12287,0.9029031462
test_12288,0.9999999999
test_12289,0.0000000024
test_12290,0.0000028905
test_12291,0.9993730118
test_12292,0.9536146403
test_12293,0.9082870954
test_12294,0.0036305669
test_12295,0.9920938125
test_12296,0.9975720135
test_12297,0.0000003031
test_12298,0.0870586913
test_12299,0.9476782103
test_12300,0.0334191332
test_12301,0.9206868008
test_12302,0.0070627438
test_12303,0.0000000907
test_12304,0.9999996139
test_12305,0.0000000000
test_12306,0.9849917303
test_12307,0.9791080995
test_12308,0.0049071046
test_12309,0.9999823053
test_12310,0.0096006924
test_12311,0.9999931916
test_12312,0.9990610376
test_12313,0.0154271770
test_12314,0.9998210789
test_12315,0.0161530435
test_12316,0.0001550767
test_12317,0.0000003952
test_12318,0.0000680496
test_12319,0.9996038952
test_12320,0.9999995339
test_12321,0.9999919813
test_12322,0.0008736388
test_12323,0.0019405183
test_12324,0.0001905695
test_12325,0.9844404508
test_12326,0.9999984542
test_12327,0.9969356367
test_12328,0.0000005091
test_12329,0.2029523724
test_12330,0.9999294283
test_12331,0.0003092780
test_12332,0.9910496778
test_12333,0.0000012690
test_12334,0.0558919512
test_12335,0.9940640710
test_12336,0.0167601899
test_12337,0.1300926529
test_12338,0.0120734741
test_12339,0.9999887122
test_12340,0.9615707589
test_12341,0.0024847329
test_12342,0.0000000276
test_12343,0.0000008881
test_12344,0.9713600532
test_12345,0.9999864448
test_12346,0.9973022511
test_12347,0.6085202780
test_12348,0.0936190358
test_12349,0.8880872940
test_12350,0.0001524053
test_12351,0.0208414718
test_12352,0.9841247263
test_12353,0.9932191381
test_12354,0.3217412641
test_12355,0.0000000257
test_12356,0.9731510426
test_12357,0.9999943945
test_12358,0.0000566675
test_12359,0.6830681452
test_12360,0.0852875083
test_12361,0.9976657822
test_12362,0.9737612211
test_12363,0.0014952535
test_12364,0.0000002530
test_12365,0.9994221662
test_12366,0.0183539724
test_12367,0.0071720366
test_12368,0.9999993852
test_12369,0.9597629513
test_12370,0.0000686401
test_12371,0.9999544737
test_12372,0.9999997065
test_12373,0.9999935883
test_12374,0.0000209160
test_12375,0.9990702286
test_12376,0.0000917267
test_12377,0.0000000008
test_12378,0.0043170025
test_12379,0.0007131331
test_12380,0.0000000502
test_12381,0.3580845929
test_12382,0.0000062675
test_12383,0.0000002973
test_12384,0.9333252723
test_12385,0.0416504206
test_12386,0.9565823406
test_12387,0.9999999646
test_12388,0.0003167413
test_12389,0.1573832131
test_12390,0.9999786847
test_12391,0.9998197713
test_12392,0.0000000414
test_12393,0.0006786330
test_12394,0.0183344297
test_12395,0.9962914652
test_12396,0.8068089327
test_12397,0.0003207944
test_12398,0.0015638218
test_12399,0.0000000144
test_12400,0.9999999975
test_12401,0.0000000469
test_12402,0.0020327960
test_12403,0.9999979550
test_12404,0.0002714124
test_12405,0.0157987088
test_12406,0.9934604213
test_12407,0.9997260890
test_12408,0.9997459662
test_12409,0.9703154399
test_12410,0.0000000502
test_12411,0.9864308419
test_12412,0.9999999981
test_12413,0.0301913505
test_12414,0.0000059858
test_12415,0.2049173938
test_12416,0.4424726511
test_12417,0.9917874221
test_12418,0.9999999961
test_12419,0.9667959547
test_12420,0.9999730057
test_12421,0.0009201745
test_12422,0.9999999947
test_12423,0.0000084560
test_12424,0.0128664623
test_12425,0.0554230288
test_12426,0.9952585567
test_12427,0.9162813449
test_12428,0.9952308184
test_12429,0.9576902494
test_12430,0.9999997121
test_12431,0.9973673411
test_12432,0.8058624640
test_12433,0.3989227622
test_12434,0.9923473922
test_12435,0.0004044316
test_12436,0.0005153142
test_12437,0.0018654771
test_12438,0.0001159081
test_12439,0.0000009721
test_12440,0.9983280571
test_12441,0.9967018369
test_12442,0.9999999990
test_12443,0.0003409272
test_12444,0.0246564579
test_12445,0.9932208519
test_12446,0.0506797343
test_12447,0.0000000000
test_12448,0.0000000092
test_12449,0.7023916534
test_12450,0.9999829497
test_12451,0.9999798804
test_12452,0.5191093405
test_12453,0.9995299248
test_12454,0.9958391097
test_12455,0.0001335060
test_12456,0.0040410695
test_12457,0.0014359227
test_12458,0.9951372658
test_12459,0.9949735949
test_12460,0.0000045874
test_12461,0.9999999929
test_12462,0.0000725761
test_12463,0.4876680510
test_12464,0.0000054449
test_12465,0.9999619032
test_12466,0.0000002301
test_12467,0.9999163038
test_12468,0.0022145148
test_12469,0.0000350852
test_12470,0.9999999975
test_12471,0.9653169793
test_12472,0.0000007731
test_12473,0.9799860401
test_12474,0.0379128479
test_12475,0.0600840415
test_12476,0.9827259797
test_12477,0.0000003075
test_12478,0.9999882346
test_12479,0.0000000018
test_12480,0.0000074662
test_12481,0.0116030641
test_12482,0.9968230714
test_12483,0.0000001514
test_12484,0.9995974667
test_12485,0.0000003330
test_12486,0.0000061062
test_12487,0.1662932246
test_12488,0.0000022802
test_12489,0.9999999980
test_12490,0.0088263610
test_12491,0.0000079946
test_12492,0.9615694156
test_12493,0.9995833404
test_12494,0.9340166644
test_12495,0.0003357600
test_12496,0.9848120644
test_12497,0.0000000125
test_12498,0.6505570630
test_12499,0.9966658443
test_12500,0.9999999873
test_12501,0.9888593713
test_12502,0.0091042981
test_12503,0.9999940071
test_12504,0.9998497467
test_12505,0.1419737282
test_12506,0.9987642865
test_12507,0.9498999496
test_12508,0.9782759240
test_12509,0.0000030172
test_12510,0.3260219723
test_12511,0.0020480016
test_12512,0.0108699136
test_12513,0.0001675962
test_12514,0.9882959064
test_12515,0.0237598763
test_12516,0.9999234274
test_12517,0.0000008741
test_12518,0.0000866804
test_12519,0.0015159552
test_12520,0.0000000003
test_12521,0.0000000190
test_12522,0.0476055360
test_12523,0.0000000037
test_12524,0.9999997510
test_12525,0.0000019895
test_12526,0.9999999057
test_12527,0.0000000000
test_12528,0.0000000130
test_12529,0.1059809931
test_12530,0.9999242089
test_12531,0.1201879142
test_12532,0.0080810732
test_12533,0.9997674612
test_12534,0.9999963485
test_12535,0.9998881945
test_12536,0.0000558343
test_12537,0.9653466091
test_12538,0.9999995658
test_12539,0.0227773262
test_12540,0.0449050899
test_12541,0.0155996459
test_12542,0.0000001615
test_12543,0.0000288380
test_12544,0.0070710161
test_12545,0.9993130657
test_12546,0.0000658708
test_12547,0.0000000847
test_12548,0.4354313509
test_12549,0.9999635929
test_12550,0.9861933890
test_12551,0.0088577613
test_12552,0.9999963293
test_12553,0.9761389596
test_12554,0.0000083104
test_12555,0.9997873182
test_12556,0.0005139510
test_12557,0.7840894929
test_12558,0.0000159348
test_12559,0.9997806240
test_12560,0.9999936581
test_12561,0.9999875697
test_12562,0.0222549478
test_12563,0.9975063683
test_12564,0.0041377857
test_12565,0.0012301177
test_12566,0.9999999931
test_12567,0.0004244072
test_12568,0.0000043214
test_12569,0.9999590909
test_12570,0.9990094394
test_12571,0.0033439034
test_12572,0.9699308628
test_12573,0.0000039320
test_12574,0.0014018148
test_12575,0.0000000955
test_12576,0.9167926164
test_12577,0.0172897912
test_12578,0.0001193038
test_12579,0.7808977093
test_12580,0.0008717149
test_12581,0.6271953455
test_12582,0.0022705081
test_12583,0.9860710050
test_12584,0.8628570137
test_12585,0.9999993797
test_12586,0.1814869975
test_12587,0.0059054638
test_12588,0.0000000001
test_12589,0.0000000853
test_12590,0.9826563404
test_12591,0.9970807992
test_12592,0.0008782911
test_12593,0.0000059582
test_12594,0.9969529977
test_12595,0.9924667902
test_12596,0.0000037199
test_12597,0.9518284476
test_12598,0.0000000011
test_12599,0.0000776718
test_12600,0.9999372215
test_12601,0.9999946787
test_12602,0.0037782410
test_12603,0.9999881766
test_12604,0.0008048078
test_12605,0.0028571991
test_12606,0.9989862598
test_12607,0.0000005510
test_12608,0.9989362371
test_12609,0.9213609930
test_12610,0.0251165260
test_12611,0.0027196958
test_12612,0.0268720915
test_12613,0.9707300665
test_12614,0.9957859172
test_12615,0.0657302715
test_12616,0.0714506011
test_12617,0.0000000543
test_12618,0.0014719427
test_12619,0.9991389623
test_12620,0.9997719761
test_12621,0.0064533721
test_12622,0.0000000221
test_12623,0.8550751904
test_12624,0.9953399043
test_12625,0.0000000000
test_12626,0.0000001806
test_12627,0.0000001342
test_12628,0.0000000021
test_12629,0.9999999775
test_12630,0.0000000005
test_12631,0.9999999999
test_12632,0.8500536362
test_12633,0.1283492286
test_12634,0.0002133353
test_12635,0.0058089804
test_12636,0.9999971061
test_12637,0.8621552591
test_12638,0.0000343460
test_12639,0.9999828434
test_12640,0.0280965599
test_12641,0.0001804626
test_12642,0.0678794213
test_12643,0.9999999995
test_12644,0.0000056102
test_12645,0.9999998486
test_12646,0.9985286362
test_12647,0.0000008853
test_12648,0.0003672353
test_12649,0.0000000100
test_12650,0.9951989336
test_12651,0.9999940124
test_12652,0.0000000041
test_12653,0.9996311017
test_12654,0.0059114409
test_12655,0.9999994546
test_12656,0.9999979900
test_12657,0.9995070229
test_12658,0.9999997482
test_12659,0.0000000361
test_12660,0.0079085838
test_12661,0.9999999758
test_12662,0.9919872790
test_12663,0.0950832386
test_12664,0.0000195222
test_12665,0.9957622627
test_12666,0.0211151096
test_12667,0.9986399989
test_12668,0.0020021414
test_12669,0.4371544644
test_12670,0.9999962012
test_12671,0.9997089385
test_12672,0.0000000008
test_12673,0.0000024648
test_12674,0.9874345928
test_12675,0.0072035348
test_12676,0.9999980275
test_12677,0.9999681471
test_12678,0.0001252938
test_12679,0.9998663108
test_12680,0.9570251469
test_12681,0.0227261530
test_12682,0.9999242885
test_12683,0.0000000111
test_12684,0.9999993083
test_12685,0.0005209291
test_12686,0.9938142624
test_12687,0.5914306944
test_12688,0.6045694482
test_12689,0.2875865089
test_12690,0.1770782560
test_12691,0.9999841396
test_12692,0.9738530846
test_12693,0.8904996768
test_12694,0.0055297301
test_12695,0.0000000000
test_12696,0.4542389136
test_12697,0.0218352652
test_12698,0.9875186483
test_12699,0.0000818494
test_12700,0.0721997916
test_12701,0.9980539644
test_12702,0.0066718306
test_12703,0.0003912444
test_12704,0.9999420375
test_12705,0.9999999897
test_12706,0.0007202077
test_12707,0.9063787160
test_12708,0.8107318490
test_12709,0.9999999986
test_12710,0.0238409997
test_12711,0.4844259955
test_12712,0.9998411136
test_12713,0.0005061400
test_12714,0.0000000075
test_12715,0.0078543468
test_12716,0.0000000498
test_12717,0.0562015826
test_12718,0.0004966770
test_12719,0.7869544926
test_12720,0.9999876639
test_12721,0.9999493070
test_12722,0.9997305237
test_12723,0.0000000014
test_12724,0.0000041921
test_12725,0.8369714506
test_12726,0.9586878537
test_12727,0.7662704816
test_12728,0.9239293352
test_12729,0.9652949424
test_12730,0.0000036094
test_12731,0.9999922341
test_12732,0.0997767109
test_12733,0.9951290201
test_12734,0.9999145102
test_12735,0.9975119126
test_12736,0.9973672560
test_12737,0.9987727874
test_12738,0.0020805777
test_12739,0.9860975283
test_12740,0.0000001402
test_12741,0.0000006491
test_12742,0.1212971673
test_12743,0.0069997458
test_12744,0.0082150733
test_12745,0.0750529897
test_12746,0.9999798645
test_12747,0.9964242524
test_12748,0.7427958849
test_12749,0.0001890973
test_12750,0.0000002367
test_12751,0.0001427360
test_12752,0.9943486979
test_12753,0.0000002908
test_12754,0.0000000011
test_12755,0.9482594934
test_12756,0.9999938527
test_12757,0.9957550858
test_12758,0.0101940721
test_12759,0.0000001420
test_12760,0.9806443829
test_12761,0.8559371765
test_12762,0.0056692052
test_12763,0.8708568849
test_12764,0.0000000001
test_12765,0.9951404739
test_12766,0.0067015247
test_12767,0.0464879525
test_12768,0.9999999438
test_12769,0.9999764250
test_12770,0.0000000090
test_12771,0.0000052004
test_12772,0.1984856656
test_12773,1.0000000000
test_12774,0.0000002900
test_12775,0.9999999084
test_12776,0.0000000340
test_12777,0.0000174586
test_12778,0.9996284024
test_12779,0.0002113857
test_12780,0.9999999978
test_12781,0.9999999902
test_12782,0.0000001259
test_12783,0.9999992701
test_12784,0.0203745425
test_12785,0.9999859206
test_12786,0.9394389859
test_12787,0.9999997065
test_12788,0.0002717954
test_12789,0.9999966837
test_12790,0.0000000183
test_12791,0.0000355579
test_12792,0.0000000348
test_12793,0.9635791443
test_12794,0.0537730574
test_12795,0.9083767016
test_12796,0.9998046409
test_12797,0.9999989203
test_12798,0.9964501581
test_12799,0.0000000260
test_12800,0.0424963248
test_12801,0.1136759482
test_12802,0.0000000170
test_12803,0.9997485262
test_12804,0.9999999995
test_12805,0.0000010257
test_12806,0.0331798480
test_12807,0.9953149021
test_12808,0.0000000007
test_12809,0.9997168030
test_12810,0.0000000040
test_12811,0.8191630963
test_12812,0.9999344095
test_12813,0.9823236231
test_12814,0.0456995505
test_12815,0.2106837482
test_12816,0.0182128392
test_12817,0.0000513669
test_12818,0.0000000000
test_12819,0.0000000612
test_12820,0.9977381559
test_12821,0.0038352112
test_12822,0.9264467323
test_12823,0.9999694154
test_12824,0.0087138831
test_12825,0.1314330449
test_12826,0.1337119261
test_12827,0.0255223172
test_12828,0.9432524970
test_12829,0.9796176680
test_12830,0.0000010776
test_12831,0.0120118293
test_12832,0.9974442130
test_12833,0.0000000005
test_12834,0.9999986007
test_12835,0.9999960899
test_12836,0.3540549084
test_12837,0.9988679208
test_12838,0.9999844749
test_12839,0.0000000004
test_12840,0.0146831670
test_12841,0.0000017272
test_12842,0.0000210305
test_12843,0.9999999985
test_12844,0.9076770713
test_12845,0.0036730853
test_12846,0.0114842317
test_12847,0.6010686527
test_12848,0.9999829685
test_12849,0.0001982502
test_12850,0.9460419678
test_12851,0.0491430398
test_12852,0.0037010561
test_12853,0.9996748258
test_12854,0.0559823482
test_12855,0.0074448651
test_12856,0.9999974149
test_12857,0.9948210796
test_12858,0.0002488571
test_12859,0.9999995177
test_12860,0.9996869970
test_12861,0.0255088610
test_12862,0.0000010161
test_12863,0.0050387761
test_12864,0.0000000005
test_12865,0.9999921385
test_12866,0.2981514379
test_12867,0.9947413646
test_12868,0.9802936643
test_12869,0.0000001938
test_12870,0.9999931430
test_12871,0.4398564911
test_12872,0.9739553088
test_12873,0.9029289549
test_12874,0.9042517000
test_12875,0.0008853976
test_12876,0.0001648391
test_12877,0.2754839710
test_12878,0.9965174499
test_12879,0.9999998753
test_12880,0.5903993859
test_12881,0.0000000000
test_12882,0.9999999601
test_12883,0.0003144789
test_12884,0.0361744978
test_12885,0.0231091332
test_12886,0.1275696033
test_12887,0.0125453423
test_12888,0.0064750129
test_12889,0.0000000867
test_12890,1.0000000000
test_12891,0.0000000007
test_12892,0.0001665091
test_12893,0.9999994169
test_12894,0.0000070118
test_12895,0.9833615127
test_12896,0.9999362779
test_12897,0.9999529045
test_12898,0.1809806272
test_12899,0.0014600164
test_12900,0.9990164977
test_12901,0.9998228184
test_12902,0.9971759252
test_12903,0.8136576348
test_12904,0.9061869912
test_12905,0.9999996013
test_12906,0.0173333732
test_12907,0.0000000012
test_12908,0.9999921089
test_12909,0.9999952005
test_12910,0.0017630663
test_12911,0.9999912326
test_12912,0.9999990480
test_12913,0.0000000451
test_12914,0.0000000004
test_12915,0.9960661184
test_12916,0.9999998175
test_12917,0.9999845998
test_12918,0.0002454161
test_12919,0.8931608488
test_12920,0.9999999980
test_12921,0.0000000040
test_12922,0.0899378717
test_12923,0.9900098379
test_12924,0.9999997854
test_12925,0.9334463535
test_12926,0.9999880186
test_12927,0.0857488946
test_12928,0.2596228256
test_12929,0.9999998158
test_12930,0.9999975084
test_12931,0.0263589563
test_12932,0.0000256922
test_12933,0.9999933105
test_12934,0.9880286864
test_12935,0.0031392183
test_12936,0.8948852181
test_12937,0.7565344092
test_12938,0.2007692846
test_12939,0.9860067113
test_12940,0.9999990045
test_12941,0.1655677240
test_12942,0.0135536751
test_12943,0.0060207411
test_12944,0.9999973393
test_12945,0.0092886848
test_12946,0.9999999982
test_12947,0.9994112720
test_12948,0.0000055119
test_12949,0.0000045810
test_12950,0.7465040189
test_12951,0.1268500823
test_12952,0.8045462427
test_12953,0.9998964076
test_12954,0.0000005954
test_12955,0.2978891241
test_12956,0.9999958898
test_12957,0.9981971110
test_12958,0.0040035008
test_12959,0.3238684573
test_12960,0.9967607081
test_12961,0.1251361992
test_12962,0.0099952906
test_12963,0.9999999999
test_12964,0.0037019263
test_12965,0.3145365608
test_12966,0.9284293296
test_12967,0.0000014884
test_12968,0.0019855486
test_12969,0.9557265172
test_12970,0.2508538372
test_12971,0.0000000335
test_12972,0.0039812809
test_12973,0.0000000014
test_12974,0.0721360453
test_12975,0.2618087969
test_12976,0.0000001503
test_12977,0.0000001591
test_12978,0.9996902119
test_12979,0.0017242887
test_12980,0.0000002749
test_12981,0.9993110014
test_12982,0.9997511793
test_12983,0.0053587143
test_12984,0.9373481553
test_12985,0.9689815306
test_12986,0.9999966508
test_12987,0.9999994991
test_12988,0.0000002244
test_12989,0.9842414560
test_12990,0.9999999271
test_12991,0.7232660900
test_12992,0.0170182922
test_12993,0.9997915286
test_12994,0.0830673143
test_12995,0.8098204186
test_12996,0.9999611182
test_12997,0.2071222294
test_12998,0.9999999187
test_12999,0.9450626085
test_13000,0.0142064542
test_13001,0.9999999955
test_13002,0.0001843250
test_13003,0.9999981563
test_13004,0.0000859471
test_13005,0.9949430865
test_13006,0.0012151629
test_13007,0.0000641920
test_13008,0.3508610505
test_13009,0.9903947047
test_13010,0.3905219218
test_13011,0.0088880513
test_13012,0.0443426110
test_13013,1.0000000000
test_13014,0.0000348907
test_13015,0.9999999953
test_13016,0.0000028760
test_13017,0.8710965591
test_13018,0.0000028319
test_13019,0.9857463776
test_13020,0.0000039449
test_13021,0.2071587046
test_13022,0.0719175207
test_13023,0.9879006933
test_13024,0.9999531164
test_13025,0.9991850951
test_13026,0.9998004742
test_13027,0.9997391145
test_13028,0.0000730183
test_13029,0.9226411248
test_13030,0.0001416740
test_13031,0.4415757982
test_13032,0.9968150262
test_13033,0.0001609392
test_13034,0.9999815739
test_13035,0.0073407319
test_13036,0.5750514186
test_13037,0.9964133517
test_13038,0.9967967787
test_13039,0.9999996388
test_13040,0.9996927120
test_13041,0.9652600271
test_13042,0.9856730944
test_13043,0.9952034061
test_13044,0.9621018161
test_13045,0.0000191032
test_13046,0.8633015715
test_13047,0.0883584919
test_13048,0.0000000094
test_13049,0.9997583488
test_13050,0.0000000180
test_13051,0.0000036621
test_13052,0.9999996681
test_13053,0.9827753576
test_13054,0.0000920446
test_13055,0.0684781195
test_13056,0.9999752259
test_13057,0.0025329522
test_13058,0.0000016866
test_13059,0.3903105083
test_13060,0.9716190407
test_13061,0.9999999941
test_13062,0.9999999724
test_13063,0.2022759248
test_13064,0.0000293779
test_13065,0.9999605173
test_13066,0.8493670020
test_13067,0.0058889108
test_13068,0.8825881807
test_13069,0.9999999997
test_13070,0.9451555001
test_13071,0.0000003027
test_13072,0.0000131202
test_13073,0.5803976092
test_13074,0.9999991053
test_13075,0.9954854413
test_13076,0.0983739907
test_13077,0.2731310512
test_13078,0.9939602425
test_13079,0.9999803927
test_13080,0.0001526743
test_13081,0.0016215095
test_13082,0.9968219448
test_13083,0.9572481626
test_13084,0.9997717702
test_13085,0.9999999993
test_13086,0.8819648896
test_13087,0.0001458788
test_13088,0.9969415430
test_13089,0.0173533726
test_13090,0.0007143845
test_13091,0.0052799766
test_13092,0.9999997124
test_13093,0.0000000002
test_13094,0.9996343322
test_13095,0.3787453296
test_13096,0.0000000000
test_13097,0.0002101610
test_13098,0.0000007622
test_13099,0.0144035801
test_13100,0.0000038242
test_13101,0.0040194417
test_13102,0.0265404297
test_13103,0.0032376294
test_13104,0.0000000003
test_13105,0.9995305803
test_13106,0.9984722581
test_13107,0.9520004397
test_13108,0.9999999961
test_13109,0.0001744527
test_13110,0.9999999988
test_13111,0.9035830099
test_13112,0.9991302532
test_13113,0.9185923604
test_13114,0.0992994343
test_13115,0.8108028223
test_13116,0.7712648365
test_13117,0.0000878186
test_13118,0.0668867850
test_13119,0.0000263544
test_13120,0.0007137655
test_13121,0.8665519728
test_13122,0.0000002206
test_13123,0.0265080485
test_13124,0.9990521540
test_13125,0.9999450832
test_13126,0.0097226746
test_13127,0.9999998200
test_13128,0.9849762343
test_13129,0.2108551687
test_13130,0.9850198296
test_13131,0.0000037675
test_13132,0.9675884797
test_13133,0.0000466133
test_13134,0.0000566828
test_13135,0.0000000169
test_13136,0.0000070558
test_13137,0.9979962029
test_13138,0.9998640716
test_13139,0.0001294946
test_13140,0.0000275980
test_13141,0.9999999971
test_13142,0.0002439807
test_13143,0.9999932074
test_13144,0.0000000002
test_13145,0.0003146901
test_13146,0.9999997113
test_13147,1.0000000000
test_13148,0.0062443119
test_13149,0.0002996192
test_13150,0.0010170096
test_13151,0.9996335180
test_13152,0.0000366871
test_13153,0.9157284748
test_13154,0.0056158550
test_13155,0.9999995288
test_13156,0.0000145944
test_13157,0.9979700174
test_13158,0.9622864638
test_13159,0.9994989236
test_13160,0.8913880250
test_13161,0.0381182376
test_13162,0.6679878609
test_13163,0.9999999995
test_13164,0.0019988319
test_13165,0.0352094975
test_13166,0.0000464231
test_13167,0.0000210686
test_13168,0.5185038481
test_13169,0.0000742361
test_13170,0.0845964366
test_13171,0.0018614246
test_13172,0.8754582044
test_13173,0.0000000282
test_13174,0.9902474963
test_13175,0.0000000645
test_13176,0.0057658674
test_13177,0.0097456382
test_13178,0.0000002633
test_13179,0.0003487932
test_13180,0.9999991713
test_13181,0.0004149724
test_13182,0.9794327330
test_13183,0.9999996294
test_13184,0.0832231458
test_13185,1.0000000000
test_13186,0.9970484186
test_13187,0.9998035836
test_13188,0.0000137263
test_13189,0.0064097478
test_13190,0.0000000003
test_13191,0.0000001701
test_13192,0.9999912698
test_13193,0.0028523271
test_13194,0.9999602772
test_13195,0.0000042022
test_13196,0.9999999938
test_13197,0.0049352636
test_13198,0.1408507013
test_13199,0.9602131377
test_13200,0.0109636947
test_13201,0.0000001922
test_13202,0.5829067299
test_13203,0.9999999974
test_13204,0.1839083191
test_13205,0.1904223761
test_13206,0.0000000000
test_13207,0.9953904271
test_13208,0.0056347271
test_13209,0.0047529051
test_13210,0.9997446935
test_13211,0.8870744578
test_13212,0.9999995963
test_13213,0.1509037786
test_13214,0.0000001272
test_13215,0.0334545619
test_13216,0.9999999916
test_13217,0.9999973082
test_13218,1.0000000000
test_13219,0.0189463149
test_13220,0.9999988772
test_13221,0.0007661241
test_13222,0.9965491439
test_13223,0.1210145941
test_13224,0.9999889628
test_13225,0.0982494590
test_13226,0.9999612570
test_13227,0.9996424338
test_13228,0.0000000338
test_13229,0.0000000141
test_13230,0.0125605804
test_13231,0.9478895102
test_13232,0.9988787493
test_13233,0.0000001514
test_13234,0.9999906898
test_13235,0.0000076215
test_13236,0.0877516693
test_13237,0.0001588067
test_13238,0.9999995828
test_13239,0.9844301811
test_13240,0.0000000276
test_13241,0.0000379063
test_13242,0.0000107945
test_13243,0.9999632041
test_13244,0.9947665504
test_13245,0.2378580527
test_13246,0.9870360872
test_13247,0.9917597033
test_13248,0.9922769391
test_13249,0.0103132028
test_13250,0.9902754458
test_13251,0.0548919189
test_13252,0.0002839211
test_13253,0.0002327384
test_13254,0.0036161305
test_13255,0.9994441713
test_13256,0.0000235064
test_13257,0.0000117652
test_13258,0.9733143641
test_13259,0.9999998930
test_13260,0.0000343460
test_13261,0.0000000506
test_13262,0.0000018519
test_13263,0.0000013528
test_13264,0.9717515085
test_13265,0.9998743742
test_13266,0.9999711266
test_13267,0.0285600517
test_13268,0.0210821143
test_13269,0.0000000014
test_13270,0.0174331079
test_13271,0.0000107334
test_13272,0.0000000017
test_13273,0.9148905576
test_13274,0.0001160345
test_13275,0.0026773814
test_13276,0.0005627491
test_13277,0.0000878509
test_13278,0.0264554672
test_13279,0.0410499618
test_13280,0.0640102334
test_13281,0.9993505968
test_13282,0.0000477377
test_13283,0.0677127803
test_13284,0.9264072803
test_13285,0.0000000550
test_13286,0.9998935382
test_13287,0.0031736122
test_13288,0.9995518969
test_13289,0.0000000146
test_13290,0.9999999152
test_13291,0.9990261451
test_13292,0.9999999965
test_13293,0.9997580603
test_13294,0.3060755684
test_13295,0.9999992557
test_13296,0.9999977763
test_13297,0.0000750357
test_13298,0.9998189160
test_13299,0.9609189947
test_13300,0.0268841689
test_13301,0.9998695142
test_13302,0.9875347876
test_13303,0.0000813286
test_13304,0.9798134745
test_13305,0.0278725010
test_13306,0.0000000000
test_13307,0.0000008489
test_13308,0.9999977387
test_13309,0.9999967997
test_13310,1.0000000000
test_13311,0.9999186437
test_13312,0.1088751603
test_13313,0.2654887421
test_13314,0.9877381164
test_13315,0.9999999921
test_13316,0.0000748656
test_13317,0.9999949565
test_13318,0.0019280961
test_13319,0.9377666349
test_13320,0.0000148576
test_13321,0.9956432973
test_13322,0.0000233329
test_13323,0.9999962452
test_13324,0.0015338967
test_13325,0.0001122777
test_13326,0.0046461106
test_13327,0.9999999865
test_13328,0.0000194866
test_13329,0.0000081574
test_13330,0.0000061885
test_13331,0.1537830157
test_13332,0.0087645339
test_13333,0.9996823641
test_13334,0.0139014274
test_13335,0.0000000539
test_13336,0.0071714458
test_13337,0.9979273443
test_13338,0.8830550545
test_13339,0.9979766640
test_13340,0.0671600333
test_13341,0.9975142405
test_13342,0.0611126523
test_13343,0.9966041016
test_13344,0.9999999897
test_13345,0.9672155908
test_13346,0.7766665375
test_13347,0.0004026985
test_13348,0.0684588442
test_13349,0.0011434508
test_13350,0.0642557043
test_13351,0.9544325163
test_13352,0.0000000017
test_13353,0.0430003704
test_13354,0.9997064544
test_13355,0.2727781213
test_13356,0.9999998034
test_13357,0.0000030417
test_13358,0.9999942954
test_13359,0.9762373094
test_13360,0.9999999997
test_13361,0.0028596227
test_13362,1.0000000000
test_13363,0.0012147155
test_13364,0.9880826239
test_13365,0.9999813786
test_13366,0.9997569445
test_13367,0.9999532343
test_13368,0.9997598449
test_13369,0.0021697652
test_13370,0.9894394829
test_13371,0.9999999690
test_13372,0.9999999339
test_13373,0.7119630732
test_13374,0.9995593725
test_13375,0.9999583981
test_13376,0.9999985620
test_13377,0.0641791683
test_13378,0.0000021820
test_13379,0.0003030764
test_13380,0.6231512779
test_13381,0.0000663665
test_13382,0.9999970316
test_13383,0.9999840894
test_13384,0.7259258196
test_13385,0.8138342417
test_13386,0.0000000022
test_13387,0.0000000008
test_13388,0.0558956385
test_13389,0.0029678121
test_13390,0.0000003084
test_13391,0.9999356492
test_13392,0.0004562290
test_13393,0.9687868369
test_13394,0.9820283957
test_13395,0.9999993566
test_13396,0.2937574992
test_13397,0.9143627340
test_13398,0.3596756141
test_13399,0.9999268075
test_13400,0.9999926678
test_13401,0.0001825932
test_13402,0.9619915640
test_13403,0.9953263033
test_13404,0.9977689696
test_13405,0.9995695985
test_13406,0.9621632788
test_13407,0.0000000021
test_13408,0.1895791588
test_13409,0.9820140158
test_13410,0.6440715758
test_13411,0.9999960939
test_13412,0.9473494052
test_13413,0.0000889236
test_13414,0.0024851023
test_13415,0.9946654760
test_13416,0.9999999960
test_13417,0.0193535177
test_13418,0.0425090647
test_13419,0.6911716408
test_13420,0.9999948931
test_13421,0.0000003476
test_13422,0.0000000256
test_13423,0.1384679118
test_13424,0.9862200709
test_13425,0.0000061063
test_13426,0.0128999921
test_13427,0.9999999287
test_13428,0.9999999916
test_13429,0.9999972877
test_13430,0.0000209372
test_13431,0.8959383195
test_13432,0.0000004827
test_13433,0.0177201011
test_13434,0.9999984902
test_13435,0.0309975267
test_13436,0.0000001656
test_13437,0.0000117766
test_13438,0.9955621662
test_13439,0.9999999953
test_13440,0.9397327815
test_13441,0.9991401724
test_13442,0.9999076570
test_13443,0.4695911383
test_13444,0.9999999807
test_13445,0.9999999990
test_13446,0.0000209379
test_13447,0.0120740735
test_13448,0.0000001390
test_13449,0.0049758044
test_13450,0.8080655178
test_13451,0.0002557312
test_13452,0.9987245672
test_13453,0.9860269393
test_13454,0.0000000534
test_13455,0.0003014755
test_13456,0.9999743564
test_13457,0.9686967633
test_13458,0.9998076246
test_13459,0.9999612287
test_13460,0.0100329570
test_13461,0.0000010262
test_13462,0.9999844432
test_13463,0.0000225463
test_13464,0.0000000025
test_13465,0.0271169323
test_13466,0.9873343652
test_13467,0.0000000002
test_13468,0.1466707466
test_13469,0.9999837193
test_13470,0.0091839532
test_13471,0.9999999829
test_13472,0.8666044506
test_13473,0.9999999958
test_13474,0.7680798142
test_13475,0.9999883920
test_13476,0.0054609544
test_13477,0.9977038434
test_13478,0.9999985055
test_13479,0.9999990135
test_13480,0.9156536807
test_13481,0.9982636521
test_13482,0.0069903135
test_13483,0.9826802918
test_13484,0.1654981981
test_13485,0.9802989052
test_13486,0.1949208917
test_13487,0.0096079759
test_13488,0.0001376340
test_13489,0.9999346356
test_13490,0.0000014290
test_13491,0.0053475104
test_13492,0.9999999989
test_13493,0.9999999891
test_13494,0.0000072494
test_13495,0.0000573035
test_13496,0.9990305968
test_13497,0.0258163348
test_13498,0.9963497282
test_13499,0.0073946926
test_13500,0.9999980098
test_13501,0.0000000040
test_13502,0.0103696469
test_13503,0.0000621163
test_13504,0.1250531487
test_13505,0.0283971817
test_13506,0.0072623033
test_13507,0.0001019026
test_13508,0.9972362926
test_13509,0.0000225975
test_13510,0.0004023664
test_13511,0.7058837697
test_13512,0.9615266450
test_13513,0.0012410586
test_13514,0.0027517130
test_13515,0.0021127176
test_13516,0.0983317017
test_13517,0.1026676663
test_13518,0.0000002153
test_13519,0.1266074284
test_13520,0.0006950397
test_13521,0.9999209500
test_13522,0.0136862433
test_13523,0.9999998425
test_13524,0.9997844870
test_13525,0.9933880326
test_13526,0.0136948095
test_13527,0.9998005970
test_13528,0.9888508613
test_13529,0.9998146135
test_13530,0.9999999968
test_13531,0.0071564341
test_13532,0.0104183150
test_13533,0.9463876771
test_13534,0.0819669956
test_13535,0.9999999983
test_13536,0.0006288353
test_13537,0.0000008484
test_13538,0.0000000426
test_13539,0.0539360608
test_13540,0.3254182747
test_13541,0.9866097901
test_13542,0.0000000077
test_13543,0.0000230436
test_13544,0.9999999592
test_13545,0.8760653551
test_13546,0.9999926392
test_13547,0.0000008544
test_13548,0.9775250992
test_13549,0.7035678708
test_13550,0.0000203635
test_13551,0.9217591891
test_13552,0.0000547642
test_13553,0.9924889841
test_13554,0.9980248108
test_13555,0.0000007491
test_13556,0.0322880391
test_13557,0.9999980155
test_13558,0.0000179636
test_13559,0.0000000222
test_13560,0.0000243286
test_13561,0.0000002688
test_13562,0.1458551862
test_13563,0.9545703861
test_13564,0.8236895713
test_13565,0.9999999466
test_13566,0.9025511808
test_13567,0.9675930321
test_13568,0.6452901874
test_13569,0.9812227531
test_13570,0.9982552073
test_13571,0.1076184605
test_13572,0.9993911813
test_13573,0.9984110858
test_13574,0.0076068917
test_13575,0.9999999636
test_13576,0.0065638454
test_13577,0.0567508259
test_13578,0.9965821447
test_13579,0.0000072102
test_13580,0.0000000490
test_13581,0.9901608104
test_13582,0.9980575840
test_13583,0.0000000437
test_13584,0.9999999999
test_13585,0.9999992383
test_13586,0.9999886109
test_13587,0.0206518016
test_13588,0.8968693031
test_13589,0.9999529010
test_13590,0.0252377337
test_13591,0.0000000000
test_13592,0.9933209564
test_13593,0.9999989799
test_13594,0.0145484795
test_13595,0.0001475161
test_13596,0.0000000375
test_13597,0.0102054381
test_13598,0.0382373211
test_13599,0.8186665278
test_13600,0.0000871365
test_13601,0.9993029999
test_13602,0.9999747792
test_13603,0.9666555795
test_13604,0.9999784153
test_13605,0.0576149476
test_13606,0.9999536666
test_13607,0.0723066788
test_13608,0.0000232403
test_13609,0.9999997592
test_13610,0.9991304714
test_13611,0.9995627767
test_13612,0.9745152999
test_13613,0.9332332513
test_13614,0.9999999644
test_13615,0.9995887855
test_13616,0.0000512615
test_13617,0.9870856201
test_13618,0.0000009466
test_13619,0.9966260783
test_13620,0.0022768485
test_13621,0.9922327044
test_13622,1.0000000000
test_13623,0.0002928688
test_13624,0.0048731242
test_13625,0.8803132084
test_13626,0.1960310940
test_13627,0.0000000011
test_13628,0.0144555698
test_13629,0.0000009880
test_13630,0.0000000041
test_13631,0.0004110819
test_13632,0.9993926685
test_13633,0.0112831673
test_13634,0.9889737668
test_13635,0.9928652865
test_13636,0.9999999988
test_13637,0.9712755038
test_13638,0.9983412405
test_13639,0.8184065290
test_13640,0.0471958032
test_13641,0.8761095801
test_13642,0.0141508317
test_13643,0.0000000234
test_13644,0.0000099344
test_13645,0.9999999996
test_13646,0.9999994185
test_13647,0.9730029782
test_13648,0.0050092781
test_13649,0.0000146136
test_13650,0.0000001068
test_13651,0.0322496954
test_13652,0.0096672497
test_13653,0.1726792585
test_13654,0.0000185128
test_13655,0.0000317189
test_13656,0.0003701395
test_13657,0.0069685118
test_13658,0.8967249358
test_13659,0.9998098382
test_13660,0.0000538390
test_13661,0.0427301324
test_13662,0.9737264963
test_13663,0.0126934308
test_13664,1.0000000000
test_13665,0.0004710142
test_13666,0.9994562452
test_13667,0.0000011452
test_13668,0.0000117008
test_13669,0.9733522818
test_13670,0.0349579236
test_13671,0.0867841824
test_13672,0.0002945153
test_13673,0.0000055580
test_13674,0.6490936940
test_13675,0.1005296318
test_13676,0.7743319109
test_13677,0.0000002455
test_13678,0.0000000591
test_13679,0.0000079732
test_13680,0.0446662012
test_13681,0.9999973205
test_13682,0.9958258855
test_13683,0.9999999915
test_13684,0.1050283864
test_13685,0.9789258745
test_13686,0.0000004577
test_13687,0.9999996762
test_13688,0.9875759599
test_13689,0.9772296131
test_13690,0.9143062024
test_13691,0.9999934424
test_13692,0.1237639380
test_13693,0.0001367649
test_13694,0.0054747890
test_13695,0.9999980070
test_13696,0.9949563335
test_13697,0.0301556485
test_13698,0.9999999996
test_13699,0.9999999253
test_13700,0.9954469686
test_13701,0.0000248872
test_13702,0.9999998344
test_13703,0.0024651634
test_13704,0.0000491668
test_13705,0.9868777000
test_13706,0.0011556976
test_13707,0.0000442937
test_13708,0.0000444523
test_13709,0.5114377794
test_13710,0.0255892550
test_13711,0.0002674290
test_13712,0.6191152047
test_13713,0.9499541408
test_13714,0.0000908508
test_13715,0.0024840082
test_13716,0.0001678686
test_13717,0.9999996076
test_13718,0.9435852340
test_13719,0.6184828781
test_13720,0.1419938533
test_13721,0.9995600718
test_13722,0.8863360033
test_13723,0.0118515807
test_13724,0.0001256316
test_13725,0.9998964180
test_13726,0.0001928384
test_13727,0.9945299085
test_13728,0.0000264024
test_13729,0.9999252591
test_13730,0.0000083786
test_13731,0.0000000161
test_13732,0.9999995260
test_13733,0.9271615586
test_13734,0.6208136565
test_13735,0.9998571699
test_13736,0.8807602856
test_13737,0.0000000040
test_13738,0.9993265782
test_13739,0.9984694408
test_13740,0.0009688701
test_13741,0.0029017512
test_13742,0.0000851182
test_13743,0.0000049425
test_13744,0.0939636917
test_13745,0.0341023666
test_13746,0.8673042460
test_13747,0.0005185342
test_13748,0.0000000004
test_13749,0.9606531465
test_13750,0.0000008990
test_13751,0.9858668303
test_13752,0.0000117991
test_13753,0.9999337650
test_13754,0.9999999998
test_13755,0.0010458913
test_13756,0.9999209043
test_13757,0.0086572018
test_13758,0.0003438215
test_13759,0.9744066933
test_13760,0.0000010755
test_13761,0.0000004865
test_13762,0.0000000011
test_13763,0.9999999260
test_13764,0.9999999998
test_13765,0.9975389178
test_13766,0.0003425851
test_13767,0.0018200754
test_13768,0.9999999944
test_13769,0.8209725613
test_13770,0.0000200811
test_13771,0.1477026968
test_13772,0.0000007539
test_13773,0.9754561850
test_13774,0.0001109534
test_13775,0.0000000055
test_13776,0.9912231893
test_13777,0.9997772399
test_13778,0.9999442727
test_13779,0.9505389385
test_13780,0.9999999390
test_13781,0.0008276406
test_13782,0.9999965834
test_13783,0.0033270874
test_13784,0.0165867296
test_13785,0.9999999995
test_13786,0.0019256875
test_13787,0.9996145599
test_13788,0.0316984057
test_13789,0.9582372895
test_13790,0.0194941034
test_13791,0.0000040685
test_13792,0.9999989057
test_13793,0.0234636827
test_13794,0.0000027523
test_13795,0.0000000282
test_13796,0.9999990843
test_13797,0.9972578512
test_13798,0.0011663559
test_13799,0.0770391468
test_13800,0.9999985972
test_13801,0.9476166530
test_13802,0.4205005323
test_13803,0.0000000009
test_13804,0.1790517029
test_13805,0.0095439802
test_13806,0.9861299539
test_13807,0.0024206338
test_13808,0.9981733031
test_13809,0.0004295918
test_13810,0.9999862382
test_13811,0.0033905097
test_13812,0.9688203442
test_13813,0.9999996188
test_13814,0.0020014595
test_13815,0.0036186655
test_13816,0.9999677262
test_13817,0.8935977738
test_13818,0.0570213823
test_13819,0.9977937822
test_13820,0.9999557770
test_13821,0.0159247286
test_13822,0.0001023448
test_13823,0.9999894080
test_13824,0.1762504275
test_13825,0.0023840855
test_13826,0.9999879138
test_13827,0.9999951740
test_13828,0.9938190236
test_13829,0.9999999742
test_13830,0.0010885329
test_13831,0.0000000040
test_13832,0.9999494476
test_13833,0.8482834719
test_13834,0.0233191799
test_13835,0.8597576901
test_13836,0.9999999436
test_13837,0.0083598102
test_13838,0.0282196057
test_13839,0.9999959427
test_13840,0.9986938796
test_13841,0.0000000002
test_13842,0.9999997768
test_13843,0.0882895474
test_13844,0.0294433847
test_13845,0.9999991690
test_13846,0.9999665199
test_13847,0.0000000006
test_13848,0.9989700086
test_13849,0.0004080774
test_13850,0.7495137078
test_13851,0.1566374709
test_13852,0.0187936791
test_13853,0.9957357028
test_13854,0.9887446106
test_13855,0.0000362333
test_13856,0.0073912806
test_13857,0.9999999558
test_13858,0.9981552495
test_13859,0.9999999989
test_13860,0.2900112562
test_13861,0.9938015505
test_13862,0.9999999880
test_13863,0.9933021077
test_13864,0.0123267722
test_13865,0.9991629511
test_13866,0.0000000000
test_13867,0.1160374401
test_13868,0.0000040786
test_13869,0.9932786987
test_13870,0.1868837662
test_13871,0.0000121323
test_13872,0.0037478587
test_13873,0.9760915230
test_13874,0.9999989738
test_13875,0.0008194053
test_13876,0.9999830848
test_13877,0.0000147875
test_13878,0.9999985251
test_13879,0.0129150138
test_13880,0.9999992313
test_13881,0.9999998036
test_13882,0.0000186846
test_13883,0.9999318666
test_13884,0.0000000074
test_13885,0.0153285083
test_13886,0.0076916530
test_13887,0.9692513038
test_13888,0.9333800818
test_13889,0.1157311834
test_13890,0.0000096135
test_13891,0.9999707917
test_13892,0.9999985614
test_13893,0.0719474662
test_13894,0.0028845835
test_13895,0.0000133667
test_13896,0.9968496182
test_13897,0.0573128797
test_13898,0.8027552708
test_13899,0.9999969426
test_13900,0.9888074260
test_13901,0.0000098221
test_13902,0.0000008415
test_13903,0.9999901416
test_13904,0.9999999566
test_13905,0.0000009205
test_13906,0.9999964400
test_13907,0.9994967700
test_13908,0.0000113861
test_13909,0.0924738431
test_13910,0.9999999998
test_13911,0.6752449308
test_13912,0.9996827647
test_13913,0.0000276564
test_13914,0.0000119397
test_13915,0.0161037597
test_13916,0.8977610925
test_13917,0.0006396831
test_13918,0.0000000011
test_13919,1.0000000000
test_13920,0.0000781839
test_13921,0.9997925892
test_13922,0.9954236638
test_13923,0.9999999948
test_13924,1.0000000000
test_13925,0.9999999954
test_13926,0.9719037344
test_13927,0.0000459513
test_13928,0.9996950396
test_13929,0.9926189993
test_13930,0.9995504919
test_13931,0.9999612918
test_13932,0.9999979643
test_13933,0.0210598920
test_13934,0.0001297099
test_13935,0.0000010818
test_13936,0.9999929975
test_13937,0.9904952245
test_13938,0.9996745537
test_13939,0.9999991957
test_13940,0.9999129190
test_13941,0.0007667955
test_13942,0.0000044169
test_13943,0.9448823187
test_13944,0.9999999990
test_13945,0.0000434065
test_13946,0.0001534984
test_13947,0.9942373146
test_13948,0.0000000865
test_13949,0.0000034454
test_13950,0.0000000002
test_13951,0.0000485749
test_13952,0.9469886348
test_13953,0.9903964392
test_13954,0.9923868218
test_13955,0.9999912296
test_13956,0.6566539188
test_13957,0.0007762914
test_13958,0.9998409322
test_13959,0.0000003006
test_13960,0.9985798445
test_13961,0.9999999592
test_13962,0.9998624020
test_13963,0.9990366565
test_13964,0.8821638627
test_13965,0.9996564728
test_13966,0.0000575436
test_13967,0.9956237526
test_13968,0.9459359693
test_13969,0.1411395175
test_13970,0.0000000002
test_13971,0.5198737888
test_13972,0.0000000113
test_13973,0.9999999153
test_13974,0.9438251567
test_13975,0.9999999452
test_13976,0.5572547690
test_13977,0.9999999942
test_13978,0.9806104811
test_13979,0.0000649185
test_13980,0.0099925331
test_13981,0.0000074827
test_13982,0.0000828784
test_13983,0.9998419738
test_13984,0.9870024665
test_13985,0.9999999991
test_13986,0.8105724395
test_13987,0.0037846445
test_13988,0.9985313213
test_13989,0.7977941900
test_13990,0.9982162930
test_13991,0.0000684526
test_13992,0.9999992273
test_13993,0.0000211735
test_13994,0.0001699132
test_13995,0.9194941018
test_13996,0.9440331437
test_13997,0.0001168558
test_13998,0.0000309885
test_13999,0.9999921625
test_14000,0.0000000042
test_14001,0.0000102718
test_14002,0.0026562405
test_14003,0.2604416990
test_14004,0.9999828225
test_14005,0.0108562672
test_14006,0.9999999395
test_14007,0.9999998462
test_14008,0.9999704355
test_14009,0.9983315738
test_14010,0.0000015683
test_14011,0.9995559669
test_14012,0.9999999998
test_14013,0.9999939557
test_14014,0.0003079380
test_14015,0.9983869500
test_14016,1.0000000000
test_14017,0.0000000128
test_14018,0.0151058703
test_14019,0.5954775898
test_14020,0.8841303197
test_14021,0.0001410469
test_14022,0.9999979656
test_14023,0.0000000018
test_14024,0.0000127930
test_14025,0.9967882509
test_14026,0.0000238454
test_14027,0.0969110643
test_14028,0.4497574030
test_14029,0.0000012538
test_14030,0.9649344380
test_14031,0.7808824800
test_14032,0.0000000200
test_14033,0.0000000146
test_14034,0.0000000061
test_14035,0.0013055412
test_14036,0.0113809221
test_14037,0.0030864266
test_14038,0.0827936162
test_14039,0.9992703695
test_14040,0.0049433766
test_14041,0.0013616509
test_14042,0.9999999683
test_14043,0.9963133720
test_14044,0.8138011396
test_14045,0.0932797623
test_14046,0.0893829836
test_14047,0.9920263205
test_14048,0.0004041625
test_14049,0.0003372140
test_14050,0.0003974301
test_14051,0.0000066999
test_14052,0.9120250652
test_14053,0.9999992319
test_14054,0.9490891028
test_14055,0.0000011771
test_14056,0.0000000006
test_14057,0.7936279748
test_14058,0.9999894423
test_14059,0.9983201561
test_14060,0.0602269851
test_14061,0.9995555919
test_14062,0.0052116473
test_14063,0.0000000001
test_14064,0.9954789719
test_14065,0.9999454056
test_14066,0.0213146903
test_14067,0.0636324658
test_14068,0.9999985686
test_14069,0.0000176975
test_14070,0.0122690025
test_14071,0.0000113657
test_14072,0.0484240262
test_14073,0.1239971047
test_14074,1.0000000000
test_14075,0.0085064860
test_14076,0.0000000013
test_14077,0.9999586623
test_14078,0.9999934630
test_14079,0.9999272593
test_14080,0.9999985811
test_14081,0.8471722395
test_14082,0.0096013323
test_14083,0.0149709608
test_14084,0.9982838388
test_14085,0.9968709855
test_14086,0.0121350117
test_14087,0.9999999998
test_14088,0.9995760216
test_14089,0.2074521340
test_14090,0.0438481089
test_14091,0.0000016555
test_14092,0.1247093869
test_14093,0.0407281543
test_14094,0.9999957916
test_14095,0.9989127847
test_14096,0.9999979550
test_14097,0.9969944819
test_14098,0.9998934948
test_14099,0.0001450767
test_14100,0.1046798122
test_14101,0.9995335925
test_14102,0.0435710100
test_14103,0.1026242844
test_14104,0.9922230517
test_14105,0.0000003004
test_14106,0.9113101232
test_14107,0.9999885271
test_14108,0.0000003610
test_14109,0.0066629819
test_14110,0.0000005410
test_14111,0.9998097708
test_14112,0.0507535336
test_14113,0.0051662566
test_14114,0.0000022387
test_14115,0.0000000000
test_14116,0.9932925500
test_14117,0.9736899394
test_14118,0.0723892714
test_14119,0.9999999820
test_14120,0.0000011858
test_14121,0.0000000000
test_14122,0.9771118058
test_14123,0.9840727659
test_14124,0.0000005842
test_14125,0.9999856223
test_14126,0.9999720772
test_14127,0.9978283830
test_14128,0.0000000074
test_14129,0.9567642600
test_14130,0.0000006851
test_14131,0.1335160894
test_14132,0.9999302392
test_14133,0.0022265920
test_14134,0.0000000139
test_14135,0.8033718634
test_14136,0.0793820159
test_14137,0.0000027108
test_14138,0.1926982949
test_14139,0.0001574234
test_14140,0.9995572039
test_14141,0.9313235363
test_14142,0.0005306507
test_14143,0.0000003173
test_14144,0.0000000000
test_14145,0.0018750767
test_14146,0.9338369313
test_14147,0.9998681554
test_14148,0.0000000005
test_14149,0.9839207318
test_14150,0.0001098760
test_14151,0.9719351092
test_14152,0.9862338440
test_14153,0.0009375166
test_14154,0.9989575057
test_14155,0.5992312561
test_14156,0.0001262109
test_14157,0.0025292480
test_14158,0.9998096007
test_14159,0.0003086687
test_14160,0.0034746516
test_14161,0.0000265258
test_14162,0.9999990373
test_14163,0.9999988723
test_14164,0.0000268442
test_14165,0.9999285785
test_14166,0.0006931756
test_14167,0.9966460098
test_14168,0.0000000012
test_14169,0.0000000724
test_14170,0.9999999656
test_14171,0.9998391454
test_14172,0.0000274390
test_14173,0.0015530594
test_14174,0.2635958374
test_14175,0.9999992848
test_14176,0.0002280939
test_14177,0.0000000055
test_14178,0.0000042218
test_14179,0.9087414796
test_14180,0.0003173958
test_14181,0.0111450740
test_14182,0.0439416782
test_14183,0.9999461388
test_14184,0.0352040723
test_14185,0.9998588200
test_14186,0.0000337733
test_14187,0.0006407195
test_14188,0.0006299734
test_14189,0.0000000000
test_14190,0.9992235176
test_14191,0.9999999740
test_14192,0.9976223184
test_14193,0.0242183982
test_14194,0.0744237991
test_14195,0.9999159168
test_14196,0.9999221865
test_14197,0.9679838880
test_14198,0.9126172161
test_14199,0.0000001585
test_14200,0.0000645578
test_14201,0.0000006016
test_14202,0.0001686403
test_14203,0.8628208550
test_14204,0.0203634224
test_14205,0.9737231168
test_14206,0.9324882105
test_14207,0.0106137517
test_14208,0.9978838348
test_14209,0.0000394075
test_14210,0.9999103266
test_14211,0.0539340898
test_14212,0.9785694680
test_14213,0.0000054133
test_14214,0.9906586357
test_14215,0.9990448752
test_14216,0.0241412027
test_14217,0.0026496647
test_14218,0.0107137487
test_14219,0.9999672389
test_14220,0.0000059288
test_14221,0.9998101955
test_14222,0.0000725934
test_14223,0.0132787041
test_14224,0.0000000077
test_14225,0.9999996747
test_14226,0.0088628473
test_14227,0.9975749365
test_14228,0.0000001148
test_14229,0.9999827661
test_14230,0.9999580076
test_14231,0.0150360196
test_14232,0.0000001789
test_14233,0.9999999906
test_14234,0.0066408066
test_14235,0.0000003677
test_14236,0.0141060494
test_14237,0.9999999991
test_14238,0.0372826094
test_14239,0.9008581392
test_14240,0.0000000064
test_14241,0.9719151806
test_14242,0.0012741328
test_14243,0.9999996568
test_14244,0.9946826517
test_14245,0.9197863868
test_14246,1.0000000000
test_14247,0.9897491485
test_14248,0.9999399946
test_14249,0.0154312541
test_14250,0.9999998781
test_14251,0.9999999320
test_14252,0.9997553664
test_14253,0.9999997787
test_14254,0.9998998670
test_14255,0.0000070572
test_14256,0.0000998831
test_14257,0.9924990021
test_14258,0.0000278028
test_14259,0.9999767861
test_14260,0.0000001118
test_14261,0.0000004362
test_14262,0.9999999239
test_14263,0.0182859375
test_14264,0.9474216059
test_14265,0.0016168459
test_14266,0.0000626829
test_14267,0.9668520125
test_14268,0.0000288435
test_14269,0.0166613856
test_14270,0.1284901865
test_14271,0.0000000002
test_14272,0.9999284383
test_14273,0.0070885615
test_14274,0.9999830192
test_14275,0.0020997664
test_14276,0.0068313635
test_14277,0.0004074832
test_14278,0.7906752297
test_14279,0.9996385180
test_14280,0.9995850798
test_14281,0.9982942643
test_14282,0.3404059446
test_14283,0.0000000012
test_14284,0.9999999995
test_14285,0.8569720163
test_14286,0.9999933546
test_14287,0.6952916072
test_14288,0.9789259678
test_14289,0.9997311928
test_14290,0.3691471846
test_14291,0.9989350907
test_14292,0.0064800181
test_14293,0.8478538406
test_14294,0.0000009761
test_14295,0.9999999329
test_14296,0.9999971808
test_14297,0.9916532062
test_14298,0.9999646053
test_14299,0.9338263442
test_14300,0.0013872080
test_14301,0.0000011255
test_14302,0.0000001964
test_14303,0.9999987721
test_14304,0.0982976719
test_14305,0.0005528098
test_14306,0.9933252818
test_14307,0.9999999831
test_14308,0.9999996618
test_14309,0.0000000054
test_14310,0.0000000000
test_14311,0.9999943850
test_14312,0.8131829746
test_14313,0.8988539129
test_14314,0.7786850079
test_14315,0.0000000000
test_14316,0.0041889171
test_14317,0.9404444320
test_14318,0.0021513402
test_14319,0.9999999993
test_14320,0.0006318062
test_14321,0.9997008908
test_14322,0.9612210296
test_14323,0.0271751753
test_14324,0.9894463812
test_14325,0.0049369017
test_14326,0.0000000364
test_14327,0.0000089636
test_14328,0.9999999994
test_14329,0.0050735977
test_14330,0.0000016856
test_14331,0.0788496807
test_14332,0.9999990761
test_14333,0.0026818024
test_14334,0.9999993713
test_14335,0.8790068771
test_14336,0.9999999671
test_14337,0.4435324182
test_14338,0.0000000794
test_14339,0.9992832066
test_14340,0.9502034920
test_14341,0.8748351283
test_14342,0.0824924601
test_14343,0.9994018304
test_14344,0.0000178655
test_14345,0.0000000112
test_14346,0.9934250353
test_14347,0.9999999982
test_14348,0.0007428797
test_14349,0.9999980317
test_14350,0.0000016872
test_14351,0.0000000269
test_14352,0.0000000061
test_14353,0.9995493974
test_14354,0.0011608022
test_14355,0.7724721223
test_14356,0.9994647572
test_14357,0.0000008577
test_14358,0.9996739473
test_14359,0.9159477522
test_14360,0.9958254357
test_14361,0.0000000085
test_14362,0.9999895938
test_14363,0.0017906370
test_14364,0.9999420762
test_14365,0.0627204615
test_14366,0.9084004832
test_14367,0.9413173658
test_14368,0.9751263229
test_14369,0.9991964700
test_14370,0.9999999890
test_14371,0.9998485577
test_14372,0.0493257462
test_14373,0.0018809569
test_14374,0.3095055451
test_14375,0.0345003016
test_14376,0.0000187215
test_14377,0.0000154160
test_14378,0.9968426973
test_14379,0.0000014411
test_14380,0.9836988117
test_14381,0.0007907098
test_14382,0.0079950843
test_14383,0.9988840093
test_14384,0.0000000000
test_14385,0.0037725891
test_14386,0.0013166780
test_14387,0.9709926714
test_14388,0.0019327040
test_14389,0.0217575345
test_14390,0.9999999931
test_14391,0.6219799360
test_14392,0.9999999919
test_14393,0.0454331991
test_14394,0.9999993404
test_14395,0.8594859532
test_14396,0.9999383072
test_14397,0.9999844909
test_14398,0.9996695642
test_14399,0.9579734293
test_14400,0.9070038093
test_14401,0.5894627015
test_14402,0.0000004341
test_14403,0.9999998899
test_14404,0.2629405371
test_14405,0.9999644427
test_14406,0.9283609396
test_14407,0.0251175102
test_14408,0.0851567450
test_14409,0.9938802300
test_14410,0.7260079229
test_14411,0.0000000820
test_14412,0.9999987270
test_14413,0.9956824884
test_14414,0.0000000082
test_14415,0.8130902032
test_14416,0.9478142954
test_14417,0.3474966042
test_14418,0.0089738996
test_14419,0.0000000003
test_14420,0.0000000015
test_14421,0.9968475490
test_14422,0.0179783297
test_14423,0.1799094072
test_14424,0.0000000060
test_14425,0.0349347053
test_14426,0.0000085029
test_14427,0.9996451069
test_14428,0.0000104010
test_14429,0.9999559117
test_14430,0.0188699742
test_14431,0.9998927299
test_14432,0.0000020623
test_14433,0.9999985104
test_14434,0.9999884503
test_14435,0.0112452360
test_14436,0.4476188778
test_14437,0.9997786678
test_14438,0.9999999998
test_14439,0.0228672063
test_14440,0.0271931516
test_14441,0.9999432087
test_14442,0.1396084375
test_14443,0.9999240537
test_14444,0.9759049092
test_14445,0.0000004743
test_14446,0.0207613293
test_14447,0.9999999962
test_14448,0.0123890230
test_14449,0.1545139763
test_14450,0.8636116531
test_14451,0.9991383547
test_14452,0.0005886764
test_14453,0.1863530117
test_14454,0.0000000562
test_14455,0.9998175316
test_14456,0.9999105953
test_14457,0.4861978216
test_14458,0.8843655320
test_14459,0.0000009190
test_14460,0.2435460338
test_14461,0.0147588904
test_14462,0.9999979764
test_14463,0.4734042503
test_14464,0.9999999029
test_14465,0.9171149755
test_14466,0.6578434785
test_14467,0.8503380168
test_14468,0.4651814431
test_14469,0.0017256769
test_14470,0.8931847692
test_14471,0.0000000100
test_14472,0.0000000896
test_14473,0.1907604088
test_14474,0.7982633764
test_14475,0.9964224809
test_14476,0.9998692161
test_14477,0.9999956911
test_14478,0.9999991414
test_14479,0.1526786384
test_14480,0.9943001182
test_14481,0.2405684709
test_14482,0.9894021891
test_14483,0.0710440714
test_14484,0.9999999998
test_14485,0.0027683505
test_14486,0.0004552629
test_14487,0.9984943415
test_14488,0.7629468155
test_14489,0.0000000270
test_14490,0.9592404353
test_14491,0.9667733505
test_14492,0.0308813899
test_14493,0.0000006346
test_14494,0.1406453970
test_14495,0.0000000121
test_14496,0.0036143821
test_14497,0.9954188355
test_14498,0.9999587599
test_14499,0.0000676979
test_14500,0.0000000088
test_14501,0.0000015714
test_14502,0.9995218150
test_14503,0.8385397486
test_14504,0.0016444818
test_14505,0.0007700998
test_14506,0.0000000001
test_14507,0.9999627484
test_14508,0.0000402253
test_14509,0.3129651183
test_14510,0.9707753206
test_14511,0.9956080773
test_14512,0.9999999542
test_14513,0.0128068872
test_14514,0.0016278789
test_14515,0.0000004124
test_14516,0.9999999999
test_14517,0.0000000001
test_14518,0.9998116789
test_14519,0.9978067964
test_14520,0.0000028896
test_14521,0.9999997723
test_14522,0.0088853350
test_14523,0.9969958787
test_14524,0.6777729442
test_14525,0.9986150673
test_14526,0.0000000000
test_14527,0.8681655269
test_14528,0.9940600618
test_14529,0.0000754108
test_14530,0.9928799295
test_14531,0.8153092007
test_14532,0.0000000001
test_14533,0.0000001542
test_14534,0.9677614634
test_14535,0.0040032901
test_14536,0.9999999997
test_14537,0.0000000138
test_14538,0.0000001240
test_14539,0.0000000002
test_14540,0.9697767936
test_14541,0.0000011164
test_14542,0.9999846472
test_14543,0.0000295975
test_14544,0.0003584794
test_14545,0.9524455910
test_14546,0.9899532316
test_14547,0.9976674917
test_14548,0.0028129201
test_14549,0.0085253291
test_14550,0.9999997409
test_14551,0.9864025774
test_14552,0.1302199182
test_14553,0.9999992225
test_14554,0.0000044412
test_14555,0.0061999870
test_14556,0.9822005894
test_14557,0.9999999740
test_14558,0.0075716014
test_14559,0.0000055060
test_14560,0.0002861879
test_14561,0.9990931743
test_14562,0.9999940791
test_14563,0.9998576002
test_14564,0.0167204048
test_14565,0.9998482612
test_14566,0.0504017191
test_14567,0.9849600463
test_14568,0.9999859225
test_14569,0.0019614616
test_14570,0.9999999385
test_14571,0.0000000615
test_14572,0.0266972524
test_14573,0.9999999778
test_14574,0.9989294543
test_14575,0.0015538830
test_14576,0.3955010736
test_14577,0.9999328363
test_14578,0.0000002778
test_14579,0.0000006362
test_14580,0.8178349908
test_14581,0.9904965913
test_14582,0.9999996815
test_14583,0.9999999528
test_14584,0.7882230739
test_14585,0.9999959830
test_14586,0.0981747058
test_14587,0.2849575743
test_14588,0.9051992430
test_14589,0.0128194347
test_14590,0.9999999724
test_14591,0.9999999643
test_14592,0.9999878787
test_14593,0.9875110746
test_14594,0.9119759903
test_14595,0.9999465784
test_14596,0.0001992732
test_14597,0.0301243310
test_14598,0.0000001405
test_14599,0.9996424729
test_14600,0.9999447673
test_14601,0.9999999951
test_14602,0.9994821570
test_14603,0.2029224315
test_14604,0.9043439480
test_14605,0.0002384798
test_14606,0.4782783698
test_14607,0.0000014969
test_14608,0.9994795599
test_14609,0.9700734329
test_14610,0.0000914539
test_14611,0.2040040021
test_14612,0.0014544413
test_14613,0.9985117930
test_14614,0.9999997070
test_14615,0.9361010998
test_14616,0.0806389355
test_14617,0.9999701462
test_14618,0.9999999978
test_14619,0.9999411283
test_14620,0.9975121598
test_14621,0.9993685101
test_14622,0.9999978475
test_14623,0.9999999600
test_14624,0.9994285839
test_14625,0.9999647137
test_14626,0.9999999964
test_14627,0.9940862705
test_14628,0.0096685914
test_14629,0.9999827765
test_14630,0.0317769650
test_14631,0.0058744703
test_14632,0.0000000041
test_14633,0.2282681269
test_14634,0.0139748019
test_14635,0.9957994219
test_14636,0.0014166757
test_14637,0.0007723525
test_14638,0.9984940731
test_14639,0.0000078247
test_14640,0.0002782635
test_14641,0.0000147507
test_14642,0.0000064385
test_14643,0.9999483419
test_14644,0.0017006256
test_14645,0.3128703108
test_14646,0.6638911192
test_14647,0.0964057269
test_14648,0.0005310002
test_14649,0.9988663408
test_14650,0.9969017302
test_14651,0.9865593668
test_14652,0.0044966609
test_14653,0.9999828184
test_14654,0.0000027748
test_14655,0.1013289514
test_14656,0.0000022749
test_14657,0.9998255066
test_14658,0.0000318757
test_14659,0.1779251638
test_14660,0.0020040169
test_14661,0.0905558354
test_14662,0.9999874490
test_14663,0.8744414234
test_14664,0.9999805268
test_14665,0.0000000207
test_14666,0.9999999982
test_14667,0.2287167744
test_14668,0.9999162106
test_14669,0.0926306571
test_14670,0.9999466775
test_14671,0.0062727442
test_14672,0.9866399840
test_14673,0.5123219747
test_14674,0.9986538428
test_14675,0.8727715380
test_14676,0.9733188388
test_14677,0.0004096231
test_14678,0.9913187309
test_14679,0.9999732290
test_14680,0.0000003103
test_14681,0.9999907109
test_14682,0.9997212201
test_14683,0.0000005630
test_14684,0.9819642653
test_14685,0.9328621207
test_14686,0.0860974449
test_14687,0.1517059743
test_14688,0.9844868060
test_14689,0.0000081001
test_14690,0.8153630625
test_14691,0.9909413548
test_14692,0.0000004185
test_14693,0.9793321679
test_14694,0.5593559737
test_14695,0.9947655278
test_14696,0.9999904176
test_14697,0.0022736917
test_14698,0.9946788704
test_14699,0.9999999365
test_14700,0.9999995870
test_14701,0.1393859802
test_14702,0.9999999656
test_14703,0.0179265627
test_14704,0.9999999765
test_14705,0.2862716055
test_14706,0.9063061881
test_14707,0.0000000279
test_14708,0.0000529899
test_14709,0.9996074784
test_14710,0.9999981042
test_14711,0.0785199543
test_14712,0.0001818240
test_14713,1.0000000000
test_14714,0.9999772655
test_14715,0.6648235973
test_14716,0.9999742001
test_14717,0.9808103525
test_14718,0.0000258486
test_14719,0.4447072533
test_14720,0.8756779828
test_14721,0.9999989748
test_14722,0.9999705207
test_14723,1.0000000000
test_14724,0.9129081219
test_14725,0.9988835105
test_14726,0.9999838796
test_14727,0.9624045071
test_14728,0.0000000000
test_14729,0.0584811329
test_14730,0.9999998858
test_14731,0.9999999997
test_14732,0.9971494432
test_14733,0.9999920849
test_14734,0.0000033469
test_14735,0.9917004269
test_14736,0.9841213929
test_14737,0.9902651140
test_14738,0.0000000002
test_14739,0.9287003304
test_14740,0.9999845978
test_14741,0.0000000100
test_14742,0.1135327634
test_14743,0.9999999956
test_14744,0.9999999989
test_14745,0.9976807310
test_14746,0.9996360770
test_14747,0.8993027588
test_14748,0.0002191929
test_14749,0.8076180071
test_14750,0.0036211407
test_14751,0.0848460255
test_14752,0.0000000475
test_14753,0.0000033547
test_14754,0.9999044071
test_14755,0.0002975942
test_14756,0.9266204408
test_14757,0.9996010262
test_14758,0.9999990578
test_14759,0.0001620271
test_14760,0.5481910577
test_14761,0.7652884793
test_14762,0.0000000484
test_14763,0.6948249777
test_14764,0.9999999941
test_14765,0.0000000007
test_14766,0.9999999917
test_14767,0.9999993686
test_14768,0.7695833622
test_14769,0.9997572256
test_14770,0.9998979930
test_14771,0.9999214604
test_14772,0.0594855094
test_14773,0.0000050494
test_14774,0.9301299988
test_14775,0.0007042653
test_14776,0.2605213477
test_14777,0.7795239020
test_14778,0.9442194331
test_14779,0.0791796487
test_14780,0.9999999970
test_14781,0.0003463109
test_14782,0.9929421433
test_14783,0.1235243856
test_14784,0.0027680087
test_14785,0.9884066207
test_14786,0.0003471489
test_14787,0.0014893649
test_14788,0.9315422927
test_14789,0.0002531679
test_14790,0.0017738835
test_14791,0.9134602570
test_14792,0.7575222766
test_14793,0.9999998080
test_14794,0.0000000001
test_14795,0.9996968425
test_14796,0.8257327513
test_14797,0.9999967029
test_14798,0.9999999557
test_14799,0.0000458827
test_14800,0.0012264820
test_14801,0.0000000008
test_14802,0.0000057322
test_14803,0.4682512913
test_14804,0.0000006475
test_14805,0.0127720111
test_14806,0.0000000029
test_14807,0.0139656730
test_14808,0.2018578019
test_14809,0.9999989518
test_14810,0.0189083386
test_14811,0.0305240730
test_14812,0.9999991971
test_14813,0.9983484475
test_14814,0.9998586487
test_14815,0.9998804621
test_14816,0.0000046684
test_14817,0.0300753995
test_14818,0.0001519709
test_14819,0.9999996536
test_14820,0.0247093652
test_14821,0.0190122302
test_14822,0.9997315653
test_14823,0.0502301762
test_14824,0.9891729848
test_14825,0.0544892425
test_14826,0.6463833821
test_14827,0.9999805068
test_14828,0.0000000012
test_14829,0.9995240939
test_14830,0.0783343427
test_14831,0.9986035485
test_14832,0.0066099229
test_14833,0.0002188273
test_14834,0.9976709118
test_14835,0.0000003156
test_14836,0.9999610172
test_14837,0.0000447807
test_14838,0.0000000071
test_14839,0.8070647701
test_14840,0.0002975459
test_14841,0.9999989167
test_14842,0.9999998423
test_14843,0.0008541044
test_14844,0.3066183232
test_14845,0.9999978239
test_14846,0.9999999968
test_14847,0.9780619447
test_14848,0.9999900027
test_14849,1.0000000000
test_14850,0.0005244786
test_14851,0.9903744694
test_14852,0.0162773192
test_14853,0.0015494672
test_14854,0.0001653418
test_14855,0.9999631150
test_14856,0.0000054331
test_14857,0.9913830984
test_14858,0.8508342035
test_14859,0.9972290073
test_14860,0.9999066798
test_14861,0.9641009296
test_14862,0.9998730356
test_14863,0.0075519850
test_14864,0.0000000562
test_14865,0.9978353179
test_14866,0.0137250049
test_14867,0.0001468079
test_14868,0.1194867075
test_14869,1.0000000000
test_14870,0.0000032327
test_14871,0.9999960251
test_14872,0.9813644714
test_14873,0.0452197254
test_14874,0.0613591808
test_14875,0.9913765505
test_14876,0.0001073388
test_14877,0.0004564911
test_14878,0.9999990358
test_14879,0.9838210569
test_14880,0.9990649653
test_14881,0.0015503585
test_14882,0.0686633266
test_14883,0.9999938103
test_14884,0.1327069505
test_14885,0.9740188485
test_14886,0.0614140790
test_14887,0.0001131157
test_14888,0.9929125943
test_14889,0.0000000006
test_14890,0.1065124415
test_14891,0.9913263732
test_14892,0.0000942290
test_14893,0.0023214620
test_14894,0.9900010480
test_14895,0.9633503884
test_14896,0.0000015967
test_14897,0.0856816422
test_14898,0.9999999903
test_14899,0.0059016668
test_14900,0.1376736074
test_14901,0.0005276799
test_14902,0.0169606113
test_14903,0.9616884133
test_14904,0.8473018384
test_14905,1.0000000000
test_14906,0.9211079369
test_14907,0.0003687712
test_14908,0.0163550708
test_14909,0.0000005648
test_14910,0.0063073085
test_14911,0.9999890645
test_14912,0.9999540040
test_14913,0.9974046505
test_14914,0.9986287489
test_14915,0.0593937435
test_14916,0.9394212505
test_14917,0.9964096625
test_14918,0.0004073874
test_14919,0.0000000503
test_14920,0.0462767189
test_14921,0.0034844266
test_14922,0.0000012685
test_14923,0.0000000004
test_14924,0.9998787181
test_14925,0.9999828184
test_14926,0.0000347027
test_14927,0.1400376381
test_14928,0.9991607762
test_14929,0.0000000172
test_14930,0.0113567032
test_14931,0.9999999818
test_14932,0.0537044002
test_14933,0.0944765956
test_14934,0.0073022856
test_14935,0.0000000008
test_14936,0.9911306428
test_14937,0.9893266114
test_14938,0.0007194461
test_14939,0.0020431986
test_14940,0.3532516053
test_14941,0.9917996241
test_14942,0.9997170553
test_14943,0.0000036410
test_14944,0.8267504209
test_14945,0.0001328743
test_14946,0.0001674369
test_14947,0.9997814646
test_14948,0.9999981138
test_14949,0.9727547426
test_14950,0.9999995366
test_14951,0.0000001346
test_14952,0.0001795948
test_14953,1.0000000000
test_14954,0.0000000000
test_14955,0.0000760128
test_14956,0.0054435928
test_14957,0.8646148442
test_14958,0.0000000830
test_14959,0.1302784234
test_14960,0.9562254460
test_14961,0.9998790913
test_14962,0.9614370206
test_14963,0.5619372100
test_14964,0.0034221259
test_14965,0.9999999999
test_14966,0.9999886987
test_14967,0.0000417588
test_14968,0.0000000020
test_14969,0.0000557499
test_14970,0.0579754371
test_14971,0.0000000151
test_14972,0.9853558683
test_14973,0.1145049460
test_14974,0.9999962335
test_14975,0.9987182302
test_14976,0.0000014087
test_14977,0.0000004339
test_14978,0.1771055886
test_14979,0.0000000543
test_14980,0.9997224782
test_14981,0.5346557325
test_14982,0.8569883852
test_14983,0.9999982682
test_14984,0.0000714928
test_14985,0.2577753463
test_14986,0.9996003184
test_14987,0.0000000000
test_14988,0.0002345103
test_14989,0.9999996408
test_14990,0.0087616016
test_14991,0.9999844173
test_14992,0.9677508265
test_14993,0.9999999995
test_14994,0.8238268977
test_14995,0.0512039744
test_14996,0.9996410786
test_14997,0.0000004995
test_14998,0.9999975900
test_14999,0.9998981537
test_15000,0.9776082221
test_15001,0.9997743496
test_15002,0.0000005006
test_15003,0.0000000002
test_15004,0.0254986584
test_15005,0.0000083656
test_15006,0.0005578546
test_15007,0.0954313339
test_15008,0.8121750153
test_15009,0.0245495880
test_15010,0.0000019796
test_15011,0.0000001070
test_15012,0.0000767597
test_15013,0.9635232704
test_15014,0.6781371621
test_15015,0.9760075303
test_15016,0.0000000301
test_15017,0.0258849059
test_15018,0.9976459073
test_15019,0.1223788666
test_15020,0.9998277900
test_15021,0.0216756471
test_15022,0.0014847114
test_15023,0.9882742696
test_15024,0.9984400957
test_15025,0.0000012707
test_15026,0.0000015426
test_15027,0.0000000467
test_15028,0.0542294065
test_15029,0.9999969732
test_15030,0.0004373009
test_15031,0.0000000423
test_15032,0.0000000205
test_15033,0.0000014471
test_15034,0.9998964700
test_15035,0.8970274421
test_15036,0.0000025234
test_15037,0.0000152267
test_15038,0.9737404261
test_15039,0.0011851304
test_15040,0.9801613392
test_15041,0.0040515497
test_15042,0.9999995857
test_15043,0.0001314426
test_15044,0.9998681143
test_15045,0.0776650450
test_15046,0.0000001787
test_15047,0.9999984542
test_15048,0.9582699684
test_15049,0.9999861915
test_15050,0.9999999988
test_15051,0.9999990626
test_15052,0.9680981320
test_15053,0.0000066183
test_15054,0.0000000429
test_15055,0.0000000207
test_15056,0.9989267872
test_15057,0.9708604619
test_15058,0.9855838778
test_15059,0.9999975580
test_15060,0.0787460036
test_15061,0.9999999815
test_15062,0.9999979449
test_15063,0.9796108702
test_15064,0.0000606450
test_15065,0.9999969803
test_15066,0.0118257962
test_15067,0.7690900219
test_15068,0.0607769148
test_15069,0.0001828223
test_15070,0.8823329603
test_15071,0.0014318243
test_15072,0.9336456746
test_15073,0.0168101201
test_15074,0.0000022432
test_15075,0.0000025011
test_15076,0.9999439040
test_15077,0.8079641291
test_15078,0.0516020571
test_15079,0.2031204618
test_15080,0.0057723646
test_15081,0.7754487475
test_15082,0.9888106667
test_15083,0.9999999996
test_15084,0.9937790603
test_15085,0.9999988915
test_15086,0.0000411738
test_15087,0.9987132216
test_15088,0.9921424943
test_15089,0.0000000018
test_15090,0.0624815416
test_15091,0.9999999843
test_15092,0.9999999564
test_15093,0.0000111746
test_15094,0.9554149035
test_15095,0.0079292453
test_15096,0.0003363013
test_15097,0.9999999955
test_15098,0.0005745503
test_15099,0.9989775406
test_15100,0.1374426327
test_15101,0.0000543324
test_15102,0.9999981159
test_15103,0.1172621237
test_15104,0.9990804010
test_15105,0.9970556598
test_15106,0.9999818624
test_15107,0.1109122577
test_15108,0.0001881801
test_15109,0.9352638822
test_15110,0.9922206756
test_15111,0.9147461950
test_15112,0.9955699918
test_15113,0.8483722880
test_15114,0.9999999968
test_15115,0.9980051564
test_15116,0.9999999958
test_15117,0.9772891777
test_15118,0.0896679128
test_15119,0.0000023327
test_15120,0.0029833049
test_15121,0.0000000102
test_15122,0.8063685755
test_15123,0.1057933837
test_15124,0.0000000003
test_15125,0.1111944014
test_15126,0.0000000035
test_15127,0.9992498759
test_15128,0.0056919900
test_15129,0.0975483030
test_15130,0.0000000001
test_15131,0.7828575548
test_15132,0.0469361369
test_15133,0.9999966746
test_15134,0.9999994880
test_15135,0.9999994852
test_15136,0.9999999081
test_15137,0.6323397692
test_15138,0.9999999859
test_15139,0.0004136914
test_15140,0.0000000018
test_15141,0.9999252032
test_15142,1.0000000000
test_15143,0.1197176645
test_15144,0.0000003689
test_15145,0.9999993388
test_15146,0.9998953873
test_15147,0.0002694253
test_15148,0.1121904256
test_15149,0.3483520484
test_15150,0.1190998795
test_15151,0.9999707999
test_15152,0.0151033678
test_15153,0.0000000029
test_15154,0.9985636581
test_15155,0.0107969987
test_15156,0.1393259027
test_15157,0.9995290199
test_15158,0.0000027932
test_15159,0.0042265693
test_15160,0.7861714201
test_15161,0.9998150189
test_15162,0.9842824161
test_15163,0.0654787254
test_15164,0.9998376073
test_15165,0.0001331635
test_15166,0.0000002749
test_15167,0.9838399075
test_15168,0.0065326633
test_15169,0.0000149098
test_15170,0.0154474614
test_15171,0.9971993885
test_15172,0.0002683559
test_15173,0.0000482257
test_15174,0.0227766434
test_15175,0.9754837315
test_15176,0.9998982426
test_15177,0.0518318094
test_15178,0.0000670633
test_15179,0.0866755421
test_15180,0.9999800385
test_15181,0.0000000896
test_15182,0.8739096431
test_15183,0.0040563842
test_15184,0.9999979066
test_15185,0.9939782491
test_15186,0.9862359764
test_15187,0.8719595133
test_15188,0.9999999998
test_15189,0.9711625057
test_15190,0.0000000000
test_15191,0.0000045939
test_15192,0.0015173670
test_15193,0.0148300078
test_15194,0.0056509528
test_15195,0.0000087629
test_15196,0.0197878821
test_15197,0.9492141673
test_15198,0.0000021203
test_15199,0.0000051496
test_15200,0.0109186245
test_15201,0.9994794096
test_15202,0.9037579978
test_15203,0.0000139455
test_15204,0.9894232903
test_15205,0.9661553053
test_15206,0.9070615897
test_15207,0.9880882259
test_15208,0.0017443964
test_15209,0.0000000142
test_15210,0.0055233878
test_15211,0.1600483410
test_15212,0.0000076348
test_15213,0.9999974479
test_15214,0.9897320394
test_15215,0.9974429546
test_15216,0.9542434386
test_15217,0.3595713466
test_15218,0.9999999994
test_15219,0.9999494332
test_15220,0.0000005934
test_15221,0.0000002844
test_15222,0.9977345168
test_15223,0.2770163665
test_15224,0.0007730755
test_15225,0.0043975227
test_15226,0.0113442996
test_15227,0.0000003004
test_15228,0.9999797361
test_15229,0.0003689107
test_15230,0.9999916519
test_15231,0.9999999974
test_15232,0.9426983737
test_15233,0.2436992989
test_15234,0.3835096002
test_15235,0.0000001025
test_15236,0.9999931562
test_15237,0.0035108057
test_15238,0.9999991446
test_15239,0.0297026403
test_15240,0.9999832110
test_15241,0.9411197076
test_15242,0.0000077155
test_15243,0.0056821707
test_15244,0.0000002573
test_15245,0.9999406965
test_15246,0.0014079560
test_15247,0.9999634064
test_15248,0.9711607636
test_15249,0.0414707242
test_15250,0.9999974486
test_15251,0.9999999908
test_15252,0.8584215604
test_15253,0.9993287205
test_15254,0.0000000005
test_15255,0.0890345723
test_15256,0.0000001851
test_15257,0.8959339807
test_15258,0.0000000272
test_15259,0.0455598151
test_15260,0.8840103621
test_15261,0.7353509931
test_15262,0.9429657512
test_15263,0.9996671960
test_15264,0.0000211519
test_15265,0.0005165485
test_15266,0.9998254572
test_15267,0.0000135718
test_15268,0.0000000000
test_15269,0.9996752927
test_15270,0.9958966306
test_15271,0.0016936754
test_15272,0.9983430003
test_15273,0.7915517001
test_15274,0.0014951496
test_15275,0.0000000337
test_15276,0.1749538554
test_15277,0.0006413285
test_15278,0.9999999990
test_15279,0.9999800723
test_15280,0.9999593016
test_15281,0.0000001366
test_15282,0.9999997386
test_15283,0.9995882636
test_15284,0.8933231547
test_15285,0.0062275885
test_15286,0.8686013108
test_15287,0.9095422423
test_15288,0.0000008178
test_15289,0.0032190280
test_15290,0.8485878025
test_15291,0.1341682702
test_15292,0.0000572305
test_15293,0.0887800654
test_15294,0.9999999227
test_15295,0.4189230518
test_15296,0.9999180971
test_15297,0.9999403284
test_15298,0.0000000025
test_15299,0.0233996167
test_15300,0.0000000916
test_15301,0.0000031708
test_15302,0.0000036525
test_15303,0.9050100678
test_15304,0.9485542158
test_15305,0.9995862451
test_15306,0.9833347539
test_15307,0.9999649348
test_15308,0.0321908728
test_15309,0.9999990456
test_15310,0.0310686775
test_15311,0.0000720702
test_15312,0.0000029479
test_15313,0.0594226353
test_15314,0.0576512527
test_15315,0.8230594524
test_15316,0.9997687211
test_15317,0.0000966358
test_15318,0.0000000029
test_15319,0.0153247478
test_15320,0.0005199513
test_15321,0.9999999810
test_15322,0.0295794051
test_15323,0.9643763458
test_15324,0.9989416809
test_15325,0.9912728256
test_15326,0.9204107266
test_15327,0.9808701930
test_15328,0.0494470094
test_15329,0.9689423010
test_15330,0.0000552063
test_15331,0.9999573561
test_15332,0.9999899559
test_15333,0.0000020365
test_15334,0.9842273070
test_15335,0.0242876343
test_15336,0.9974583539
test_15337,0.9897659241
test_15338,0.0039211625
test_15339,0.6671627519
test_15340,0.9999978335
test_15341,0.9953233515
test_15342,0.0004807786
test_15343,0.0000385541
test_15344,0.9999999262
test_15345,0.9977230471
test_15346,0.0966184921
test_15347,0.9988444339
test_15348,0.0001117243
test_15349,0.9999997948
test_15350,0.3218830020
test_15351,0.0000351812
test_15352,0.0005246220
test_15353,0.9535465969
test_15354,0.9949476761
test_15355,0.9996750590
test_15356,0.0000000948
test_15357,0.0051039889
test_15358,0.1499263185
test_15359,0.9999988197
test_15360,1.0000000000
test_15361,0.9940689391
test_15362,0.0019633160
test_15363,0.9481556000
test_15364,0.9846054469
test_15365,0.0000057805
test_15366,0.6774404674
test_15367,0.9999950664
test_15368,0.9977911634
test_15369,0.9982845107
test_15370,0.3687899422
test_15371,0.2099916954
test_15372,0.0000019180
test_15373,0.3878670642
test_15374,0.9774657692
test_15375,0.0589383026
test_15376,0.9999138402
test_15377,0.9999726377
test_15378,0.9949040988
test_15379,0.9917053205
test_15380,0.9989270143
test_15381,0.9999999634
test_15382,0.3351937238
test_15383,0.0009244912
test_15384,0.0160823403
test_15385,0.0038312585
test_15386,0.9959317858
test_15387,0.9998636909
test_15388,0.9973322733
test_15389,0.9996626048
test_15390,0.0111603857
test_15391,0.8897396914
test_15392,0.0902411180
test_15393,0.8480151233
test_15394,0.2133658905
test_15395,0.9999999977
test_15396,0.0000000306
test_15397,0.9936376366
test_15398,0.9966891049
test_15399,0.0093438297
test_15400,0.9851071464
test_15401,0.0000006558
test_15402,0.9780966839
test_15403,0.7858689184
test_15404,0.0000043410
test_15405,0.9999177044
test_15406,0.6952495866
test_15407,0.9999999588
test_15408,0.1151261790
test_15409,0.9989718712
test_15410,0.9962046613
test_15411,0.9994497342
test_15412,0.9999993793
test_15413,0.9684500016
test_15414,1.0000000000
test_15415,0.9806767604
test_15416,0.0000456427
test_15417,0.9995926216
test_15418,0.9999998933
test_15419,0.9864425512
test_15420,0.9998940681
test_15421,0.8663704372
test_15422,0.0098764357
test_15423,0.0165602900
test_15424,0.9999999462
test_15425,0.9999990239
test_15426,0.9993427274
test_15427,0.9999999991
test_15428,0.9980822665
test_15429,0.9999808816
test_15430,0.9929883357
test_15431,0.9999995177
test_15432,0.0000000000
test_15433,0.0054970005
test_15434,0.9999998941
test_15435,0.9980300282
test_15436,0.0001887305
test_15437,0.9996868639
test_15438,0.0254132228
test_15439,0.9994482849
test_15440,0.0015984977
test_15441,0.8669981940
test_15442,0.0036908777
test_15443,0.0008136286
test_15444,0.0000000035
test_15445,0.9999993574
test_15446,0.9932112060
test_15447,0.0045775628
test_15448,0.9512255492
test_15449,0.0000002321
test_15450,0.9996056020
test_15451,0.0000001920
test_15452,0.9999922970
test_15453,0.9285323219
test_15454,0.0102929923
test_15455,0.9999881818
test_15456,0.9845745128
test_15457,0.0341086609
test_15458,0.0057173639
test_15459,0.1448279959
test_15460,0.9761605884
test_15461,0.9530781725
test_15462,0.9981835306
test_15463,0.0000000066
test_15464,0.0000002340
test_15465,0.9883535608
test_15466,0.9088212227
test_15467,0.6122932527
test_15468,0.9999998670
test_15469,0.2530131749
test_15470,0.8289704295
test_15471,0.0000594603
test_15472,0.0000001118
test_15473,0.0103773778
test_15474,0.0674455679
test_15475,0.1438025278
test_15476,0.0187295361
test_15477,0.9998891802
test_15478,0.9999999997
test_15479,0.9999778156
test_15480,0.2091133029
test_15481,0.9999993984
test_15482,0.2048612861
test_15483,0.9999980841
test_15484,0.0029309649
test_15485,0.9036212621
test_15486,0.0186105131
test_15487,0.0000021511
test_15488,0.0005322662
test_15489,0.0004339408
test_15490,0.0000619869
test_15491,0.0000000865
test_15492,0.9999999406
test_15493,0.0001192703
test_15494,0.9900343237
test_15495,0.0003817267
test_15496,0.0000000407
test_15497,0.9483066272
test_15498,0.8442686433
test_15499,0.9999999105
test_15500,0.0000000001
test_15501,0.9999987807
test_15502,0.9153119495
test_15503,0.9998103082
test_15504,0.9999997817
test_15505,0.9990041824
test_15506,0.9759944780
test_15507,0.0000000161
test_15508,0.9979512338
test_15509,0.0005236648
test_15510,0.4502962917
test_15511,0.9954837304
test_15512,0.0000005275
test_15513,0.8008437755
test_15514,0.9999942147
test_15515,0.9086079897
test_15516,0.9195178358
test_15517,0.0893257174
test_15518,0.0000035137
test_15519,0.9999999231
test_15520,0.1263033972
test_15521,0.9650788555
test_15522,0.8410615512
test_15523,0.0000398328
test_15524,0.0003362918
test_15525,0.0000095886
test_15526,0.9999895158
test_15527,0.9999994862
test_15528,0.0046702485
test_15529,0.0238865468
test_15530,0.9999929014
test_15531,0.0083729474
test_15532,0.0005168962
test_15533,0.0000005842
test_15534,0.0216296080
test_15535,0.0000000014
test_15536,0.0000022741
test_15537,0.9999999074
test_15538,0.0290058042
test_15539,0.0000049481
test_15540,0.0149917952
test_15541,0.9999996621
test_15542,0.0000081603
test_15543,0.0007802068
test_15544,0.9281739272
test_15545,0.9833732211
test_15546,0.0025374909
test_15547,0.0000000000
test_15548,0.0000000853
test_15549,0.0064101887
test_15550,0.9999759644
test_15551,0.0000000676
test_15552,0.0000175472
test_15553,0.9997301931
test_15554,0.0747962376
test_15555,0.9974046433
test_15556,0.9412086569
test_15557,0.0000000354
test_15558,0.0000083903
test_15559,0.4170755072
test_15560,0.9999955439
test_15561,0.9482606921
test_15562,0.9999769127
test_15563,0.9999999538
test_15564,0.0931221880
test_15565,0.0047310148
test_15566,0.9999999996
test_15567,0.0050221701
test_15568,0.9971643782
test_15569,0.0000740827
test_15570,0.9963459775
test_15571,0.2770550226
test_15572,0.0000473183
test_15573,0.9998592141
test_15574,0.9998531186
test_15575,0.0000000083
test_15576,0.9999979464
test_15577,0.9220508420
test_15578,0.9998846959
test_15579,0.8813260249
test_15580,1.0000000000
test_15581,0.0021188502
test_15582,0.9948800433
test_15583,0.0000032544
test_15584,0.0018604943
test_15585,0.9999974060
test_15586,0.9998671846
test_15587,0.0000934581
test_15588,0.8105464970
test_15589,0.9995114201
test_15590,0.0000443815
test_15591,0.5519481447
test_15592,0.9979668793
test_15593,0.9999999001
test_15594,0.8177354737
test_15595,0.0004297968
test_15596,0.9959132848
test_15597,0.9936737853
test_15598,0.3214363737
test_15599,0.0650032350
test_15600,0.0478777463
test_15601,0.9999147743
test_15602,0.0000000663
test_15603,0.0000124708
test_15604,0.1107459193
test_15605,0.0001471182
test_15606,0.0169852459
test_15607,0.9999774240
test_15608,0.0565264468
test_15609,0.9994372509
test_15610,0.0700427994
test_15611,0.8861204224
test_15612,0.9999950049
test_15613,0.9869182567
test_15614,0.1268955423
test_15615,0.0032706086
test_15616,0.0004744162
test_15617,0.9851991336
test_15618,0.0259159869
test_15619,0.9995712927
test_15620,0.0000001755
test_15621,0.9996814315
test_15622,0.0000004702
test_15623,0.0117714399
test_15624,0.0000001920
test_15625,0.0008611623
test_15626,0.9999097116
test_15627,0.9999800813
test_15628,0.0000287892
test_15629,0.0000000092
test_15630,0.0000014141
test_15631,0.9999999392
test_15632,0.9532502695
test_15633,0.9999734091
test_15634,0.0000000451
test_15635,0.0000075779
test_15636,0.9894842931
test_15637,0.9999925887
test_15638,0.9999966121
test_15639,0.0449938822
test_15640,0.9090498034
test_15641,0.9997110512
test_15642,0.9939332897
test_15643,0.9999887781
test_15644,0.0000570996
test_15645,0.9845852636
test_15646,0.9999999933
test_15647,0.0000000049
test_15648,0.0218768368
test_15649,0.0000484372
test_15650,0.9999998324
test_15651,0.0005105687
test_15652,0.9999995730
test_15653,0.0000000000
test_15654,0.9999317995
test_15655,0.0019263794
test_15656,0.9705320112
test_15657,0.0197537942
test_15658,0.9417011412
test_15659,0.0016241249
test_15660,0.0017330348
test_15661,0.0000002183
test_15662,0.0146877978
test_15663,0.9980256187
test_15664,0.0000000520
test_15665,0.9887366888
test_15666,0.9999995329
test_15667,0.0158559110
test_15668,0.9999534041
test_15669,0.9996310893
test_15670,0.0636641999
test_15671,0.9998470218
test_15672,0.9999999993
test_15673,0.0151295831
test_15674,0.0310496955
test_15675,0.9999835214
test_15676,0.0231295651
test_15677,0.0053322720
test_15678,0.9999999772
test_15679,0.9988590736
test_15680,0.9960969472
test_15681,0.0001572562
test_15682,0.0320178276
test_15683,0.1137293910
test_15684,0.9892962347
test_15685,0.0000000002
test_15686,0.9961539991
test_15687,0.9968516749
test_15688,0.9967427588
test_15689,0.0588567522
test_15690,0.0000046686
test_15691,0.0000004078
test_15692,0.0000000548
test_15693,0.9983209761
test_15694,0.1032968515
test_15695,0.1372390944
test_15696,0.9736253608
test_15697,0.9958887505
test_15698,0.0000000010
test_15699,0.9999883066
test_15700,0.0000000104
test_15701,0.9999846374
test_15702,0.9977863657
test_15703,0.7949079724
test_15704,0.0000018959
test_15705,0.0794704293
test_15706,0.9999999875
test_15707,0.9999942123
test_15708,0.2231032644
test_15709,0.9948810910
test_15710,0.8921455848
test_15711,0.9999997753
test_15712,0.0000000736
test_15713,0.9994030279
test_15714,0.6763228200
test_15715,0.9999999818
test_15716,0.2493516646
test_15717,0.0401818803
test_15718,0.9961449155
test_15719,0.0352163839
test_15720,0.9999577389
test_15721,0.9999807089
test_15722,0.9998850357
test_15723,0.9999999884
test_15724,0.9994236903
test_15725,0.9813652251
test_15726,0.9726864959
test_15727,0.3208512680
test_15728,0.0513802579
test_15729,0.0000123609
test_15730,0.0003461351
test_15731,0.0000051627
test_15732,0.9945931811
test_15733,0.9902859734
test_15734,0.0000269060
test_15735,0.1370913808
test_15736,0.0000375922
test_15737,0.9959612179
test_15738,0.1355806224
test_15739,0.9957963006
test_15740,0.0108395230
test_15741,0.9999999999
test_15742,0.9998397236
test_15743,0.9999880116
test_15744,0.0072378425
test_15745,0.9843776141
test_15746,0.9999998687
test_15747,0.9999952619
test_15748,0.0188772460
test_15749,0.9999999999
test_15750,0.9828437592
test_15751,0.9999748603
test_15752,0.9414376838
test_15753,0.9982749263
test_15754,0.0000000149
test_15755,0.9998528224
test_15756,0.0000000321
test_15757,0.9165398565
test_15758,0.9869501645
test_15759,0.0102330731
test_15760,0.9937517061
test_15761,0.9992015513
test_15762,0.9897415450
test_15763,0.0690264192
test_15764,0.9999599447
test_15765,0.9964805984
test_15766,0.0090189696
test_15767,0.9992916813
test_15768,0.0133102365
test_15769,0.0000334595
test_15770,0.8518616420
test_15771,0.0000000070
test_15772,0.9406968960
test_15773,0.0000000033
test_15774,0.9998307128
test_15775,0.9999999997
test_15776,0.0912029393
test_15777,0.0013959608
test_15778,0.0101870469
test_15779,0.0000000425
test_15780,0.2476877607
test_15781,0.0697056084
test_15782,0.9851558057
test_15783,0.9863313811
test_15784,0.0014072683
test_15785,0.3757749579
test_15786,0.9998273596
test_15787,0.0588197844
test_15788,0.1019251799
test_15789,0.0000625975
test_15790,0.9997297774
test_15791,0.0201356446
test_15792,0.9325471672
test_15793,0.6977351325
test_15794,0.9958507605
test_15795,0.0298349476
test_15796,0.0058467821
test_15797,0.0012626766
test_15798,0.2055886836
test_15799,0.0160324778
test_15800,0.8786024851
test_15801,0.9999613421
test_15802,0.0116318208
test_15803,0.0352775362
test_15804,0.0000004227
test_15805,0.9559786490
test_15806,0.0000031138
test_15807,0.9999821559
test_15808,0.9321552008
test_15809,0.9953559430
test_15810,0.0000005425
test_15811,0.9925897134
test_15812,0.0000049135
test_15813,0.9998383643
test_15814,0.7934734061
test_15815,0.0012967301
test_15816,0.9999931707
test_15817,0.0006727246
test_15818,0.0404418323
test_15819,0.9999090131
test_15820,0.0001660434
test_15821,0.9084277731
test_15822,0.8979194606
test_15823,0.0000436822
test_15824,0.8237556952
test_15825,0.0043115178
test_15826,0.0002240288
test_15827,0.9972929108
test_15828,0.9952366955
test_15829,0.9999178522
test_15830,0.0026217427
test_15831,0.0000144964
test_15832,0.9999999990
test_15833,0.9860774941
test_15834,0.0121456060
test_15835,0.0004805154
test_15836,0.9989462638
test_15837,0.9999991890
test_15838,0.0063004871
test_15839,0.9999998935
test_15840,0.9997490596
test_15841,0.0000000040
test_15842,0.9752159709
test_15843,0.0186389843
test_15844,0.0275793082
test_15845,0.9999741848
test_15846,0.0245105141
test_15847,0.0000000083
test_15848,0.0081541300
test_15849,0.9825147704
test_15850,0.0000910548
test_15851,0.9997825076
test_15852,0.0000000177
test_15853,0.9922238778
test_15854,0.9991460184
test_15855,0.9995512067
test_15856,0.6437327129
test_15857,0.0000000135
test_15858,0.9819859797
test_15859,0.9999999704
test_15860,0.0000000007
test_15861,0.9944373032
test_15862,0.0346215063
test_15863,0.9999240964
test_15864,0.9991669675
test_15865,0.9970095911
test_15866,0.9999553887
test_15867,0.9925848089
test_15868,0.9970173611
test_15869,0.0037647037
test_15870,0.0109172280
test_15871,0.9998980250
test_15872,0.0000224562
test_15873,0.0016528000
test_15874,0.0203670223
test_15875,0.0000000862
test_15876,0.0025410638
test_15877,0.0000000001
test_15878,0.9992364925
test_15879,0.8753494853
test_15880,0.0180546964
test_15881,0.0000000052
test_15882,0.9687546765
test_15883,0.0085271538
test_15884,0.9999999457
test_15885,0.9996195481
test_15886,0.0244347013
test_15887,0.9995869327
test_15888,0.0239235402
test_15889,0.8328819157
test_15890,0.8273645374
test_15891,0.8314968821
test_15892,0.9991574488
test_15893,0.0000000468
test_15894,0.0000000056
test_15895,0.9999997939
test_15896,0.9877761616
test_15897,0.9983046110
test_15898,0.9912549801
test_15899,0.0000009214
test_15900,0.9999854614
test_15901,0.9857162983
test_15902,0.0020178550
test_15903,0.2457093032
test_15904,0.0014919466
test_15905,0.9939800635
test_15906,0.0000000937
test_15907,0.9999999182
test_15908,0.0000000020
test_15909,0.9999864893
test_15910,0.9999642433
test_15911,0.0044056682
test_15912,0.9994084228
test_15913,0.9976330628
test_15914,0.9999999643
test_15915,0.0000242390
test_15916,0.0001507245
test_15917,0.0000033695
test_15918,0.0000009781
test_15919,0.9999994634
test_15920,0.8437009377
test_15921,0.9996758805
test_15922,0.0235348015
test_15923,0.9999413476
test_15924,0.2450442752
test_15925,0.7585033454
test_15926,0.9999908000
test_15927,0.9999999998
test_15928,0.9992323818
test_15929,1.0000000000
test_15930,0.1185488540
test_15931,0.0100691986
test_15932,0.9641039967
test_15933,0.9999981221
test_15934,0.0163303249
test_15935,0.9930324972
test_15936,0.2646207856
test_15937,0.9995622972
test_15938,0.9998873728
test_15939,0.9898148218
test_15940,0.9540342688
test_15941,0.9991713711
test_15942,0.0000000253
test_15943,0.9985984463
test_15944,0.0000014254
test_15945,0.9946136340
test_15946,0.0157646874
test_15947,0.0010330118
test_15948,0.9999997225
test_15949,0.9745530378
test_15950,0.0050197190
test_15951,0.0000000130
test_15952,0.9971507105
test_15953,0.0402928311
test_15954,0.9989359505
test_15955,0.0005673421
test_15956,0.0000764748
test_15957,0.0000006793
test_15958,0.9887955785
test_15959,0.9989766053
test_15960,0.3633575498
test_15961,0.9796129075
test_15962,0.9999546855
test_15963,0.7526967004
test_15964,0.9998529623
test_15965,0.0000016951
test_15966,0.9992863470
test_15967,0.0677464204
test_15968,0.0002740221
test_15969,0.0031335169
test_15970,0.9987861595
test_15971,0.0000000038
test_15972,0.0087825125
test_15973,0.0019013802
test_15974,0.0685416009
test_15975,0.1018435852
test_15976,0.0226400673
test_15977,0.8486032580
test_15978,0.9972107879
test_15979,0.9827247434
test_15980,0.0289962315
test_15981,0.9999999996
test_15982,0.0642820296
test_15983,0.9999997645
test_15984,0.9999897427
test_15985,0.0005774784
test_15986,0.0046949223
test_15987,0.0000002054
test_15988,0.9999995471
test_15989,0.0000221155
test_15990,0.9660807706
test_15991,0.9999170705
test_15992,0.0048020502
test_15993,0.9999971950
test_15994,0.0000000000
test_15995,0.9891762334
test_15996,0.2864897319
test_15997,0.0494220344
test_15998,0.0334137283
test_15999,0.9818520126
test_16000,0.0000000610
test_16001,0.0041331719
test_16002,0.0000195579
test_16003,0.9676655222
test_16004,0.0000009736
test_16005,0.0000558074
test_16006,0.2668002933
test_16007,0.9047542258
test_16008,0.0204171804
test_16009,0.0000000000
test_16010,0.6706153811
test_16011,0.0052630651
test_16012,0.0093283475
test_16013,0.9999597040
test_16014,0.0000012550
test_16015,0.0000000040
test_16016,0.4552808362
test_16017,0.0009637223
test_16018,0.9999996428
test_16019,0.0000000454
test_16020,0.8740898993
test_16021,1.0000000000
test_16022,0.9999560697
test_16023,0.0000012634
test_16024,0.0000003509
test_16025,0.0003534510
test_16026,0.9958509058
test_16027,0.8869478115
test_16028,0.0000233866
test_16029,0.0000379094
test_16030,0.0000012991
test_16031,0.0231664360
test_16032,0.8978719224
test_16033,0.0000000380
test_16034,0.9999999983
test_16035,0.0004730198
test_16036,0.0000000034
test_16037,0.1682894925
test_16038,0.0000739297
test_16039,0.0006440337
test_16040,0.0000000002
test_16041,1.0000000000
test_16042,0.9998422637
test_16043,0.9999998462
test_16044,0.9954067953
test_16045,0.9999647979
test_16046,0.0003203639
test_16047,0.4664811019
test_16048,0.9999995585
test_16049,0.0074199733
test_16050,0.5875799720
test_16051,0.8576181911
test_16052,0.0000000321
test_16053,0.9271739984
test_16054,0.0000152475
test_16055,0.0000004795
test_16056,0.9724539910
test_16057,0.9878296552
test_16058,0.1740371993
test_16059,0.9999999963
test_16060,0.9993678402
test_16061,0.9984268467
test_16062,0.0000471408
test_16063,0.8957981652
test_16064,0.9999379157
test_16065,0.9999999954
test_16066,0.9926138505
test_16067,0.9948263313
test_16068,0.0000716218
test_16069,0.0192677908
test_16070,0.1214842428
test_16071,0.9294548600
test_16072,0.9998739384
test_16073,0.0000000581
test_16074,0.0000724894
test_16075,0.9999742412
test_16076,0.8130708752
test_16077,0.9999999475
test_16078,0.7912908636
test_16079,0.7770736147
test_16080,0.9999848833
test_16081,0.8518599889
test_16082,0.8954377650
test_16083,0.0023159290
test_16084,0.0000029582
test_16085,0.0000135681
test_16086,0.9999989529
test_16087,0.9998015334
test_16088,0.9939790802
test_16089,0.0000698942
test_16090,0.0277555774
test_16091,0.9331982578
test_16092,0.0223080991
test_16093,0.0084313974
test_16094,1.0000000000
test_16095,0.9854078818
test_16096,0.9999966645
test_16097,0.0002001221
test_16098,0.9479117958
test_16099,0.9999624636
test_16100,0.0000012149
test_16101,0.0000005846
test_16102,0.9999998683
test_16103,0.0001346208
test_16104,0.1418125704
test_16105,0.5282433797
test_16106,0.9998399635
test_16107,0.9999987523
test_16108,0.0876497144
test_16109,0.9999997810
test_16110,0.0000000147
test_16111,0.9820011457
test_16112,0.9999999462
test_16113,0.9992272915
test_16114,0.9943687399
test_16115,0.0115155554
test_16116,0.0006368044
test_16117,0.9999998687
test_16118,0.9953222712
test_16119,0.9927124429
test_16120,0.0038160507
test_16121,0.9999956911
test_16122,0.0016268646
test_16123,0.9999999995
test_16124,0.9986835553
test_16125,0.9979837590
test_16126,0.1275179819
test_16127,0.9973325171
test_16128,0.0129251086
test_16129,0.0004710482
test_16130,0.9434576871
test_16131,0.0532669868
test_16132,1.0000000000
test_16133,0.0280535768
test_16134,0.9972440893
test_16135,0.9999999679
test_16136,0.9999999994
test_16137,0.9931983739
test_16138,0.6975350684
test_16139,0.9992145361
test_16140,0.3704782518
test_16141,0.0000002093
test_16142,0.0545258447
test_16143,0.9955919693
test_16144,0.9934724261
test_16145,0.0005347919
test_16146,0.0000051444
test_16147,0.0001643194
test_16148,0.0000241000
test_16149,0.0542150457
test_16150,0.9934827134
test_16151,0.9591295102
test_16152,0.0001114333
test_16153,0.9999999227
test_16154,0.0002654740
test_16155,0.9998556614
test_16156,0.9997190458
test_16157,0.0019115980
test_16158,0.0000018315
test_16159,0.1956916738
test_16160,0.1074715425
test_16161,0.9999923458
test_16162,0.8656043566
test_16163,0.0000000125
test_16164,0.2310372646
test_16165,0.4333964454
test_16166,0.0000000003
test_16167,0.0000354909
test_16168,0.0000002306
test_16169,0.9999995212
test_16170,0.9166660021
test_16171,0.0033534417
test_16172,0.0012031682
test_16173,0.9999298122
test_16174,0.0018419094
test_16175,0.9364864752
test_16176,0.1701762778
test_16177,0.0000001476
test_16178,0.0000225475
test_16179,0.0003782236
test_16180,0.0925453201
test_16181,0.9999706960
test_16182,0.0032828120
test_16183,0.0001434710
test_16184,0.9990746640
test_16185,0.9999983108
test_16186,0.0011364084
test_16187,0.0676543163
test_16188,0.1725914298
test_16189,0.9998038206
test_16190,0.9162146114
test_16191,0.0384688255
test_16192,0.9932114922
test_16193,0.9999999770
test_16194,0.0008898654
test_16195,0.9999978467
test_16196,0.0094137896
test_16197,0.9999902942
test_16198,0.0000002249
test_16199,0.9603858122
test_16200,0.1238175349
test_16201,0.0000002473
test_16202,0.9999995093
test_16203,0.9999423771
test_16204,0.9999999291
test_16205,0.9180040951
test_16206,1.0000000000
test_16207,0.9997409999
test_16208,0.0002097068
test_16209,0.7766409597
test_16210,0.9290247371
test_16211,0.9999999804
test_16212,0.9999999523
test_16213,0.9901198702
test_16214,0.0079951105
test_16215,0.8829740889
test_16216,0.9999993345
test_16217,0.0005506411
test_16218,0.9999937689
test_16219,0.9991847583
test_16220,0.9993876013
test_16221,0.9923119902
test_16222,0.8861049532
test_16223,0.9398262734
test_16224,0.9999999858
test_16225,0.9997651976
test_16226,0.9968039124
test_16227,0.0000436052
test_16228,0.0157920098
test_16229,0.9953698652
test_16230,0.9068727577
test_16231,0.8217249258
test_16232,0.0000003273
test_16233,0.0001101115
test_16234,0.5077030267
test_16235,0.9584127225
test_16236,0.0009917727
test_16237,0.9999999023
test_16238,0.0004364719
test_16239,0.0482739196
test_16240,0.9557407446
test_16241,0.0011192698
test_16242,0.0493696331
test_16243,0.8967107712
test_16244,0.0066867017
test_16245,0.9995581907
test_16246,0.9923724801
test_16247,0.0000000009
test_16248,0.9955185208
test_16249,0.0000367711
test_16250,0.9999968792
test_16251,0.9901782409
test_16252,0.0033819182
test_16253,0.9505493747
test_16254,0.9947047826
test_16255,0.0002111015
test_16256,0.0001785850
test_16257,0.0792957123
test_16258,0.0000085014
test_16259,0.9999996228
test_16260,0.0144496539
test_16261,0.9976125360
test_16262,0.9999999997
test_16263,0.8779367115
test_16264,0.0000100139
test_16265,0.9999834805
test_16266,0.9999114266
test_16267,0.0046781546
test_16268,0.9999999987
test_16269,0.0005250293
test_16270,0.9994938601
test_16271,0.9999972851
test_16272,0.9999777300
test_16273,1.0000000000
test_16274,0.9164951966
test_16275,0.0000000000
test_16276,0.0000000007
test_16277,0.9998620631
test_16278,0.0000000000
test_16279,0.0000001820
test_16280,0.9999997523
test_16281,0.9999286274
test_16282,0.9998717359
test_16283,0.0000000286
test_16284,0.0228264236
test_16285,0.9999216290
test_16286,0.0070015648
test_16287,0.9700128249
test_16288,0.0000001357
test_16289,0.9990381719
test_16290,0.0628648679
test_16291,0.9930301020
test_16292,0.8513138861
test_16293,0.9999999068
test_16294,0.0000534822
test_16295,0.9948889439
test_16296,0.2523655134
test_16297,0.9968080885
test_16298,0.9989683895
test_16299,0.9824816410
test_16300,0.0000210118
test_16301,0.0000000030
test_16302,0.0056934733
test_16303,0.9999997619
test_16304,0.0186792727
test_16305,0.9999999635
test_16306,0.9984458410
test_16307,0.9999943277
test_16308,0.9985947850
test_16309,0.9999383949
test_16310,0.0001718293
test_16311,0.9695068895
test_16312,0.0001964020
test_16313,0.0003031732
test_16314,0.4786020872
test_16315,0.0141731081
test_16316,0.6655378477
test_16317,0.9990340686
test_16318,0.9999976542
test_16319,0.0000000003
test_16320,0.9999021197
test_16321,0.8176932779
test_16322,0.0607568739
test_16323,0.0097790467
test_16324,0.9989856504
test_16325,0.4362112584
test_16326,0.9985098975
test_16327,0.0001016134
test_16328,0.0030129324
test_16329,0.0000024061
test_16330,0.9999916867
test_16331,0.0000011367
test_16332,0.9614456863
test_16333,0.0000822771
test_16334,0.9998815040
test_16335,0.9999998910
test_16336,0.0000004515
test_16337,0.1780200879
test_16338,0.9999999913
test_16339,0.9742866251
test_16340,0.9961954714
test_16341,0.9999995563
test_16342,0.9999999086
test_16343,0.9988613788
test_16344,0.9998578845
test_16345,0.0261292381
test_16346,0.9297606190
test_16347,0.0594653947
test_16348,0.9987446528
test_16349,0.9999999051
test_16350,0.7714597147
test_16351,0.9782214452
test_16352,0.0000000010
test_16353,0.9999999653
test_16354,0.0258885662
test_16355,0.9999634187
test_16356,0.0120577105
test_16357,0.4902075044
test_16358,0.0000004552
test_16359,0.9999139159
test_16360,0.0027967056
test_16361,0.0000000000
test_16362,0.9999976910
test_16363,0.8482383713
test_16364,0.0197529040
test_16365,0.9994681076
test_16366,0.7501845994
test_16367,0.9998855389
test_16368,0.0000035147
test_16369,0.0000049091
test_16370,0.0000000567
test_16371,0.9606332140
test_16372,0.9999996157
test_16373,0.2452262316
test_16374,0.0187296217
test_16375,0.9952710324
test_16376,0.9999534534
test_16377,0.9946247041
test_16378,0.7360638321
test_16379,0.0003598166
test_16380,0.0000005304
test_16381,0.0243942075
test_16382,0.0000582565
test_16383,0.8954059992
test_16384,0.9999276620
test_16385,0.0001008796
test_16386,0.8319960059
test_16387,0.9999997280
test_16388,0.9760785543
test_16389,0.9999999842
test_16390,0.9939305980
test_16391,0.1006580190
test_16392,1.0000000000
test_16393,0.0187065658
test_16394,0.9961613331
test_16395,0.0000407182
test_16396,0.9999986957
test_16397,0.0000036257
test_16398,0.9999997527
test_16399,0.0040822005
test_16400,0.0003691599
test_16401,0.9988681717
test_16402,0.9995971424
test_16403,0.9999704438
test_16404,0.9999993461
test_16405,0.0000001330
test_16406,0.0004188504
test_16407,0.9999556050
test_16408,0.8086960969
test_16409,0.0000000256
test_16410,0.0000000335
test_16411,0.0179172905
test_16412,0.0000047425
test_16413,0.0000588353
test_16414,0.9972746652
test_16415,0.9999999964
test_16416,0.0075902795
test_16417,0.0000009865
test_16418,0.0000003084
test_16419,0.0000027548
test_16420,0.0000029410
test_16421,0.9995004999
test_16422,0.9508139082
test_16423,0.9999998480
test_16424,0.5269763366
test_16425,0.0000793398
test_16426,0.0027789579
test_16427,0.9727306731
test_16428,0.0012278896
test_16429,0.9999999987
test_16430,0.9999998732
test_16431,0.9881317592
test_16432,0.0075097017
test_16433,0.0000000018
test_16434,0.0127506362
test_16435,0.0006389127
test_16436,0.0001455785
test_16437,0.9675253740
test_16438,0.6629417430
test_16439,1.0000000000
test_16440,0.9466145019
test_16441,0.0000494956
test_16442,0.9999999943
test_16443,0.0731205393
test_16444,0.9999489380
test_16445,0.9875195975
test_16446,0.0000079293
test_16447,0.9999789187
test_16448,0.0007427935
test_16449,0.9999999931
test_16450,0.2157729923
test_16451,0.0750616413
test_16452,0.0000298068
test_16453,0.9985908362
test_16454,0.0000000000
test_16455,0.9990266462
test_16456,0.9757536444
test_16457,0.0156925115
test_16458,0.0000000172
test_16459,0.0047475359
test_16460,0.0382132457
test_16461,0.9999999996
test_16462,0.0292087068
test_16463,0.9999556320
test_16464,0.8965444658
test_16465,0.9910465992
test_16466,0.9756179552
test_16467,0.8586820349
test_16468,0.8991161373
test_16469,0.9997561522
test_16470,0.9875244492
test_16471,0.0092174397
test_16472,0.0000000004
test_16473,0.1722438602
test_16474,0.9639755938
test_16475,0.0100873676
test_16476,0.0001895850
test_16477,0.0000030422
test_16478,1.0000000000
test_16479,0.2572454462
test_16480,0.9957737247
test_16481,0.0000000005
test_16482,0.9052115524
test_16483,0.0006179524
test_16484,0.9930362899
test_16485,0.0000844057
test_16486,0.9748026510
test_16487,0.2616681217
test_16488,0.0179909474
test_16489,0.0000004889
test_16490,0.9996804141
test_16491,0.0690129209
test_16492,0.0001207751
test_16493,0.0000004293
test_16494,0.0002444319
test_16495,0.0626208878
test_16496,0.9999921061
test_16497,0.0041775852
test_16498,0.0292944366
test_16499,0.0281877435
test_16500,0.1958213768
test_16501,0.9740157034
test_16502,0.0000083278
test_16503,0.0283564855
test_16504,0.0000000007
test_16505,0.9999999994
test_16506,0.0000065178
test_16507,0.9858846874
test_16508,0.9999994516
test_16509,0.0000079293
test_16510,0.0016925238
test_16511,0.9898194819
test_16512,0.0000045210
test_16513,0.0277704980
test_16514,0.0000526399
test_16515,0.9598335940
test_16516,0.9999999948
test_16517,0.0031643893
test_16518,0.9987579785
test_16519,0.9999999968
test_16520,0.5051010872
test_16521,0.0013011862
test_16522,0.9998334512
test_16523,0.9999947364
test_16524,0.0029406182
test_16525,0.0972466333
test_16526,0.9927246781
test_16527,0.0000906615
test_16528,0.0053674629
test_16529,0.9973632669
test_16530,0.0000031591
test_16531,0.0479590058
test_16532,0.9987427492
test_16533,0.0000000088
test_16534,0.9999895600
test_16535,0.9986925819
test_16536,0.0001206919
test_16537,0.9043694876
test_16538,0.9999999626
test_16539,0.9229628917
test_16540,0.0701398430
test_16541,0.0000000014
test_16542,0.9998041815
test_16543,0.9485248470
test_16544,0.0286140931
test_16545,0.0000001498
test_16546,1.0000000000
test_16547,0.9472135986
test_16548,0.0431305307
test_16549,0.0151661038
test_16550,1.0000000000
test_16551,0.9999999337
test_16552,0.9999273286
test_16553,0.0356249269
test_16554,0.0000000331
test_16555,0.0138511222
test_16556,0.9997452948
test_16557,0.9999999862
test_16558,0.9999998532
test_16559,0.9904773725
test_16560,0.0000000090
test_16561,0.9919439127
test_16562,0.0049066184
test_16563,0.0000049224
test_16564,0.9999412864
test_16565,0.9715647408
test_16566,0.0000000027
test_16567,0.9999698277
test_16568,0.9619196191
test_16569,0.0000418931
test_16570,0.9491923149
test_16571,0.9412054721
test_16572,0.1089897028
test_16573,0.0000000056
test_16574,0.0240482262
test_16575,0.0001070904
test_16576,0.0000003556
test_16577,0.0262088854
test_16578,0.9999752211
test_16579,0.1186758366
test_16580,0.0000003726
test_16581,0.0000026305
test_16582,0.9428785741
test_16583,0.9999999466
test_16584,0.9711417356
test_16585,0.0000942194
test_16586,0.9462872325
test_16587,0.9867781953
test_16588,0.1141639401
test_16589,0.9940188913
test_16590,0.0027353771
test_16591,0.9999999919
test_16592,0.0000061137
test_16593,0.0007547226
test_16594,0.0000017910
test_16595,0.0239067837
test_16596,0.0033423583
test_16597,0.9910410637
test_16598,0.9984079450
test_16599,0.9682012338
test_16600,0.9988828695
test_16601,0.0115236746
test_16602,0.9991290819
test_16603,0.9263403994
test_16604,0.9996271501
test_16605,0.0000001083
test_16606,0.0883856323
test_16607,0.0378376017
test_16608,0.9999999881
test_16609,0.9999156224
test_16610,0.0000830269
test_16611,0.3750807601
test_16612,0.0000286132
test_16613,0.9999999464
test_16614,0.9999653152
test_16615,0.0007570568
test_16616,0.0002077888
test_16617,0.0002258439
test_16618,0.0000038982
test_16619,0.0004281364
test_16620,0.9957960458
test_16621,0.9847787980
test_16622,0.9936522234
test_16623,0.3810094617
test_16624,0.9724362012
test_16625,0.0032842291
test_16626,0.0268474701
test_16627,0.0280284312
test_16628,0.0000000252
test_16629,0.0001263170
test_16630,0.0000000266
test_16631,0.0000077099
test_16632,0.9882896365
test_16633,0.0000021984
test_16634,0.1274015233
test_16635,0.0000032336
test_16636,0.9886521557
test_16637,0.0013513415
test_16638,0.9999996821
test_16639,0.9999965284
test_16640,0.5919362425
test_16641,0.9407775989
test_16642,0.9999857347
test_16643,0.9705024418
test_16644,0.9999994486
test_16645,0.9999965945
test_16646,0.9999965275
test_16647,0.9945573775
test_16648,0.0103815838
test_16649,0.8714787471
test_16650,0.0081161565
test_16651,0.0000000010
test_16652,0.0007323467
test_16653,0.9999999997
test_16654,0.9999808327
test_16655,0.0000001732
test_16656,0.9436300636
test_16657,0.9999999645
test_16658,0.9845180570
test_16659,0.1311863763
test_16660,0.9999138923
test_16661,0.0000597697
test_16662,0.9951907459
test_16663,0.0650554718
test_16664,0.9999997419
test_16665,0.0005461736
test_16666,0.9999999731
test_16667,0.0000320931
test_16668,0.9180991783
test_16669,0.0000000009
test_16670,0.0005671177
test_16671,0.0200584703
test_16672,0.9999999896
test_16673,0.0000002492
test_16674,0.0427673586
test_16675,0.1846465744
test_16676,0.2468511264
test_16677,0.8667672064
test_16678,0.8307712807
test_16679,0.0002177270
test_16680,0.0393689198
test_16681,0.0000003207
test_16682,0.9999861821
test_16683,0.0173141202
test_16684,0.0105632224
test_16685,0.0000006055
test_16686,0.0000127786
test_16687,0.9999960810
test_16688,0.1494612111
test_16689,0.9330776437
test_16690,0.9999997508
test_16691,0.0279823352
test_16692,0.9998397884
test_16693,0.0003798582
test_16694,0.9949902784
test_16695,0.0000158344
test_16696,0.0048353602
test_16697,0.0000265180
test_16698,0.9754108764
test_16699,0.0002788833
test_16700,0.9892890468
test_16701,0.0000000808
test_16702,0.0390825152
test_16703,0.9999999734
test_16704,0.0138241031
test_16705,0.9988882408
test_16706,0.8677129312
test_16707,0.9366492536
test_16708,0.9999071706
test_16709,0.9999999769
test_16710,0.0000433214
test_16711,0.6724384479
test_16712,0.2333189471
test_16713,0.0128086189
test_16714,0.0001433360
test_16715,0.0000000002
test_16716,0.0050313410
test_16717,0.4866714566
test_16718,0.0000136927
test_16719,0.7801831573
test_16720,0.0000010141
test_16721,0.9999938190
test_16722,0.9999964702
test_16723,0.9999998914
test_16724,0.0773485208
test_16725,0.5800722495
test_16726,0.0019166628
test_16727,0.9999963504
test_16728,0.0000145271
test_16729,0.0889432339
test_16730,0.9991976610
test_16731,0.0045738083
test_16732,0.1274781807
test_16733,0.0011280164
test_16734,0.9999972311
test_16735,0.0000888660
test_16736,0.9766303928
test_16737,0.9999999210
test_16738,0.9815590962
test_16739,0.9924121658
test_16740,0.9999997508
test_16741,0.0004248914
test_16742,0.0037010151
test_16743,0.0000003775
test_16744,0.9998659971
test_16745,0.0000015865
test_16746,0.0371086224
test_16747,0.4810362003
test_16748,0.9999999446
test_16749,0.8302190142
test_16750,0.0000000073
test_16751,1.0000000000
test_16752,0.0072291713
test_16753,0.9999988860
test_16754,0.0000006649
test_16755,0.0001359046
test_16756,0.9999997854
test_16757,0.0000002804
test_16758,0.9989062226
test_16759,0.6057558837
test_16760,0.9922178684
test_16761,0.9999993781
test_16762,0.8382975593
test_16763,0.9910314793
test_16764,0.0000539954
test_16765,0.9975423355
test_16766,0.9999993116
test_16767,0.0020523421
test_16768,0.0482534042
test_16769,0.9263055973
test_16770,0.8224387710
test_16771,0.8877399780
test_16772,0.0000016119
test_16773,0.9993069628
test_16774,0.9965447200
test_16775,0.1874009118
test_16776,0.0077663246
test_16777,0.9999999307
test_16778,0.0495229204
test_16779,0.0136319206
test_16780,0.9999995478
test_16781,0.0083030954
test_16782,0.9999999996
test_16783,0.9864495620
test_16784,0.9782218649
test_16785,0.9999999880
test_16786,0.0000000010
test_16787,0.3204555239
test_16788,0.5686230378
test_16789,0.9995751318
test_16790,0.0052361444
test_16791,0.0000000110
test_16792,0.9999991497
test_16793,0.0445027712
test_16794,0.9999407474
test_16795,0.0000002287
test_16796,0.9479148702
test_16797,0.0031868940
test_16798,0.9307804931
test_16799,0.9997103126
test_16800,0.9976912907
test_16801,0.9997902864
test_16802,0.9999999921
test_16803,0.0039020468
test_16804,0.9999998788
test_16805,0.9896764855
test_16806,0.9999936732
test_16807,0.9341270170
test_16808,0.0000000015
test_16809,0.0000008632
test_16810,0.0000008824
test_16811,0.9990389124
test_16812,0.0011548638
test_16813,0.0000194098
test_16814,0.1747407480
test_16815,0.9585411278
test_16816,0.0000370456
test_16817,0.9985431900
test_16818,0.0053554536
test_16819,0.9999999973
test_16820,0.0661923386
test_16821,0.8455865394
test_16822,0.8788708587
test_16823,0.9990850081
test_16824,0.9999957637
test_16825,0.7806307110
test_16826,0.9700404205
test_16827,0.0000320500
test_16828,0.0020136514
test_16829,0.0091246943
test_16830,0.0000244832
test_16831,0.9999995809
test_16832,0.9998492439
test_16833,0.1278905878
test_16834,0.9958029469
test_16835,0.9999986652
test_16836,0.0047589978
test_16837,0.9999998342
test_16838,0.0003001837
test_16839,0.9634336276
test_16840,0.9063434126
test_16841,0.9999656955
test_16842,0.9850673464
test_16843,0.0000010050
test_16844,1.0000000000
test_16845,0.0000000586
test_16846,0.0000001326
test_16847,0.3035212761
test_16848,0.9987061234
test_16849,0.9999437710
test_16850,0.1393264364
test_16851,0.0000002887
test_16852,0.0074558499
test_16853,0.0775008449
test_16854,0.0000335060
test_16855,0.0056257098
test_16856,0.9974528186
test_16857,0.9997987854
test_16858,0.9995081262
test_16859,0.0000452089
test_16860,0.9899942738
test_16861,0.0000415986
test_16862,0.0001405370
test_16863,0.9999980630
test_16864,0.0889559165
test_16865,0.0041194465
test_16866,0.0003584106
test_16867,0.9980839791
test_16868,0.9995211418
test_16869,0.9996484146
test_16870,0.9999565718
test_16871,1.0000000000
test_16872,0.9997277618
test_16873,0.0002693236
test_16874,0.0117935825
test_16875,0.0000007600
test_16876,0.9987767738
test_16877,0.0000068609
test_16878,0.0004901849
test_16879,0.9827535589
test_16880,0.9810969463
test_16881,0.0005571746
test_16882,0.0001458232
test_16883,0.9999999764
test_16884,0.9999943850
test_16885,0.0001156437
test_16886,0.9051499764
test_16887,0.9998245971
test_16888,0.9999999995
test_16889,0.9999986338
test_16890,0.9961437367
test_16891,0.1202352562
test_16892,0.9998122454
test_16893,0.9988359749
test_16894,0.9999285888
test_16895,0.0063556025
test_16896,0.9967572757
test_16897,0.0000015333
test_16898,0.0067619132
test_16899,0.0530820051
test_16900,0.0678112032
test_16901,0.0000140926
test_16902,0.0001793128
test_16903,0.9999992189
test_16904,0.9999999744
test_16905,0.0000030111
test_16906,0.6066837096
test_16907,0.9999999069
test_16908,0.0000000038
test_16909,0.9946578732
test_16910,0.0089386309
test_16911,0.0363191567
test_16912,0.9848350364
test_16913,0.2079576122
test_16914,0.0069572673
test_16915,0.9999593625
test_16916,0.9999983075
test_16917,0.0000001044
test_16918,0.4706064899
test_16919,0.0000251584
test_16920,0.9961320883
test_16921,0.9977068577
test_16922,0.3878958188
test_16923,0.0000017863
test_16924,0.9478532248
test_16925,0.1433266762
test_16926,0.0124964333
test_16927,0.0260569155
test_16928,0.3378778648
test_16929,0.0003645965
test_16930,0.0013423320
test_16931,0.9949578712
test_16932,0.0022413541
test_16933,0.9999999431
test_16934,0.9997926476
test_16935,0.0053804520
test_16936,0.9984239802
test_16937,0.9016034382
test_16938,0.0017988413
test_16939,0.9863698185
test_16940,0.9063247290
test_16941,0.9999998811
test_16942,0.9992856171
test_16943,0.9579003698
test_16944,0.0000000143
test_16945,0.0000000317
test_16946,0.9856732419
test_16947,0.0000000511
test_16948,0.0531232911
test_16949,0.9999546877
test_16950,0.9344728253
test_16951,0.9895503240
test_16952,0.9994500659
test_16953,0.9999999986
test_16954,0.0000016017
test_16955,0.9999757734
test_16956,0.0000000004
test_16957,0.1082118485
test_16958,0.9999998373
test_16959,0.3744012148
test_16960,0.9999999999
test_16961,0.0156372424
test_16962,0.0010982396
test_16963,0.9979630981
test_16964,0.0000006499
test_16965,0.9044584490
test_16966,0.0162548063
test_16967,0.0063568461
test_16968,0.0000000830
test_16969,0.6345700766
test_16970,0.0003564487
test_16971,0.9180608232
test_16972,0.0008140292
test_16973,0.9829992992
test_16974,0.8815774638
test_16975,0.0000002493
test_16976,0.1804655110
test_16977,0.0340006548
test_16978,0.9823684084
test_16979,0.1051972602
test_16980,0.9999999333
test_16981,0.9998378164
test_16982,0.0000000378
test_16983,0.9999971300
test_16984,0.0000000129
test_16985,0.0000000135
test_16986,0.0000010662
test_16987,0.0000010492
test_16988,0.6011417665
test_16989,0.0036417687
test_16990,0.0000008282
test_16991,0.0100119994
test_16992,0.9999999766
test_16993,0.0048137399
test_16994,0.0002607687
test_16995,0.9778832755
test_16996,0.9524434785
test_16997,0.7804268278
test_16998,0.0000519427
test_16999,0.9999992392
test_17000,0.9158718728
test_17001,0.0672588569
test_17002,0.9999995740
test_17003,0.0000000019
test_17004,0.9999999757
test_17005,0.0260981078
test_17006,0.7315951532
test_17007,0.9382120874
test_17008,0.9964531477
test_17009,0.0000000001
test_17010,0.0000001458
test_17011,0.1534556502
test_17012,0.9537007560
test_17013,0.9133143179
test_17014,0.0000008876
test_17015,0.4632626311
test_17016,0.9061739187
test_17017,0.5655793527
test_17018,0.0001568815
test_17019,0.0000006539
test_17020,0.9998608430
test_17021,0.9999999627
test_17022,0.0030169478
test_17023,0.0000001110
test_17024,0.9999450911
test_17025,0.0017747049
test_17026,0.0018129367
test_17027,0.9998789093
test_17028,0.9999909715
test_17029,0.0000823162
test_17030,0.9999999999
test_17031,0.0029963858
test_17032,0.9877601921
test_17033,0.9986627017
test_17034,0.1418795748
test_17035,0.9959689902
test_17036,1.0000000000
test_17037,0.0000000482
test_17038,0.0043428266
test_17039,0.0000688401
test_17040,0.0233112246
test_17041,0.7985403313
test_17042,0.0448982056
test_17043,0.0017209378
test_17044,0.0804168681
test_17045,0.0107978125
test_17046,0.9997829956
test_17047,0.9831159615
test_17048,0.0422242773
test_17049,0.9999999174
test_17050,0.1957976813
test_17051,0.9822723586
test_17052,0.0000000047
test_17053,0.9415971975
test_17054,0.9999999414
test_17055,0.0000651622
test_17056,0.9998985333
test_17057,0.9945530492
test_17058,0.0000016794
test_17059,0.0000041704
test_17060,0.8851565292
test_17061,0.0034573129
test_17062,0.9787145666
test_17063,0.9983351397
test_17064,0.0000000644
test_17065,0.9229656960
test_17066,0.0010591462
test_17067,0.9986523667
test_17068,0.0018902689
test_17069,0.8781459674
test_17070,0.0000007272
test_17071,0.9987707450
test_17072,0.9998378229
test_17073,0.0183130457
test_17074,0.9999869591
test_17075,0.9989917091
test_17076,0.0002458795
test_17077,0.9995059237
test_17078,0.3070663195
test_17079,0.9920954825
test_17080,0.9128410755
test_17081,0.0000001121
test_17082,0.9999995565
test_17083,0.4193500688
test_17084,0.0002353451
test_17085,0.0000016581
test_17086,0.9953978460
test_17087,0.9756856031
test_17088,0.9994348636
test_17089,0.1428276042
test_17090,0.1631143102
test_17091,0.0037442605
test_17092,0.0915106188
test_17093,0.7374173590
test_17094,0.0002701041
test_17095,0.9999995760
test_17096,0.0096970502
test_17097,0.9999951883
test_17098,0.4561342390
test_17099,0.9999999817
test_17100,0.0000000169
test_17101,0.1043116337
test_17102,0.9999999986
test_17103,0.0000002394
test_17104,0.9773845590
test_17105,0.9999984511
test_17106,0.9999990105
test_17107,0.0000243984
test_17108,0.0158553209
test_17109,0.9998649618
test_17110,0.9999973164
test_17111,0.9801682836
test_17112,0.9997344334
test_17113,0.9609384069
test_17114,0.9999941750
test_17115,0.2490524290
test_17116,0.9853908530
test_17117,0.0001462377
test_17118,0.9949485269
test_17119,0.9999999878
test_17120,0.9085237083
test_17121,0.9121116856
test_17122,1.0000000000
test_17123,0.0000017311
test_17124,0.0004976691
test_17125,0.9999255226
test_17126,0.8861407250
test_17127,0.0119402388
test_17128,0.0139730605
test_17129,0.9999999997
test_17130,0.9836616954
test_17131,0.0000830176
test_17132,0.9863810280
test_17133,0.0005991740
test_17134,0.0000006019
test_17135,0.0151644298
test_17136,0.9623850675
test_17137,0.0114793384
test_17138,0.4728949129
test_17139,0.0425354417
test_17140,0.0307848626
test_17141,0.8763152328
test_17142,1.0000000000
test_17143,0.9999999934
test_17144,0.0002073294
test_17145,0.0000000005
test_17146,0.9999999846
test_17147,0.9999992392
test_17148,0.0002679361
test_17149,0.0948609760
test_17150,0.0045361798
test_17151,0.9997669074
test_17152,0.0000014501
test_17153,0.0176411133
test_17154,0.0000041164
test_17155,0.0000054813
test_17156,0.0000045349
test_17157,0.9968646188
test_17158,0.0831402062
test_17159,0.0001445522
test_17160,0.9999882130
test_17161,0.9919947891
test_17162,0.0000026435
test_17163,0.9192769302
test_17164,0.9999981000
test_17165,0.9995688292
test_17166,0.0000014628
test_17167,0.1035673246
test_17168,0.9984685502
test_17169,0.9999998201
test_17170,0.0645186213
test_17171,0.0000000092
test_17172,0.9958729054
test_17173,0.9679032897
test_17174,0.9999180734
test_17175,0.0016593171
test_17176,0.1071626060
test_17177,0.9999976201
test_17178,0.9451582099
test_17179,0.9999375069
test_17180,0.8223851042
test_17181,0.9999996562
test_17182,0.0000608224
test_17183,0.9869607790
test_17184,0.0679609320
test_17185,0.9999999981
test_17186,0.9542611989
test_17187,0.9999947807
test_17188,0.0019774374
test_17189,0.0000245332
test_17190,0.0000000662
test_17191,0.0058007549
test_17192,0.0383183586
test_17193,0.0033795333
test_17194,0.9479830376
test_17195,0.0000000000
test_17196,0.0000014374
test_17197,0.1936271287
test_17198,0.0001785918
test_17199,0.0001883001
test_17200,0.9899083550
test_17201,0.0034613813
test_17202,0.0001618574
test_17203,1.0000000000
test_17204,0.9293828370
test_17205,0.0091256171
test_17206,0.9999672418
test_17207,0.0000027456
test_17208,0.9999904208
test_17209,0.0351919682
test_17210,0.0201843163
test_17211,0.0148005310
test_17212,0.9999170241
test_17213,0.8962464527
test_17214,0.9909787484
test_17215,0.9999999929
test_17216,0.0000234816
test_17217,0.0032622895
test_17218,0.0000031547
test_17219,0.0000449708
test_17220,0.0000039369
test_17221,0.0084958624
test_17222,0.9401030650
test_17223,0.0000008862
test_17224,0.0002025324
test_17225,0.1114374563
test_17226,0.0514023222
test_17227,0.9973135453
test_17228,0.9999889058
test_17229,0.9999999511
test_17230,0.9985750819
test_17231,0.9989163646
test_17232,0.0000016944
test_17233,0.0000087134
test_17234,0.4534509708
test_17235,0.9999999923
test_17236,0.0000001031
test_17237,0.9999784809
test_17238,0.0000080344
test_17239,0.9840076461
test_17240,0.0005390446
test_17241,0.2212031348
test_17242,0.2148586984
test_17243,0.0000000016
test_17244,0.9865014973
test_17245,0.0009758380
test_17246,0.0020084526
test_17247,0.0001611864
test_17248,0.0000267657
test_17249,0.9847630798
test_17250,0.0000011635
test_17251,0.9999719141
test_17252,0.9999747894
test_17253,0.9791792751
test_17254,0.0020243157
test_17255,0.9999671189
test_17256,0.0000009486
test_17257,0.2002527472
test_17258,0.0507778890
test_17259,0.9988159991
test_17260,0.0000823094
test_17261,0.9999999862
test_17262,0.0000795737
test_17263,0.8228202393
test_17264,0.9999999661
test_17265,1.0000000000
test_17266,0.0000000014
test_17267,0.1262497708
test_17268,0.0006449271
test_17269,0.0000001609
test_17270,0.8603500488
test_17271,0.0000000000
test_17272,0.9987182688
test_17273,0.9999847477
test_17274,0.0565199972
test_17275,0.1299798299
test_17276,0.9998414452
test_17277,0.9938532858
test_17278,0.0069704151
test_17279,0.0001736269
test_17280,0.9294466273
test_17281,0.0002740906
test_17282,0.2076392068
test_17283,0.0000000847
test_17284,0.9699403090
test_17285,0.9999999993
test_17286,0.9999999939
test_17287,0.0000005052
test_17288,0.9800300026
test_17289,0.0340187127
test_17290,0.0000010384
test_17291,0.9071112432
test_17292,0.9999999999
test_17293,0.0000504407
test_17294,0.2649824874
test_17295,0.0033750863
test_17296,0.9977964500
test_17297,0.9175623340
test_17298,0.0011463929
test_17299,0.9900406925
test_17300,0.0002306212
test_17301,0.9957600808
test_17302,0.0392874784
test_17303,0.0000000310
test_17304,0.0157197861
test_17305,0.9157036516
test_17306,0.9958210550
test_17307,0.9964465964
test_17308,0.4600276682
test_17309,0.0000000024
test_17310,0.9946265065
test_17311,0.0000009584
test_17312,0.9999960830
test_17313,0.9745396349
test_17314,0.9799252087
test_17315,0.7885577666
test_17316,0.0001909103
test_17317,0.9998311233
test_17318,0.9605637506
test_17319,0.9999999997
test_17320,0.9999999916
test_17321,1.0000000000
test_17322,0.0000031797
test_17323,0.9986149614
test_17324,0.0616364238
test_17325,0.0055357353
test_17326,0.9999723701
test_17327,0.0000554102
test_17328,0.4571318523
test_17329,0.0008315075
test_17330,0.0000007722
test_17331,0.6880539247
test_17332,0.9889984304
test_17333,0.9987028072
test_17334,0.0000005551
test_17335,0.9999999051
test_17336,0.2664622797
test_17337,0.0000147005
test_17338,0.9999999099
test_17339,0.0012659875
test_17340,0.0040524463
test_17341,0.0000000013
test_17342,0.0549727199
test_17343,0.0000000049
test_17344,0.9999726245
test_17345,0.9998452104
test_17346,0.9992365597
test_17347,0.0000104517
test_17348,0.9999934295
test_17349,0.0025791490
test_17350,0.0086026254
test_17351,0.8045143538
test_17352,1.0000000000
test_17353,0.9999998285
test_17354,0.9999990529
test_17355,0.0000005293
test_17356,0.0336867237
test_17357,0.9873684092
test_17358,0.0000943421
test_17359,0.9923495507
test_17360,0.9994581950
test_17361,0.9997262637
test_17362,0.1010217340
test_17363,0.0003818280
test_17364,0.0002503194
test_17365,0.0188343827
test_17366,0.0033429913
test_17367,0.9999566853
test_17368,0.0000000000
test_17369,0.9978218348
test_17370,0.7861902480
test_17371,0.9999962120
test_17372,0.1487255052
test_17373,0.1287076523
test_17374,0.8789669276
test_17375,0.0000064845
test_17376,0.9999999974
test_17377,0.0000027158
test_17378,0.0003475504
test_17379,0.9999886126
test_17380,0.9999342982
test_17381,0.0000003185
test_17382,0.9525492993
test_17383,0.9041462197
test_17384,0.0593971973
test_17385,0.0000648193
test_17386,0.0000271544
test_17387,0.9998711505
test_17388,0.0000000016
test_17389,0.0000010451
test_17390,0.0017719372
test_17391,0.0000750314
test_17392,0.0304587199
test_17393,0.1909678026
test_17394,0.0000005443
test_17395,0.0657886501
test_17396,0.9988619544
test_17397,0.0747026798
test_17398,0.9990636200
test_17399,0.6529648707
test_17400,0.0008233209
test_17401,0.9999556827
test_17402,0.9999999912
test_17403,0.9784752623
test_17404,0.9999999744
test_17405,0.9608272057
test_17406,0.0541112714
test_17407,0.3898696585
test_17408,0.0003538581
test_17409,0.9837471730
test_17410,0.9995596504
test_17411,0.9999950497
test_17412,0.0646564775
test_17413,0.9900142500
test_17414,0.1220321428
test_17415,0.0028506751
test_17416,0.9999518059
test_17417,0.9999997891
test_17418,0.0003342140
test_17419,0.0046332193
test_17420,0.9999991754
test_17421,0.9792103725
test_17422,0.9884091855
test_17423,0.9425034302
test_17424,0.4404640211
test_17425,0.9748092380
test_17426,0.9999482179
test_17427,0.9999779580
test_17428,0.0034872154
test_17429,0.0861506555
test_17430,0.9999903818
test_17431,0.0000257434
test_17432,0.0055129268
test_17433,0.0148320010
test_17434,0.0982088856
test_17435,0.9609388569
test_17436,0.0000000180
test_17437,0.1850002001
test_17438,0.9999998149
test_17439,0.0000013031
test_17440,0.0000000056
test_17441,0.9999918253
test_17442,0.0000000023
test_17443,0.9998498433
test_17444,0.0843726770
test_17445,0.0000059815
test_17446,0.9919679363
test_17447,0.3904406182
test_17448,0.9996107159
test_17449,0.9971716388
test_17450,0.9114048441
test_17451,0.0216998685
test_17452,0.0000009633
test_17453,0.9999999592
test_17454,0.9919038831
test_17455,0.0269296960
test_17456,0.2107534397
test_17457,0.7515934635
test_17458,0.0002324431
test_17459,0.8318360633
test_17460,0.0073139594
test_17461,0.9972855338
test_17462,0.0033056450
test_17463,0.0000000081
test_17464,0.0080521723
test_17465,0.0000000006
test_17466,0.4303168603
test_17467,0.9999997345
test_17468,0.9999999810
test_17469,0.0000690258
test_17470,0.0057815275
test_17471,0.7781362219
test_17472,0.9188954255
test_17473,0.9999881055
test_17474,0.9999926214
test_17475,0.0536055692
test_17476,0.9385264302
test_17477,0.0001222085
test_17478,0.0001031237
test_17479,0.0000005785
test_17480,0.9357402741
test_17481,0.8692188889
test_17482,0.9454517245
test_17483,0.0062244915
test_17484,0.0000001077
test_17485,0.9788999788
test_17486,0.0096512265
test_17487,0.6910171891
test_17488,0.1748364598
test_17489,0.9968442878
test_17490,0.0000001644
test_17491,0.9835105476
test_17492,0.0000000123
test_17493,0.9999999823
test_17494,0.0832819536
test_17495,0.0074125171
test_17496,0.0594816767
test_17497,0.0005711906
test_17498,0.0081651835
test_17499,0.9999523113
test_17500,0.0000000000
test_17501,0.2065271430
test_17502,0.0000000625
test_17503,0.9999876851
test_17504,0.0000014326
test_17505,0.0468494932
test_17506,0.0000000605
test_17507,0.9999999981
test_17508,0.9999999990
test_17509,0.9960052161
test_17510,0.0000000729
test_17511,0.9997431826
test_17512,0.0422789647
test_17513,0.9999903115
test_17514,0.9999173248
test_17515,0.9999995051
test_17516,0.0000006631
test_17517,0.9465724930
test_17518,0.0002119623
test_17519,0.0000000293
test_17520,0.1559012869
test_17521,0.9999999923
test_17522,0.8748569633
test_17523,0.0000011217
test_17524,0.8368363615
test_17525,0.9056531645
test_17526,0.9999999466
test_17527,0.0015563064
test_17528,0.9999371439
test_17529,0.0244869357
test_17530,0.9999992400
test_17531,0.0000000397
test_17532,0.0957553718
test_17533,1.0000000000
test_17534,0.9994801797
test_17535,0.9999227887
test_17536,0.9999933001
test_17537,0.0201392221
test_17538,0.9999743283
test_17539,0.0043177655
test_17540,0.0042325081
test_17541,0.9999986842
test_17542,0.9884436390
test_17543,0.9999970504
test_17544,0.0002319803
test_17545,0.9881141080
test_17546,0.9995910665
test_17547,0.0000987499
test_17548,0.9379635863
test_17549,0.0000000977
test_17550,0.9290670074
test_17551,0.0003870534
test_17552,0.9998186182
test_17553,0.0014320879
test_17554,0.9370004394
test_17555,0.0012215535
test_17556,0.0000000034
test_17557,0.9999996846
test_17558,0.9999858411
test_17559,0.9999999804
test_17560,0.0007709937
test_17561,0.0021171185
test_17562,0.0122861144
test_17563,0.1847547163
test_17564,0.0063205216
test_17565,0.0000004671
test_17566,0.0085026809
test_17567,0.9991723597
test_17568,0.6207108948
test_17569,0.3116075196
test_17570,0.3613194220
test_17571,0.0000272277
test_17572,0.9999940700
test_17573,0.9999106291
test_17574,0.0000103342
test_17575,0.0002723404
test_17576,0.8992562357
test_17577,0.9993458352
test_17578,0.0000005351
test_17579,0.6110005126
test_17580,0.0596527238
test_17581,0.0023945083
test_17582,0.9996919857
test_17583,0.0302408984
test_17584,0.9998796951
test_17585,0.9999756490
test_17586,0.0000000011
test_17587,0.0015349728
test_17588,0.0173005458
test_17589,0.9937023791
test_17590,0.0079237124
test_17591,0.9598920865
test_17592,0.0353066929
test_17593,0.9726478710
test_17594,0.0000000041
test_17595,0.9992968134
test_17596,0.9482505520
test_17597,0.9659216406
test_17598,0.0711596346
test_17599,0.9998863461
test_17600,0.2665355672
test_17601,0.0900588599
test_17602,0.8338275727
test_17603,0.0004605703
test_17604,0.0000000000
test_17605,0.0000079123
test_17606,0.0000000000
test_17607,0.0002980992
test_17608,0.0148332522
test_17609,0.9999992313
test_17610,0.8542341387
test_17611,0.9968069903
test_17612,0.2604956252
test_17613,0.8136268619
test_17614,0.9804759741
test_17615,0.0000129610
test_17616,0.9999952794
test_17617,0.0000459857
test_17618,0.0000009633
test_17619,0.9995680419
test_17620,0.9671644910
test_17621,0.0243822759
test_17622,0.0000962129
test_17623,0.9438572671
test_17624,0.9998645543
test_17625,0.9994737457
test_17626,0.0691254872
test_17627,0.0048130256
test_17628,0.9999775035
test_17629,0.9923494902
test_17630,0.9994114489
test_17631,0.9888890655
test_17632,0.0049279959
test_17633,0.9999999996
test_17634,0.0000005337
test_17635,0.9072880912
test_17636,0.0000015157
test_17637,0.0381618133
test_17638,0.8423406489
test_17639,0.7783141983
test_17640,0.7946265947
test_17641,0.0002216081
test_17642,0.9988681716
test_17643,0.0000000256
test_17644,0.9878477995
test_17645,0.9983262864
test_17646,0.9992320158
test_17647,0.0000000000
test_17648,0.9906145300
test_17649,0.0394410113
test_17650,0.0000022969
test_17651,0.9961240944
test_17652,0.0460316781
test_17653,0.0010327042
test_17654,0.0000000370
test_17655,0.0000247991
test_17656,0.9999986067
test_17657,0.9861784903
test_17658,0.0102314656
test_17659,0.0003748277
test_17660,0.9999984908
test_17661,0.9937447490
test_17662,0.0099732987
test_17663,0.9999999981
test_17664,0.0003326714
test_17665,0.0000172067
test_17666,0.0338906353
test_17667,0.9999723808
test_17668,0.0026508977
test_17669,0.6338208703
test_17670,0.0000000281
test_17671,0.0010115346
test_17672,0.9999999998
test_17673,0.0005276562
test_17674,0.0000328074
test_17675,1.0000000000
test_17676,0.9999998407
test_17677,0.9998630375
test_17678,0.0000057684
test_17679,0.9935097354
test_17680,0.0000001105
test_17681,0.0975844728
test_17682,0.9573162919
test_17683,0.9999996776
test_17684,0.9989249408
test_17685,0.9998638448
test_17686,0.0123811233
test_17687,0.0000123644
test_17688,0.0000004205
test_17689,0.9999999621
test_17690,0.0000330251
test_17691,0.3095674183
test_17692,0.9899550613
test_17693,0.9997085677
test_17694,0.9946877313
test_17695,0.9999904472
test_17696,0.9997947000
test_17697,0.9999999943
test_17698,0.0043651216
test_17699,0.0065243375
test_17700,0.0000000087
test_17701,0.8937156351
test_17702,0.0000467340
test_17703,0.0007518577
test_17704,0.0000000002
test_17705,0.0000000021
test_17706,0.8669067119
test_17707,0.0013777769
test_17708,0.9999947353
test_17709,0.0001259239
test_17710,0.9999583589
test_17711,0.0000008319
test_17712,0.0009143985
test_17713,0.0015241229
test_17714,0.0000000023
test_17715,0.1054692616
test_17716,0.0000038409
test_17717,0.9999999987
test_17718,0.0890038004
test_17719,0.0000256103
test_17720,0.0035627320
test_17721,0.7843339002
test_17722,0.0013388088
test_17723,0.9702855388
test_17724,0.9992550501
test_17725,0.0000148224
test_17726,0.9521498221
test_17727,0.7405858905
test_17728,0.9783836947
test_17729,0.9851455899
test_17730,0.9895591333
test_17731,0.8379384739
test_17732,0.9681974403
test_17733,0.9999999998
test_17734,0.0000009166
test_17735,0.9568541886
test_17736,0.9999959071
test_17737,0.0000717037
test_17738,0.1503842786
test_17739,0.9674216709
test_17740,0.0000000000
test_17741,0.9999671175
test_17742,0.0000836217
test_17743,0.9999999969
test_17744,0.9999862979
test_17745,0.0000000222
test_17746,0.0000312334
test_17747,0.0012934202
test_17748,0.9825999081
test_17749,0.8101947941
test_17750,0.0000005392
test_17751,0.3847496705
test_17752,0.0013854025
test_17753,0.8798498024
test_17754,0.0002288958
test_17755,0.9999535360
test_17756,0.0969375329
test_17757,0.9544672391
test_17758,0.0000122302
test_17759,1.0000000000
test_17760,0.9979381946
test_17761,0.6653278693
test_17762,0.0000993995
test_17763,0.0000000919
test_17764,0.0000002297
test_17765,0.9999998843
test_17766,0.0149920253
test_17767,0.0093848382
test_17768,0.9999962878
test_17769,0.0001282640
test_17770,0.9992230911
test_17771,0.7473471884
test_17772,0.9466815566
test_17773,0.0058733954
test_17774,0.0000621063
test_17775,0.2064721991
test_17776,0.9899026780
test_17777,0.0004750301
test_17778,0.0047350738
test_17779,0.0000031006
test_17780,0.9999999969
test_17781,0.0000000000
test_17782,0.9999982397
test_17783,0.0000115207
test_17784,0.9835134003
test_17785,0.9999618942
test_17786,0.9791470466
test_17787,0.7595306993
test_17788,0.9998218950
test_17789,0.0019843803
test_17790,0.0715030093
test_17791,0.9982918405
test_17792,0.0000025282
test_17793,0.0996922807
test_17794,0.0110403137
test_17795,0.0135732585
test_17796,0.0000355030
test_17797,0.9999995704
test_17798,0.0000023373
test_17799,0.0019721203
test_17800,0.9552986136
test_17801,0.0075232227
test_17802,0.1605657518
test_17803,0.0005100032
test_17804,0.9916212679
test_17805,0.9583502791
test_17806,0.9993724351
test_17807,0.0000000979
test_17808,0.0032076644
test_17809,0.0165730248
test_17810,0.0524161909
test_17811,0.0305304654
test_17812,0.1681101981
test_17813,0.0876530367
test_17814,0.7765989717
test_17815,0.9996301315
test_17816,0.9999999579
test_17817,0.9249234202
test_17818,0.7365235421
test_17819,0.9999941505
test_17820,0.0000000396
test_17821,0.9999484403
test_17822,0.0000700983
test_17823,0.0000151647
test_17824,0.9582274158
test_17825,0.0000000057
test_17826,0.7706140780
test_17827,0.9476786436
test_17828,0.9999983919
test_17829,0.9894667369
test_17830,0.9996340002
test_17831,0.0000757957
test_17832,0.0006892333
test_17833,0.9999988016
test_17834,0.0505475754
test_17835,1.0000000000
test_17836,0.8099734397
test_17837,0.9652742855
test_17838,0.9988003241
test_17839,0.9999999995
test_17840,0.7728295669
test_17841,0.9999712353
test_17842,0.9988395431
test_17843,0.0002495662
test_17844,0.1606662160
test_17845,0.4080410247
test_17846,0.0000011662
test_17847,0.9997705350
test_17848,0.9999771980
test_17849,0.0000317967
test_17850,0.0296872722
test_17851,0.9862526824
test_17852,0.9989459435
test_17853,0.9996770264
test_17854,0.0000013768
test_17855,0.0008147692
test_17856,0.9999999987
test_17857,0.0000000003
test_17858,0.7397402606
test_17859,0.9932602593
test_17860,0.0005032415
test_17861,0.9879623566
test_17862,0.9999999987
test_17863,0.0000000462
test_17864,0.0104896725
test_17865,0.9743288020
test_17866,0.0000369902
test_17867,0.0083182703
test_17868,0.1507889129
test_17869,0.0000001212
test_17870,0.9998110204
test_17871,0.9925060833
test_17872,0.0196424500
test_17873,0.9999999883
test_17874,0.0008325138
test_17875,0.9999185703
test_17876,0.1151068514
test_17877,0.0166897773
test_17878,0.0070930883
test_17879,0.9999998391
test_17880,0.0892148272
test_17881,0.9638951069
test_17882,0.0079453373
test_17883,0.9778530164
test_17884,0.9996062211
test_17885,0.9999999500
test_17886,0.0000000032
test_17887,0.9999999990
test_17888,0.1470994283
test_17889,0.9999907465
test_17890,0.9995556398
test_17891,0.9562317890
test_17892,0.9981921882
test_17893,0.9997174741
test_17894,0.9140307147
test_17895,0.0468917408
test_17896,0.9998894066
test_17897,0.0000127552
test_17898,0.9483705458
test_17899,0.0887833532
test_17900,0.9894596061
test_17901,0.0000000007
test_17902,0.1386130931
test_17903,0.9999999963
test_17904,0.9348710285
test_17905,0.0166456372
test_17906,0.9999997324
test_17907,0.9165719818
test_17908,0.0242544888
test_17909,0.9976178085
test_17910,0.0000340000
test_17911,0.0000063470
test_17912,0.9997042177
test_17913,0.9887725675
test_17914,0.0032156552
test_17915,0.9999871202
test_17916,0.0000307442
test_17917,0.0000027815
test_17918,0.0011475133
test_17919,0.0065134478
test_17920,0.0022762220
test_17921,0.9998243182
test_17922,0.7082015353
test_17923,0.9995988823
test_17924,0.0000000009
test_17925,0.0008148897
test_17926,0.0000497909
test_17927,0.1326160545
test_17928,0.9992174499
test_17929,0.0022547599
test_17930,0.9999998710
test_17931,0.9999748628
test_17932,0.0727091719
test_17933,0.9999853382
test_17934,0.0000000000
test_17935,0.1183156044
test_17936,0.9999997606
test_17937,0.0056178030
test_17938,0.1321937875
test_17939,0.9998696602
test_17940,0.9999999996
test_17941,0.1222261286
test_17942,0.9999999938
test_17943,0.9703669160
test_17944,0.9999998454
test_17945,0.0029934452
test_17946,0.9543090756
test_17947,0.0526615797
test_17948,0.0870974727
test_17949,0.8802829929
test_17950,0.9999738526
test_17951,0.5204231085
test_17952,0.1147273468
test_17953,0.9999973311
test_17954,0.0000480044
test_17955,0.0000391854
test_17956,0.9999959021
test_17957,0.0000007190
test_17958,0.0000415268
test_17959,0.0000018031
test_17960,0.0002028387
test_17961,0.0027232337
test_17962,0.0000016234
test_17963,0.9999296673
test_17964,0.9905556491
test_17965,0.9999999750
test_17966,0.9648495000
test_17967,0.0157590790
test_17968,0.1021779208
test_17969,0.0000559857
test_17970,0.0000000068
test_17971,0.9998897438
test_17972,0.0001018706
test_17973,0.9983301089
test_17974,0.0003070707
test_17975,0.0000009292
test_17976,0.9996460005
test_17977,0.0000031976
test_17978,0.9998982889
test_17979,0.9829669059
test_17980,0.0105151536
test_17981,0.4521891873
test_17982,0.8543415345
test_17983,0.9601571077
test_17984,0.0000000002
test_17985,0.0095328937
test_17986,0.0852218202
test_17987,0.8525328580
test_17988,0.9995912979
test_17989,0.9999265505
test_17990,0.0000346490
test_17991,0.9185930407
test_17992,0.9997221941
test_17993,0.0119438719
test_17994,0.0033794888
test_17995,0.0000014459
test_17996,0.9999890279
test_17997,0.0000000050
test_17998,0.2356379349
test_17999,0.1500231733
test_18000,0.8092139978
test_18001,0.0263230405
test_18002,0.9995021399
test_18003,0.9999321524
test_18004,0.0861395293
test_18005,0.9851027242
test_18006,0.9892964214
test_18007,0.8214024361
test_18008,0.9999998305
test_18009,0.9995756894
test_18010,0.0006546923
test_18011,0.8575895835
test_18012,0.0846136446
test_18013,0.9949994584
test_18014,0.0000000543
test_18015,0.0000008586
test_18016,0.5320955475
test_18017,0.0014863787
test_18018,0.0006335791
test_18019,0.0001218299
test_18020,0.0521737561
test_18021,0.3018418148
test_18022,0.9999856795
test_18023,0.9999962597
test_18024,0.0236199499
test_18025,0.0000584737
test_18026,0.7949838255
test_18027,0.0000006031
test_18028,0.9957468524
test_18029,0.2273482482
test_18030,0.9873795208
test_18031,0.9934288368
test_18032,0.0231107645
test_18033,0.9694849082
test_18034,0.9999998917
test_18035,0.0166492652
test_18036,0.9999736469
test_18037,0.0013132332
test_18038,0.8735954083
test_18039,0.9978334640
test_18040,1.0000000000
test_18041,0.9966183547
test_18042,0.9999995867
test_18043,0.0000000185
test_18044,0.9995544819
test_18045,0.0000000779
test_18046,0.9686820531
test_18047,0.0178926786
test_18048,0.0015920206
test_18049,0.9999999711
test_18050,0.9859555972
test_18051,0.0000126923
test_18052,0.0001250651
test_18053,0.0126079664
test_18054,0.3394030828
test_18055,0.9788776759
test_18056,0.0103995201
test_18057,0.0771861325
test_18058,0.9413652085
test_18059,0.1130999360
test_18060,0.7893466349
test_18061,0.9024507549
test_18062,0.9999999997
test_18063,0.0098240996
test_18064,0.9982908893
test_18065,0.9950577821
test_18066,0.0010542670
test_18067,0.9916158454
test_18068,0.0978341090
test_18069,0.9201810818
test_18070,0.9925525854
test_18071,0.0000000591
test_18072,0.0021965044
test_18073,0.1270638852
test_18074,0.0015754207
test_18075,0.9999997399
test_18076,0.9703194338
test_18077,0.0000000757
test_18078,0.9999987646
test_18079,0.9999878682
test_18080,0.9999977912
test_18081,0.9999919314
test_18082,0.9999787446
test_18083,0.9993862140
test_18084,0.9999876126
test_18085,0.0025826141
test_18086,1.0000000000
test_18087,0.0000143968
test_18088,0.9993303521
test_18089,0.0000460281
test_18090,0.0001541644
test_18091,0.9935044682
test_18092,0.9999962403
test_18093,0.7925665039
test_18094,0.0011046062
test_18095,0.9695827176
test_18096,0.9424083932
test_18097,0.9999999999
test_18098,0.9979548813
test_18099,0.9999998421
test_18100,0.0003644502
test_18101,0.0031628906
test_18102,0.9998741621
test_18103,0.0551888969
test_18104,0.9131834702
test_18105,0.9999998462
test_18106,0.4595171777
test_18107,0.7721554073
test_18108,0.0002526594
test_18109,0.0000000001
test_18110,0.9833425515
test_18111,0.5985679090
test_18112,0.0030143315
test_18113,0.0029534754
test_18114,0.9926204902
test_18115,0.9999572899
test_18116,0.9999985257
test_18117,0.0867181953
test_18118,0.0007162436
test_18119,0.1839705496
test_18120,0.0047115673
test_18121,0.9856649298
test_18122,0.0000188309
test_18123,0.9982834126
test_18124,0.4382919476
test_18125,0.9999974599
test_18126,0.9944563373
test_18127,0.0000335076
test_18128,0.0018702620
test_18129,0.0000193466
test_18130,0.0000000151
test_18131,0.9011720116
test_18132,0.0000000021
test_18133,0.0005471242
test_18134,0.0118037221
test_18135,0.0041072818
test_18136,0.0196430890
test_18137,0.0000394489
test_18138,0.6328443878
test_18139,0.0000286948
test_18140,0.0000000007
test_18141,0.0319630449
test_18142,0.0309219315
test_18143,0.9613731765
test_18144,0.0000005633
test_18145,0.9803192760
test_18146,0.9999657458
test_18147,0.0000000164
test_18148,0.0393239067
test_18149,0.9999998354
test_18150,0.9999972001
test_18151,0.9996590721
test_18152,0.9932115410
test_18153,0.0999030645
test_18154,0.9999532206
test_18155,0.9999999360
test_18156,0.0284409066
test_18157,0.0067962528
test_18158,0.8877705726
test_18159,0.1202218508
test_18160,0.9969746092
test_18161,0.9854560798
test_18162,0.0607988785
test_18163,0.0000000014
test_18164,0.9999997930
test_18165,0.0537003993
test_18166,0.0000738364
test_18167,0.9999999834
test_18168,1.0000000000
test_18169,0.9041974841
test_18170,0.9572817352
test_18171,0.9689927871
test_18172,0.1997932770
test_18173,0.9999999988
test_18174,0.9999999994
test_18175,0.0070165361
test_18176,1.0000000000
test_18177,0.9999999959
test_18178,0.9886390131
test_18179,0.9467105031
test_18180,0.0000075613
test_18181,0.6594188100
test_18182,0.9999957223
test_18183,0.9967865912
test_18184,0.9019884229
test_18185,0.9999925900
test_18186,0.0000002384
test_18187,0.0000000001
test_18188,0.0044293667
test_18189,0.0570348255
test_18190,1.0000000000
test_18191,0.9997623811
test_18192,0.9999999999
test_18193,0.7098459764
test_18194,0.0141223018
test_18195,0.9999740100
test_18196,0.9299681841
test_18197,0.9980893959
test_18198,0.0704041954
test_18199,0.9858413380
test_18200,0.0726843195
test_18201,0.9999807754
test_18202,0.9990430697
test_18203,0.9944746542
test_18204,0.9994871026
test_18205,0.5972054584
test_18206,0.3173687487
test_18207,0.9989000100
test_18208,0.1858058430
test_18209,0.9999999575
test_18210,0.9966151324
test_18211,0.0000567210
test_18212,0.0001778970
test_18213,0.0606764103
test_18214,0.0001096406
test_18215,0.9902162959
test_18216,0.0030249871
test_18217,0.0224894124
test_18218,0.9999995860
test_18219,0.0358218298
test_18220,0.9994027580
test_18221,0.0015201941
test_18222,0.0000398378
test_18223,0.0009325438
test_18224,0.9992978455
test_18225,0.9999879697
test_18226,0.9999264371
test_18227,0.9955401186
test_18228,0.9999982847
test_18229,0.0189302779
test_18230,0.9999998232
test_18231,0.9483471862
test_18232,0.1101859454
test_18233,0.9999787465
test_18234,0.0175434622
test_18235,0.9955547834
test_18236,0.0000977946
test_18237,0.0066518735
test_18238,0.9990768935
test_18239,0.9962830994
test_18240,0.2938844071
test_18241,0.3603385763
test_18242,0.0000000780
test_18243,0.0000004428
test_18244,0.9999221219
test_18245,0.9993023285
test_18246,0.9999978209
test_18247,0.1201874988
test_18248,0.9928799293
test_18249,0.0001625168
test_18250,0.0000004114
test_18251,0.0019916097
test_18252,0.9999967384
test_18253,0.9988548712
test_18254,0.0000001057
test_18255,0.0000000002
test_18256,0.0000046122
test_18257,0.0000000000
test_18258,0.9242374722
test_18259,0.0023515823
test_18260,0.9998599238
test_18261,0.9999998875
test_18262,0.0000012516
test_18263,0.9282883825
test_18264,0.0000000646
test_18265,0.0021620162
test_18266,0.0000001275
test_18267,0.9713143895
test_18268,0.9858173186
test_18269,0.0000070944
test_18270,0.9998295027
test_18271,0.0033896668
test_18272,0.0000167477
test_18273,0.0204558138
test_18274,0.0011128587
test_18275,0.4002554881
test_18276,0.0002184479
test_18277,0.0000000098
test_18278,0.0000000000
test_18279,0.9292910453
test_18280,0.9999995093
test_18281,0.0000184022
test_18282,0.4153567737
test_18283,0.0173035172
test_18284,0.9562394255
test_18285,0.9999996007
test_18286,0.0128490909
test_18287,0.2457993946
test_18288,0.0001005387
test_18289,0.7431608976
test_18290,0.9999999157
test_18291,0.0001116077
test_18292,0.0830436297
test_18293,0.9661040218
test_18294,0.7792022608
test_18295,0.9999982945
test_18296,0.0000054578
test_18297,0.0005713411
test_18298,0.9608185732
test_18299,0.0000000535
test_18300,0.9074854340
test_18301,0.0012612871
test_18302,0.0000029453
test_18303,0.0000736632
test_18304,0.0000000001
test_18305,0.9992735012
test_18306,0.0013984188
test_18307,0.0001698248
test_18308,0.0044085560
test_18309,0.9756558661
test_18310,0.9999993371
test_18311,0.0055066926
test_18312,0.0000677606
test_18313,0.9999999704
test_18314,0.0040454313
test_18315,0.0000626780
test_18316,0.7747864447
test_18317,0.3877546114
test_18318,0.9984940699
test_18319,0.0032779062
test_18320,0.6114697987
test_18321,0.0000000014
test_18322,0.9999822323
test_18323,0.9655105191
test_18324,0.9467716602
test_18325,0.2567127854
test_18326,0.9999885476
test_18327,0.0696231996
test_18328,0.0007525373
test_18329,0.9999999902
test_18330,0.0000000034
test_18331,0.9999997324
test_18332,0.0000022357
test_18333,0.0020523428
test_18334,0.9999989259
test_18335,0.0000005148
test_18336,0.0000001233
test_18337,0.9999998897
test_18338,0.9608165666
test_18339,0.0238673686
test_18340,0.9992252809
test_18341,0.0000001096
test_18342,0.0416690660
test_18343,0.9999991640
test_18344,0.9975114462
test_18345,0.0005707028
test_18346,0.0000019909
test_18347,0.9901444605
test_18348,0.0002833014
test_18349,0.0416868325
test_18350,0.9937309115
test_18351,0.0020872208
test_18352,0.1877120287
test_18353,0.0001067791
test_18354,0.7705639404
test_18355,0.9635753124
test_18356,0.0053939627
test_18357,0.9999993509
test_18358,0.0000154477
test_18359,0.0000346967
test_18360,0.9999487675
test_18361,0.9999996013
test_18362,0.0477111135
test_18363,1.0000000000
test_18364,0.0088219201
test_18365,0.9997721781
test_18366,0.9806832755
test_18367,0.0032061460
test_18368,0.9999999452
test_18369,0.9999994678
test_18370,0.9990274464
test_18371,0.0020259325
test_18372,0.9532751511
test_18373,0.0029494632
test_18374,0.9977297245
test_18375,0.9985966569
test_18376,0.0001177470
test_18377,0.9999936353
test_18378,0.5907522472
test_18379,0.9690997006
test_18380,0.0000040339
test_18381,0.9313398995
test_18382,0.0020055069
test_18383,0.9999953446
test_18384,0.0135644910
test_18385,0.9995440047
test_18386,0.9379150424
test_18387,0.0991994113
test_18388,0.9998267786
test_18389,0.9652292624
test_18390,0.9999998045
test_18391,0.0000010703
test_18392,0.8820879019
test_18393,0.9515367152
test_18394,0.0000000002
test_18395,0.0000004428
test_18396,0.0002011342
test_18397,0.9999999110
test_18398,0.9053724293
test_18399,0.9910469356
test_18400,0.0000000106
test_18401,0.9956216602
test_18402,0.6815462025
test_18403,0.9999617345
test_18404,0.9465671939
test_18405,0.0003281259
test_18406,0.9711760384
test_18407,0.9974844678
test_18408,0.9999984147
test_18409,0.0329158223
test_18410,0.9998986384
test_18411,0.9649451775
test_18412,0.9929599830
test_18413,0.9759406608
test_18414,0.0000102412
test_18415,0.0000000735
test_18416,0.9999994707
test_18417,0.0000279863
test_18418,0.9670960408
test_18419,0.9999934577
test_18420,0.4261673179
test_18421,0.1807928350
test_18422,0.9468131061
test_18423,0.9999999818
test_18424,0.9999998454
test_18425,0.0003092777
test_18426,0.9970985918
test_18427,0.9968526253
test_18428,0.0000000417
test_18429,0.0000005429
test_18430,0.9874384211
test_18431,0.9998303522
test_18432,0.0018697220
test_18433,0.9999990060
test_18434,0.9999424888
test_18435,0.9999999928
test_18436,0.9538185443
test_18437,0.2444301681
test_18438,0.0182471562
test_18439,0.9999927249
test_18440,0.0615746003
test_18441,0.9711521203
test_18442,0.9999887169
test_18443,0.0001786879
test_18444,0.0101354363
test_18445,0.9068147178
test_18446,0.9991912213
test_18447,0.0766006639
test_18448,0.0000127354
test_18449,0.0001541146
test_18450,0.8494412624
test_18451,0.0001698015
test_18452,0.6371067162
test_18453,0.9999899511
test_18454,0.0000000036
test_18455,0.9999940945
test_18456,0.9844041422
test_18457,0.0706525599
test_18458,0.9984645843
test_18459,0.9984977711
test_18460,0.9931269272
test_18461,0.9071302353
test_18462,0.9888725695
test_18463,0.9926066624
test_18464,0.8857695560
test_18465,0.0000000264
test_18466,0.9998834476
test_18467,0.0351171178
test_18468,0.0000015692
test_18469,0.0000007068
test_18470,0.8754137599
test_18471,0.9999786628
test_18472,0.0005742490
test_18473,0.9999998930
test_18474,0.0253968794
test_18475,0.0001899024
test_18476,0.9999137318
test_18477,0.0000424952
test_18478,0.0006893716
test_18479,0.9999973728
test_18480,0.5840692486
test_18481,0.0083342167
test_18482,0.1553966156
test_18483,0.9999998643
test_18484,0.9203523120
test_18485,0.9979414090
test_18486,0.0137659872
test_18487,0.8414734603
test_18488,0.6428989843
test_18489,0.2169837901
test_18490,0.9999660088
test_18491,0.0000001111
test_18492,0.0004529381
test_18493,0.0002475696
test_18494,0.0261707890
test_18495,0.9999969618
test_18496,0.6311282617
test_18497,0.9846927445
test_18498,0.9999997427
test_18499,0.0000719839
test_18500,0.0121904620
test_18501,0.9999682595
test_18502,0.9989577698
test_18503,0.0000013939
test_18504,0.9347131843
test_18505,0.0002107878
test_18506,0.9999998975
test_18507,0.9999999238
test_18508,0.0014274346
test_18509,0.9899572981
test_18510,0.9363212520
test_18511,0.0048448056
test_18512,0.9981351555
test_18513,0.0000067377
test_18514,0.9319106335
test_18515,0.0072556510
test_18516,0.9999999055
test_18517,0.9999440674
test_18518,0.1414818163
test_18519,0.9999999424
test_18520,0.0024941720
test_18521,0.0542095747
test_18522,0.0000040766
test_18523,0.9212856551
test_18524,0.0653043499
test_18525,0.0685113076
test_18526,0.8591567768
test_18527,0.0004123392
test_18528,0.0000054801
test_18529,0.9999999870
test_18530,0.9574070692
test_18531,0.9999999487
test_18532,0.0000001240
test_18533,0.9998805329
test_18534,0.0000000000
test_18535,0.0068070157
test_18536,0.8988634669
test_18537,0.7603046581
test_18538,0.9993375128
test_18539,0.0002677415
test_18540,0.3662269133
test_18541,0.3659731242
test_18542,0.0000818160
test_18543,0.9996184762
test_18544,0.8997571970
test_18545,0.9999999964
test_18546,0.9999999620
test_18547,0.9999263412
test_18548,0.9999890628
test_18549,0.9777791345
test_18550,0.9977463770
test_18551,0.9999491154
test_18552,0.0000491775
test_18553,0.0073475788
test_18554,0.9999953174
test_18555,0.9985559474
test_18556,0.9293831024
test_18557,0.0115598769
test_18558,0.9794523078
test_18559,0.9999989203
test_18560,0.0000003890
test_18561,0.1102279604
test_18562,0.9999992242
test_18563,0.9999878858
test_18564,0.0012757022
test_18565,0.7730436387
test_18566,0.0513404883
test_18567,0.9999432169
test_18568,0.9857366961
test_18569,0.9732055021
test_18570,0.0246519483
test_18571,0.0005792311
test_18572,0.0023862536
test_18573,0.9998559828
test_18574,0.9963528388
test_18575,0.0000004101
test_18576,0.0000814481
test_18577,0.0008127799
test_18578,0.9998076668
test_18579,0.9997680325
test_18580,0.0073822540
test_18581,0.0000000000
test_18582,0.9821590981
test_18583,0.0011155455
test_18584,0.0122292803
test_18585,0.0003467914
test_18586,0.9999999981
test_18587,0.9751021379
test_18588,0.9997252933
test_18589,0.0012655497
test_18590,1.0000000000
test_18591,0.0058589586
test_18592,0.0033167205
test_18593,0.0000045541
test_18594,0.0000376605
test_18595,0.9998849262
test_18596,0.9944470442
test_18597,0.9999992741
test_18598,0.9999999910
test_18599,0.9973312774
test_18600,0.9997875731
test_18601,0.9968070036
test_18602,0.9999993016
test_18603,0.9999998375
test_18604,0.0041340741
test_18605,0.0125918006
test_18606,0.9999963447
test_18607,0.9791360836
test_18608,0.0123428650
test_18609,0.0000145271
test_18610,0.0834937361
test_18611,0.9904587480
test_18612,0.9999995137
test_18613,0.9994609234
test_18614,0.0000546273
test_18615,0.9999999284
test_18616,0.0000000001
test_18617,0.9999897136
test_18618,0.0005241194
test_18619,0.9834943653
test_18620,0.9999999950
test_18621,0.9006682320
test_18622,0.0359353280
test_18623,0.9999863222
test_18624,0.0028796136
test_18625,0.9994238529
test_18626,0.0005512481
test_18627,0.9997056032
test_18628,0.0002454163
test_18629,0.2601925206
test_18630,0.9997567436
test_18631,0.0000004012
test_18632,0.0894374227
test_18633,0.0019468213
test_18634,0.9996575206
test_18635,0.9998784647
test_18636,0.0000000000
test_18637,0.8679308620
test_18638,0.0000253859
test_18639,0.9999999994
test_18640,0.9998952817
test_18641,0.2579281990
test_18642,0.0001056537
test_18643,0.0001538794
test_18644,0.0000277895
test_18645,0.0000724203
test_18646,0.9799722134
test_18647,0.0486524364
test_18648,0.9999999409
test_18649,0.0000169173
test_18650,0.0004843877
test_18651,0.9979179557
test_18652,0.2152856273
test_18653,0.0000032734
test_18654,0.0440099153
test_18655,0.8357852695
test_18656,0.0546983950
test_18657,0.0000013261
test_18658,0.0000029911
test_18659,0.9999878331
test_18660,0.9877910192
test_18661,0.0000001363
test_18662,0.0000000202
test_18663,0.9881770245
test_18664,0.9999998149
test_18665,0.0001667540
test_18666,0.2530901580
test_18667,0.9924063585
test_18668,0.9999999760
test_18669,0.9479997827
test_18670,0.0000002855
test_18671,0.0068919429
test_18672,0.0001535300
test_18673,0.9999163649
test_18674,0.0000010636
test_18675,0.0349750043
test_18676,0.9883917340
test_18677,0.0161237964
test_18678,0.0003253259
test_18679,0.9999984097
test_18680,0.9999990402
test_18681,0.9841326481
test_18682,0.9979264266
test_18683,0.9995840091
test_18684,0.9990817668
test_18685,0.9324237550
test_18686,0.9335020400
test_18687,0.9999883542
test_18688,0.0084077401
test_18689,0.9992409252
test_18690,0.8796503656
test_18691,0.9999997955
test_18692,0.0000097623
test_18693,0.9999996994
test_18694,0.0011757835
test_18695,0.9999916535
test_18696,0.9999999883
test_18697,0.0004456611
test_18698,0.0000023836
test_18699,0.0074599993
test_18700,0.8913107688
test_18701,0.7700470354
test_18702,0.0305744412
test_18703,0.0000001138
test_18704,0.9999588943
test_18705,0.0266166427
test_18706,0.9998857598
test_18707,0.0000000043
test_18708,0.0000000000
test_18709,0.9999751329
test_18710,0.9999999846
test_18711,0.9999864542
test_18712,0.0003492292
test_18713,0.9999959467
test_18714,0.0500153104
test_18715,0.9999900656
test_18716,0.9887279952
test_18717,0.0086212227
test_18718,0.3824045953
test_18719,0.8984112331
test_18720,0.0000005713
test_18721,0.9964025005
test_18722,0.8268444944
test_18723,0.0000000910
test_18724,0.9999888723
test_18725,0.9981502134
test_18726,0.9959986073
test_18727,0.9988516731
test_18728,0.9925186837
test_18729,0.3255013904
test_18730,0.0000275968
test_18731,0.9999999988
test_18732,0.0000000055
test_18733,0.9999999081
test_18734,0.9605659341
test_18735,0.0000141779
test_18736,0.9999999009
test_18737,0.9999699498
test_18738,0.0000002130
test_18739,0.9305849332
test_18740,0.0314091694
test_18741,0.0023144471
test_18742,0.0076998657
test_18743,0.9999803953
test_18744,0.9999882682
test_18745,0.9999692951
test_18746,0.9999996701
test_18747,0.0000068741
test_18748,0.9999961944
test_18749,0.9910897499
test_18750,0.0009107715
test_18751,0.1961696182
test_18752,0.0000044872
test_18753,0.9999999823
test_18754,0.9766327561
test_18755,0.5297544650
test_18756,0.6489023026
test_18757,0.0000227417
test_18758,0.0000000144
test_18759,0.9942812113
test_18760,0.0093371203
test_18761,0.6269651174
test_18762,0.9998010325
test_18763,0.9999701975
test_18764,0.9993319854
test_18765,0.0000012061
test_18766,0.0040829538
test_18767,0.9999995860
test_18768,0.0074161243
test_18769,0.0000093594
test_18770,0.7072699020
test_18771,0.0038874420
test_18772,0.0000099868
test_18773,0.9761822623
test_18774,0.0000832076
test_18775,0.0000037461
test_18776,0.0047058504
test_18777,0.0000006809
test_18778,0.6973763447
test_18779,0.9374688063
test_18780,0.9454348202
test_18781,0.0607106298
test_18782,0.9999992677
test_18783,0.0025649528
test_18784,0.0000001625
test_18785,0.7864482613
test_18786,0.0001947346
test_18787,1.0000000000
test_18788,0.9994323550
test_18789,0.0075924183
test_18790,0.0001040601
test_18791,0.0000024908
test_18792,0.9999867729
test_18793,0.0000000000
test_18794,0.9999999713
test_18795,0.0000011133
test_18796,0.9863822425
test_18797,0.9999828413
test_18798,0.0002843068
test_18799,0.9999964844
test_18800,0.4350112140
test_18801,0.8966819936
test_18802,0.9999882992
test_18803,0.1394223366
test_18804,0.0000179081
test_18805,0.0145316075
test_18806,0.9936001498
test_18807,0.2898328568
test_18808,0.0850749007
test_18809,0.0022445800
test_18810,0.0054470128
test_18811,0.9636583772
test_18812,0.0000002268
test_18813,0.9999946148
test_18814,0.9963545500
test_18815,0.0809015974
test_18816,0.9999916606
test_18817,0.0000000346
test_18818,0.0022398432
test_18819,0.9837063895
test_18820,0.9308577670
test_18821,1.0000000000
test_18822,0.9909974576
test_18823,0.9999999979
test_18824,0.0000024569
test_18825,0.2990272514
test_18826,0.0000000703
test_18827,0.0000014338
test_18828,0.0000170315
test_18829,0.0000019697
test_18830,0.0058523617
test_18831,0.8728535094
test_18832,0.0147949196
test_18833,0.0030462074
test_18834,0.9946305692
test_18835,0.9997524646
test_18836,0.9958467327
test_18837,0.9908768162
test_18838,0.0481412762
test_18839,0.9996924214
test_18840,0.9997444378
test_18841,0.0000304311
test_18842,0.0020719365
test_18843,0.9989994385
test_18844,0.0001170879
test_18845,0.9999906098
test_18846,0.9479552548
test_18847,0.0029567552
test_18848,0.9963472067
test_18849,0.9724165004
test_18850,0.0021479793
test_18851,0.9996939599
test_18852,0.0000004589
test_18853,0.0034421812
test_18854,0.9857451265
test_18855,0.0000003775
test_18856,0.0000683728
test_18857,0.0000000000
test_18858,0.9848233418
test_18859,0.0379607595
test_18860,0.9997604595
test_18861,0.0015776358
test_18862,0.0001284093
test_18863,0.0000081775
test_18864,0.9999999973
test_18865,0.0000004865
test_18866,0.0033657408
test_18867,0.9997425556
test_18868,0.0000019690
test_18869,0.9857673363
test_18870,0.9238085035
test_18871,0.0007707141
test_18872,0.9990360176
test_18873,0.0472221502
test_18874,0.1937534285
test_18875,0.9995583633
test_18876,0.9642181089
test_18877,0.0000858810
test_18878,0.9999549578
test_18879,0.0000000009
test_18880,0.9946001996
test_18881,1.0000000000
test_18882,0.0000001692
test_18883,0.3406558769
test_18884,0.3258356976
test_18885,0.0170442619
test_18886,0.8522426335
test_18887,0.6974130615
test_18888,0.0001213550
test_18889,0.0000000030
test_18890,0.0001946056
test_18891,0.0000002453
test_18892,0.9999999846
test_18893,0.9999933053
test_18894,0.9999999276
test_18895,0.9995578951
test_18896,0.9507258811
test_18897,0.9999783355
test_18898,0.9874647865
test_18899,0.0694443597
test_18900,0.0243285020
test_18901,0.7381141128
test_18902,0.9992810067
test_18903,0.0230049367
test_18904,0.0149724784
test_18905,0.0640592772
test_18906,0.0273075999
test_18907,0.0000002146
test_18908,0.9997806765
test_18909,0.9929300677
test_18910,0.0001163374
test_18911,0.0000200790
test_18912,0.9999986232
test_18913,0.0037455937
test_18914,0.0013965718
test_18915,0.6056104571
test_18916,0.0000126762
test_18917,0.0837451550
test_18918,0.9999999998
test_18919,0.9999094307
test_18920,0.0002652974
test_18921,0.9999985716
test_18922,0.0001577224
test_18923,0.9266952014
test_18924,0.0000093671
test_18925,0.0168104893
test_18926,0.0000012634
test_18927,0.9904071721
test_18928,0.0000004699
test_18929,0.9716339315
test_18930,0.9999999882
test_18931,0.9999998690
test_18932,0.0000301833
test_18933,0.1236887639
test_18934,0.9998997138
test_18935,0.0132162622
test_18936,0.0007781303
test_18937,0.9999997293
test_18938,0.0000257742
test_18939,0.0111129018
test_18940,0.0000000354
test_18941,0.9908386363
test_18942,0.0000007026
test_18943,0.0009112281
test_18944,0.0000002000
test_18945,1.0000000000
test_18946,0.0001676428
test_18947,0.9976218474
test_18948,0.6163599869
test_18949,0.9454321049
test_18950,0.0653274232
test_18951,0.0000300169
test_18952,0.9999977714
test_18953,0.9658396053
test_18954,0.9999998961
test_18955,0.0171453508
test_18956,0.0000613701
test_18957,0.9999989503
test_18958,0.9999579724
test_18959,0.0000000931
test_18960,0.4133529655
test_18961,0.0008139119
test_18962,0.0000014750
test_18963,0.0158323065
test_18964,0.0000090421
test_18965,0.1448010775
test_18966,0.9966620818
test_18967,0.9997473502
test_18968,0.9035914552
test_18969,0.9999999954
test_18970,0.0000410453
test_18971,0.9957026301
test_18972,0.0003438624
test_18973,0.9762297896
test_18974,0.9999999204
test_18975,0.9999860884
test_18976,0.9997254133
test_18977,1.0000000000
test_18978,0.9884092119
test_18979,0.9999995559
test_18980,0.9999983497
test_18981,0.0030177083
test_18982,0.4553245065
test_18983,0.9997782088
test_18984,0.9671484891
test_18985,0.1247632405
test_18986,0.6934188735
test_18987,0.9997125166
test_18988,0.3899817537
test_18989,0.9999999986
test_18990,0.9999999943
test_18991,0.9999999904
test_18992,0.0001352256
test_18993,0.9999994966
test_18994,0.3948806893
test_18995,0.9991549972
test_18996,0.0000003744
test_18997,0.0257997329
test_18998,0.9999999414
test_18999,0.0007970021
test_19000,0.9991681549
test_19001,0.0019345676
test_19002,0.0000000400
test_19003,0.0000292466
test_19004,0.8220036188
test_19005,0.0010683168
test_19006,0.9991625368
test_19007,0.0156780056
test_19008,0.1506311158
test_19009,0.0000077547
test_19010,0.4420443616
test_19011,0.9999999948
test_19012,0.0000212298
test_19013,0.0419747152
test_19014,0.9999992418
test_19015,0.0016224940
test_19016,0.9999997987
test_19017,0.0006667923
test_19018,0.0000119849
test_19019,0.9846927798
test_19020,0.0024570761
test_19021,0.0000000136
test_19022,0.0005761223
test_19023,0.0000001468
test_19024,0.8888132522
test_19025,0.9999818220
test_19026,0.9997818791
test_19027,0.0555037972
test_19028,0.0973959102
test_19029,0.9948836188
test_19030,0.0000000006
test_19031,0.9999999999
test_19032,0.0806784732
test_19033,0.9999999516
test_19034,0.8728101226
test_19035,0.0028777972
test_19036,0.9462820287
test_19037,0.9999944135
test_19038,0.0000000001
test_19039,0.0047419473
test_19040,0.9999997358
test_19041,0.8671347740
test_19042,1.0000000000
test_19043,0.9955232521
test_19044,0.0001598484
test_19045,0.0044499742
test_19046,0.9994476457
test_19047,0.9730977386
test_19048,0.9999272831
test_19049,0.9938146364
test_19050,0.9973823160
test_19051,0.0522605497
test_19052,0.3775653126
test_19053,0.9985274640
test_19054,0.0000240405
test_19055,0.9999999789
test_19056,0.0197666048
test_19057,0.9999999820
test_19058,0.0000248293
test_19059,0.0000007331
test_19060,0.0000000056
test_19061,0.8813827281
test_19062,0.6859479973
test_19063,0.9964471959
test_19064,0.0005960895
test_19065,0.0004215642
test_19066,0.0010620627
test_19067,0.9908654399
test_19068,0.9905816587
test_19069,0.0000002127
test_19070,0.8755620405
test_19071,0.1654040572
test_19072,0.0254847090
test_19073,0.9999875221
test_19074,0.9999963849
test_19075,0.9966674193
test_19076,1.0000000000
test_19077,0.0000008443
test_19078,0.0358650033
test_19079,0.9481677115
test_19080,0.0116253776
test_19081,0.9999999471
test_19082,0.3697765047
test_19083,0.9655038129
test_19084,0.9720805494
test_19085,0.0007485795
test_19086,0.0005341085
test_19087,0.0000000250
test_19088,0.0000118251
test_19089,0.9850698115
test_19090,0.0000000008
test_19091,0.9999437811
test_19092,0.9994502099
test_19093,0.0001665555
test_19094,0.0000002540
test_19095,0.0000004355
test_19096,0.9999999997
test_19097,0.0002538710
test_19098,0.0838178824
test_19099,1.0000000000
test_19100,0.0004476302
test_19101,0.9789022939
test_19102,0.0031410097
test_19103,0.0000004279
test_19104,0.0000519245
test_19105,0.9998910957
test_19106,0.0000021378
test_19107,0.9999999997
test_19108,0.0021818112
test_19109,0.0004477366
test_19110,0.0060647359
test_19111,0.0001165247
test_19112,0.9999931048
test_19113,0.0646287816
test_19114,0.0000010636
test_19115,0.0077633743
test_19116,0.9993362330
test_19117,0.0000020522
test_19118,0.0000000224
test_19119,0.8066053482
test_19120,0.0033834089
test_19121,0.9994884035
test_19122,0.9999755767
test_19123,0.9894415813
test_19124,0.0000005414
test_19125,0.9997217888
test_19126,0.9736964313
test_19127,0.0009984652
test_19128,0.5281483480
test_19129,0.0000005027
test_19130,0.9987177497
test_19131,0.9856388739
test_19132,0.1199905149
test_19133,0.0000059410
test_19134,0.9998681710
test_19135,0.0000020738
test_19136,0.9996558104
test_19137,0.9999501339
test_19138,0.0000178377
test_19139,0.0036642063
test_19140,0.9999999488
test_19141,0.0001986079
test_19142,0.9763336948
test_19143,0.0006937129
test_19144,0.9966715315
test_19145,0.9251112131
test_19146,0.9609332119
test_19147,0.9999979500
test_19148,0.9973176289
test_19149,0.9730561737
test_19150,0.0070925506
test_19151,0.0000000018
test_19152,0.9994823224
test_19153,0.6090508121
test_19154,0.3435344008
test_19155,0.9999999915
test_19156,0.2348088966
test_19157,0.9994098554
test_19158,0.9737984272
test_19159,0.9999280507
test_19160,0.0000000534
test_19161,0.0014427048
test_19162,0.0001387650
test_19163,0.9054251043
test_19164,0.0290314301
test_19165,0.0000011995
test_19166,0.8189369715
test_19167,0.9682264381
test_19168,0.9999998322
test_19169,0.0000000008
test_19170,1.0000000000
test_19171,0.9999999711
test_19172,0.9396890449
test_19173,0.9347035871
test_19174,0.0001720440
test_19175,0.1001212372
test_19176,0.0108807407
test_19177,0.9999968533
test_19178,0.9997355095
test_19179,0.1310375496
test_19180,0.0000042508
test_19181,0.8334919349
test_19182,0.0000389651
test_19183,0.9999548763
test_19184,0.9838749598
test_19185,0.0000316474
test_19186,0.7326043587
test_19187,0.9999999844
test_19188,0.9867907198
test_19189,0.9995146221
test_19190,0.9999555870
test_19191,0.1523151492
test_19192,0.9998996423
test_19193,0.0008037085
test_19194,0.0415189876
test_19195,0.0000603599
test_19196,0.9989390647
test_19197,0.0235253276
test_19198,0.9969871887
test_19199,0.0133027714
test_19200,0.9999990504
test_19201,0.9999998462
test_19202,0.9958072528
test_19203,0.9999999998
test_19204,0.9599834107
test_19205,0.0044221860
test_19206,0.3351315832
test_19207,0.0406963610
test_19208,0.9999990747
test_19209,0.9999977289
test_19210,0.0688674188
test_19211,0.0000000017
test_19212,0.9999340468
test_19213,0.9955197700
test_19214,0.0003853382
test_19215,0.0000655659
test_19216,0.0013022049
test_19217,0.9999962839
test_19218,0.0004458259
test_19219,0.1188074267
test_19220,0.0213133217
test_19221,0.3304963790
test_19222,0.9989435500
test_19223,0.9990201750
test_19224,0.0000420486
test_19225,0.0000005257
test_19226,0.9900424778
test_19227,0.1020691890
test_19228,0.9994969341
test_19229,0.0000000696
test_19230,0.0031113463
test_19231,0.9249001425
test_19232,0.9999974574
test_19233,0.9999851152
test_19234,0.0000014683
test_19235,0.0000117905
test_19236,0.0146291557
test_19237,0.0000028488
test_19238,0.0001360299
test_19239,0.0157695332
test_19240,0.9999915805
test_19241,0.7100184255
test_19242,0.8671139698
test_19243,0.9026070840
test_19244,0.9996752832
test_19245,0.9733795270
test_19246,0.9994203711
test_19247,0.0000004006
test_19248,0.9999999952
test_19249,0.0000000620
test_19250,0.9999999775
test_19251,0.9916910635
test_19252,0.0000000003
test_19253,0.0000000005
test_19254,0.9999019332
test_19255,0.9820215014
test_19256,0.9821763377
test_19257,0.0000043340
test_19258,0.0247006335
test_19259,0.0000000640
test_19260,0.4063455725
test_19261,0.9357674993
test_19262,0.9940833505
test_19263,0.0584940098
test_19264,0.0124455085
test_19265,0.6433398167
test_19266,0.0008117709
test_19267,0.9998584906
test_19268,0.9992433062
test_19269,0.0000005611
test_19270,0.0034328963
test_19271,0.0005395341
test_19272,0.9999674498
test_19273,0.9073700594
test_19274,0.0000048769
test_19275,0.9999655397
test_19276,0.9998511936
test_19277,0.0000009880
test_19278,0.0000422115
test_19279,0.2579171931
test_19280,0.9437377053
test_19281,0.9887569095
test_19282,0.0000000634
test_19283,0.0128958090
test_19284,0.9701517364
test_19285,0.0612479379
test_19286,0.0000276936
test_19287,0.9994527253
test_19288,0.0000907440
test_19289,0.0000002645
test_19290,1.0000000000
test_19291,0.0000468676
test_19292,0.1835394748
test_19293,0.0000000133
test_19294,0.9999464227
test_19295,0.9996717551
test_19296,0.9996292814
test_19297,0.0000000000
test_19298,0.9999916562
test_19299,0.2648663205
test_19300,0.0008257268
test_19301,0.9341336806
test_19302,0.0489160837
test_19303,0.9999992109
test_19304,0.9999681643
test_19305,0.0000644803
test_19306,0.9999935347
test_19307,0.9999999994
test_19308,0.9999992273
test_19309,0.0250880807
test_19310,0.0000001955
test_19311,0.0000000000
test_19312,0.0147084823
test_19313,0.0077702380
test_19314,0.0098910672
test_19315,0.9999999012
test_19316,0.9997935287
test_19317,0.0381801018
test_19318,0.9998811922
test_19319,0.0023204558
test_19320,0.9124286348
test_19321,0.0004077251
test_19322,0.0052640612
test_19323,0.9999998923
test_19324,0.0014041882
test_19325,0.0000000002
test_19326,0.0000106429
test_19327,0.9882118340
test_19328,0.0393952089
test_19329,0.0267206591
test_19330,0.8879315101
test_19331,0.0000413671
test_19332,0.9999726562
test_19333,0.0000208272
test_19334,0.0005518136
test_19335,0.0000015284
test_19336,0.0000004970
test_19337,0.0965924071
test_19338,0.9999999758
test_19339,0.0019137389
test_19340,0.9973616314
test_19341,0.0268524971
test_19342,0.9999978357
test_19343,0.9999999969
test_19344,0.0000018220
test_19345,0.9999945961
test_19346,0.2028864038
test_19347,0.0050362293
test_19348,0.0000026927
test_19349,0.0000040029
test_19350,0.0000009248
test_19351,0.0000182807
test_19352,0.9985691725
test_19353,0.0000039959
test_19354,0.9999999997
test_19355,0.0306435510
test_19356,0.1791889177
test_19357,0.2906898641
test_19358,0.9991904167
test_19359,0.9999998128
test_19360,0.0449524022
test_19361,0.0000049013
test_19362,0.0000153864
test_19363,0.0000097906
test_19364,0.9841993464
test_19365,0.0012912967
test_19366,0.0209373878
test_19367,0.8867579028
test_19368,0.9957774709
test_19369,0.8480910172
test_19370,0.0021206081
test_19371,0.0000098307
test_19372,0.0006609421
test_19373,0.2075720832
test_19374,0.9999980331
test_19375,0.0101666199
test_19376,0.9999986768
test_19377,0.8090801383
test_19378,0.9929405791
test_19379,0.0026239390
test_19380,0.9316999169
test_19381,0.9822488683
test_19382,0.0000000004
test_19383,0.9999906005
test_19384,0.9999997143
test_19385,0.9999999571
test_19386,0.9667780759
test_19387,0.2824888961
test_19388,0.9504803447
test_19389,0.9288436713
test_19390,0.9999999956
test_19391,0.8539803057
test_19392,0.0000000442
test_19393,0.9998037708
test_19394,0.9999999999
test_19395,0.0000000534
test_19396,0.9999936711
test_19397,0.0748506623
test_19398,0.0003556462
test_19399,0.1849481375
test_19400,0.0000337204
test_19401,0.9998127769
test_19402,0.0045769284
test_19403,0.0306823210
test_19404,0.0028497016
test_19405,0.9999949959
test_19406,0.9999988719
test_19407,0.0054168728
test_19408,0.9129378843
test_19409,0.0000011711
test_19410,0.0002240058
test_19411,0.0000016853
test_19412,0.0069643663
test_19413,0.9882103912
test_19414,0.0216282964
test_19415,0.2427912894
test_19416,0.9883767708
test_19417,0.0235359960
test_19418,0.0000000533
test_19419,0.9867746876
test_19420,0.0084858617
test_19421,0.8417453028
test_19422,0.9999477533
test_19423,0.9887405207
test_19424,0.0118809633
test_19425,0.0000020278
test_19426,0.0062531983
test_19427,0.0499920203
test_19428,0.9999836195
test_19429,0.9989417329
test_19430,0.8017139647
test_19431,0.9987379373
test_19432,0.9998837982
test_19433,0.0017494309
test_19434,0.9999840290
test_19435,0.9999999999
test_19436,0.9999988862
test_19437,0.9999022761
test_19438,0.0000001422
test_19439,0.8944106896
test_19440,0.0130701919
test_19441,0.9996319065
test_19442,0.9031748369
test_19443,0.0000088121
test_19444,0.0001583227
test_19445,0.0001365735
test_19446,0.9999999718
test_19447,0.0000012337
test_19448,0.9999831965
test_19449,0.9999999928
test_19450,0.9816887415
test_19451,0.9981627425
test_19452,0.9999999986
test_19453,0.5233381573
test_19454,0.9999964636
test_19455,0.0671615423
test_19456,0.0000004458
test_19457,0.9999994794
test_19458,0.9837045252
test_19459,0.9476877310
test_19460,0.0000204057
test_19461,0.0035494424
test_19462,0.9995216489
test_19463,0.0768716274
test_19464,0.0273668041
test_19465,0.0055357353
test_19466,0.6395618949
test_19467,0.9959364620
test_19468,0.9912429865
test_19469,0.5863655212
test_19470,0.0000000562
test_19471,0.0000002676
test_19472,0.9999998951
test_19473,0.9999978083
test_19474,0.9943140671
test_19475,0.9999606783
test_19476,0.9937447489
test_19477,0.1115283192
test_19478,0.0247016896
test_19479,0.9999996972
test_19480,0.9999612445
test_19481,0.9746524227
test_19482,0.0097147640
test_19483,0.9947146697
test_19484,0.9944698008
test_19485,0.9697204922
test_19486,0.0006036664
test_19487,0.9917737860
test_19488,0.9999915074
test_19489,0.4049704230
test_19490,0.0013788729
test_19491,0.9371214325
test_19492,0.0023413409
test_19493,0.9999809496
test_19494,0.9031625451
test_19495,0.9999933714
test_19496,0.9896620263
test_19497,0.0552189492
test_19498,0.9960517109
test_19499,0.8713787231
test_19500,0.0000000043
test_19501,0.9983926021
test_19502,0.0001305675
test_19503,0.0861439585
test_19504,0.0100258488
test_19505,0.9999999645
test_19506,0.7064313284
test_19507,0.9963851474
test_19508,0.9999991409
test_19509,0.9999887973
test_19510,0.9999979125
test_19511,0.9937964544
test_19512,0.9940015674
test_19513,0.9807274764
test_19514,0.9999760015
test_19515,0.0000483913
test_19516,0.9997144781
test_19517,0.0367193961
test_19518,0.9997026504
test_19519,0.9999943850
test_19520,0.2799652778
test_19521,0.9781017893
test_19522,0.0006869566
test_19523,0.8060475619
test_19524,0.3572509601
test_19525,0.0134777014
test_19526,0.0003916001
test_19527,0.7736402320
test_19528,0.0000396526
test_19529,0.1628101438
test_19530,0.1450428248
test_19531,0.0332713926
test_19532,0.9971487351
test_19533,0.0490993952
test_19534,0.9999999999
test_19535,0.0957796638
test_19536,0.7999273163
test_19537,0.8416314378
test_19538,0.9999627479
test_19539,0.9999999763
test_19540,0.0470462042
test_19541,0.8897265101
test_19542,0.9894164499
test_19543,0.0009720126
test_19544,0.9976657622
test_19545,0.9999990573
test_19546,0.9992307630
test_19547,0.0162524562
test_19548,0.9999989182
test_19549,0.0000000001
test_19550,0.0000286953
test_19551,0.9858443495
test_19552,0.9928142971
test_19553,0.0029514912
test_19554,0.1932455358
test_19555,0.9994122125
test_19556,0.0703751937
test_19557,0.0000680580
test_19558,0.0000001018
test_19559,0.0002502711
test_19560,0.9999290489
test_19561,0.9994032575
test_19562,0.9701516226
test_19563,0.9901375373
test_19564,0.0000383156
test_19565,0.0107764713
test_19566,0.0174287340
test_19567,0.7788775992
test_19568,0.1125172334
test_19569,0.0490178945
test_19570,0.9820987658
test_19571,0.9789404779
test_19572,0.9902139704
test_19573,0.9995717130
test_19574,0.0000002515
test_19575,0.0000019048
test_19576,0.9999997900
test_19577,0.9641167538
test_19578,0.9636460930
test_19579,0.0000000000
test_19580,0.0000022447
test_19581,0.8614646950
test_19582,0.9995803715
test_19583,0.0000000000
test_19584,0.0121848194
test_19585,0.9999806113
test_19586,0.9973290858
test_19587,0.1969730576
test_19588,0.9999999995
test_19589,0.0000000098
test_19590,0.9412309560
test_19591,0.9998795271
test_19592,0.7839145069
test_19593,0.9075817239
test_19594,0.0000000282
test_19595,0.0000241422
test_19596,0.9999979204
test_19597,0.0000001507
test_19598,0.0978213243
test_19599,0.9723747375
test_19600,0.0000010471
test_19601,0.0002711979
test_19602,0.0000001359
test_19603,0.9999991520
test_19604,0.9988427408
test_19605,0.0608757225
test_19606,0.9999999980
test_19607,0.0000000538
test_19608,0.0622941116
test_19609,0.0040215780
test_19610,0.9922662045
test_19611,0.9999999980
test_19612,0.0128900228
test_19613,0.9999999992
test_19614,0.0334784283
test_19615,0.9999861409
test_19616,0.0000014459
test_19617,0.0034135559
test_19618,0.9652655314
test_19619,0.9994417870
test_19620,0.0954505609
test_19621,0.0000000002
test_19622,0.0000001989
test_19623,0.0001272643
test_19624,0.0051403808
test_19625,0.9999999999
test_19626,0.0030540753
test_19627,0.0000001507
test_19628,0.9997929890
test_19629,0.0170831407
test_19630,0.9999998943
test_19631,0.8345231767
test_19632,0.9968919338
test_19633,0.9999997803
test_19634,0.6546337964
test_19635,0.9999996503
test_19636,0.9856979387
test_19637,0.0843558053
test_19638,0.9881273455
test_19639,0.0072616244
test_19640,0.0000000153
test_19641,0.0457208405
test_19642,0.0000139737
test_19643,0.0000000779
test_19644,0.0000029660
test_19645,0.4105836103
test_19646,0.0003463853
test_19647,0.9999999998
test_19648,0.0014562148
test_19649,0.9997416671
test_19650,0.0000000188
test_19651,0.0000000623
test_19652,0.0000000014
test_19653,0.7619618272
test_19654,0.0102753641
test_19655,0.0005789033
test_19656,0.0053595263
test_19657,0.0160597549
test_19658,0.0249880125
test_19659,0.9916804404
test_19660,0.9957357350
test_19661,0.0006466889
test_19662,0.9459830290
test_19663,0.0092789109
test_19664,0.9992741616
test_19665,0.9995146727
test_19666,0.9008722211
test_19667,0.9999997262
test_19668,0.0000095186
test_19669,0.0013878372
test_19670,0.9999981159
test_19671,0.1984865908
test_19672,0.9999883526
test_19673,0.0124937013
test_19674,0.0002427502
test_19675,0.8542876988
test_19676,0.9982123095
test_19677,0.9890635599
test_19678,0.0000000055
test_19679,0.8996167523
test_19680,0.9921149704
test_19681,0.2611925521
test_19682,0.0000070185
test_19683,0.9999999952
test_19684,0.0000000199
test_19685,0.9999964862
test_19686,0.9997769641
test_19687,0.0048708612
test_19688,0.9824011229
test_19689,0.9978364861
test_19690,0.0206319900
test_19691,0.9849654952
test_19692,0.9999475514
test_19693,0.8367658424
test_19694,0.9977307404
test_19695,0.9236432887
test_19696,0.9997570834
test_19697,0.0027292051
test_19698,0.9773673862
test_19699,0.9999999941
test_19700,0.1919451965
test_19701,0.0001864900
test_19702,0.0036449084
test_19703,0.0000000001
test_19704,0.9964149913
test_19705,0.0000114695
test_19706,0.0011367682
test_19707,0.9958176643
test_19708,0.7150226168
test_19709,0.0001319502
test_19710,0.9999287047
test_19711,0.0005151953
test_19712,0.8506083163
test_19713,0.9999999997
test_19714,0.0000005366
test_19715,0.0000000168
test_19716,0.0002391098
test_19717,0.9999021095
test_19718,0.9864116322
test_19719,0.9999997048
test_19720,0.9999998725
test_19721,0.9407380049
test_19722,0.0000000227
test_19723,0.9965607631
test_19724,0.0000076208
test_19725,0.9999903865
test_19726,0.9850305482
test_19727,0.0000430837
test_19728,0.9963485117
test_19729,0.0003092081
test_19730,0.0034980424
test_19731,0.0024863615
test_19732,0.9999324411
test_19733,0.0093836330
test_19734,0.9643698659
test_19735,0.8980286577
test_19736,0.9981742302
test_19737,0.9686590024
test_19738,0.9926615479
test_19739,0.0000454682
test_19740,0.9999259347
test_19741,1.0000000000
test_19742,0.0000008947
test_19743,0.0000030024
test_19744,0.9999996335
test_19745,0.9995147369
test_19746,0.0046280069
test_19747,0.9129982714
test_19748,0.0000002009
test_19749,0.9503129599
test_19750,0.9999999999
test_19751,0.0000298206
test_19752,0.9999695522
test_19753,0.0007422937
test_19754,0.0066032584
test_19755,0.9999885515
test_19756,0.8986908809
test_19757,0.9999975052
test_19758,0.0007157787
test_19759,0.9878978299
test_19760,0.9969804350
test_19761,0.0048757800
test_19762,0.0000000000
test_19763,0.0030515326
test_19764,0.9033470177
test_19765,0.9997140569
test_19766,0.0002325719
test_19767,0.0229328499
test_19768,0.0495153016
test_19769,0.0066086710
test_19770,0.0000000061
test_19771,0.9999994660
test_19772,0.9999999951
test_19773,0.0325472227
test_19774,0.0045860682
test_19775,0.0345376802
test_19776,0.9999993906
test_19777,0.0000129374
test_19778,0.9999951749
test_19779,0.9924450095
test_19780,0.7722497409
test_19781,0.0000055876
test_19782,0.4726721036
test_19783,0.0000905499
test_19784,0.9999982071
test_19785,0.9905933521
test_19786,0.9999998186
test_19787,0.0000000001
test_19788,0.9999837417
test_19789,0.9877048555
test_19790,0.9999973809
test_19791,0.1821792939
test_19792,0.9944175039
test_19793,0.0002269817
test_19794,0.0000000000
test_19795,0.0521531762
test_19796,0.0001943517
test_19797,0.9879448143
test_19798,0.0001011769
test_19799,0.9997945252
test_19800,0.0000000048
test_19801,0.0000339541
test_19802,0.0000705153
test_19803,0.9994601658
test_19804,0.9319450077
test_19805,0.0000001859
test_19806,0.1899435481
test_19807,0.9982846453
test_19808,0.0000093471
test_19809,0.0003642993
test_19810,0.9844653743
test_19811,0.9885208558
test_19812,0.1357523059
test_19813,0.1535319291
test_19814,0.9999725134
test_19815,0.0935163389
test_19816,0.0011759661
test_19817,0.9999999970
test_19818,0.0461101242
test_19819,0.9987059690
test_19820,0.0065583126
test_19821,0.9369839512
test_19822,0.9999973467
test_19823,0.9999918813
test_19824,0.9991278317
test_19825,0.9508324420
test_19826,0.0001821080
test_19827,0.9999800565
test_19828,0.0013455078
test_19829,0.0000015327
test_19830,0.9857567106
test_19831,0.0000779679
test_19832,0.9489080538
test_19833,0.0444111143
test_19834,0.0348204642
test_19835,0.2486075441
test_19836,0.0000000096
test_19837,0.9999997264
test_19838,0.9999983804
test_19839,0.0085982973
test_19840,0.9537151722
test_19841,0.0001559905
test_19842,0.0003115395
test_19843,0.0000000056
test_19844,0.0000010121
test_19845,0.0000035733
test_19846,0.9997987728
test_19847,0.9999460046
test_19848,0.0677545380
test_19849,0.0076816500
test_19850,0.9993970165
test_19851,0.5482640519
test_19852,0.1677448934
test_19853,0.0000023358
test_19854,0.9647701429
test_19855,0.4705498740
test_19856,0.9996790148
test_19857,0.0026028109
test_19858,0.9808863486
test_19859,0.9046804143
test_19860,0.0000277575
test_19861,0.0000210473
test_19862,0.0119604079
test_19863,0.9394508459
test_19864,0.0000040080
test_19865,0.9134758121
test_19866,0.0000000023
test_19867,0.9999998000
test_19868,0.9716916888
test_19869,0.0005501550
test_19870,0.0000122073
test_19871,0.9999999987
test_19872,0.9997029178
test_19873,0.9746682049
test_19874,0.0000000003
test_19875,0.0001309073
test_19876,0.0002342904
test_19877,0.9872983483
test_19878,0.8944124367
test_19879,0.9999999864
test_19880,0.5293408968
test_19881,0.0000000000
test_19882,0.9997756164
test_19883,0.9733114945
test_19884,0.0009861857
test_19885,0.9246872608
test_19886,0.9999994367
test_19887,0.9999999992
test_19888,0.0099811012
test_19889,0.1702567680
test_19890,0.9858015428
test_19891,0.0265746806
test_19892,0.9642160683
test_19893,0.9945824958
test_19894,0.0304756938
test_19895,0.9999976489
test_19896,0.0768142795
test_19897,0.5518010402
test_19898,0.0781806445
test_19899,0.0000000494
test_19900,0.9988529204
test_19901,0.0000000001
test_19902,0.9631579327
test_19903,0.9076138215
test_19904,0.9999998615
test_19905,0.3958311618
test_19906,0.6432374754
test_19907,0.0002543018
test_19908,0.0806614365
test_19909,0.0000028049
test_19910,0.0005226364
test_19911,0.0000093391
test_19912,0.8851904455
test_19913,0.9984477525
test_19914,0.0000001460
test_19915,0.0000093872
test_19916,0.0008570133
test_19917,0.0018063656
test_19918,0.1001546361
test_19919,0.0026978346
test_19920,0.0260272030
test_19921,0.9569635758
test_19922,0.9999894994
test_19923,0.9999964010
test_19924,0.0002733916
test_19925,0.9853280664
test_19926,0.0000019069
test_19927,0.2234449351
test_19928,0.0000882954
test_19929,0.9945602053
test_19930,0.3476663334
test_19931,0.9952678921
test_19932,0.9699514536
test_19933,0.0000132509
test_19934,0.9999891493
test_19935,0.0000000019
test_19936,0.9999998904
test_19937,0.9984453215
test_19938,0.9999654074
test_19939,0.0012806388
test_19940,0.0000013963
test_19941,0.0089555013
test_19942,0.1369672767
test_19943,0.9040025633
test_19944,0.9999999975
test_19945,0.0002132451
test_19946,0.0507152832
test_19947,0.0000012673
test_19948,0.9999994337
test_19949,0.0023669105
test_19950,0.3002002218
test_19951,0.9999999999
test_19952,0.9428293540
test_19953,0.0000368389
test_19954,0.0000142215
test_19955,0.0022379805
test_19956,0.0000000445
test_19957,0.0027456979
test_19958,0.6358876663
test_19959,0.9999999913
test_19960,0.1361682238
test_19961,0.9942401466
test_19962,0.0001162933
test_19963,0.0000582681
test_19964,0.8655453094
test_19965,0.0031094896
test_19966,1.0000000000
test_19967,0.9902055117
test_19968,0.8372322381
test_19969,0.1924464717
test_19970,0.0001238505
test_19971,0.1525000273
test_19972,0.2874375481
test_19973,0.9739019044
test_19974,0.9916669107
test_19975,0.0171739751
test_19976,0.9998733752
test_19977,0.0007389060
test_19978,0.0181464747
test_19979,0.0000000816
test_19980,0.9951563412
test_19981,0.9999993195
test_19982,0.9999825919
test_19983,0.9999999912
test_19984,0.8659368777
test_19985,0.0000000412
test_19986,0.0733268043
test_19987,0.9392720848
test_19988,0.9984912898
test_19989,0.0270105560
test_19990,0.0353824181
test_19991,0.9999216722
test_19992,0.0000000392
test_19993,0.9302528726
test_19994,0.1500684734
test_19995,0.6605543819
test_19996,0.0135323993
test_19997,0.0000037681
test_19998,0.0000000001
test_19999,0.0820330341
