image_id,p_180
test_00000,0.0000024382
test_00001,0.9999912030
test_00002,0.9999999090
test_00003,0.0002035800
test_00004,0.9995438418
test_00005,0.0001162455
test_00006,0.9999147394
test_00007,0.9999890235
test_00008,0.9999999021
test_00009,0.0000034958
test_00010,0.9999974510
test_00011,0.0000000097
test_00012,0.0000020589
test_00013,0.9999970753
test_00014,0.9995801909
test_00015,0.9999999672
test_00016,0.9999985878
test_00017,0.0000002214
test_00018,0.0000006944
test_00019,0.0000000103
test_00020,0.0000000051
test_00021,0.0000311199
test_00022,0.9999996326
test_00023,0.0000059775
test_00024,0.0080283406
test_00025,0.9999156528
test_00026,0.9989384954
test_00027,0.0001038302
test_00028,0.9920614527
test_00029,0.9999997909
test_00030,0.0000007247
test_00031,0.9998615575
test_00032,0.9956172910
test_00033,0.9998348272
test_00034,0.9994294727
test_00035,0.9999876995
test_00036,0.0000087635
test_00037,0.0000027628
test_00038,0.0028238215
test_00039,0.0000054976
test_00040,0.0001494072
test_00041,0.0014318693
test_00042,0.9995970577
test_00043,0.0000000644
test_00044,0.0251269739
test_00045,0.9997626089
test_00046,0.0000000096
test_00047,0.9999982527
test_00048,0.9999993362
test_00049,0.9998568509
test_00050,0.9999996678
test_00051,0.0000010846
test_00052,0.0000000059
test_00053,0.9999742841
test_00054,0.0000571434
test_00055,0.9999729113
test_00056,0.0000000113
test_00057,0.9999558438
test_00058,0.0000015907
test_00059,0.0000072392
test_00060,0.9999135737
test_00061,0.0000001094
test_00062,0.0002068153
test_00063,0.0000002290
test_00064,0.0000029021
test_00065,0.9999986386
test_00066,0.0438992643
test_00067,0.0000007954
test_00068,0.0000011190
test_00069,0.0758537688
test_00070,0.9998902481
test_00071,0.9999906726
test_00072,0.9971474662
test_00073,0.9999995200
test_00074,0.9904513885
test_00075,0.9998776971
test_00076,0.0000047834
test_00077,0.9996669803
test_00078,0.9999976232
test_00079,0.0132270502
test_00080,0.0000954108
test_00081,0.9999986593
test_00082,0.9880948489
test_00083,0.0000003519
test_00084,0.9999985378
test_00085,0.9998892429
test_00086,0.9999982761
test_00087,0.9999999841
test_00088,0.0000152031
test_00089,0.9965466413
test_00090,0.0000663781
test_00091,0.0000000080
test_00092,0.9994774342
test_00093,0.0004529368
test_00094,0.9881804933
test_00095,0.9999966062
test_00096,0.0000051877
test_00097,0.0000098579
test_00098,0.0000000174
test_00099,0.0000006584
test_00100,0.0001659543
test_00101,0.0000021228
test_00102,0.0001327839
test_00103,0.9999999702
test_00104,0.9999968041
test_00105,0.0000000053
test_00106,0.0000006863
test_00107,0.9982406922
test_00108,0.0005630391
test_00109,0.0000892453
test_00110,0.9999992189
test_00111,0.0008519350
test_00112,0.9999861512
test_00113,0.0000001858
test_00114,0.9999964472
test_00115,0.0005540354
test_00116,0.0000732457
test_00117,0.9998621783
test_00118,0.9999986078
test_00119,0.1141977823
test_00120,0.0000012777
test_00121,0.9999998368
test_00122,0.9999235399
test_00123,0.9999989322
test_00124,0.0084477785
test_00125,0.0004464236
test_00126,0.0000007539
test_00127,0.9999999659
test_00128,0.0000200986
test_00129,0.0000019217
test_00130,0.9999650007
test_00131,0.0000000164
test_00132,0.9999960644
test_00133,0.9999922519
test_00134,0.0000000128
test_00135,0.9987763024
test_00136,0.0000206827
test_00137,0.9999997178
test_00138,0.9999904086
test_00139,0.0000010527
test_00140,0.9999999224
test_00141,0.0000049198
test_00142,0.9999981200
test_00143,0.9976120841
test_00144,0.0032466803
test_00145,0.0000006176
test_00146,0.0000000179
test_00147,0.9992607771
test_00148,0.9999970813
test_00149,0.9999200009
test_00150,0.0000034168
test_00151,0.9999989764
test_00152,0.0000012087
test_00153,0.0000530257
test_00154,0.9999970799
test_00155,0.9999999678
test_00156,0.9999872779
test_00157,0.0000021657
test_00158,0.9999998947
test_00159,0.9999985698
test_00160,0.9999883905
test_00161,0.0072950003
test_00162,0.0139109986
test_00163,0.9999871127
test_00164,0.0000111613
test_00165,0.9999999412
test_00166,0.9516261314
test_00167,0.1223287519
test_00168,0.0000000698
test_00169,0.0000000152
test_00170,0.9999997381
test_00171,0.9999579709
test_00172,0.9999993391
test_00173,0.0000001395
test_00174,0.0000000080
test_00175,0.9999999832
test_00176,0.9998181547
test_00177,0.0003806912
test_00178,0.0000062695
test_00179,0.9999355452
test_00180,0.0000004873
test_00181,0.9999978484
test_00182,0.9999997571
test_00183,0.9999940814
test_00184,0.9997684935
test_00185,0.9999979474
test_00186,0.0000007339
test_00187,0.9999966785
test_00188,0.9999999107
test_00189,0.9999992592
test_00190,0.0000000800
test_00191,0.9999922627
test_00192,0.0000391095
test_00193,0.9999958710
test_00194,0.0000002937
test_00195,0.0000035291
test_00196,0.0005139134
test_00197,0.9996369654
test_00198,0.0082158491
test_00199,0.9999937103
test_00200,0.9999999808
test_00201,0.9999648317
test_00202,0.9999952442
test_00203,0.9999578988
test_00204,0.9999929768
test_00205,0.0000009410
test_00206,0.0000000790
test_00207,0.0000012069
test_00208,0.0012323080
test_00209,0.0000318398
test_00210,0.0002290730
test_00211,0.9999999805
test_00212,0.9999967012
test_00213,0.9999901451
test_00214,0.9999998746
test_00215,0.0000004645
test_00216,0.0000002064
test_00217,0.0000146441
test_00218,0.0001246662
test_00219,0.9999998270
test_00220,0.9999999808
test_00221,0.9999981126
test_00222,0.0003386512
test_00223,0.9999678014
test_00224,0.9287775691
test_00225,0.9997568161
test_00226,0.0000000136
test_00227,0.0000004855
test_00228,0.9999980775
test_00229,0.0000282983
test_00230,0.0000149224
test_00231,0.9999876524
test_00232,0.9996650711
test_00233,0.9999862655
test_00234,0.0000048561
test_00235,0.9999955264
test_00236,0.0000000436
test_00237,0.0000000973
test_00238,0.9999988394
test_00239,0.0000001695
test_00240,0.0000000061
test_00241,0.0000000251
test_00242,0.0000151254
test_00243,0.9999540774
test_00244,0.9999988008
test_00245,0.9999942800
test_00246,0.0000011064
test_00247,0.9999922247
test_00248,0.9986700055
test_00249,0.9999623549
test_00250,0.9999971773
test_00251,0.0000520074
test_00252,0.0050214693
test_00253,0.9999974134
test_00254,0.0000009645
test_00255,0.0000000100
test_00256,0.0000903766
test_00257,0.0000003078
test_00258,0.0068386006
test_00259,0.0000780260
test_00260,0.0000036293
test_00261,0.9998728699
test_00262,0.9999983603
test_00263,0.0000757433
test_00264,0.9999950522
test_00265,0.9999372414
test_00266,0.0000093641
test_00267,0.2322852103
test_00268,0.0000749845
test_00269,0.9999993455
test_00270,0.9825720774
test_00271,0.8857684071
test_00272,0.9999961632
test_00273,0.0000000189
test_00274,0.0418267251
test_00275,0.0000013399
test_00276,0.0028209952
test_00277,0.9999945901
test_00278,0.0000209692
test_00279,0.0003285355
test_00280,0.9998855007
test_00281,0.9999667673
test_00282,0.9999822280
test_00283,0.0020135480
test_00284,0.0014308811
test_00285,0.0000128853
test_00286,0.0000013165
test_00287,0.9999931368
test_00288,0.9999971717
test_00289,0.9999993143
test_00290,0.9999646187
test_00291,0.9999999746
test_00292,0.9999993495
test_00293,0.0000000162
test_00294,0.9999998976
test_00295,0.9999969154
test_00296,0.0056585976
test_00297,0.9667666819
test_00298,0.0126266179
test_00299,0.9999948427
test_00300,0.0000104077
test_00301,0.9999994605
test_00302,0.0000002853
test_00303,0.0155322297
test_00304,0.0000043254
test_00305,0.9999437449
test_00306,0.9999999608
test_00307,0.0060669162
test_00308,0.0000013629
test_00309,0.9992457558
test_00310,0.9982146538
test_00311,0.9999998983
test_00312,0.0000197000
test_00313,0.9999996408
test_00314,0.0000004085
test_00315,0.9988819678
test_00316,0.9994052627
test_00317,0.0000264843
test_00318,0.9999940748
test_00319,0.9999968846
test_00320,0.9999999406
test_00321,0.0049100858
test_00322,0.9999983864
test_00323,0.9998100323
test_00324,0.0002314496
test_00325,0.9999830504
test_00326,0.0000071432
test_00327,0.0014923645
test_00328,0.7420128489
test_00329,0.9999995949
test_00330,0.9999971210
test_00331,0.9999993106
test_00332,0.9999998444
test_00333,0.9999997331
test_00334,0.9999999785
test_00335,0.1983474377
test_00336,0.0000000324
test_00337,0.9992452878
test_00338,0.0163661175
test_00339,0.9997858954
test_00340,0.1726599887
test_00341,0.0000000269
test_00342,0.9999998732
test_00343,0.9999996073
test_00344,0.9999998540
test_00345,0.9999961187
test_00346,0.0000134432
test_00347,0.0000000609
test_00348,0.9998891146
test_00349,0.0000144731
test_00350,0.9989938991
test_00351,0.0001238003
test_00352,0.9999850398
test_00353,0.9999998834
test_00354,0.0000009792
test_00355,0.9995873660
test_00356,0.0000543746
test_00357,0.0000000170
test_00358,0.9999998923
test_00359,0.9999999816
test_00360,0.9998548087
test_00361,0.9999090286
test_00362,0.9999724369
test_00363,0.9999999812
test_00364,0.9999404806
test_00365,0.9946609398
test_00366,0.9997002165
test_00367,0.0000000138
test_00368,0.0001264905
test_00369,0.9999995867
test_00370,0.0000010846
test_00371,0.0000000481
test_00372,0.9999997703
test_00373,0.9836819889
test_00374,0.9999997271
test_00375,0.9999790529
test_00376,0.0000001118
test_00377,0.0000000535
test_00378,0.5533207758
test_00379,0.0000000177
test_00380,0.0000021458
test_00381,0.9866467992
test_00382,0.0004251534
test_00383,0.0000932954
test_00384,0.9999984309
test_00385,0.0000160850
test_00386,0.9999771011
test_00387,0.9999996244
test_00388,0.0146225319
test_00389,0.9999999873
test_00390,0.9999929864
test_00391,0.0000000128
test_00392,0.9985982723
test_00393,0.9999979120
test_00394,0.0000338184
test_00395,0.0031799480
test_00396,0.0005656452
test_00397,0.9999729945
test_00398,0.0000441492
test_00399,0.9996419915
test_00400,0.9999999772
test_00401,0.9551332668
test_00402,0.9999974387
test_00403,0.0000019193
test_00404,0.0000000310
test_00405,0.9999993985
test_00406,0.9974172933
test_00407,0.0000014080
test_00408,0.9999999454
test_00409,0.9991234784
test_00410,0.0000000071
test_00411,0.0000004675
test_00412,0.0000001271
test_00413,0.0121815524
test_00414,0.4073193651
test_00415,0.9995339937
test_00416,0.0000000097
test_00417,0.0000006428
test_00418,0.9999979461
test_00419,0.9999929621
test_00420,0.0000001993
test_00421,0.9999702939
test_00422,0.9999994330
test_00423,0.0000000282
test_00424,0.0000017052
test_00425,0.0000000087
test_00426,0.9975935781
test_00427,0.0000055166
test_00428,0.0000001460
test_00429,0.9999931100
test_00430,0.9999999588
test_00431,0.9999993797
test_00432,0.9999999622
test_00433,0.0025560125
test_00434,0.0000011643
test_00435,0.0008467466
test_00436,0.9999960274
test_00437,0.0417043315
test_00438,0.9998788960
test_00439,0.9999928050
test_00440,0.0100377235
test_00441,0.0000021549
test_00442,0.9999958279
test_00443,0.9999777964
test_00444,0.9999994223
test_00445,0.0000465326
test_00446,0.0000002006
test_00447,0.0000038367
test_00448,0.9999939329
test_00449,0.0000003315
test_00450,0.0000005182
test_00451,0.9999670463
test_00452,0.9995222675
test_00453,0.0000254543
test_00454,0.7275980020
test_00455,0.9999999627
test_00456,0.9999700558
test_00457,0.0215311948
test_00458,0.9999984443
test_00459,0.9999803873
test_00460,0.0323104787
test_00461,0.9999996610
test_00462,0.0000664185
test_00463,0.9999961896
test_00464,0.0000000260
test_00465,0.0000016486
test_00466,0.9999892889
test_00467,0.5937201875
test_00468,0.9999829128
test_00469,0.0000000468
test_00470,0.0161598799
test_00471,0.0000840026
test_00472,0.0000922501
test_00473,0.0000581898
test_00474,0.0000002033
test_00475,0.0000008193
test_00476,0.9554365421
test_00477,0.0000168088
test_00478,0.0000557540
test_00479,0.9999997393
test_00480,0.9999998437
test_00481,0.0000007381
test_00482,0.0000542557
test_00483,0.9999952772
test_00484,0.0000000172
test_00485,0.0394435706
test_00486,0.0000193159
test_00487,0.9993599709
test_00488,0.0000000416
test_00489,0.9999999589
test_00490,0.9999887159
test_00491,0.0188893793
test_00492,0.9998985717
test_00493,0.9999996319
test_00494,0.9999995800
test_00495,0.9999984660
test_00496,0.0343392614
test_00497,0.9999963427
test_00498,0.0000001162
test_00499,0.0000002113
test_00500,0.9999999569
test_00501,0.0000003772
test_00502,0.9997341405
test_00503,0.0000606208
test_00504,0.9999999519
test_00505,0.9961482180
test_00506,0.9999961008
test_00507,0.0000000164
test_00508,0.9919698530
test_00509,0.0038153743
test_00510,0.9982440927
test_00511,0.9979525491
test_00512,0.9999997007
test_00513,0.9999309794
test_00514,0.0000000130
test_00515,0.0003816614
test_00516,0.0000001308
test_00517,0.0000044088
test_00518,0.0000015441
test_00519,0.9999801580
test_00520,0.0000009198
test_00521,0.9999998645
test_00522,0.9996219340
test_00523,0.0000930704
test_00524,0.9999990918
test_00525,0.9970245718
test_00526,0.0000400665
test_00527,0.0000089138
test_00528,0.0006446890
test_00529,0.9999983970
test_00530,0.0000615440
test_00531,0.9873767737
test_00532,0.0002801374
test_00533,0.0000005969
test_00534,0.9999177060
test_00535,0.0001701119
test_00536,0.0000058796
test_00537,0.0000039924
test_00538,0.9999999506
test_00539,0.3183508733
test_00540,0.9998926093
test_00541,0.0024177107
test_00542,0.0000312250
test_00543,0.9999996421
test_00544,0.9991201098
test_00545,0.0000014045
test_00546,0.0000035344
test_00547,0.9999993199
test_00548,0.0000126844
test_00549,0.9798722920
test_00550,0.0000025853
test_00551,0.0000000373
test_00552,0.0000025511
test_00553,0.9981534783
test_00554,0.9859518766
test_00555,0.0031676787
test_00556,0.9999997194
test_00557,0.9999939487
test_00558,0.0000008192
test_00559,0.0000285896
test_00560,0.9999998247
test_00561,0.0000005753
test_00562,0.6320165105
test_00563,0.0001342463
test_00564,0.9999999829
test_00565,0.9999969625
test_00566,0.0000001035
test_00567,0.9999271758
test_00568,0.0000000129
test_00569,0.0040201532
test_00570,0.0029742072
test_00571,0.0193270735
test_00572,0.0000123497
test_00573,0.0000000708
test_00574,0.0000049100
test_00575,0.8542822132
test_00576,0.9999988955
test_00577,0.8693212294
test_00578,0.0000016016
test_00579,0.9997037782
test_00580,0.9999985413
test_00581,0.9999993146
test_00582,0.0053167785
test_00583,0.9991555049
test_00584,0.0000000310
test_00585,0.0000005561
test_00586,0.9999997313
test_00587,0.9999999874
test_00588,0.0012653635
test_00589,0.0000000369
test_00590,0.0000006423
test_00591,0.0000000142
test_00592,0.0000000759
test_00593,0.9998207647
test_00594,0.9938506098
test_00595,0.1200835932
test_00596,0.0000000501
test_00597,0.0000020510
test_00598,0.9999999078
test_00599,0.0000002609
test_00600,0.2463234833
test_00601,0.9999945759
test_00602,0.9999584639
test_00603,0.0000139053
test_00604,0.9984450699
test_00605,0.9986629390
test_00606,0.9999910967
test_00607,0.0000031794
test_00608,0.0000131763
test_00609,0.0000000069
test_00610,0.9999081305
test_00611,0.0000555018
test_00612,0.0960622806
test_00613,0.0007042775
test_00614,0.9999914031
test_00615,0.9999996401
test_00616,0.0000424031
test_00617,0.9999984066
test_00618,0.0000110065
test_00619,0.9998351789
test_00620,0.9999256717
test_00621,0.5835246663
test_00622,0.9999999891
test_00623,0.9999447124
test_00624,0.0000035590
test_00625,0.0002080147
test_00626,0.9998851740
test_00627,0.0004493633
test_00628,0.0000794588
test_00629,0.0532990247
test_00630,0.9999999034
test_00631,0.9987771435
test_00632,0.9999654807
test_00633,0.9999005971
test_00634,0.9999997292
test_00635,0.0000000066
test_00636,0.9990813407
test_00637,0.0001645808
test_00638,0.0000482219
test_00639,0.9999951054
test_00640,0.0000000416
test_00641,0.9999999088
test_00642,0.9955678463
test_00643,0.0000007086
test_00644,0.9998761808
test_00645,0.9999998308
test_00646,0.0000079069
test_00647,0.0000066588
test_00648,0.9999072374
test_00649,0.9999972082
test_00650,0.0000012566
test_00651,0.0000794458
test_00652,0.0000002565
test_00653,0.9999999334
test_00654,0.9999767890
test_00655,0.9998568340
test_00656,0.0000007004
test_00657,0.0200106478
test_00658,0.9999617927
test_00659,0.0378808855
test_00660,0.0001575639
test_00661,0.0000000106
test_00662,0.0000061139
test_00663,0.0002994308
test_00664,0.0000103815
test_00665,0.0000012235
test_00666,0.9999742384
test_00667,0.4720369437
test_00668,0.0000026706
test_00669,0.0000004379
test_00670,0.9997528081
test_00671,0.9999934577
test_00672,0.9999990058
test_00673,0.9999993163
test_00674,0.9999997983
test_00675,0.9999992282
test_00676,0.0000032933
test_00677,0.0000012965
test_00678,0.9999987145
test_00679,0.0000200339
test_00680,0.0000394366
test_00681,0.9999997420
test_00682,0.9996748519
test_00683,0.9999973879
test_00684,0.9991510312
test_00685,0.9999996620
test_00686,0.9999219178
test_00687,0.0008262721
test_00688,0.0000000438
test_00689,0.9999997350
test_00690,0.0000536236
test_00691,0.9999999579
test_00692,0.9999934989
test_00693,0.9999905487
test_00694,0.0000000064
test_00695,0.0067643479
test_00696,0.0000593107
test_00697,0.9999999910
test_00698,0.0000020579
test_00699,0.0094703288
test_00700,0.9997512795
test_00701,0.9999998961
test_00702,0.9997482543
test_00703,0.0000473671
test_00704,0.0000010015
test_00705,0.9995599692
test_00706,0.0000349105
test_00707,0.9999999402
test_00708,0.0000003713
test_00709,0.9893735173
test_00710,0.0000365330
test_00711,0.9965382980
test_00712,0.9999987216
test_00713,0.0002742146
test_00714,0.0000110812
test_00715,0.9999990407
test_00716,0.9999318495
test_00717,0.9984324393
test_00718,0.0000125633
test_00719,0.0000000188
test_00720,0.9999999684
test_00721,0.0000013413
test_00722,0.0000002461
test_00723,0.9999996235
test_00724,0.9913781812
test_00725,0.9999686127
test_00726,0.0000000811
test_00727,0.0000006489
test_00728,0.9999462265
test_00729,0.9999993289
test_00730,0.9999511134
test_00731,0.0576202956
test_00732,0.0000000209
test_00733,0.0000004975
test_00734,0.9999953100
test_00735,0.0001347370
test_00736,0.9985033791
test_00737,0.9999978562
test_00738,0.0000006013
test_00739,0.9999997716
test_00740,0.0031188011
test_00741,0.9999991741
test_00742,0.9999284658
test_00743,0.9954022688
test_00744,0.0000697702
test_00745,0.9896030787
test_00746,0.0000004660
test_00747,0.0000019519
test_00748,0.9999999407
test_00749,0.0000008647
test_00750,0.0479264273
test_00751,0.9999971457
test_00752,0.0000154073
test_00753,0.0000010454
test_00754,0.0015784223
test_00755,0.9961425109
test_00756,0.0000022709
test_00757,0.0000002340
test_00758,0.0011728370
test_00759,0.0000035980
test_00760,0.9999945136
test_00761,0.9985873751
test_00762,0.0000103615
test_00763,0.9999993580
test_00764,0.0009940117
test_00765,0.9999954591
test_00766,0.0000040324
test_00767,0.9999849940
test_00768,0.0000001769
test_00769,0.0000000204
test_00770,0.9999999826
test_00771,0.0001292605
test_00772,0.0000000559
test_00773,0.9999999372
test_00774,0.9999456336
test_00775,0.9999999861
test_00776,0.9999998919
test_00777,0.0000034599
test_00778,0.0000037932
test_00779,0.0000002274
test_00780,0.9999941875
test_00781,0.0000008164
test_00782,0.0005549330
test_00783,0.0044357869
test_00784,0.9996413854
test_00785,0.9999969936
test_00786,0.9999980785
test_00787,0.0001551774
test_00788,0.9999720375
test_00789,0.9999977966
test_00790,0.9984828427
test_00791,0.9998467100
test_00792,0.9999563154
test_00793,0.0000001663
test_00794,0.9999636561
test_00795,0.0002440760
test_00796,0.0000025631
test_00797,0.0000030411
test_00798,0.9954194826
test_00799,0.9999619214
test_00800,0.0000006659
test_00801,0.0000003545
test_00802,0.0000008911
test_00803,0.0000042247
test_00804,0.0031946242
test_00805,0.0000596646
test_00806,0.9999997993
test_00807,0.9999995918
test_00808,0.0003838124
test_00809,0.2074296534
test_00810,0.9999149692
test_00811,0.9999999053
test_00812,0.9999279050
test_00813,0.0000010345
test_00814,0.9999899653
test_00815,0.0008116735
test_00816,0.0000024861
test_00817,0.0000000817
test_00818,0.0000047585
test_00819,0.9999507549
test_00820,0.0000412271
test_00821,0.0000001842
test_00822,0.9999895185
test_00823,0.0001746240
test_00824,0.0000000104
test_00825,0.9999998871
test_00826,0.9999471112
test_00827,0.9999767571
test_00828,0.9999997983
test_00829,0.9999975989
test_00830,0.9999995882
test_00831,0.9999829490
test_00832,0.0000053707
test_00833,0.0000131592
test_00834,0.0000004912
test_00835,0.2353134386
test_00836,0.9999639696
test_00837,0.9998975711
test_00838,0.0000002927
test_00839,0.0000000446
test_00840,0.0000000547
test_00841,0.0024012350
test_00842,0.9999994443
test_00843,0.9999991753
test_00844,0.0000000667
test_00845,0.0000026554
test_00846,0.9999994846
test_00847,0.3907428514
test_00848,0.0000000203
test_00849,0.1375401354
test_00850,0.0000039205
test_00851,0.9999057532
test_00852,0.9999994617
test_00853,0.9999950486
test_00854,0.9977192674
test_00855,0.0180391485
test_00856,0.9998168732
test_00857,0.0000004737
test_00858,0.0000035008
test_00859,0.9999965326
test_00860,0.0014966378
test_00861,0.9999614320
test_00862,0.0000000447
test_00863,0.9999999531
test_00864,0.0000394155
test_00865,0.0000527138
test_00866,0.0078507235
test_00867,0.0000002187
test_00868,0.9999322394
test_00869,0.1124162269
test_00870,0.0001323687
test_00871,0.0000000551
test_00872,0.0000000101
test_00873,0.9999995266
test_00874,0.0000073740
test_00875,0.7488520398
test_00876,0.0000166382
test_00877,0.0000000365
test_00878,0.0000243992
test_00879,0.9999992487
test_00880,0.0000035730
test_00881,0.9999999878
test_00882,0.9996264392
test_00883,0.7464302799
test_00884,0.9996116017
test_00885,0.9979143207
test_00886,0.0000054242
test_00887,0.0000000750
test_00888,0.0000037515
test_00889,0.9999983465
test_00890,0.9994535680
test_00891,0.9999960770
test_00892,0.0000002639
test_00893,0.9999997910
test_00894,0.9989657525
test_00895,0.9999945415
test_00896,0.9999947779
test_00897,0.9996346896
test_00898,0.9999742354
test_00899,0.0000304322
test_00900,0.0000463156
test_00901,0.9999999084
test_00902,0.3092231493
test_00903,0.9999997393
test_00904,0.9999999895
test_00905,0.0028136691
test_00906,0.0005432318
test_00907,0.9999967272
test_00908,0.0000000397
test_00909,0.9985383099
test_00910,0.0000002399
test_00911,0.9999727889
test_00912,0.9999833563
test_00913,0.0105659428
test_00914,0.0000013588
test_00915,0.9986742523
test_00916,0.0000015197
test_00917,0.9999988646
test_00918,0.0001487668
test_00919,0.0000000625
test_00920,0.0000000125
test_00921,0.0000005451
test_00922,0.9991529333
test_00923,0.0000000127
test_00924,0.9999771072
test_00925,0.9999999318
test_00926,0.9996347727
test_00927,0.0000348097
test_00928,0.9999658887
test_00929,0.9933978206
test_00930,0.0000005675
test_00931,0.9999931801
test_00932,0.0000010880
test_00933,0.9999996614
test_00934,0.9999992054
test_00935,0.0000021876
test_00936,0.9999995152
test_00937,0.9999999540
test_00938,0.0000007198
test_00939,0.9999999682
test_00940,0.9999995734
test_00941,0.9999889233
test_00942,0.9999997154
test_00943,0.0000000604
test_00944,0.0000008979
test_00945,0.9997480685
test_00946,0.9999921265
test_00947,0.0000530626
test_00948,0.0000002909
test_00949,0.0000150501
test_00950,0.0000005520
test_00951,0.9999442477
test_00952,0.9977268445
test_00953,0.9999563871
test_00954,0.0014885715
test_00955,0.9999939014
test_00956,0.9999989030
test_00957,0.0055395981
test_00958,0.0098790635
test_00959,0.8386436372
test_00960,0.0000002374
test_00961,0.9985954470
test_00962,0.0000045053
test_00963,0.9999996573
test_00964,0.9999995415
test_00965,0.9999107571
test_00966,0.9872948486
test_00967,0.0000003077
test_00968,0.0000011980
test_00969,0.9998411252
test_00970,0.9999996843
test_00971,0.9999997913
test_00972,0.2307671224
test_00973,0.0002624003
test_00974,0.0000070104
test_00975,0.9999997296
test_00976,0.9999756183
test_00977,0.9946872631
test_00978,0.0008621732
test_00979,0.1242086348
test_00980,0.9999999811
test_00981,0.9989384412
test_00982,0.4319838860
test_00983,0.0002290620
test_00984,0.0000057699
test_00985,0.9999999083
test_00986,0.0000007285
test_00987,0.0000000129
test_00988,0.0019219641
test_00989,0.9999958256
test_00990,0.0000011207
test_00991,0.9993189375
test_00992,0.0000001915
test_00993,0.0000001424
test_00994,0.0000003463
test_00995,0.0000000988
test_00996,0.9999628526
test_00997,0.9999973838
test_00998,0.0003425875
test_00999,0.0000017463
test_01000,0.0000002775
test_01001,0.9999999534
test_01002,0.0000582504
test_01003,0.9950625551
test_01004,0.0909672654
test_01005,0.0000058608
test_01006,0.0002086031
test_01007,0.0000047565
test_01008,0.9979943766
test_01009,0.9999991638
test_01010,0.9999946880
test_01011,0.9998978582
test_01012,0.0065358135
test_01013,0.0000343956
test_01014,0.0001274398
test_01015,0.9999999615
test_01016,0.9999963159
test_01017,0.0000120294
test_01018,0.9999999814
test_01019,0.9999956734
test_01020,0.3306319664
test_01021,0.9999993001
test_01022,0.0000524374
test_01023,0.9999987682
test_01024,0.0000000570
test_01025,0.0012789996
test_01026,0.9999997206
test_01027,0.0000003230
test_01028,0.0000002154
test_01029,0.9999999106
test_01030,0.9999999626
test_01031,0.0011452638
test_01032,0.0000065875
test_01033,0.9999689057
test_01034,0.9860149858
test_01035,0.1072813327
test_01036,0.9999482839
test_01037,0.9999976776
test_01038,0.9999756007
test_01039,0.9998350758
test_01040,0.9996729775
test_01041,0.9998212188
test_01042,0.9999995044
test_01043,0.6523211776
test_01044,0.9999998962
test_01045,0.9999675013
test_01046,0.0000000625
test_01047,0.9999866447
test_01048,0.9999998638
test_01049,0.0000298556
test_01050,0.0001860682
test_01051,0.9740287667
test_01052,0.9952727965
test_01053,0.0014383694
test_01054,0.4084511593
test_01055,0.0000034262
test_01056,0.0000001439
test_01057,0.0000016500
test_01058,0.9999997935
test_01059,0.9869550065
test_01060,0.9985208837
test_01061,0.9992781748
test_01062,0.7838148511
test_01063,0.0000007250
test_01064,0.0000283684
test_01065,0.0000069031
test_01066,0.9807139292
test_01067,0.0000096864
test_01068,0.9999987525
test_01069,0.0000000654
test_01070,0.9999999667
test_01071,0.9999992559
test_01072,0.9991906727
test_01073,0.9999966015
test_01074,0.9998632977
test_01075,0.0000000418
test_01076,0.0068234280
test_01077,0.9969070874
test_01078,0.0000040694
test_01079,0.9999999643
test_01080,0.9999975639
test_01081,0.9999999770
test_01082,0.9999239742
test_01083,0.9999990525
test_01084,0.0310849567
test_01085,0.9990317504
test_01086,0.9892917070
test_01087,0.0000365059
test_01088,0.0021409407
test_01089,0.9999792078
test_01090,0.9999999675
test_01091,0.9999999711
test_01092,0.1642369250
test_01093,0.0000295416
test_01094,0.0000001554
test_01095,0.9999999752
test_01096,0.0002034781
test_01097,0.9999992684
test_01098,0.9999890013
test_01099,0.2761063766
test_01100,0.0000000653
test_01101,0.0000002890
test_01102,0.9999994804
test_01103,0.0035340855
test_01104,0.0006377913
test_01105,0.9987663361
test_01106,0.0000136189
test_01107,0.9999999205
test_01108,0.9973203959
test_01109,0.0034240755
test_01110,0.9999710771
test_01111,0.0000000511
test_01112,0.0000238733
test_01113,0.9999226671
test_01114,0.0000000754
test_01115,0.0001396958
test_01116,0.9999851308
test_01117,0.9999988331
test_01118,0.0000002438
test_01119,0.0000242040
test_01120,0.0000000456
test_01121,0.9999618112
test_01122,0.0000060795
test_01123,0.9998791855
test_01124,0.0000034699
test_01125,0.9999987888
test_01126,0.9999999137
test_01127,0.0000002160
test_01128,0.9970784676
test_01129,0.1600666075
test_01130,0.9999999305
test_01131,0.0000464193
test_01132,0.0000006496
test_01133,0.0001844458
test_01134,0.0000001779
test_01135,0.9996198100
test_01136,0.0010083174
test_01137,0.9999968078
test_01138,0.9999888925
test_01139,0.0000000812
test_01140,0.0000108142
test_01141,0.9999998741
test_01142,0.9993021551
test_01143,0.9997777268
test_01144,0.9998970800
test_01145,0.9848660759
test_01146,0.9999999102
test_01147,0.0016524639
test_01148,0.9999998915
test_01149,0.0241196759
test_01150,0.9999973438
test_01151,0.0000000894
test_01152,0.0000216125
test_01153,0.9999944486
test_01154,0.9999801755
test_01155,0.0613160492
test_01156,0.0000004409
test_01157,0.0000041997
test_01158,0.0000165526
test_01159,0.0000213791
test_01160,0.0000496696
test_01161,0.0012674698
test_01162,0.0000001489
test_01163,0.9999996389
test_01164,0.0000000087
test_01165,0.0000000676
test_01166,0.9999989081
test_01167,0.9999668150
test_01168,0.9932711801
test_01169,0.0000253526
test_01170,0.0068224345
test_01171,0.9998292253
test_01172,0.9999992890
test_01173,0.0042985459
test_01174,0.9999824821
test_01175,0.0000002145
test_01176,0.0000000622
test_01177,0.9999998414
test_01178,0.9999880625
test_01179,0.0000444718
test_01180,0.0000000072
test_01181,0.0005138957
test_01182,0.9994717025
test_01183,0.9999995948
test_01184,0.9999986272
test_01185,0.0000070121
test_01186,0.0001415488
test_01187,0.0000139808
test_01188,0.0000000054
test_01189,0.0000000359
test_01190,0.0000033135
test_01191,0.5648522677
test_01192,0.9999841401
test_01193,0.0000004240
test_01194,0.9999580122
test_01195,0.9999729770
test_01196,0.9680615288
test_01197,0.9999529868
test_01198,0.0022133747
test_01199,0.0000000547
test_01200,0.9999984201
test_01201,0.0000125924
test_01202,0.9999999194
test_01203,0.9998065669
test_01204,0.0042019702
test_01205,0.0000010029
test_01206,0.7988278269
test_01207,0.0000003652
test_01208,0.9965358259
test_01209,0.0000146676
test_01210,0.9999999841
test_01211,0.9999987027
test_01212,0.0000008770
test_01213,0.9999528946
test_01214,0.9852273677
test_01215,0.0000003761
test_01216,0.9999996987
test_01217,0.0000064016
test_01218,0.0000307170
test_01219,0.0000209972
test_01220,0.9999999722
test_01221,0.9999995305
test_01222,0.0001161428
test_01223,0.9999267690
test_01224,0.9999999022
test_01225,0.9999639366
test_01226,0.0000005778
test_01227,0.9999982812
test_01228,0.0000141853
test_01229,0.9999985615
test_01230,0.9999997985
test_01231,0.9996994394
test_01232,0.0000191899
test_01233,0.9999947188
test_01234,0.0000289964
test_01235,0.9999914904
test_01236,0.9999998186
test_01237,0.0001387196
test_01238,0.0000000484
test_01239,0.9999986684
test_01240,0.9999997151
test_01241,0.9999982622
test_01242,0.0013231924
test_01243,0.0000015490
test_01244,0.0000026672
test_01245,0.9999990976
test_01246,0.9999985937
test_01247,0.9999963746
test_01248,0.0001863939
test_01249,0.9999997465
test_01250,0.9946824084
test_01251,0.9967632747
test_01252,0.0179396792
test_01253,0.0367523815
test_01254,0.9999999088
test_01255,0.9999970618
test_01256,0.9999677384
test_01257,0.0726881014
test_01258,0.0000030117
test_01259,0.2213177766
test_01260,0.0000383025
test_01261,0.9999998832
test_01262,0.9996999465
test_01263,0.9999962742
test_01264,0.0001799930
test_01265,0.9999936890
test_01266,0.0000009745
test_01267,0.0000029145
test_01268,0.0000220826
test_01269,0.9996356322
test_01270,0.9990390141
test_01271,0.0000000637
test_01272,0.0000004251
test_01273,0.0000000518
test_01274,0.0000000688
test_01275,0.9999995950
test_01276,0.0000000411
test_01277,0.0001513148
test_01278,0.7387594475
test_01279,0.0000002773
test_01280,0.9781082259
test_01281,0.9999998022
test_01282,0.9983656919
test_01283,0.9997497027
test_01284,0.0008384290
test_01285,0.0004201504
test_01286,0.9999463596
test_01287,0.9999889152
test_01288,0.0161192255
test_01289,0.9999938513
test_01290,0.9999971445
test_01291,0.0000000182
test_01292,0.9887975519
test_01293,0.0000004017
test_01294,0.9999999714
test_01295,0.9997786422
test_01296,0.9999917975
test_01297,0.9999965355
test_01298,0.0008544693
test_01299,0.9999905296
test_01300,0.0000160332
test_01301,0.9999998985
test_01302,0.9999756170
test_01303,0.0000037032
test_01304,0.0242847594
test_01305,0.0000008336
test_01306,0.0004238884
test_01307,0.9999998438
test_01308,0.9999999779
test_01309,0.0000000198
test_01310,0.9999925969
test_01311,0.0006319663
test_01312,0.9999999266
test_01313,0.0000016196
test_01314,0.9999998338
test_01315,0.0113391486
test_01316,0.6659727816
test_01317,0.9999977434
test_01318,0.0003010527
test_01319,0.0004443060
test_01320,0.0886457458
test_01321,0.0094081310
test_01322,0.9990643875
test_01323,0.0000164235
test_01324,0.0000003857
test_01325,0.9999928652
test_01326,0.0000759987
test_01327,0.9996321592
test_01328,0.9999999522
test_01329,0.9999999834
test_01330,0.9999999758
test_01331,0.0000003992
test_01332,0.9999921147
test_01333,0.9996902798
test_01334,0.0000656667
test_01335,0.9999999799
test_01336,0.9996551223
test_01337,0.9999955696
test_01338,0.9999998612
test_01339,0.9995492977
test_01340,0.0000403933
test_01341,0.9999971221
test_01342,0.9999905772
test_01343,0.9999900562
test_01344,0.9999999473
test_01345,0.9942712340
test_01346,0.0004147498
test_01347,0.9999997573
test_01348,0.0001154752
test_01349,0.0000452571
test_01350,0.9999932500
test_01351,0.9999996288
test_01352,0.9999995007
test_01353,0.0000010211
test_01354,0.9999887860
test_01355,0.9983008666
test_01356,0.0013561637
test_01357,0.0000205389
test_01358,0.9999998537
test_01359,0.9816471224
test_01360,0.0000020845
test_01361,0.9999986427
test_01362,0.0000560822
test_01363,0.9999997011
test_01364,0.9968472188
test_01365,0.0917884984
test_01366,0.0001095098
test_01367,0.9999998910
test_01368,0.0000176561
test_01369,0.0000291950
test_01370,0.0000008374
test_01371,0.0001376676
test_01372,0.0080471019
test_01373,0.9999992100
test_01374,0.9999965817
test_01375,0.0000000112
test_01376,0.0000000079
test_01377,0.0000001825
test_01378,0.0000006387
test_01379,0.0000002480
test_01380,0.0000010155
test_01381,0.0000012965
test_01382,0.9999904333
test_01383,0.9999971932
test_01384,0.9999994257
test_01385,0.9997114396
test_01386,0.0002032782
test_01387,0.0000086252
test_01388,0.0000483836
test_01389,0.0000000206
test_01390,0.0000001841
test_01391,0.0000228140
test_01392,0.9999969337
test_01393,0.9999997504
test_01394,0.0000085147
test_01395,0.9999999683
test_01396,0.9999999329
test_01397,0.9992266734
test_01398,0.0000132915
test_01399,0.0086077693
test_01400,0.0000001283
test_01401,0.0000007759
test_01402,0.0000013339
test_01403,0.9740673923
test_01404,0.9999993768
test_01405,0.9999926515
test_01406,0.0000012715
test_01407,0.9998025260
test_01408,0.9999998768
test_01409,0.9999994250
test_01410,0.9999995775
test_01411,0.0000002352
test_01412,0.0000001287
test_01413,0.0000057329
test_01414,0.0000132909
test_01415,0.9853869825
test_01416,0.9999999697
test_01417,0.0000000064
test_01418,0.9999995514
test_01419,0.0000992351
test_01420,0.0000000080
test_01421,0.0000388879
test_01422,0.0000711550
test_01423,0.9999987054
test_01424,0.9999777629
test_01425,0.9999999121
test_01426,0.9999821505
test_01427,0.0000020331
test_01428,0.9999688246
test_01429,0.9999982714
test_01430,0.0000524473
test_01431,0.0000344070
test_01432,0.9999913678
test_01433,0.9999886847
test_01434,0.9999976949
test_01435,0.0000000403
test_01436,0.0052774027
test_01437,0.0000002251
test_01438,0.0011531579
test_01439,0.9999611043
test_01440,0.9996616762
test_01441,0.0102157205
test_01442,0.9999948470
test_01443,0.0000370266
test_01444,0.1038746871
test_01445,0.9999286761
test_01446,0.2129871662
test_01447,0.9997397278
test_01448,0.9999957869
test_01449,0.9984266639
test_01450,0.9999794268
test_01451,0.0023444560
test_01452,0.9999999888
test_01453,0.9998570193
test_01454,0.9999857188
test_01455,0.9999991430
test_01456,0.9994343005
test_01457,0.9999981020
test_01458,0.9999878319
test_01459,0.9999996193
test_01460,0.0000002422
test_01461,0.0000002122
test_01462,0.0000000044
test_01463,0.9999999754
test_01464,0.0000000819
test_01465,0.9975695096
test_01466,0.9999778393
test_01467,0.9999637506
test_01468,0.9999579848
test_01469,0.0000076506
test_01470,0.0008282975
test_01471,0.1175677081
test_01472,0.9943320513
test_01473,0.0000000196
test_01474,0.9999344520
test_01475,0.0000083113
test_01476,0.0000012265
test_01477,0.0000032147
test_01478,0.0000471109
test_01479,0.6224351413
test_01480,0.9998852746
test_01481,0.9949768760
test_01482,0.1632732238
test_01483,0.8747714934
test_01484,0.0000000059
test_01485,0.9999996887
test_01486,0.9999984489
test_01487,0.0000008575
test_01488,0.9999998975
test_01489,0.9921239664
test_01490,0.9981561174
test_01491,0.0000004028
test_01492,0.0000002788
test_01493,0.0000003064
test_01494,0.0000000371
test_01495,0.0000000533
test_01496,0.9998680989
test_01497,0.9652334849
test_01498,0.9921476197
test_01499,0.0000673169
test_01500,0.0000137959
test_01501,0.0003845333
test_01502,0.0164453297
test_01503,0.9719535955
test_01504,0.9999996230
test_01505,0.0000010028
test_01506,0.9999648203
test_01507,0.9999986988
test_01508,0.9997934447
test_01509,0.9999943754
test_01510,0.3028450755
test_01511,0.9999982649
test_01512,0.9999984058
test_01513,0.9999993570
test_01514,0.0119936120
test_01515,0.9999999030
test_01516,0.0000050416
test_01517,0.0000271088
test_01518,0.9999647199
test_01519,0.9999722533
test_01520,0.9999999617
test_01521,0.9999989610
test_01522,0.9999987634
test_01523,0.9999972869
test_01524,0.9999858557
test_01525,0.9999992416
test_01526,0.0000001766
test_01527,0.9999995611
test_01528,0.9999996335
test_01529,0.0000408811
test_01530,0.9999999676
test_01531,0.0002698373
test_01532,0.9999905132
test_01533,0.9856829437
test_01534,0.0000119272
test_01535,0.0000003491
test_01536,0.0001183213
test_01537,0.9999978924
test_01538,0.0001890905
test_01539,0.9999999805
test_01540,0.8318993872
test_01541,0.0012715035
test_01542,0.9999946851
test_01543,0.9999999795
test_01544,0.0000043302
test_01545,0.9999999713
test_01546,0.9999897576
test_01547,0.9731865089
test_01548,0.0000000353
test_01549,0.9999942150
test_01550,0.9999954301
test_01551,0.0001138757
test_01552,0.9958924402
test_01553,0.9999884464
test_01554,0.0000005706
test_01555,0.9929155203
test_01556,0.9999989239
test_01557,0.9999998942
test_01558,0.9999999589
test_01559,0.0000015591
test_01560,0.9994536691
test_01561,0.0000006165
test_01562,0.0001240347
test_01563,0.9999411489
test_01564,0.0000000412
test_01565,0.9999986183
test_01566,0.9999447497
test_01567,0.0002633836
test_01568,0.0000000148
test_01569,0.0000021994
test_01570,0.0000426817
test_01571,0.9999854746
test_01572,0.9999913731
test_01573,0.9007564648
test_01574,0.1541638091
test_01575,0.0000049375
test_01576,0.9999993740
test_01577,0.0016971976
test_01578,0.9999927548
test_01579,0.9943948308
test_01580,0.0000612364
test_01581,0.9999999600
test_01582,0.0000001073
test_01583,0.0000000465
test_01584,0.2003171061
test_01585,0.0004606977
test_01586,0.9999999053
test_01587,0.9998867880
test_01588,0.0000002345
test_01589,0.0269101220
test_01590,0.9999997620
test_01591,0.9999999598
test_01592,0.0000024962
test_01593,0.0000011693
test_01594,0.9999907551
test_01595,0.9999999679
test_01596,0.0000001801
test_01597,0.0000018191
test_01598,0.0000000726
test_01599,0.9999769773
test_01600,0.0000003552
test_01601,0.9999982437
test_01602,0.0004962694
test_01603,0.9999711950
test_01604,0.9999998742
test_01605,0.0000000206
test_01606,0.0001180984
test_01607,0.9999488409
test_01608,0.9999816037
test_01609,0.9999997131
test_01610,0.9999945581
test_01611,0.0000048808
test_01612,0.9997558671
test_01613,0.0074555305
test_01614,0.0000094955
test_01615,0.9990300977
test_01616,0.0000442939
test_01617,0.9970568815
test_01618,0.9999928106
test_01619,0.0000000063
test_01620,0.0001158584
test_01621,0.0026785831
test_01622,0.9999993801
test_01623,0.9948560878
test_01624,0.9835743631
test_01625,0.9947545402
test_01626,0.9999999069
test_01627,0.9999964055
test_01628,0.0000007356
test_01629,0.9982131729
test_01630,0.9999882340
test_01631,0.9998691128
test_01632,0.0000000086
test_01633,0.9999908972
test_01634,0.0000002295
test_01635,0.9998092473
test_01636,0.9978646975
test_01637,0.0000005216
test_01638,0.9974172860
test_01639,0.0000598790
test_01640,0.0000001565
test_01641,0.0018945502
test_01642,0.9999900042
test_01643,0.0000003812
test_01644,0.8021516633
test_01645,0.9978630289
test_01646,0.1922012985
test_01647,0.9999729159
test_01648,0.9999999138
test_01649,0.0000000658
test_01650,0.0009542512
test_01651,0.0000094255
test_01652,0.9999999733
test_01653,0.0000028711
test_01654,0.9988423698
test_01655,0.9999995312
test_01656,0.9999998865
test_01657,0.0000186642
test_01658,0.0223299910
test_01659,0.0001737857
test_01660,0.9999999596
test_01661,0.0000002301
test_01662,0.9996986667
test_01663,0.0000001483
test_01664,0.0001723414
test_01665,0.9995427901
test_01666,0.0000002825
test_01667,0.0000049850
test_01668,0.9999905111
test_01669,0.0002496205
test_01670,0.9990606056
test_01671,0.9999999529
test_01672,0.9999999472
test_01673,0.0189532363
test_01674,0.0000168945
test_01675,0.0000035976
test_01676,0.9999504699
test_01677,0.0000919382
test_01678,0.9996122983
test_01679,0.9999966567
test_01680,0.0000002530
test_01681,0.9995335433
test_01682,0.9999997861
test_01683,0.0000002984
test_01684,0.9999974724
test_01685,0.9999802399
test_01686,0.9999994165
test_01687,0.9978468341
test_01688,0.0000475463
test_01689,0.0000216997
test_01690,0.9999994458
test_01691,0.0000001546
test_01692,0.0000004083
test_01693,0.0003096170
test_01694,0.0003722088
test_01695,0.0127670236
test_01696,0.9999988963
test_01697,0.9999662124
test_01698,0.9999817767
test_01699,0.0000000733
test_01700,0.9999992156
test_01701,0.0000537093
test_01702,0.0000008442
test_01703,0.9999999745
test_01704,0.0000000488
test_01705,0.2134083658
test_01706,0.9968206938
test_01707,0.9999986246
test_01708,0.9999972517
test_01709,0.9999996769
test_01710,0.9999965213
test_01711,0.0000001838
test_01712,0.0001551312
test_01713,0.0000002190
test_01714,0.0000149999
test_01715,0.9999999613
test_01716,0.9999974896
test_01717,0.9999974730
test_01718,0.0000001635
test_01719,0.0000000371
test_01720,0.9628575149
test_01721,0.0000000099
test_01722,0.9999999295
test_01723,0.0000029925
test_01724,0.0000616889
test_01725,0.0000043720
test_01726,0.0000000182
test_01727,0.9999962027
test_01728,0.0000141315
test_01729,0.9999971291
test_01730,0.0044256449
test_01731,0.0004987445
test_01732,0.0010424313
test_01733,0.9999234039
test_01734,0.9999788893
test_01735,0.9999999827
test_01736,0.9998481499
test_01737,0.9999998913
test_01738,0.9999994447
test_01739,0.1779698182
test_01740,0.9976705752
test_01741,0.0000001412
test_01742,0.0000000298
test_01743,0.9997145383
test_01744,0.9999600716
test_01745,0.0003008561
test_01746,0.0000976669
test_01747,0.9999999532
test_01748,0.0000786478
test_01749,0.9999905860
test_01750,0.9999999286
test_01751,0.0085635561
test_01752,0.0001674810
test_01753,0.9308900065
test_01754,0.0043085156
test_01755,0.7862926083
test_01756,0.9999922027
test_01757,0.9999105276
test_01758,0.0000049537
test_01759,0.0000088908
test_01760,0.9999827097
test_01761,0.0000647292
test_01762,0.0000758722
test_01763,0.0000003066
test_01764,0.9975293081
test_01765,0.9994136185
test_01766,0.0000002343
test_01767,0.0000000875
test_01768,0.0000120939
test_01769,0.9790238427
test_01770,0.9973637141
test_01771,0.0169134882
test_01772,0.0000105616
test_01773,0.9999743448
test_01774,0.9999994703
test_01775,0.9999616789
test_01776,0.9997872081
test_01777,0.9999703752
test_01778,0.9999995940
test_01779,0.0140744512
test_01780,0.0012106207
test_01781,0.9998976956
test_01782,0.0000005534
test_01783,0.9992133807
test_01784,0.0000032760
test_01785,0.9999233471
test_01786,0.9983622833
test_01787,0.1610974364
test_01788,0.9999996731
test_01789,0.4662467935
test_01790,0.0000000477
test_01791,0.9999997836
test_01792,0.0236080457
test_01793,0.0000076984
test_01794,0.9999612138
test_01795,0.0004426403
test_01796,0.0002183720
test_01797,0.0000190097
test_01798,0.9999068273
test_01799,0.5219589232
test_01800,0.9999378822
test_01801,0.9999999671
test_01802,0.0036006946
test_01803,0.9999990401
test_01804,0.9999982669
test_01805,0.0000000075
test_01806,0.0000078557
test_01807,0.9999999837
test_01808,0.9999938028
test_01809,0.9999987464
test_01810,0.9997732738
test_01811,0.9999969982
test_01812,0.9999940756
test_01813,0.0031304444
test_01814,0.0000000090
test_01815,0.9999999204
test_01816,0.9999942867
test_01817,0.0000017905
test_01818,0.9999998392
test_01819,0.9999964459
test_01820,0.0000045626
test_01821,0.9999982038
test_01822,0.4368179543
test_01823,0.0000000290
test_01824,0.8839349516
test_01825,0.0026236141
test_01826,0.9999961153
test_01827,0.0000002387
test_01828,0.9999999793
test_01829,0.0000000532
test_01830,0.9999999569
test_01831,0.1867030113
test_01832,0.0000021730
test_01833,0.0001099056
test_01834,0.9446553960
test_01835,0.9620537733
test_01836,0.0000005964
test_01837,0.9999989403
test_01838,0.0000232340
test_01839,0.9999965492
test_01840,0.0009432187
test_01841,0.9999904799
test_01842,0.0000030491
test_01843,0.0000001791
test_01844,0.9999791781
test_01845,0.9999827551
test_01846,0.9999999253
test_01847,0.9999993866
test_01848,0.0000003510
test_01849,0.9999590848
test_01850,0.9999932732
test_01851,0.9999993808
test_01852,0.0031991974
test_01853,0.0172592022
test_01854,0.0000002625
test_01855,0.0000021477
test_01856,0.9999683882
test_01857,0.0000000045
test_01858,0.9999997417
test_01859,0.9996397688
test_01860,0.9999999047
test_01861,0.0000037535
test_01862,0.0002750801
test_01863,0.9996291727
test_01864,0.0000000187
test_01865,0.9997908952
test_01866,0.1837552808
test_01867,0.0000496081
test_01868,0.0017688047
test_01869,0.9999963666
test_01870,0.0000000234
test_01871,0.9999996208
test_01872,0.0000197687
test_01873,0.9999874381
test_01874,0.2581252696
test_01875,0.0000554715
test_01876,0.9999829875
test_01877,0.9999999788
test_01878,0.0001659889
test_01879,0.9999999379
test_01880,0.9999633640
test_01881,0.9999989044
test_01882,0.0000000176
test_01883,0.0000927638
test_01884,0.0000001901
test_01885,0.0001761330
test_01886,0.0000001197
test_01887,0.9985072923
test_01888,0.0861535304
test_01889,0.0000038014
test_01890,0.9999989538
test_01891,0.0001687756
test_01892,0.0000520180
test_01893,0.9999994692
test_01894,0.0174594696
test_01895,0.0000000146
test_01896,0.9999941331
test_01897,0.0000013272
test_01898,0.9999726789
test_01899,0.4535844975
test_01900,0.9999999684
test_01901,0.0000155651
test_01902,0.9999840644
test_01903,0.0000099663
test_01904,0.0000000054
test_01905,0.9999356329
test_01906,0.0004195178
test_01907,0.9999992805
test_01908,0.9999996313
test_01909,0.0000001543
test_01910,0.0000000196
test_01911,0.0000016399
test_01912,0.9999999541
test_01913,0.0000435268
test_01914,0.9999998159
test_01915,0.0000151690
test_01916,0.9999989244
test_01917,0.9999999484
test_01918,0.9998795830
test_01919,0.0019465973
test_01920,0.9999999267
test_01921,0.0000571773
test_01922,0.9457918282
test_01923,0.9879388761
test_01924,0.9999561950
test_01925,0.9999998592
test_01926,0.0000198560
test_01927,0.9999822982
test_01928,0.0000018681
test_01929,0.9997834466
test_01930,0.9999998434
test_01931,0.0000000087
test_01932,0.9999999217
test_01933,0.9999981057
test_01934,0.9998317421
test_01935,0.0000000929
test_01936,0.0000106701
test_01937,0.9999999763
test_01938,0.0042732708
test_01939,0.9999983475
test_01940,0.0000001921
test_01941,0.9996724307
test_01942,0.9999991027
test_01943,0.0000690968
test_01944,0.9999581660
test_01945,0.0000022292
test_01946,0.9980175955
test_01947,0.0000023780
test_01948,0.0000067923
test_01949,0.0000024876
test_01950,0.9999100056
test_01951,0.0000197960
test_01952,0.9999999673
test_01953,0.0000000135
test_01954,0.9999999805
test_01955,0.0000590390
test_01956,0.9999999806
test_01957,0.9999998287
test_01958,0.0000762808
test_01959,0.0000001264
test_01960,0.9999999520
test_01961,0.9999493866
test_01962,0.0000000074
test_01963,0.0021859969
test_01964,0.0000051719
test_01965,0.9999982519
test_01966,0.0000000480
test_01967,0.0016173236
test_01968,0.9999993627
test_01969,0.0000006175
test_01970,0.0000667762
test_01971,0.9999896668
test_01972,0.9998918506
test_01973,0.0000001979
test_01974,0.1939740864
test_01975,0.9999992249
test_01976,0.9999996722
test_01977,0.0000003368
test_01978,0.9999999420
test_01979,0.0000013452
test_01980,0.0568500890
test_01981,0.0000210435
test_01982,0.0000001893
test_01983,0.0000019163
test_01984,0.9695477499
test_01985,0.9999944897
test_01986,0.9979699300
test_01987,0.0007572394
test_01988,0.0000002445
test_01989,0.9996395067
test_01990,0.0001180778
test_01991,0.9999999288
test_01992,0.0560475729
test_01993,0.9999857737
test_01994,0.0000062991
test_01995,0.9999873428
test_01996,0.9999602202
test_01997,0.9999907580
test_01998,0.0000534587
test_01999,0.0000667935
test_02000,0.9999999864
test_02001,0.0000000370
test_02002,0.0000002304
test_02003,0.9995025030
test_02004,0.0000118812
test_02005,0.9999886866
test_02006,0.0000055935
test_02007,0.0247575611
test_02008,0.0013831562
test_02009,0.9999596063
test_02010,0.9999990856
test_02011,0.9999855855
test_02012,0.9950896120
test_02013,0.9999999247
test_02014,0.0000000183
test_02015,0.0000041174
test_02016,0.9999998065
test_02017,0.0000114413
test_02018,0.9999984556
test_02019,0.9999875776
test_02020,0.0001365919
test_02021,0.9999059783
test_02022,0.3470807536
test_02023,0.0003557355
test_02024,0.0000017709
test_02025,0.9999989725
test_02026,0.9999996184
test_02027,0.0000963662
test_02028,0.9999997849
test_02029,0.9999215101
test_02030,0.9999999000
test_02031,0.9930683715
test_02032,0.0010786053
test_02033,0.0000000115
test_02034,0.0077840223
test_02035,0.9999755051
test_02036,0.0007212445
test_02037,0.0000015106
test_02038,0.9790049861
test_02039,0.9999909650
test_02040,0.1596546776
test_02041,0.9999999119
test_02042,0.0000000121
test_02043,0.0000000188
test_02044,0.0041462693
test_02045,0.9999994110
test_02046,0.0000003629
test_02047,0.0098761417
test_02048,0.9999976407
test_02049,0.0000027563
test_02050,0.9999879023
test_02051,0.9999852748
test_02052,0.0079464216
test_02053,0.9999969655
test_02054,0.7900727431
test_02055,0.9999629217
test_02056,0.9999911042
test_02057,0.9999942503
test_02058,0.1329848855
test_02059,0.9999999747
test_02060,0.9999994826
test_02061,0.9975937907
test_02062,0.0000021750
test_02063,0.0000000628
test_02064,0.9979881688
test_02065,0.9998445323
test_02066,0.9999994486
test_02067,0.0000000751
test_02068,0.0001240499
test_02069,0.9998699604
test_02070,0.0000002227
test_02071,0.0000913300
test_02072,0.9999988021
test_02073,0.0002517086
test_02074,0.9999894887
test_02075,0.9993137439
test_02076,0.0154003073
test_02077,0.0000031207
test_02078,0.9999992911
test_02079,0.0000057050
test_02080,0.9999966369
test_02081,0.0000072512
test_02082,0.9995233005
test_02083,0.0000001269
test_02084,0.0000002432
test_02085,0.0000118793
test_02086,0.0000000745
test_02087,0.0000001187
test_02088,0.0000002475
test_02089,0.0000002330
test_02090,0.0720108861
test_02091,0.0000000382
test_02092,0.0000001268
test_02093,0.0000000568
test_02094,0.9999958684
test_02095,0.0000037383
test_02096,0.0000097528
test_02097,0.0204580300
test_02098,0.9999791641
test_02099,0.9999997749
test_02100,0.9999999732
test_02101,0.9958550212
test_02102,0.9999999759
test_02103,0.0000914472
test_02104,0.0053876874
test_02105,0.9999991008
test_02106,0.9999985550
test_02107,0.0010167987
test_02108,0.0000003884
test_02109,0.0000050230
test_02110,0.9999858120
test_02111,0.0000001757
test_02112,0.0020725876
test_02113,0.9999990346
test_02114,0.9999956741
test_02115,0.0001710788
test_02116,0.9999947882
test_02117,0.0000056393
test_02118,0.0086957299
test_02119,0.9999522818
test_02120,0.0000001580
test_02121,0.9999414970
test_02122,0.0000001634
test_02123,0.0000051495
test_02124,0.0013075806
test_02125,0.9999999499
test_02126,0.0024943601
test_02127,0.0000000150
test_02128,0.0000003574
test_02129,0.9999349939
test_02130,0.9999947625
test_02131,0.9999999471
test_02132,0.9999881339
test_02133,0.9999997100
test_02134,0.0000193070
test_02135,0.9999999602
test_02136,0.9945105482
test_02137,0.9568906624
test_02138,0.9198054463
test_02139,0.9998085774
test_02140,0.0000747808
test_02141,0.9999995060
test_02142,0.9999999754
test_02143,0.0000003664
test_02144,0.9961071573
test_02145,0.0000002088
test_02146,0.0000011790
test_02147,0.9974665248
test_02148,0.9999460346
test_02149,0.0000014005
test_02150,0.9999977829
test_02151,0.0000022968
test_02152,0.0001226994
test_02153,0.9999993427
test_02154,0.9999998698
test_02155,0.9999999592
test_02156,0.0195801770
test_02157,0.0000006968
test_02158,0.0003367067
test_02159,0.9999966950
test_02160,0.9999942046
test_02161,0.9999984378
test_02162,0.9999998323
test_02163,0.0000000050
test_02164,0.0000000069
test_02165,0.0001980587
test_02166,0.0000005849
test_02167,0.0678467610
test_02168,0.0205504096
test_02169,0.0000008434
test_02170,0.9999991187
test_02171,0.0001747788
test_02172,0.9999991943
test_02173,0.0000015304
test_02174,0.9999953889
test_02175,0.9998793881
test_02176,0.0000184667
test_02177,0.9930760697
test_02178,0.0027156296
test_02179,0.9893446152
test_02180,0.9999999427
test_02181,0.9999988289
test_02182,0.0022546750
test_02183,0.0000000065
test_02184,0.0000000954
test_02185,0.9999999730
test_02186,0.0000000226
test_02187,0.9999997395
test_02188,0.0032270250
test_02189,0.9999981211
test_02190,0.9999890255
test_02191,0.9999993522
test_02192,0.0014641211
test_02193,0.0000000698
test_02194,0.9996202661
test_02195,0.9987769652
test_02196,0.0001144557
test_02197,0.9993022946
test_02198,0.0000053071
test_02199,0.0059270946
test_02200,0.0000001056
test_02201,0.0004801719
test_02202,0.0000043753
test_02203,0.0000000979
test_02204,0.0011325860
test_02205,0.0001164486
test_02206,0.9999718194
test_02207,0.0032502874
test_02208,0.9952853505
test_02209,0.9997700596
test_02210,0.0000572167
test_02211,0.0000451777
test_02212,0.0922653426
test_02213,0.9999040966
test_02214,0.9999983188
test_02215,0.0000356236
test_02216,0.0000085231
test_02217,0.0000044119
test_02218,0.9843377252
test_02219,0.0000070540
test_02220,0.0000000573
test_02221,0.0018496363
test_02222,0.9999874855
test_02223,0.0000103891
test_02224,0.9999999619
test_02225,0.0000000735
test_02226,0.0000035350
test_02227,0.0128030684
test_02228,0.9999999736
test_02229,0.9999998625
test_02230,0.0000125596
test_02231,0.0015868933
test_02232,0.9997353701
test_02233,0.9999771517
test_02234,0.0000036277
test_02235,0.9998274087
test_02236,0.8420696496
test_02237,0.9996745679
test_02238,0.0002313306
test_02239,0.9816918904
test_02240,0.9987070492
test_02241,0.9999999604
test_02242,0.0000218116
test_02243,0.0000010379
test_02244,0.9999999318
test_02245,0.0001611632
test_02246,0.9999999072
test_02247,0.9999995755
test_02248,0.9999993400
test_02249,0.9999986115
test_02250,0.9999995264
test_02251,0.0000161976
test_02252,0.9999990515
test_02253,0.9991387665
test_02254,0.0000000404
test_02255,0.9838857846
test_02256,0.0000143636
test_02257,0.9999886322
test_02258,0.0000010397
test_02259,0.9999910413
test_02260,0.3100597541
test_02261,0.0000015108
test_02262,0.1895960693
test_02263,0.9998310418
test_02264,0.0000079445
test_02265,0.9999996199
test_02266,0.9994090547
test_02267,0.0250749107
test_02268,0.0065967915
test_02269,0.9999468516
test_02270,0.9965693770
test_02271,0.0000000556
test_02272,0.0000002511
test_02273,0.9999233323
test_02274,0.6858163145
test_02275,0.9999999784
test_02276,0.9999958966
test_02277,0.9999999801
test_02278,0.9999999825
test_02279,0.9999889941
test_02280,0.0000022940
test_02281,0.9630346636
test_02282,0.0000002375
test_02283,0.9608844196
test_02284,0.0000000103
test_02285,0.9999970053
test_02286,0.0000058384
test_02287,0.0000000128
test_02288,0.0000000675
test_02289,0.0000004326
test_02290,0.0107365425
test_02291,0.0000000887
test_02292,0.0035681318
test_02293,0.0000115475
test_02294,0.9999972770
test_02295,0.9684384903
test_02296,0.9999999812
test_02297,0.9999998614
test_02298,0.9999913846
test_02299,0.9999904079
test_02300,0.0000003109
test_02301,0.6238280496
test_02302,0.9999999723
test_02303,0.9999996844
test_02304,0.0000023200
test_02305,0.9999986219
test_02306,0.9999979074
test_02307,0.1573102867
test_02308,0.0000820094
test_02309,0.0008406036
test_02310,0.9999970350
test_02311,0.9997377113
test_02312,0.0000168773
test_02313,0.0009087368
test_02314,0.0031201178
test_02315,0.9998668602
test_02316,0.9993570351
test_02317,0.0000003110
test_02318,0.9999996178
test_02319,0.9999999435
test_02320,0.8904434464
test_02321,0.6656328637
test_02322,0.9700374573
test_02323,0.0000008764
test_02324,0.9999992395
test_02325,0.9999971449
test_02326,0.0032269147
test_02327,0.9790117383
test_02328,0.0015954738
test_02329,0.0000077174
test_02330,0.0000018287
test_02331,0.0000002066
test_02332,0.0000030122
test_02333,0.0000000485
test_02334,0.9728604444
test_02335,0.9999939822
test_02336,0.9999999791
test_02337,0.0148378977
test_02338,0.0025458154
test_02339,0.9999760143
test_02340,0.9999833297
test_02341,0.9999383540
test_02342,0.0000121880
test_02343,0.9999998058
test_02344,0.0005828715
test_02345,0.0000000539
test_02346,0.9999626600
test_02347,0.9999983899
test_02348,0.9999926557
test_02349,0.9999999695
test_02350,0.0000000535
test_02351,0.0000002234
test_02352,0.0001912400
test_02353,0.0004608227
test_02354,0.9999999221
test_02355,0.9999879348
test_02356,0.9999213833
test_02357,0.0000004869
test_02358,0.9999765295
test_02359,0.9999991950
test_02360,0.0000124614
test_02361,0.6576203091
test_02362,0.9998028234
test_02363,0.9999972203
test_02364,0.9999999518
test_02365,0.9999982154
test_02366,0.0000013436
test_02367,0.9999999341
test_02368,0.0000000585
test_02369,0.0000000046
test_02370,0.9999995463
test_02371,0.9999992634
test_02372,0.0000013592
test_02373,0.0000000348
test_02374,0.9999999604
test_02375,0.9999950183
test_02376,0.8676109972
test_02377,0.9987475481
test_02378,0.9964451504
test_02379,0.0000109383
test_02380,0.9999979494
test_02381,0.9999996196
test_02382,0.9999889691
test_02383,0.0007282402
test_02384,0.0000000783
test_02385,0.9902186823
test_02386,0.0000007834
test_02387,0.9999997985
test_02388,0.0000001607
test_02389,0.0000002652
test_02390,0.0409855268
test_02391,0.0000096978
test_02392,0.9999966005
test_02393,0.0002450026
test_02394,0.0001482942
test_02395,0.9999965975
test_02396,0.0001209054
test_02397,0.9997124967
test_02398,0.9999958268
test_02399,0.0000000717
test_02400,0.9999980504
test_02401,0.9999909678
test_02402,0.9999968432
test_02403,0.0003454942
test_02404,0.9999936034
test_02405,0.9989967402
test_02406,0.9975767205
test_02407,0.9999872004
test_02408,0.0038154674
test_02409,0.0000000655
test_02410,0.0000000116
test_02411,0.9999863761
test_02412,0.9784549483
test_02413,0.9999993056
test_02414,0.9999999534
test_02415,0.9999999854
test_02416,0.0004535449
test_02417,0.9999908313
test_02418,0.0000198960
test_02419,0.0000007610
test_02420,0.0000001512
test_02421,0.9950553082
test_02422,0.0000003929
test_02423,0.9998880064
test_02424,0.0000019995
test_02425,0.0000000240
test_02426,0.9999993055
test_02427,0.9999862935
test_02428,0.0000000073
test_02429,0.0000134303
test_02430,0.9999989066
test_02431,0.0000042105
test_02432,0.0003569832
test_02433,0.9999965176
test_02434,0.9999994906
test_02435,0.9351352740
test_02436,0.0001420269
test_02437,0.9999935834
test_02438,0.9999999725
test_02439,0.9999999760
test_02440,0.9999999507
test_02441,0.9999188318
test_02442,0.0000017739
test_02443,0.9999989047
test_02444,0.7730988520
test_02445,0.9522953817
test_02446,0.0000001655
test_02447,0.9916795132
test_02448,0.9999391653
test_02449,0.0000028881
test_02450,0.9999986675
test_02451,0.9999996863
test_02452,0.0000001266
test_02453,0.9988387811
test_02454,0.9999328558
test_02455,0.0000331291
test_02456,0.0001344116
test_02457,0.0000035136
test_02458,0.0000006986
test_02459,0.0000936623
test_02460,0.9987703068
test_02461,0.9999998486
test_02462,0.9999999825
test_02463,0.0000000296
test_02464,0.9999998270
test_02465,0.0000199042
test_02466,0.0374630413
test_02467,0.0000001279
test_02468,0.9999992887
test_02469,0.0020981597
test_02470,0.9999978686
test_02471,0.9999999662
test_02472,0.0000002374
test_02473,0.9999981276
test_02474,0.0000000082
test_02475,0.0000010253
test_02476,0.0024832379
test_02477,0.9995100946
test_02478,0.9999952817
test_02479,0.9999985150
test_02480,0.9999948595
test_02481,0.9999993393
test_02482,0.7758077909
test_02483,0.0000000615
test_02484,0.9904485402
test_02485,0.0000014220
test_02486,0.9995684745
test_02487,0.0001150934
test_02488,0.0000107220
test_02489,0.9999991833
test_02490,0.9999999696
test_02491,0.9981462188
test_02492,0.0000275330
test_02493,0.0000055739
test_02494,0.9999971132
test_02495,0.0000003343
test_02496,0.9999950613
test_02497,0.2129457811
test_02498,0.9998987216
test_02499,0.1258588250
test_02500,0.9999518028
test_02501,0.0000000188
test_02502,0.0000633578
test_02503,0.9999952290
test_02504,0.9999990610
test_02505,0.0002509642
test_02506,0.0000006000
test_02507,0.9999811458
test_02508,0.0000002281
test_02509,0.9998711489
test_02510,0.0000380596
test_02511,0.9999996392
test_02512,0.9999896265
test_02513,0.9999998315
test_02514,0.0000077741
test_02515,0.9998634150
test_02516,0.9999999283
test_02517,0.0003174260
test_02518,0.0712151817
test_02519,0.9999383505
test_02520,0.0000015441
test_02521,0.0000086687
test_02522,0.9999971152
test_02523,0.0000001267
test_02524,0.9998060967
test_02525,0.9999999358
test_02526,0.0027139823
test_02527,0.9999975899
test_02528,0.9999953888
test_02529,0.9983341221
test_02530,0.9999990939
test_02531,0.9999625497
test_02532,0.0000377780
test_02533,0.9999177618
test_02534,0.0000103409
test_02535,0.9999994250
test_02536,0.9999985675
test_02537,0.9815263923
test_02538,0.9937740955
test_02539,0.9999944010
test_02540,0.0065367395
test_02541,0.0244980032
test_02542,0.9999091638
test_02543,0.9999945585
test_02544,0.9983785498
test_02545,0.9999303976
test_02546,0.0000000726
test_02547,0.9999804103
test_02548,0.0006355417
test_02549,0.9999986006
test_02550,0.9999999826
test_02551,0.0000106596
test_02552,0.9999156094
test_02553,0.9999890755
test_02554,0.9998360174
test_02555,0.0222280534
test_02556,0.0000973708
test_02557,0.9831713907
test_02558,0.9999803559
test_02559,0.0000002414
test_02560,0.0199238068
test_02561,0.9999806409
test_02562,0.0000459685
test_02563,0.9999995718
test_02564,0.9962199110
test_02565,0.9947843744
test_02566,0.2046760145
test_02567,0.0324132786
test_02568,0.0008322696
test_02569,0.0000082308
test_02570,0.9999999141
test_02571,0.0112931444
test_02572,0.7991475911
test_02573,0.0000000439
test_02574,0.9999415969
test_02575,0.0025513985
test_02576,0.9999863064
test_02577,0.9192342855
test_02578,0.9999967589
test_02579,0.0000033817
test_02580,0.0000054260
test_02581,0.9462216899
test_02582,0.0000000116
test_02583,0.9986882996
test_02584,0.9999998971
test_02585,0.0000011246
test_02586,0.9999961665
test_02587,0.0000110468
test_02588,0.1049094533
test_02589,0.0004885604
test_02590,0.9884813678
test_02591,0.9999735821
test_02592,0.9998569522
test_02593,0.9996529629
test_02594,0.9999659097
test_02595,0.9999963720
test_02596,0.0000001099
test_02597,0.9999999818
test_02598,0.9999893458
test_02599,0.0065655009
test_02600,0.9999997516
test_02601,0.0000000820
test_02602,0.0003579396
test_02603,0.0001265949
test_02604,0.0000003432
test_02605,0.0000080617
test_02606,0.9996601578
test_02607,0.9999996774
test_02608,0.9998900367
test_02609,0.9999997750
test_02610,0.0000005954
test_02611,0.9987412590
test_02612,0.0000196851
test_02613,0.0000000533
test_02614,0.0001446691
test_02615,0.0000736410
test_02616,0.9925373075
test_02617,0.9999987141
test_02618,0.0065604850
test_02619,0.9956873966
test_02620,0.0000456915
test_02621,0.9999995977
test_02622,0.0001745274
test_02623,0.9510567670
test_02624,0.9999999723
test_02625,0.0000086846
test_02626,0.9999998265
test_02627,0.9999996748
test_02628,0.0000626093
test_02629,0.0000000260
test_02630,0.9999997925
test_02631,0.0002013728
test_02632,0.0066171976
test_02633,0.9999997938
test_02634,0.0000130664
test_02635,0.0040892294
test_02636,0.0000004203
test_02637,0.9999999670
test_02638,0.9999925735
test_02639,0.0006758084
test_02640,0.9999680421
test_02641,0.9999997023
test_02642,0.0001140614
test_02643,0.9999990395
test_02644,0.0000013389
test_02645,0.0005711296
test_02646,0.0017031471
test_02647,0.0001330882
test_02648,0.0000000090
test_02649,0.9999979252
test_02650,0.0002703275
test_02651,0.9999971165
test_02652,0.0723034015
test_02653,0.9999534656
test_02654,0.9999849906
test_02655,0.0000007366
test_02656,0.0000000287
test_02657,0.0000228844
test_02658,0.9999927407
test_02659,0.9999606839
test_02660,0.1518540781
test_02661,0.9999646223
test_02662,0.0012843316
test_02663,0.0000031770
test_02664,0.9999991709
test_02665,0.9999941916
test_02666,0.9999305245
test_02667,0.9999732173
test_02668,0.9860474498
test_02669,0.0028319465
test_02670,0.9974029577
test_02671,0.0000112307
test_02672,0.9999983478
test_02673,0.9999994714
test_02674,0.4693208224
test_02675,0.9943845527
test_02676,0.9999999776
test_02677,0.0000002296
test_02678,0.9999999178
test_02679,0.9999842092
test_02680,0.0002758026
test_02681,0.0000021053
test_02682,0.0000002716
test_02683,0.9998461585
test_02684,0.0000162923
test_02685,0.0000094202
test_02686,0.9999999323
test_02687,0.0000207025
test_02688,0.9999999832
test_02689,0.9985181184
test_02690,0.0023709657
test_02691,0.0000098254
test_02692,0.9999998331
test_02693,0.9997087005
test_02694,0.9999988461
test_02695,0.9999969589
test_02696,0.9999942891
test_02697,0.0000000095
test_02698,0.0000002473
test_02699,0.9998890633
test_02700,0.0000013052
test_02701,0.0000274687
test_02702,0.9972615153
test_02703,0.0000004214
test_02704,0.0000006406
test_02705,0.9987450912
test_02706,0.0000000545
test_02707,0.9999995336
test_02708,0.9947845631
test_02709,0.9999968757
test_02710,0.9999982944
test_02711,0.0000138297
test_02712,0.9999393742
test_02713,0.0009805746
test_02714,0.0000008045
test_02715,0.9999750833
test_02716,0.0000191198
test_02717,0.9999989567
test_02718,0.0000000067
test_02719,0.9856764541
test_02720,0.0193061334
test_02721,0.0000001318
test_02722,0.0013326496
test_02723,0.9999997758
test_02724,0.0008266333
test_02725,0.0000311891
test_02726,0.9999960512
test_02727,0.0000177310
test_02728,0.0047413494
test_02729,0.0000189446
test_02730,0.9999999794
test_02731,0.0000003780
test_02732,0.9999758980
test_02733,0.9994598415
test_02734,0.0000002673
test_02735,0.9999965096
test_02736,0.0001324535
test_02737,0.9999999726
test_02738,0.9999980940
test_02739,0.9785901110
test_02740,0.9999996549
test_02741,0.0000019287
test_02742,0.0000039349
test_02743,0.0000016467
test_02744,0.0000000072
test_02745,0.9999930673
test_02746,0.0007269394
test_02747,0.0004836493
test_02748,0.0000003771
test_02749,0.9994178428
test_02750,0.9999999790
test_02751,0.0183774365
test_02752,0.9997448789
test_02753,0.9999996976
test_02754,0.0000008122
test_02755,0.9999465773
test_02756,0.9999986281
test_02757,0.0000005338
test_02758,0.0004588227
test_02759,0.9962767383
test_02760,0.0000002426
test_02761,0.9999999621
test_02762,0.0000000050
test_02763,0.0000009516
test_02764,0.9999901248
test_02765,0.0000020157
test_02766,0.1082981448
test_02767,0.0000000737
test_02768,0.0055628340
test_02769,0.0000000554
test_02770,0.0000006279
test_02771,0.9999903760
test_02772,0.9987241275
test_02773,0.0000047008
test_02774,0.9999899620
test_02775,0.9999852413
test_02776,0.9999925505
test_02777,0.9999995996
test_02778,0.0414159819
test_02779,0.0000314841
test_02780,0.9999992230
test_02781,0.9990776844
test_02782,0.9976740285
test_02783,0.0000068491
test_02784,0.0002755444
test_02785,0.9999999302
test_02786,0.0049848655
test_02787,0.0000121019
test_02788,0.9999987341
test_02789,0.0000082105
test_02790,0.0001969053
test_02791,0.0000145489
test_02792,0.9077711156
test_02793,0.0000005249
test_02794,0.0000064160
test_02795,0.9999960949
test_02796,0.9999996057
test_02797,0.0000249164
test_02798,0.9999998593
test_02799,0.0072003309
test_02800,0.0000086389
test_02801,0.0000000130
test_02802,0.0000207949
test_02803,0.0000007617
test_02804,0.0085011223
test_02805,0.0003113028
test_02806,0.9999998832
test_02807,0.0000013430
test_02808,0.0000025280
test_02809,0.5172236705
test_02810,0.0000018245
test_02811,0.0000010064
test_02812,0.6777803896
test_02813,0.9999604484
test_02814,0.9999998860
test_02815,0.0000000298
test_02816,0.9471185535
test_02817,0.0000000174
test_02818,0.0000413970
test_02819,0.9999906758
test_02820,0.0000002466
test_02821,0.9999925095
test_02822,0.9902202854
test_02823,0.9999815259
test_02824,0.0000004321
test_02825,0.9999923775
test_02826,0.9999999746
test_02827,0.9043972875
test_02828,0.9999999593
test_02829,0.9999994411
test_02830,0.9999999037
test_02831,0.9999999395
test_02832,0.0000285537
test_02833,0.0000019236
test_02834,0.9851527350
test_02835,0.0000000111
test_02836,0.9999998895
test_02837,0.9999999445
test_02838,0.0000014188
test_02839,0.9999995528
test_02840,0.9999963468
test_02841,0.9999997389
test_02842,0.9999994305
test_02843,0.0000002085
test_02844,0.0000000671
test_02845,0.0000215981
test_02846,0.9999978108
test_02847,0.9999938236
test_02848,0.0710132526
test_02849,0.0128999128
test_02850,0.0000476579
test_02851,0.9999990595
test_02852,0.0000002356
test_02853,0.0006531044
test_02854,0.4215336023
test_02855,0.9999631826
test_02856,0.0003952289
test_02857,0.9999991709
test_02858,0.9999999400
test_02859,0.9999978765
test_02860,0.9716631369
test_02861,0.9999999843
test_02862,0.0002874518
test_02863,0.0001418418
test_02864,0.9988944639
test_02865,0.9999996019
test_02866,0.9999641649
test_02867,0.9999959152
test_02868,0.0000000082
test_02869,0.9999972868
test_02870,0.9999384973
test_02871,0.9999159144
test_02872,0.0002132813
test_02873,0.9999968559
test_02874,0.9999997335
test_02875,0.9999752758
test_02876,0.9999993617
test_02877,0.0003061662
test_02878,0.0009176807
test_02879,0.0000416572
test_02880,0.9999998537
test_02881,0.0014088334
test_02882,0.0000260319
test_02883,0.9999999170
test_02884,0.0000000953
test_02885,0.9843671065
test_02886,0.0000000766
test_02887,0.0000005316
test_02888,0.0000002160
test_02889,0.0000000329
test_02890,0.0000000193
test_02891,0.0000009851
test_02892,0.0001081664
test_02893,0.0000790118
test_02894,0.0000715197
test_02895,0.0027779269
test_02896,0.9999699995
test_02897,0.0000001477
test_02898,0.9999969603
test_02899,0.9999998130
test_02900,0.9997651593
test_02901,0.9999978239
test_02902,0.0000000216
test_02903,0.0003537019
test_02904,0.0476653576
test_02905,0.9999985081
test_02906,0.9924690665
test_02907,0.9999879769
test_02908,0.0001700865
test_02909,0.0000095565
test_02910,0.0000000089
test_02911,0.0000000469
test_02912,0.9999999504
test_02913,0.0000116185
test_02914,0.9999744931
test_02915,0.9998272014
test_02916,0.9997084514
test_02917,0.0000225039
test_02918,0.0000004624
test_02919,0.0000065692
test_02920,0.0000000954
test_02921,0.9999991229
test_02922,0.9999997559
test_02923,0.0000003775
test_02924,0.0002168421
test_02925,0.0000032095
test_02926,0.9999971915
test_02927,0.9999572689
test_02928,0.9999973248
test_02929,0.0000007641
test_02930,0.9999999693
test_02931,0.9999491555
test_02932,0.9997702019
test_02933,0.0007030446
test_02934,0.7572275282
test_02935,0.9952959584
test_02936,0.9999999639
test_02937,0.0168086086
test_02938,0.0846153808
test_02939,0.9999999630
test_02940,0.0000002454
test_02941,0.9999708144
test_02942,0.0000023453
test_02943,0.9977563585
test_02944,0.0018692628
test_02945,0.9999962269
test_02946,0.0000000174
test_02947,0.0497524625
test_02948,0.0000002469
test_02949,0.1101113242
test_02950,0.0000314341
test_02951,0.0003045983
test_02952,0.9999992785
test_02953,0.9999755146
test_02954,0.9999999429
test_02955,0.0000090808
test_02956,0.0000000863
test_02957,0.0000000046
test_02958,0.9999996838
test_02959,0.0000374188
test_02960,0.9871044514
test_02961,0.6706667865
test_02962,0.9999819051
test_02963,0.0002334292
test_02964,0.9999902878
test_02965,0.0000000782
test_02966,0.0000003014
test_02967,0.0000394167
test_02968,0.9999996092
test_02969,0.9999997507
test_02970,0.4370083388
test_02971,0.9999999613
test_02972,0.9999997112
test_02973,0.0000011608
test_02974,0.3759767724
test_02975,0.0000555487
test_02976,0.9998825178
test_02977,0.9677192581
test_02978,0.9999998629
test_02979,0.9999999419
test_02980,0.0021847731
test_02981,0.9991108248
test_02982,0.9999917953
test_02983,0.9995860674
test_02984,0.9999996775
test_02985,0.0003297138
test_02986,0.9999810821
test_02987,0.0000075525
test_02988,0.0000005562
test_02989,0.9999310270
test_02990,0.9999999311
test_02991,0.9999997999
test_02992,0.0000008863
test_02993,0.0002031719
test_02994,0.9980270368
test_02995,0.0000000834
test_02996,0.0000697029
test_02997,0.0002917310
test_02998,0.0000007040
test_02999,0.9999988673
test_03000,0.9999999909
test_03001,0.9999992613
test_03002,0.9999988168
test_03003,0.9818256383
test_03004,0.0101289667
test_03005,0.0000032479
test_03006,0.9990826643
test_03007,0.0368739280
test_03008,0.0000173450
test_03009,0.0322447679
test_03010,0.9988298324
test_03011,0.9999997257
test_03012,0.0005341396
test_03013,0.9999984938
test_03014,0.9999998551
test_03015,0.0000002366
test_03016,0.0000009826
test_03017,0.9999688030
test_03018,0.0000000130
test_03019,0.0000002136
test_03020,0.9999999448
test_03021,0.0000000202
test_03022,0.9999998248
test_03023,0.0000226354
test_03024,0.9999999416
test_03025,0.0003501026
test_03026,0.0000098611
test_03027,0.0000002864
test_03028,0.0002516525
test_03029,0.0000000124
test_03030,0.0208662777
test_03031,0.0298225766
test_03032,0.0000105968
test_03033,0.9966623030
test_03034,0.0001138615
test_03035,0.0000005902
test_03036,0.0005157698
test_03037,0.0000000320
test_03038,0.0000002995
test_03039,0.0000054498
test_03040,0.9999998277
test_03041,0.9999992880
test_03042,0.9999999065
test_03043,0.9999998206
test_03044,0.9999996662
test_03045,0.9999057836
test_03046,0.9919222095
test_03047,0.9999879297
test_03048,0.0000000310
test_03049,0.9999973397
test_03050,0.0000001713
test_03051,0.0000008488
test_03052,0.0000363660
test_03053,0.0219987735
test_03054,0.0000932130
test_03055,0.9999562234
test_03056,0.9999999356
test_03057,0.0000000118
test_03058,0.0000168269
test_03059,0.9999986728
test_03060,0.9999969641
test_03061,0.9999999514
test_03062,0.9999999456
test_03063,0.0000450481
test_03064,0.9999995193
test_03065,0.0000466667
test_03066,0.9999981120
test_03067,0.9976646377
test_03068,0.9992597621
test_03069,0.9999998028
test_03070,0.9762988429
test_03071,0.9999995825
test_03072,0.1672167399
test_03073,0.0000000145
test_03074,0.9999991965
test_03075,0.9998271453
test_03076,0.0000017511
test_03077,0.9421304812
test_03078,0.0000000759
test_03079,0.0038027480
test_03080,0.0000090529
test_03081,0.8684810507
test_03082,0.9999999696
test_03083,0.9999874609
test_03084,0.0004128062
test_03085,0.1525761217
test_03086,0.0572682948
test_03087,0.0000087875
test_03088,0.9998065521
test_03089,0.0000000987
test_03090,0.9999843136
test_03091,0.9999987186
test_03092,0.0000013940
test_03093,0.9995803727
test_03094,0.9999999676
test_03095,0.7945783949
test_03096,0.9999998842
test_03097,0.0001202518
test_03098,0.0000448402
test_03099,0.9999997518
test_03100,0.9999969252
test_03101,0.4752879677
test_03102,0.9999929097
test_03103,0.0634580906
test_03104,0.1059565543
test_03105,0.0000003651
test_03106,0.0011309002
test_03107,0.0000018029
test_03108,0.0000016842
test_03109,0.0000001693
test_03110,0.0005000842
test_03111,0.0000053361
test_03112,0.0000000231
test_03113,0.0000008648
test_03114,0.0000007223
test_03115,0.0166875677
test_03116,0.9999963676
test_03117,0.0000000337
test_03118,0.0000109371
test_03119,0.9999975123
test_03120,0.0000015309
test_03121,0.0000004620
test_03122,0.9924878794
test_03123,0.9999999851
test_03124,0.9999999436
test_03125,0.0006594722
test_03126,0.9999988926
test_03127,0.9989417383
test_03128,0.0000005240
test_03129,0.0000017475
test_03130,0.9999747739
test_03131,0.0000983991
test_03132,0.9958794466
test_03133,0.1002979491
test_03134,0.5926038144
test_03135,0.9999848440
test_03136,0.0002646132
test_03137,0.0000537093
test_03138,0.0000000929
test_03139,0.0000000078
test_03140,0.0000009094
test_03141,0.9999964307
test_03142,0.9999999756
test_03143,0.2048161279
test_03144,0.9999114808
test_03145,0.9999691271
test_03146,0.0000000590
test_03147,0.0000044324
test_03148,0.0000000490
test_03149,0.0500030897
test_03150,0.9999999029
test_03151,0.0000001859
test_03152,0.9999504828
test_03153,0.0006904212
test_03154,0.9999999370
test_03155,0.0000000074
test_03156,0.9999999285
test_03157,0.0000000297
test_03158,0.9999999542
test_03159,0.9998017058
test_03160,0.0000227516
test_03161,0.0000856465
test_03162,0.9999925027
test_03163,0.0000000655
test_03164,0.9999943396
test_03165,0.0000000425
test_03166,0.0000183938
test_03167,0.0000001262
test_03168,0.0000009664
test_03169,0.0000015505
test_03170,0.0000000068
test_03171,0.9969097094
test_03172,0.9999936711
test_03173,0.9995407511
test_03174,0.9998425908
test_03175,0.9999419296
test_03176,0.9999994770
test_03177,0.0055455441
test_03178,0.9999904215
test_03179,0.0248725082
test_03180,0.9999999528
test_03181,0.9999994432
test_03182,0.0001316940
test_03183,0.9999478780
test_03184,0.9999999782
test_03185,0.9999960491
test_03186,0.0000005418
test_03187,0.9999695386
test_03188,0.0033760087
test_03189,0.9999944684
test_03190,0.0005029955
test_03191,0.0000005526
test_03192,0.9999809464
test_03193,0.0109866331
test_03194,0.9999881186
test_03195,0.0002196410
test_03196,0.9999967127
test_03197,0.0000000624
test_03198,0.0000000172
test_03199,0.0339457846
test_03200,0.0003782891
test_03201,0.0023185779
test_03202,0.0001878794
test_03203,0.0000010833
test_03204,0.9999925615
test_03205,0.0313170133
test_03206,0.0000009852
test_03207,0.9998045731
test_03208,0.0000023362
test_03209,0.6682759743
test_03210,0.9980761406
test_03211,0.0000000408
test_03212,0.9926749143
test_03213,0.9999999724
test_03214,0.0000388021
test_03215,0.9999999844
test_03216,0.0006070708
test_03217,0.0000059947
test_03218,0.0000001175
test_03219,0.9999972749
test_03220,0.9992311029
test_03221,0.9999996351
test_03222,0.0000022746
test_03223,0.0000561665
test_03224,0.9999999806
test_03225,0.9999332151
test_03226,0.0000069094
test_03227,0.9999969195
test_03228,0.9999980171
test_03229,0.0000186482
test_03230,0.9976326827
test_03231,0.9999996144
test_03232,0.9999837578
test_03233,0.0000005642
test_03234,0.0015969393
test_03235,0.0034338719
test_03236,0.0000008340
test_03237,0.9999783653
test_03238,0.0013222638
test_03239,0.0000260702
test_03240,0.0338696887
test_03241,0.0534370035
test_03242,0.0000040348
test_03243,0.0000000200
test_03244,0.0013443443
test_03245,0.9999805063
test_03246,0.9942117410
test_03247,0.9999747889
test_03248,0.0010481014
test_03249,0.9999508845
test_03250,0.0000017779
test_03251,0.0000000063
test_03252,0.9999995826
test_03253,0.9999999468
test_03254,0.0000000563
test_03255,0.0000061725
test_03256,0.9998518292
test_03257,0.9999997679
test_03258,0.0000069179
test_03259,0.9998641215
test_03260,0.0018249115
test_03261,0.0000003449
test_03262,0.9999987412
test_03263,0.0252746746
test_03264,0.0006939007
test_03265,0.0000021654
test_03266,0.9999999310
test_03267,0.9999999258
test_03268,0.0041058551
test_03269,0.9999999735
test_03270,0.0000013148
test_03271,0.0000001106
test_03272,0.9989704589
test_03273,0.0000006630
test_03274,0.0000227450
test_03275,0.0000000664
test_03276,0.0000017761
test_03277,0.0000000677
test_03278,0.9999975320
test_03279,0.9666450763
test_03280,0.9767584953
test_03281,0.9999967025
test_03282,0.9620113432
test_03283,0.0721161902
test_03284,0.0000003358
test_03285,0.9999987137
test_03286,0.9999984195
test_03287,0.9999999760
test_03288,0.0203828098
test_03289,0.9999934162
test_03290,0.0798024712
test_03291,0.0287598669
test_03292,0.9330043297
test_03293,0.9999999501
test_03294,0.9999976674
test_03295,0.0000093358
test_03296,0.0000261368
test_03297,0.9999999531
test_03298,0.0000000216
test_03299,0.9999994426
test_03300,0.9999999476
test_03301,0.0000070282
test_03302,0.9999951452
test_03303,0.0000006595
test_03304,0.0000000268
test_03305,0.9999997097
test_03306,0.9998049036
test_03307,0.9999350579
test_03308,0.9999974797
test_03309,0.0000008834
test_03310,0.9999614973
test_03311,0.0000002818
test_03312,0.9925457977
test_03313,0.0000315225
test_03314,0.0000003000
test_03315,0.9689150585
test_03316,0.9999971923
test_03317,0.9999964414
test_03318,0.9999999523
test_03319,0.0000001766
test_03320,0.9999999574
test_03321,0.9998284546
test_03322,0.9999997695
test_03323,0.9946558405
test_03324,0.0000535884
test_03325,0.0002248136
test_03326,0.0006667715
test_03327,0.9999725625
test_03328,0.9732493172
test_03329,0.0003056420
test_03330,0.9999765371
test_03331,0.0000059840
test_03332,0.9998243595
test_03333,0.0035942106
test_03334,0.9999996143
test_03335,0.9999670303
test_03336,0.0000001838
test_03337,0.0001141693
test_03338,0.0000009873
test_03339,0.9960054390
test_03340,0.9999945016
test_03341,0.0001587820
test_03342,0.0002624456
test_03343,0.0000007321
test_03344,0.9996507938
test_03345,0.0000003161
test_03346,0.0014971590
test_03347,0.0378411935
test_03348,0.0000443466
test_03349,0.9999715293
test_03350,0.9999723055
test_03351,0.2790590467
test_03352,0.9999992952
test_03353,0.2027310631
test_03354,0.0000033076
test_03355,0.9717212798
test_03356,0.0044591932
test_03357,0.9999993322
test_03358,0.0000726583
test_03359,0.9999998913
test_03360,0.5241844103
test_03361,0.0005048673
test_03362,0.9999995528
test_03363,0.9997899275
test_03364,0.9467474018
test_03365,0.8447503690
test_03366,0.0639760729
test_03367,0.9196240822
test_03368,0.9999989329
test_03369,0.0003587242
test_03370,0.9999998810
test_03371,0.9999999874
test_03372,0.0006364157
test_03373,0.0001034919
test_03374,0.9958106724
test_03375,0.0000030461
test_03376,0.9999932167
test_03377,0.0000357318
test_03378,0.0000023669
test_03379,0.9999949341
test_03380,0.9999999650
test_03381,0.9999993762
test_03382,0.9999998325
test_03383,0.0015239887
test_03384,0.9996192702
test_03385,0.9998892834
test_03386,0.8116827370
test_03387,0.9999999384
test_03388,0.0000177316
test_03389,0.9999935993
test_03390,0.9814698368
test_03391,0.9999707072
test_03392,0.0017128228
test_03393,0.0000008347
test_03394,0.0370916796
test_03395,0.9789805171
test_03396,0.0111563420
test_03397,0.0000119749
test_03398,0.9999991830
test_03399,0.9999998811
test_03400,0.0000477555
test_03401,0.0000086872
test_03402,0.9999992463
test_03403,0.0000032695
test_03404,0.0000007128
test_03405,0.9999912149
test_03406,0.0001455293
test_03407,0.0000008155
test_03408,0.0001108317
test_03409,0.0000309803
test_03410,0.0415103457
test_03411,0.9996351961
test_03412,0.9999864268
test_03413,0.0000003453
test_03414,0.0000208638
test_03415,0.9993188374
test_03416,0.0000346854
test_03417,0.0000017615
test_03418,0.0008233820
test_03419,0.0000111330
test_03420,0.9999999571
test_03421,0.0002045930
test_03422,0.9999971683
test_03423,0.0000010479
test_03424,0.0000000530
test_03425,0.0000000393
test_03426,0.9999999373
test_03427,0.9999646772
test_03428,0.0033447016
test_03429,0.9999985740
test_03430,0.9999999536
test_03431,0.9999976449
test_03432,0.0000000347
test_03433,0.9999994888
test_03434,0.0002096581
test_03435,0.9999987666
test_03436,0.0000010324
test_03437,0.1039886828
test_03438,0.0000020953
test_03439,0.9999999252
test_03440,0.9561287749
test_03441,0.9999188813
test_03442,0.9676138313
test_03443,0.9999987900
test_03444,0.0555833596
test_03445,0.0001748031
test_03446,0.9999159494
test_03447,0.9999963490
test_03448,0.9999668424
test_03449,0.9999999833
test_03450,0.9421691959
test_03451,0.0000081895
test_03452,0.0000002187
test_03453,0.0543355158
test_03454,0.0000164496
test_03455,0.0000000122
test_03456,0.0000005367
test_03457,0.0011434290
test_03458,0.9999999871
test_03459,0.0000343231
test_03460,0.0000025570
test_03461,0.9259989335
test_03462,0.9999954644
test_03463,0.0000032771
test_03464,0.9999972263
test_03465,0.0000000664
test_03466,0.0006089393
test_03467,0.9999788671
test_03468,0.0000000158
test_03469,0.0035192818
test_03470,0.0000000124
test_03471,0.9811670831
test_03472,0.9999990286
test_03473,0.9981370642
test_03474,0.9999999872
test_03475,0.9999905910
test_03476,0.0001033313
test_03477,0.1483475011
test_03478,0.0000000152
test_03479,0.0005949662
test_03480,0.9999999725
test_03481,0.9999847357
test_03482,0.9999983970
test_03483,0.0000046661
test_03484,0.9999251747
test_03485,0.0000003772
test_03486,0.9999979044
test_03487,0.9999952723
test_03488,0.9999999331
test_03489,0.0000000864
test_03490,0.9998361079
test_03491,0.9951022145
test_03492,0.9999404184
test_03493,0.9999993616
test_03494,0.0000016919
test_03495,0.0000003079
test_03496,0.0000189602
test_03497,0.9999997097
test_03498,0.9999999591
test_03499,0.9999994299
test_03500,0.8459995607
test_03501,0.0000519460
test_03502,0.4465739451
test_03503,0.0014081668
test_03504,0.0002845181
test_03505,0.0000000203
test_03506,0.0308490781
test_03507,0.0002319238
test_03508,0.0009845866
test_03509,0.0070301334
test_03510,0.9999903832
test_03511,0.0000293830
test_03512,0.9997614278
test_03513,0.0000011007
test_03514,0.9999990937
test_03515,0.9871115291
test_03516,0.0000551525
test_03517,0.9999935912
test_03518,0.0000000096
test_03519,0.9997714338
test_03520,0.9999999698
test_03521,0.9999945252
test_03522,0.9993951394
test_03523,0.9999990073
test_03524,0.0000004598
test_03525,0.9999915559
test_03526,0.9999979420
test_03527,0.9823535104
test_03528,0.0003103526
test_03529,0.0000043831
test_03530,0.0000002933
test_03531,0.0000000868
test_03532,0.9999726360
test_03533,0.0000006437
test_03534,0.9999682091
test_03535,0.0000025524
test_03536,0.9999999348
test_03537,0.0000082818
test_03538,0.0000000327
test_03539,0.0704163197
test_03540,0.9999985704
test_03541,0.0002089863
test_03542,0.0779925423
test_03543,0.9954813597
test_03544,0.0000009938
test_03545,0.0000001789
test_03546,0.9988171296
test_03547,0.9999830657
test_03548,0.9999998557
test_03549,0.0000027841
test_03550,0.9999955095
test_03551,0.9999999862
test_03552,0.9999993140
test_03553,0.9999979132
test_03554,0.0461873387
test_03555,0.0000000241
test_03556,0.0046201430
test_03557,0.9994821899
test_03558,0.9997562531
test_03559,0.0000002005
test_03560,0.9999289019
test_03561,0.9999998985
test_03562,0.9999987744
test_03563,0.9711685971
test_03564,0.9999930562
test_03565,0.9999999821
test_03566,0.0000001594
test_03567,0.9999579345
test_03568,0.0000000556
test_03569,0.0000063007
test_03570,0.9999998216
test_03571,0.0002158683
test_03572,0.9999997488
test_03573,0.9999100822
test_03574,0.9994922604
test_03575,0.9999986238
test_03576,0.9999998699
test_03577,0.0000058646
test_03578,0.0000029680
test_03579,0.0000002643
test_03580,0.9999930799
test_03581,0.0000000051
test_03582,0.9911028290
test_03583,0.9999959911
test_03584,0.0000000118
test_03585,0.9999986580
test_03586,0.0000038277
test_03587,0.0013359367
test_03588,0.0000000141
test_03589,0.1897763568
test_03590,0.0000002396
test_03591,0.0000008510
test_03592,0.9999995047
test_03593,0.9999920112
test_03594,0.0000022670
test_03595,0.9999991547
test_03596,0.9999855276
test_03597,0.0000000310
test_03598,0.7828244631
test_03599,0.9999949570
test_03600,0.0000103364
test_03601,0.9999593548
test_03602,0.0000001818
test_03603,0.9999999394
test_03604,0.9999974768
test_03605,0.9999983800
test_03606,0.0000386759
test_03607,0.0000216352
test_03608,0.9999999734
test_03609,0.0000003636
test_03610,0.0000002011
test_03611,0.9968738620
test_03612,0.9999997230
test_03613,0.9999998911
test_03614,0.0000000143
test_03615,0.9999929165
test_03616,0.0000394963
test_03617,0.0000680862
test_03618,0.9999999710
test_03619,0.0000003801
test_03620,0.0000113473
test_03621,0.0002707482
test_03622,0.0000002813
test_03623,0.0000000853
test_03624,0.0048243079
test_03625,0.9999995817
test_03626,0.3252433813
test_03627,0.0008128221
test_03628,0.0000000059
test_03629,0.9998314501
test_03630,0.0000075030
test_03631,0.0000001372
test_03632,0.9998686887
test_03633,0.0014662058
test_03634,0.0000015422
test_03635,0.9999784583
test_03636,0.0088539680
test_03637,0.0000000530
test_03638,0.9999604291
test_03639,0.0000006319
test_03640,0.0000000596
test_03641,0.9999262312
test_03642,0.9873631725
test_03643,0.9999953994
test_03644,0.0000047492
test_03645,0.9999992137
test_03646,0.9989805120
test_03647,0.0522165762
test_03648,0.9995525778
test_03649,0.9999998375
test_03650,0.9999998383
test_03651,0.0002774663
test_03652,0.0001100463
test_03653,0.9999738970
test_03654,0.9999064484
test_03655,0.9999989244
test_03656,0.4401380541
test_03657,0.0234567892
test_03658,0.9985585331
test_03659,0.9999881756
test_03660,0.9999979418
test_03661,0.0000054898
test_03662,0.9999996777
test_03663,0.9999657164
test_03664,0.9999998823
test_03665,0.9999999800
test_03666,0.0000210549
test_03667,0.0000721388
test_03668,0.9999887045
test_03669,0.9999530634
test_03670,0.0000816060
test_03671,0.0000001633
test_03672,0.9959634952
test_03673,0.9999984912
test_03674,0.0000018622
test_03675,0.9999987264
test_03676,0.9999999222
test_03677,0.9777419335
test_03678,0.3370547205
test_03679,0.0000009601
test_03680,0.9999535817
test_03681,0.0044805842
test_03682,0.9962588517
test_03683,0.9999995847
test_03684,0.9999996127
test_03685,0.9999999508
test_03686,0.9999999573
test_03687,0.0167908959
test_03688,0.9999994538
test_03689,0.0000000584
test_03690,0.9990691354
test_03691,0.9999979846
test_03692,0.0033376542
test_03693,0.9983206589
test_03694,0.9999997633
test_03695,0.0000000404
test_03696,0.0000003407
test_03697,0.9914079186
test_03698,0.9999998193
test_03699,0.9999984618
test_03700,0.9999999851
test_03701,0.0000282855
test_03702,0.9992839889
test_03703,0.9999999704
test_03704,0.0000009615
test_03705,0.0000790581
test_03706,0.0000000212
test_03707,0.9999926672
test_03708,0.0349665202
test_03709,0.9999992567
test_03710,0.0000244087
test_03711,0.0009193393
test_03712,0.9999998737
test_03713,0.0000076479
test_03714,0.0005367838
test_03715,0.9999999770
test_03716,0.9999999558
test_03717,0.0000003900
test_03718,0.0000000103
test_03719,0.9999999779
test_03720,0.0000000102
test_03721,0.0000011669
test_03722,0.0000002295
test_03723,0.0000011500
test_03724,0.9999876183
test_03725,0.0000001624
test_03726,0.9999999777
test_03727,0.0000000828
test_03728,0.0084514021
test_03729,0.0000008505
test_03730,0.9999514546
test_03731,0.9122624817
test_03732,0.9999785785
test_03733,0.9999925601
test_03734,0.9999999729
test_03735,0.0000533940
test_03736,0.0000054209
test_03737,0.9999990860
test_03738,0.9991860305
test_03739,0.9999954492
test_03740,0.0000036338
test_03741,0.0079823418
test_03742,0.9265798529
test_03743,0.9999999199
test_03744,0.9999995872
test_03745,0.9999771542
test_03746,0.0000480357
test_03747,0.0061005082
test_03748,0.0000009758
test_03749,0.8671312211
test_03750,0.9999995617
test_03751,0.9999176148
test_03752,0.9977144954
test_03753,0.9995329626
test_03754,0.9999025475
test_03755,0.9999999374
test_03756,0.9998259984
test_03757,0.0000000307
test_03758,0.9999998975
test_03759,0.0000000455
test_03760,0.0869222765
test_03761,0.0000096489
test_03762,0.9999858523
test_03763,0.3480848079
test_03764,0.9999543879
test_03765,0.0005972655
test_03766,0.9999986390
test_03767,0.9731008376
test_03768,0.0000028052
test_03769,0.0000146861
test_03770,0.9959819514
test_03771,0.9944534067
test_03772,0.9999811770
test_03773,0.0000002180
test_03774,0.7894596462
test_03775,0.9999998600
test_03776,0.0000002192
test_03777,0.0000296013
test_03778,0.9999997368
test_03779,0.0000004618
test_03780,0.0000066345
test_03781,0.0000021469
test_03782,0.0000000134
test_03783,0.0000000121
test_03784,0.0000000185
test_03785,0.9999999843
test_03786,0.0142897698
test_03787,0.0000000085
test_03788,0.0000000067
test_03789,0.0653718835
test_03790,0.9725652204
test_03791,0.9994239070
test_03792,0.9999999696
test_03793,0.0000009086
test_03794,0.9999194651
test_03795,0.9999848427
test_03796,0.9989104472
test_03797,0.0000001214
test_03798,0.9999982247
test_03799,0.0000063899
test_03800,0.9999999832
test_03801,0.0000003729
test_03802,0.0022161892
test_03803,0.0002079922
test_03804,0.0004100605
test_03805,0.0819056270
test_03806,0.0000012306
test_03807,0.8565956352
test_03808,0.9999999441
test_03809,0.0000163143
test_03810,0.0000091236
test_03811,0.0000040923
test_03812,0.0000003152
test_03813,0.9999999103
test_03814,0.0000277332
test_03815,0.9970989220
test_03816,0.0000000513
test_03817,0.9881859762
test_03818,0.0000207292
test_03819,0.8398516954
test_03820,0.9999934518
test_03821,0.9999979075
test_03822,0.9997797201
test_03823,0.0000023187
test_03824,0.9956256282
test_03825,0.9982082745
test_03826,0.9999999751
test_03827,0.0000041282
test_03828,0.9999975509
test_03829,0.0000329723
test_03830,0.9999154503
test_03831,0.0000000386
test_03832,0.0000112841
test_03833,0.0000001019
test_03834,0.9999999333
test_03835,0.9999969418
test_03836,0.0004818520
test_03837,0.0014867598
test_03838,0.0000002423
test_03839,0.0000023246
test_03840,0.9999924873
test_03841,0.9999999689
test_03842,0.0000090101
test_03843,0.9998660633
test_03844,0.0000005476
test_03845,0.9999999823
test_03846,0.9999977707
test_03847,0.0000015693
test_03848,0.9999730656
test_03849,0.9999302343
test_03850,0.0126618007
test_03851,0.0000044292
test_03852,0.0000026713
test_03853,0.9999994141
test_03854,0.9999999703
test_03855,0.0000221328
test_03856,0.0009499203
test_03857,0.0000000194
test_03858,0.0000006153
test_03859,0.0000000268
test_03860,0.0001005574
test_03861,0.0000041624
test_03862,0.9999992889
test_03863,0.9999840696
test_03864,0.9999985379
test_03865,0.0000108633
test_03866,0.9999984208
test_03867,0.0000411992
test_03868,0.0000002733
test_03869,0.9999922874
test_03870,0.9999101031
test_03871,0.0000039620
test_03872,0.0000000920
test_03873,0.0007302787
test_03874,0.0001999193
test_03875,0.0000033007
test_03876,0.9999999826
test_03877,0.0001176964
test_03878,0.9999423512
test_03879,0.9999999769
test_03880,0.9999954330
test_03881,0.0000000420
test_03882,0.9999999366
test_03883,0.0005923761
test_03884,0.9999989550
test_03885,0.0000116895
test_03886,0.0000124906
test_03887,0.0000154886
test_03888,0.9999954734
test_03889,0.0000001372
test_03890,0.9171970783
test_03891,0.0000002189
test_03892,0.0133987195
test_03893,0.0000555016
test_03894,0.0002001182
test_03895,0.0676586754
test_03896,0.9999976139
test_03897,0.9999997158
test_03898,0.0000069787
test_03899,0.9951510769
test_03900,0.4461531164
test_03901,0.0000000106
test_03902,0.0000054468
test_03903,0.9999817052
test_03904,0.0000213493
test_03905,0.9997341460
test_03906,0.0000016118
test_03907,0.9999936172
test_03908,0.9974517353
test_03909,0.9999997674
test_03910,0.0000046492
test_03911,0.9980298861
test_03912,0.9999999608
test_03913,0.0003710472
test_03914,0.0004833707
test_03915,0.0000027568
test_03916,0.9999999637
test_03917,0.9999755956
test_03918,0.9997659617
test_03919,0.9999724402
test_03920,0.5414041503
test_03921,0.0000001000
test_03922,0.0000001718
test_03923,0.9999886454
test_03924,0.0932212783
test_03925,0.0000016806
test_03926,0.9998456453
test_03927,0.0005838985
test_03928,0.0000004530
test_03929,0.9999944346
test_03930,0.9974827923
test_03931,0.9999999589
test_03932,0.0000607493
test_03933,0.0000000235
test_03934,0.9999993345
test_03935,0.0000001033
test_03936,0.0074886894
test_03937,0.0000000218
test_03938,0.9997953996
test_03939,0.0000380325
test_03940,0.0000037950
test_03941,0.1757101719
test_03942,0.0000235826
test_03943,0.0000016989
test_03944,0.9999999567
test_03945,0.9999692641
test_03946,0.9763562363
test_03947,0.9969982351
test_03948,0.9999940320
test_03949,0.9999172129
test_03950,0.9990193415
test_03951,0.0000000395
test_03952,0.9617115682
test_03953,0.9999999750
test_03954,0.9999888931
test_03955,0.0000031794
test_03956,0.0000003404
test_03957,0.9999370538
test_03958,0.9999999852
test_03959,0.4225592144
test_03960,0.0000007597
test_03961,0.9999999774
test_03962,0.9999998285
test_03963,0.0001428549
test_03964,0.9999186729
test_03965,0.0000005152
test_03966,0.0000028831
test_03967,0.0000002389
test_03968,0.9999999245
test_03969,0.9999954861
test_03970,0.9970877345
test_03971,0.0000121624
test_03972,0.0000061554
test_03973,0.9999999682
test_03974,0.0001842710
test_03975,0.9999934717
test_03976,0.9999987977
test_03977,0.9999996000
test_03978,0.0029387643
test_03979,0.9999999403
test_03980,0.9993635000
test_03981,0.9999999794
test_03982,0.9429000183
test_03983,0.9999938319
test_03984,0.9998648420
test_03985,0.0000234528
test_03986,0.0000007965
test_03987,0.9997398440
test_03988,0.9999994382
test_03989,0.0000000249
test_03990,0.0000063829
test_03991,0.0000000043
test_03992,0.9517275090
test_03993,0.0000308672
test_03994,0.0001335353
test_03995,0.0000399213
test_03996,0.9999945096
test_03997,0.9997411010
test_03998,0.9999929027
test_03999,0.9999999449
test_04000,0.9999357615
test_04001,0.0039853674
test_04002,0.9999999889
test_04003,0.9998328057
test_04004,0.9958801372
test_04005,0.0000226718
test_04006,0.0000219494
test_04007,0.0000000649
test_04008,0.9999965796
test_04009,0.0000013832
test_04010,0.0000080686
test_04011,0.0002134011
test_04012,0.0000000275
test_04013,0.0000001417
test_04014,0.9999999073
test_04015,0.9967964034
test_04016,0.9999989121
test_04017,0.0022699992
test_04018,0.9939172431
test_04019,0.9999797870
test_04020,0.9999990416
test_04021,0.0000705541
test_04022,0.0000066388
test_04023,0.5159809088
test_04024,0.0000020810
test_04025,0.0000013873
test_04026,0.9999997948
test_04027,0.0000014241
test_04028,0.0119107033
test_04029,0.7407036667
test_04030,0.9999999588
test_04031,0.0000004203
test_04032,0.0000537938
test_04033,0.9999998967
test_04034,0.9999999597
test_04035,0.9933796115
test_04036,0.9999989657
test_04037,0.9999993718
test_04038,0.0010786075
test_04039,0.0000003055
test_04040,0.9999536066
test_04041,0.9964834448
test_04042,0.9999979132
test_04043,0.0007367402
test_04044,0.0000035015
test_04045,0.0000627004
test_04046,0.0000001005
test_04047,0.9999965081
test_04048,0.9995989335
test_04049,0.9998028310
test_04050,0.0000024201
test_04051,0.9999999864
test_04052,0.9999840789
test_04053,0.7704788678
test_04054,0.0181691192
test_04055,0.9999897999
test_04056,0.9999977243
test_04057,0.9999997808
test_04058,0.9999981031
test_04059,0.9800463201
test_04060,0.9999999851
test_04061,0.0386790232
test_04062,0.0000581275
test_04063,0.0001597467
test_04064,0.9999999259
test_04065,0.9942034946
test_04066,0.9999998328
test_04067,0.0000000764
test_04068,0.0000001095
test_04069,0.0000002538
test_04070,0.0000000426
test_04071,0.9999398156
test_04072,0.0000641420
test_04073,0.0000058476
test_04074,0.0000314774
test_04075,0.9999962635
test_04076,0.9999753336
test_04077,0.9978005037
test_04078,0.9999999563
test_04079,0.0000001102
test_04080,0.1182052979
test_04081,0.9986511117
test_04082,0.0000000100
test_04083,0.8275123769
test_04084,0.9970362999
test_04085,0.0000442881
test_04086,0.0000137605
test_04087,0.9999166304
test_04088,0.9999996997
test_04089,0.0000079767
test_04090,0.9999999451
test_04091,0.9999968442
test_04092,0.9999999316
test_04093,0.9999998709
test_04094,0.1122019894
test_04095,0.8328219508
test_04096,0.0000354914
test_04097,0.9895184545
test_04098,0.0000008629
test_04099,0.9999992371
test_04100,0.9999999480
test_04101,0.0000002175
test_04102,0.0005204560
test_04103,0.0000915324
test_04104,0.9997022287
test_04105,0.0000000827
test_04106,0.0000000452
test_04107,0.0000017258
test_04108,0.9999971455
test_04109,0.9999999826
test_04110,0.9156111436
test_04111,0.9999143559
test_04112,0.0006878037
test_04113,0.9999980673
test_04114,0.9999944079
test_04115,0.9999963888
test_04116,0.9999887054
test_04117,0.9999999632
test_04118,0.0000291824
test_04119,0.0556738720
test_04120,0.9364087044
test_04121,0.8100316975
test_04122,0.0001515932
test_04123,0.9999977944
test_04124,0.9999990338
test_04125,0.0000574930
test_04126,0.0000469146
test_04127,0.0000016021
test_04128,0.9999999624
test_04129,0.9999999321
test_04130,0.0000004719
test_04131,0.0000790113
test_04132,0.0764145688
test_04133,0.0000002196
test_04134,0.9999992773
test_04135,0.9999992078
test_04136,0.9986247888
test_04137,0.0000047718
test_04138,0.0056338197
test_04139,0.9872819623
test_04140,0.9999999812
test_04141,0.0116996455
test_04142,0.9999819744
test_04143,0.9997856183
test_04144,0.9999973553
test_04145,0.9996724906
test_04146,0.0000005575
test_04147,0.0003960989
test_04148,0.9998159747
test_04149,0.9999986027
test_04150,0.0000019396
test_04151,0.6834429974
test_04152,0.0000092763
test_04153,0.9999645996
test_04154,0.0000513588
test_04155,0.0000022899
test_04156,0.9999974886
test_04157,0.9999981098
test_04158,0.9999255582
test_04159,0.0000001241
test_04160,0.9999892156
test_04161,0.0000103388
test_04162,0.9999999147
test_04163,0.0004942000
test_04164,0.9963687940
test_04165,0.9999990966
test_04166,0.0001439103
test_04167,0.0000004584
test_04168,0.0000010640
test_04169,0.9999983707
test_04170,0.9999999430
test_04171,0.9999998309
test_04172,0.0000105074
test_04173,0.9999844828
test_04174,0.0000009878
test_04175,0.9999879840
test_04176,0.7170227474
test_04177,0.0001101479
test_04178,0.9999941107
test_04179,0.0006701819
test_04180,0.0000012263
test_04181,0.9999843498
test_04182,0.9999999261
test_04183,0.9893605237
test_04184,0.9999807386
test_04185,0.9982068334
test_04186,0.9998150296
test_04187,0.9999998837
test_04188,0.0000145477
test_04189,0.0000002802
test_04190,0.9999985614
test_04191,0.9999639378
test_04192,0.0000000313
test_04193,0.0000019250
test_04194,0.0000040647
test_04195,0.0000000340
test_04196,0.9999995765
test_04197,0.0000000560
test_04198,0.9999997113
test_04199,0.0000004044
test_04200,0.0000188358
test_04201,0.9998781565
test_04202,0.9999302474
test_04203,0.9992795956
test_04204,0.0400578653
test_04205,0.0000002267
test_04206,0.0000000049
test_04207,0.9993207110
test_04208,0.0000009921
test_04209,0.0003854005
test_04210,0.9999953568
test_04211,0.9999302820
test_04212,0.9999593528
test_04213,0.0006099208
test_04214,0.9999980664
test_04215,0.0000522935
test_04216,0.0001712619
test_04217,0.9999994274
test_04218,0.0001734673
test_04219,0.9999903568
test_04220,0.0000017966
test_04221,0.9999903022
test_04222,0.9991264205
test_04223,0.9999987926
test_04224,0.9999999502
test_04225,0.0280820673
test_04226,0.9999968479
test_04227,0.9999985232
test_04228,0.9999997810
test_04229,0.9999986445
test_04230,0.0000210009
test_04231,0.9992191993
test_04232,0.9999964828
test_04233,0.9999999762
test_04234,0.9999975118
test_04235,0.9999985906
test_04236,0.0000015142
test_04237,0.9884222743
test_04238,0.0000000185
test_04239,0.9999969132
test_04240,0.9999849485
test_04241,0.9999995597
test_04242,0.9957455172
test_04243,0.0000300195
test_04244,0.9999132065
test_04245,0.9999771211
test_04246,0.9999995870
test_04247,0.9988557981
test_04248,0.9999995662
test_04249,0.9999999657
test_04250,0.9997329509
test_04251,0.9999863811
test_04252,0.0000010961
test_04253,0.0000011999
test_04254,0.0000002969
test_04255,0.9991921157
test_04256,0.9999997076
test_04257,0.0000002367
test_04258,0.0033105476
test_04259,0.9999913989
test_04260,0.9543458299
test_04261,0.9999814938
test_04262,0.0005912740
test_04263,0.0000082667
test_04264,0.9999988123
test_04265,0.9999999487
test_04266,0.0002666449
test_04267,0.0000000933
test_04268,0.9999999518
test_04269,0.9999999473
test_04270,0.0025917449
test_04271,0.0002133187
test_04272,0.0001203130
test_04273,0.0000362463
test_04274,0.0003685478
test_04275,0.0010658587
test_04276,0.9999994893
test_04277,0.0000029990
test_04278,0.9996091018
test_04279,0.0000290061
test_04280,0.0000073963
test_04281,0.9999999605
test_04282,0.9906618707
test_04283,0.0000009177
test_04284,0.0000000313
test_04285,0.9998978017
test_04286,0.0000003799
test_04287,0.9999999898
test_04288,0.0000152282
test_04289,0.9999994051
test_04290,0.0000983237
test_04291,0.0000157643
test_04292,0.0526084772
test_04293,0.9999998063
test_04294,0.9712017255
test_04295,0.0000003295
test_04296,0.9998811709
test_04297,0.9998666829
test_04298,0.9999999355
test_04299,0.0000134935
test_04300,0.0000001551
test_04301,0.9999880246
test_04302,0.0000197028
test_04303,0.9999906969
test_04304,0.9999502139
test_04305,0.8510191083
test_04306,0.0000065092
test_04307,0.9999589065
test_04308,0.0000005557
test_04309,0.9724250034
test_04310,0.9999999789
test_04311,0.9999639784
test_04312,0.9999995056
test_04313,0.0000315445
test_04314,0.9979526815
test_04315,0.9999917700
test_04316,0.0000000494
test_04317,0.0000149430
test_04318,0.0136934910
test_04319,0.0000095492
test_04320,0.0003313957
test_04321,0.9999999333
test_04322,0.9793660102
test_04323,0.0000000125
test_04324,0.9999989673
test_04325,0.9999997311
test_04326,0.9708970227
test_04327,0.0000004290
test_04328,0.0000282527
test_04329,0.9999985181
test_04330,0.9999847495
test_04331,0.9999998135
test_04332,0.0000210314
test_04333,0.0000000194
test_04334,0.9999888119
test_04335,0.0000000268
test_04336,0.0000969205
test_04337,0.9999985800
test_04338,0.9999997526
test_04339,0.9999139351
test_04340,0.0000094256
test_04341,0.9999994683
test_04342,0.0000132662
test_04343,0.9834903010
test_04344,0.0019483794
test_04345,0.9999997633
test_04346,0.0000066678
test_04347,0.0006064361
test_04348,0.9999983860
test_04349,0.9999998280
test_04350,0.9999993543
test_04351,0.0001830127
test_04352,0.0000327646
test_04353,0.9973029484
test_04354,0.0000015193
test_04355,0.9999858063
test_04356,0.0001136374
test_04357,0.9676680507
test_04358,0.0000011150
test_04359,0.0000347008
test_04360,0.5027669986
test_04361,0.0000831576
test_04362,0.0116612035
test_04363,0.9981549298
test_04364,0.9986695969
test_04365,0.0216919543
test_04366,0.0000000943
test_04367,0.1576724139
test_04368,0.0000110880
test_04369,0.8426881425
test_04370,0.0000002505
test_04371,0.9999922759
test_04372,0.9924482612
test_04373,0.0000496165
test_04374,0.0000064155
test_04375,0.9999996172
test_04376,0.0014350199
test_04377,0.0000001853
test_04378,0.9999988633
test_04379,0.0398868273
test_04380,0.0000037393
test_04381,0.9999995582
test_04382,0.0000000228
test_04383,0.0057321767
test_04384,0.9999698946
test_04385,0.9986104938
test_04386,0.0000011468
test_04387,0.0000000258
test_04388,0.0002271465
test_04389,0.0000000941
test_04390,0.9990964276
test_04391,0.9999610401
test_04392,0.9999998192
test_04393,0.9999928848
test_04394,0.9999995023
test_04395,0.0000114479
test_04396,0.0001055785
test_04397,0.9999955027
test_04398,0.0000098316
test_04399,0.0000001889
test_04400,0.0001106687
test_04401,0.0014341491
test_04402,0.9999966123
test_04403,0.9842952069
test_04404,0.0000382969
test_04405,0.9999995448
test_04406,0.9999999845
test_04407,0.0000015133
test_04408,0.9999995155
test_04409,0.9999875740
test_04410,0.9999999546
test_04411,0.9999754252
test_04412,0.9999447980
test_04413,0.9999999494
test_04414,0.9999999777
test_04415,0.0000005419
test_04416,0.0274193251
test_04417,0.0000000758
test_04418,0.0000012325
test_04419,0.0000000154
test_04420,0.0000000082
test_04421,0.9999326471
test_04422,0.0000251579
test_04423,0.0005310405
test_04424,0.0060853459
test_04425,0.9999997978
test_04426,0.0000702192
test_04427,0.9999562769
test_04428,0.0001440325
test_04429,0.9999999723
test_04430,0.9997976676
test_04431,0.9999982617
test_04432,0.0000002073
test_04433,0.0012789916
test_04434,0.9999955939
test_04435,0.0001633294
test_04436,0.0000007952
test_04437,0.9999918093
test_04438,0.9421788909
test_04439,0.0000053762
test_04440,0.9999999273
test_04441,0.9999708039
test_04442,0.9999998646
test_04443,0.0000000124
test_04444,0.9998970840
test_04445,0.9999982923
test_04446,0.0000000304
test_04447,0.9999791540
test_04448,0.0000000586
test_04449,0.9887278282
test_04450,0.9999985612
test_04451,0.0000000133
test_04452,0.0000097345
test_04453,0.9999487004
test_04454,0.0000002468
test_04455,0.9986853720
test_04456,0.0000000268
test_04457,0.0000281873
test_04458,0.9999991457
test_04459,0.0000001030
test_04460,0.0000000102
test_04461,0.9999771150
test_04462,0.0000616162
test_04463,0.9995541669
test_04464,0.9999992105
test_04465,0.0677033761
test_04466,0.0000000058
test_04467,0.9999999218
test_04468,0.0000081871
test_04469,0.0001188692
test_04470,0.2210864631
test_04471,0.9968984110
test_04472,0.9999998532
test_04473,0.0000000331
test_04474,0.0000082402
test_04475,0.0000000224
test_04476,0.0000004687
test_04477,0.0507687368
test_04478,0.9999976995
test_04479,0.9428997472
test_04480,0.9906956574
test_04481,0.9985024830
test_04482,0.0000922273
test_04483,0.9999997355
test_04484,0.9998446361
test_04485,0.9994528548
test_04486,0.9999926989
test_04487,0.0000003464
test_04488,0.9999991743
test_04489,0.0000000483
test_04490,0.9996929567
test_04491,0.0018388158
test_04492,0.0000023925
test_04493,0.0099425104
test_04494,0.0000745306
test_04495,0.9999592039
test_04496,0.0000000267
test_04497,0.0000002581
test_04498,0.0001123557
test_04499,0.0002876447
test_04500,0.9999954037
test_04501,0.0000006482
test_04502,0.9998618721
test_04503,0.0000414375
test_04504,0.0000017386
test_04505,0.0111069133
test_04506,0.9999999542
test_04507,0.0000007496
test_04508,0.0000028825
test_04509,0.0000006029
test_04510,0.0000022354
test_04511,0.0000000069
test_04512,0.9999849318
test_04513,0.0009399334
test_04514,0.9999463565
test_04515,0.0000077012
test_04516,0.9987532059
test_04517,0.9999998902
test_04518,0.0000000184
test_04519,0.0000695286
test_04520,0.0000074170
test_04521,0.9999869521
test_04522,0.9999998862
test_04523,0.0000009591
test_04524,0.9999999599
test_04525,0.0000026150
test_04526,0.9999966296
test_04527,0.0252470332
test_04528,0.9999890384
test_04529,0.0000000285
test_04530,0.0000001571
test_04531,0.0923796825
test_04532,0.9999995865
test_04533,0.0000000280
test_04534,0.0000986774
test_04535,0.9902800936
test_04536,0.0000001627
test_04537,0.0000371989
test_04538,0.4919243477
test_04539,0.9999734468
test_04540,0.9998772064
test_04541,0.9999999578
test_04542,0.9971125528
test_04543,0.0000003214
test_04544,0.9999320238
test_04545,0.9999999831
test_04546,0.9999720904
test_04547,0.9999909010
test_04548,0.9999704221
test_04549,0.0000000557
test_04550,0.9999820864
test_04551,0.9999971880
test_04552,0.0005468858
test_04553,0.0002474959
test_04554,0.2914846995
test_04555,0.0002188758
test_04556,0.1688454253
test_04557,0.0054197190
test_04558,0.0000029423
test_04559,0.0000023606
test_04560,0.0000057423
test_04561,0.0000000162
test_04562,0.0058936811
test_04563,0.9999998964
test_04564,0.0000023473
test_04565,0.9999998749
test_04566,0.0000000874
test_04567,0.9999782431
test_04568,0.0022784999
test_04569,0.9999974057
test_04570,0.0000160061
test_04571,0.0000000307
test_04572,0.9999999745
test_04573,0.9999926239
test_04574,0.0000024139
test_04575,0.9999997594
test_04576,0.9999993734
test_04577,0.9999439108
test_04578,0.9999996604
test_04579,0.0000019712
test_04580,0.0000216836
test_04581,0.0014863552
test_04582,0.0000000386
test_04583,0.9999957391
test_04584,0.9694767501
test_04585,0.9999585682
test_04586,0.0000000347
test_04587,0.9999588908
test_04588,0.9999253276
test_04589,0.9999965949
test_04590,0.9999999691
test_04591,0.9999931181
test_04592,0.0022729140
test_04593,0.9971408836
test_04594,0.0001455413
test_04595,0.9999961021
test_04596,0.0000010867
test_04597,0.0000007484
test_04598,0.0000012862
test_04599,0.9999609559
test_04600,0.0000646042
test_04601,0.0000083662
test_04602,0.0478576951
test_04603,0.9999970235
test_04604,0.0001960987
test_04605,0.9999977146
test_04606,0.9425673519
test_04607,0.0014733459
test_04608,0.0000198178
test_04609,0.9984561726
test_04610,0.0000002584
test_04611,0.9999991549
test_04612,0.9999999142
test_04613,0.9999404951
test_04614,0.9999999833
test_04615,0.9999948998
test_04616,0.9999009551
test_04617,0.0000102252
test_04618,0.9999978944
test_04619,0.1511898483
test_04620,0.0000002407
test_04621,0.9999999547
test_04622,0.9999996660
test_04623,0.9999998129
test_04624,0.9999900866
test_04625,0.9999999443
test_04626,0.0000000360
test_04627,0.0000000199
test_04628,0.9999993460
test_04629,0.9995276646
test_04630,0.9999977325
test_04631,0.9999999832
test_04632,0.0000008370
test_04633,0.0000897911
test_04634,0.9999999732
test_04635,0.9999918124
test_04636,0.9956547185
test_04637,0.9999512567
test_04638,0.9999544157
test_04639,0.9999999478
test_04640,0.9999981344
test_04641,0.9999962672
test_04642,0.7838482143
test_04643,0.9819172343
test_04644,0.0007725628
test_04645,0.9999911210
test_04646,0.0000578651
test_04647,0.9999957312
test_04648,0.9999415321
test_04649,0.9984992787
test_04650,0.0000001563
test_04651,0.9999911058
test_04652,0.0000473425
test_04653,0.9998482115
test_04654,0.0000209363
test_04655,0.0457271132
test_04656,0.0000000078
test_04657,0.9999759312
test_04658,0.9999976185
test_04659,0.9996325581
test_04660,0.0012653114
test_04661,0.0000045697
test_04662,0.0000051607
test_04663,0.0000004650
test_04664,0.0001148798
test_04665,0.9999917675
test_04666,0.0000000059
test_04667,0.9999969182
test_04668,0.0001314849
test_04669,0.9999966090
test_04670,0.9999930749
test_04671,0.0002043993
test_04672,0.0001129223
test_04673,0.0135164658
test_04674,0.0000765932
test_04675,0.0000022011
test_04676,0.0002736423
test_04677,0.9999999204
test_04678,0.9998453396
test_04679,0.0000072581
test_04680,0.9999855501
test_04681,0.9990818168
test_04682,0.0000000160
test_04683,0.0030277320
test_04684,0.0007225655
test_04685,0.9921168282
test_04686,0.9999997112
test_04687,0.9999845749
test_04688,0.0035568827
test_04689,0.9999658920
test_04690,0.9999917542
test_04691,0.0000030120
test_04692,0.0000000064
test_04693,0.9999987695
test_04694,0.9998716293
test_04695,0.0000014153
test_04696,0.9999835120
test_04697,0.0000005589
test_04698,0.0000152346
test_04699,0.0004896161
test_04700,0.9999989587
test_04701,0.0000243700
test_04702,0.0008759550
test_04703,0.9999983721
test_04704,0.0000021468
test_04705,0.0053135966
test_04706,0.0000000055
test_04707,0.9682028167
test_04708,0.0000121427
test_04709,0.0000034527
test_04710,0.9996129594
test_04711,0.9996704591
test_04712,0.9999917388
test_04713,0.9933309294
test_04714,0.0002838005
test_04715,0.9999786791
test_04716,0.0000002186
test_04717,0.0001366403
test_04718,0.0000260820
test_04719,0.0000042906
test_04720,0.9999973714
test_04721,0.9999990029
test_04722,0.9999999449
test_04723,0.9999999659
test_04724,0.9999989090
test_04725,0.9994369675
test_04726,0.9703891142
test_04727,0.9999981504
test_04728,0.9999991213
test_04729,0.0000000160
test_04730,0.0000000116
test_04731,0.0000010246
test_04732,0.9999770771
test_04733,0.0000864557
test_04734,0.9999973126
test_04735,0.9999970947
test_04736,0.0021770903
test_04737,0.0000020024
test_04738,0.0000007893
test_04739,0.0000061818
test_04740,0.9981839909
test_04741,0.9999181697
test_04742,0.9999999139
test_04743,0.9777397957
test_04744,0.8108527463
test_04745,0.9999914947
test_04746,0.0000002870
test_04747,0.0001437828
test_04748,0.0146791467
test_04749,0.9999953459
test_04750,0.9945508149
test_04751,0.9999991686
test_04752,0.0000014885
test_04753,0.9999918341
test_04754,0.0000001867
test_04755,0.0000818290
test_04756,0.0000000272
test_04757,0.0000000778
test_04758,0.0000009004
test_04759,0.9999986903
test_04760,0.9999997024
test_04761,0.2545520326
test_04762,0.0038267430
test_04763,0.0024458869
test_04764,0.9999993200
test_04765,0.9999684272
test_04766,0.0000000677
test_04767,0.9999999404
test_04768,0.0000014615
test_04769,0.9999999493
test_04770,0.9999998282
test_04771,0.0000044726
test_04772,0.9963218639
test_04773,0.9999991730
test_04774,0.0000000277
test_04775,0.9999966552
test_04776,0.9999963547
test_04777,0.0012703386
test_04778,0.0001365457
test_04779,0.9768775312
test_04780,0.9999817144
test_04781,0.0081922720
test_04782,0.0000148224
test_04783,0.9991480632
test_04784,0.0000002547
test_04785,0.9999782853
test_04786,0.0000000386
test_04787,0.9986641028
test_04788,0.0000154548
test_04789,0.0000003026
test_04790,0.9999997255
test_04791,0.0000120242
test_04792,0.9999794194
test_04793,0.9999991606
test_04794,0.0000482906
test_04795,0.2756235957
test_04796,0.0000169595
test_04797,0.9999984222
test_04798,0.9999998950
test_04799,0.0000046575
test_04800,0.9999950049
test_04801,0.9999967763
test_04802,0.0081329138
test_04803,0.9999997427
test_04804,0.9971569606
test_04805,0.0000006554
test_04806,0.9998137310
test_04807,0.0014690089
test_04808,0.9999996765
test_04809,0.9999999268
test_04810,0.0012635503
test_04811,0.0000002525
test_04812,0.9999999091
test_04813,0.9999597408
test_04814,0.0000976298
test_04815,0.9999999279
test_04816,0.0019771257
test_04817,0.0000004633
test_04818,0.0044075793
test_04819,0.0111054795
test_04820,0.0000008693
test_04821,0.9999999628
test_04822,0.9999995925
test_04823,0.9999999592
test_04824,0.0000000440
test_04825,0.1410978760
test_04826,0.9999994828
test_04827,0.0000004550
test_04828,0.7315540237
test_04829,0.9999999736
test_04830,0.0000000688
test_04831,0.0000494425
test_04832,0.9999167558
test_04833,0.0002942364
test_04834,0.0000062558
test_04835,0.9999999289
test_04836,0.0000906564
test_04837,0.9245663864
test_04838,0.0003856780
test_04839,0.0000000243
test_04840,0.0381311635
test_04841,0.0037292263
test_04842,0.9999753331
test_04843,0.0000012258
test_04844,0.0000000936
test_04845,0.9999999890
test_04846,0.0000005128
test_04847,0.9998357573
test_04848,0.9999902780
test_04849,0.9999538717
test_04850,0.9999959268
test_04851,0.9999976184
test_04852,0.9999977432
test_04853,0.0312408001
test_04854,0.0011596041
test_04855,0.9999999809
test_04856,0.0000010779
test_04857,0.0000029672
test_04858,0.9999995564
test_04859,0.0000123629
test_04860,0.0065533284
test_04861,0.9999966297
test_04862,0.0000061887
test_04863,0.0000009330
test_04864,0.9999713237
test_04865,0.0001312946
test_04866,0.0000257563
test_04867,0.0000110983
test_04868,0.0000041207
test_04869,0.0006567454
test_04870,0.9999999608
test_04871,0.9999995840
test_04872,0.9996284885
test_04873,0.9999932297
test_04874,0.0000274156
test_04875,0.9999991418
test_04876,0.0000012417
test_04877,0.0000029426
test_04878,0.0004412961
test_04879,0.9889162744
test_04880,0.0000007661
test_04881,0.0000000610
test_04882,0.9999391472
test_04883,0.9999989733
test_04884,0.0000000904
test_04885,0.0000082402
test_04886,0.9999742988
test_04887,0.0000000914
test_04888,0.0000002892
test_04889,0.9737117455
test_04890,0.0000016092
test_04891,0.9942338170
test_04892,0.2075427840
test_04893,0.9999244493
test_04894,0.0000021980
test_04895,0.0000000049
test_04896,0.0000001334
test_04897,0.0003446268
test_04898,0.0004980492
test_04899,0.0003632167
test_04900,0.9999992588
test_04901,0.9997882430
test_04902,0.0000000110
test_04903,0.9999978747
test_04904,0.9999978400
test_04905,0.0080601385
test_04906,0.9999995266
test_04907,0.9999646089
test_04908,0.0023205619
test_04909,0.9985346243
test_04910,0.9999962640
test_04911,0.9999998894
test_04912,0.9999986863
test_04913,0.9999996824
test_04914,0.0000000206
test_04915,0.9999968979
test_04916,0.0000002584
test_04917,0.9996786960
test_04918,0.9999807909
test_04919,0.0073111965
test_04920,0.7147712982
test_04921,0.9999999878
test_04922,0.0000002806
test_04923,0.0010318985
test_04924,0.0000001385
test_04925,0.9999925820
test_04926,0.9999995804
test_04927,0.0000000204
test_04928,0.0000076177
test_04929,0.9999972613
test_04930,0.0088206615
test_04931,0.9999781640
test_04932,0.9999994378
test_04933,0.9999997506
test_04934,0.0247279213
test_04935,0.0000031859
test_04936,0.9999999632
test_04937,0.0000001865
test_04938,0.0000004106
test_04939,0.9999851593
test_04940,0.9999999042
test_04941,0.9999999602
test_04942,0.0396543353
test_04943,0.9999999586
test_04944,0.9999945611
test_04945,0.0000000795
test_04946,0.0000000180
test_04947,0.9999850507
test_04948,0.9999996850
test_04949,0.9999997093
test_04950,0.0000615881
test_04951,0.0031154561
test_04952,0.9999971006
test_04953,0.0000077602
test_04954,0.9999958988
test_04955,0.9999944430
test_04956,0.9999918906
test_04957,0.9999963233
test_04958,0.0000000575
test_04959,0.0000007864
test_04960,0.9999976735
test_04961,0.0000071621
test_04962,0.9999613444
test_04963,0.0000678711
test_04964,0.0013411637
test_04965,0.9999952190
test_04966,0.9999997616
test_04967,0.9071004508
test_04968,0.0000003575
test_04969,0.9825936241
test_04970,0.9999994106
test_04971,0.9999999643
test_04972,0.0000000070
test_04973,0.9999963684
test_04974,0.9999997413
test_04975,0.0000003675
test_04976,0.0005530698
test_04977,0.0000001604
test_04978,0.0000079032
test_04979,0.0001959420
test_04980,0.9999995800
test_04981,0.9999995878
test_04982,0.9999745150
test_04983,0.0001991367
test_04984,0.8912095693
test_04985,0.9983911944
test_04986,0.0000110007
test_04987,0.9999997239
test_04988,0.0000013391
test_04989,0.0000040342
test_04990,0.9999986796
test_04991,0.0000013644
test_04992,0.0000634409
test_04993,0.9999999872
test_04994,0.0000007899
test_04995,0.9999857234
test_04996,0.0201214966
test_04997,0.0000006515
test_04998,0.0000898256
test_04999,0.0000004961
test_05000,0.9999999199
test_05001,0.9999996840
test_05002,0.0156181633
test_05003,0.9994386698
test_05004,0.0000000600
test_05005,0.9999620914
test_05006,0.0000006688
test_05007,0.9877878655
test_05008,0.9999988266
test_05009,0.9986174571
test_05010,0.0000000519
test_05011,0.0094950641
test_05012,0.9999996412
test_05013,0.9999994441
test_05014,0.9999993463
test_05015,0.9999923695
test_05016,0.0211584110
test_05017,0.9999971060
test_05018,0.0000006827
test_05019,0.0032513936
test_05020,0.9999935888
test_05021,0.0000677169
test_05022,0.9999998823
test_05023,0.9966668407
test_05024,0.9989700363
test_05025,0.0004114747
test_05026,0.9999999472
test_05027,0.9988875242
test_05028,0.9999996785
test_05029,0.9999997336
test_05030,0.9999791008
test_05031,0.0003044812
test_05032,0.9999996158
test_05033,0.9999999697
test_05034,0.0640838540
test_05035,0.0020886356
test_05036,0.9991809290
test_05037,0.9999999796
test_05038,0.0000054445
test_05039,0.9999997615
test_05040,0.0000221011
test_05041,0.9998473852
test_05042,0.9879040684
test_05043,0.9999227233
test_05044,0.8915746550
test_05045,0.9995554274
test_05046,0.0000013802
test_05047,0.9999999582
test_05048,0.0000051503
test_05049,0.9999999652
test_05050,0.0019600885
test_05051,0.0000778045
test_05052,0.9999973964
test_05053,0.9999933900
test_05054,0.0000001156
test_05055,0.0000002024
test_05056,0.9999916417
test_05057,0.9999941000
test_05058,0.9999988961
test_05059,0.0000000141
test_05060,0.9999967408
test_05061,0.9999996745
test_05062,0.0000000136
test_05063,0.9999973477
test_05064,0.9999895077
test_05065,0.0000000894
test_05066,0.0000007695
test_05067,0.9999994496
test_05068,0.9999907112
test_05069,0.9997709586
test_05070,0.9999226570
test_05071,0.0000001967
test_05072,0.0033400831
test_05073,0.0000071477
test_05074,0.0000470673
test_05075,0.9999999418
test_05076,0.9999241029
test_05077,0.0000000076
test_05078,0.9999847781
test_05079,0.0000000522
test_05080,0.9999956183
test_05081,0.0000000140
test_05082,0.0000002221
test_05083,0.9938161125
test_05084,0.9680172716
test_05085,0.9999997772
test_05086,0.9999995539
test_05087,0.0181372718
test_05088,0.9999995366
test_05089,0.0000524796
test_05090,0.0099277540
test_05091,0.9999990112
test_05092,0.0000065663
test_05093,0.0000007705
test_05094,0.0000004996
test_05095,0.9999817892
test_05096,0.0000156505
test_05097,0.9999988557
test_05098,0.0000012955
test_05099,0.9999850690
test_05100,0.0000107844
test_05101,0.0000000380
test_05102,0.0000005326
test_05103,0.9976884893
test_05104,0.0000000078
test_05105,0.9998417692
test_05106,0.9965663464
test_05107,0.0001283454
test_05108,0.0078175368
test_05109,0.0000000051
test_05110,0.9999016054
test_05111,0.9999959070
test_05112,0.9999879310
test_05113,0.0003294952
test_05114,0.0271290575
test_05115,0.0000522958
test_05116,0.0000183703
test_05117,0.9999892442
test_05118,0.0167361052
test_05119,0.9999969511
test_05120,0.9999996422
test_05121,0.0000006703
test_05122,0.0000294294
test_05123,0.0003233083
test_05124,0.0000593957
test_05125,0.9999688206
test_05126,0.9999593212
test_05127,0.9999980165
test_05128,0.0000820279
test_05129,0.0963046662
test_05130,0.0000284395
test_05131,0.3572575169
test_05132,0.0000000499
test_05133,0.0177342145
test_05134,0.9632816872
test_05135,0.0005772258
test_05136,0.2413043870
test_05137,0.9999976537
test_05138,0.9704879843
test_05139,0.9978133937
test_05140,0.9999998183
test_05141,0.9999838098
test_05142,0.9998591363
test_05143,0.9999982577
test_05144,0.9885419071
test_05145,0.9999999828
test_05146,0.9999999191
test_05147,0.8099755941
test_05148,0.6149117307
test_05149,0.0007726687
test_05150,0.0171761301
test_05151,0.9999974996
test_05152,0.9999997473
test_05153,0.0003293502
test_05154,0.0001172389
test_05155,0.0092409057
test_05156,0.9999959828
test_05157,0.0000000243
test_05158,0.9998466188
test_05159,0.0000013069
test_05160,0.9870497391
test_05161,0.9999339121
test_05162,0.0007335927
test_05163,0.0000017350
test_05164,0.0003901914
test_05165,0.0002397043
test_05166,0.9999979166
test_05167,0.9839626243
test_05168,0.9999642060
test_05169,0.9999982722
test_05170,0.0000000143
test_05171,0.9999981976
test_05172,0.9999907669
test_05173,0.0001023745
test_05174,0.9994585300
test_05175,0.0001589728
test_05176,0.0000010897
test_05177,0.9999981693
test_05178,0.9975906340
test_05179,0.0001998929
test_05180,0.0000001150
test_05181,0.0026544820
test_05182,0.0000230181
test_05183,0.0000311982
test_05184,0.9999876451
test_05185,0.9999999692
test_05186,0.9999928274
test_05187,0.9999990484
test_05188,0.9999992426
test_05189,0.0000110654
test_05190,0.9999991262
test_05191,0.9985365677
test_05192,0.0001091727
test_05193,0.0000002174
test_05194,0.9989706225
test_05195,0.0000735397
test_05196,0.0000001795
test_05197,0.0000408994
test_05198,0.9999998426
test_05199,0.9948461475
test_05200,0.9999999838
test_05201,0.9999991305
test_05202,0.9999814865
test_05203,0.9999358581
test_05204,0.0000582949
test_05205,0.0002501818
test_05206,0.9999999405
test_05207,0.0000011968
test_05208,0.9999986342
test_05209,0.0000031385
test_05210,0.9999988785
test_05211,0.9999886902
test_05212,0.9999999326
test_05213,0.0000053163
test_05214,0.0066593323
test_05215,0.9999202332
test_05216,0.9978230737
test_05217,0.9999883538
test_05218,0.9999994158
test_05219,0.0038458487
test_05220,0.9999994634
test_05221,0.0000000282
test_05222,0.0000466809
test_05223,0.9999999653
test_05224,0.0000000222
test_05225,0.9999991638
test_05226,0.0000001148
test_05227,0.9999978678
test_05228,0.3066938271
test_05229,0.0013015891
test_05230,0.5704988673
test_05231,0.0000033044
test_05232,0.0000012652
test_05233,0.9469009932
test_05234,0.0001867321
test_05235,0.9999981400
test_05236,0.9901381405
test_05237,0.9999592556
test_05238,0.0000000120
test_05239,0.9999994271
test_05240,0.9999707874
test_05241,0.0000045606
test_05242,0.9999929264
test_05243,0.9999999860
test_05244,0.5418146104
test_05245,0.0000000765
test_05246,0.0010791765
test_05247,0.0000026593
test_05248,0.0000400953
test_05249,0.0070619715
test_05250,0.9999486035
test_05251,0.9999987245
test_05252,0.0000003287
test_05253,0.0000037253
test_05254,0.9999953229
test_05255,0.9999307581
test_05256,0.0000003774
test_05257,0.9384578095
test_05258,0.0000054891
test_05259,0.0000000063
test_05260,0.9998718782
test_05261,0.9999999817
test_05262,0.9999751729
test_05263,0.9999997040
test_05264,0.9955252863
test_05265,0.0000123581
test_05266,0.9999999548
test_05267,0.9999999724
test_05268,0.9999689856
test_05269,0.9996647442
test_05270,0.9984432293
test_05271,0.9999546190
test_05272,0.9999998377
test_05273,0.0000000233
test_05274,0.0000021279
test_05275,0.0010144729
test_05276,0.9999978862
test_05277,0.0002166490
test_05278,0.9999893478
test_05279,0.0000000274
test_05280,0.0006733383
test_05281,0.9999986301
test_05282,0.0018491868
test_05283,0.9999975872
test_05284,0.9999291100
test_05285,0.0000925440
test_05286,0.9999669938
test_05287,0.0000009221
test_05288,0.9967816960
test_05289,0.9999999301
test_05290,0.9999998188
test_05291,0.0000001991
test_05292,0.9999997877
test_05293,0.0000002937
test_05294,0.8902410848
test_05295,0.9999993495
test_05296,0.0007882622
test_05297,0.0000366057
test_05298,0.9999996421
test_05299,0.9999984302
test_05300,0.0301302918
test_05301,0.0007883271
test_05302,0.0000003695
test_05303,0.9999999672
test_05304,0.0000005037
test_05305,0.9999999896
test_05306,0.0946240507
test_05307,0.9988608010
test_05308,0.9999989514
test_05309,0.0000002432
test_05310,0.0000028789
test_05311,0.9999998836
test_05312,0.9999999610
test_05313,0.9999932309
test_05314,0.9974781864
test_05315,0.0000000357
test_05316,0.9999900305
test_05317,0.9999999865
test_05318,0.0001336588
test_05319,0.9999511540
test_05320,0.9999999223
test_05321,0.9999982390
test_05322,0.0389044238
test_05323,0.9780530857
test_05324,0.9999999468
test_05325,0.9999996008
test_05326,0.9999940054
test_05327,0.9999950983
test_05328,0.0000011771
test_05329,0.9999999490
test_05330,0.0000002693
test_05331,0.0000000462
test_05332,0.0000000220
test_05333,0.8071817004
test_05334,0.0000315795
test_05335,0.0001173158
test_05336,0.9999966818
test_05337,0.9999942299
test_05338,0.9999855315
test_05339,0.0000002074
test_05340,0.9999999179
test_05341,0.0276701074
test_05342,0.0000030835
test_05343,0.7400783354
test_05344,0.0000002714
test_05345,0.0000789196
test_05346,0.9999952762
test_05347,0.0008490312
test_05348,0.9997605248
test_05349,0.0105890118
test_05350,0.0000117832
test_05351,0.9999990477
test_05352,0.0000155629
test_05353,0.0000109153
test_05354,0.0000708806
test_05355,0.0006291776
test_05356,0.0000001523
test_05357,0.9932839331
test_05358,0.0000070477
test_05359,0.0000005064
test_05360,0.0000002126
test_05361,0.9997417637
test_05362,0.2166644004
test_05363,0.0000000494
test_05364,0.9998063814
test_05365,0.0004432258
test_05366,0.0517377152
test_05367,0.0000178957
test_05368,0.0124581844
test_05369,0.0001083674
test_05370,0.9999999825
test_05371,0.0000110325
test_05372,0.9999878866
test_05373,0.9999879796
test_05374,0.0048673799
test_05375,0.0000000298
test_05376,0.0000008037
test_05377,0.9993783034
test_05378,0.9999999460
test_05379,0.9999996795
test_05380,0.0000219876
test_05381,0.9999999669
test_05382,0.7643633894
test_05383,0.9999999456
test_05384,0.0101391234
test_05385,0.9985574170
test_05386,0.7593946834
test_05387,0.9999979550
test_05388,0.9982952583
test_05389,0.0000015811
test_05390,0.9999527692
test_05391,0.9999783277
test_05392,0.9995461065
test_05393,0.9999659280
test_05394,0.9999957573
test_05395,0.9999998841
test_05396,0.0000018547
test_05397,0.0000489971
test_05398,0.9997805854
test_05399,0.9953818637
test_05400,0.9845722358
test_05401,0.0138684078
test_05402,0.9999852325
test_05403,0.9996426374
test_05404,0.9999918176
test_05405,0.0001537227
test_05406,0.9999993083
test_05407,0.9999203109
test_05408,0.9999997357
test_05409,0.0000000196
test_05410,0.9999999297
test_05411,0.9999838833
test_05412,0.9999985895
test_05413,0.0000027566
test_05414,0.0003836777
test_05415,0.0004716303
test_05416,0.9999930609
test_05417,0.0000023445
test_05418,0.9999882132
test_05419,0.9999999033
test_05420,0.0212470248
test_05421,0.9999841869
test_05422,0.9999825191
test_05423,0.0269588074
test_05424,0.0000000307
test_05425,0.2358837102
test_05426,0.0000001296
test_05427,0.0000000070
test_05428,0.9999988510
test_05429,0.9999996258
test_05430,0.9999915804
test_05431,0.0015207535
test_05432,0.9999996042
test_05433,0.9999935417
test_05434,0.9999989354
test_05435,0.9999998971
test_05436,0.0000152727
test_05437,0.9997544204
test_05438,0.0007062964
test_05439,0.0000009703
test_05440,0.0000012981
test_05441,0.9999999794
test_05442,0.9999993314
test_05443,0.0000065877
test_05444,0.9999999265
test_05445,0.0000005545
test_05446,0.0000000571
test_05447,0.9901919973
test_05448,0.9999998564
test_05449,0.0000092807
test_05450,0.9999990930
test_05451,0.0797495192
test_05452,0.9999997461
test_05453,0.9999999920
test_05454,0.0000004391
test_05455,0.0000010978
test_05456,0.0000001740
test_05457,0.0000000109
test_05458,0.0000739336
test_05459,0.0000017209
test_05460,0.9999662547
test_05461,0.0000041440
test_05462,0.9999998479
test_05463,0.9999995798
test_05464,0.9999999518
test_05465,0.0000257542
test_05466,0.9999999309
test_05467,0.0000000438
test_05468,0.9994642781
test_05469,0.9999926411
test_05470,0.0000031133
test_05471,0.0005527918
test_05472,0.9959440291
test_05473,0.0000055183
test_05474,0.0000000125
test_05475,0.0000043299
test_05476,0.0000014674
test_05477,0.2569083189
test_05478,0.0004102670
test_05479,0.9996064798
test_05480,0.0000002150
test_05481,0.9999998853
test_05482,0.0000000147
test_05483,0.9999966661
test_05484,0.0000061972
test_05485,0.0000007039
test_05486,0.9599993384
test_05487,0.2224650852
test_05488,0.9999994074
test_05489,0.0000010310
test_05490,0.0000000665
test_05491,0.0322927272
test_05492,0.0000008258
test_05493,0.0010491153
test_05494,0.9999998511
test_05495,0.9999992284
test_05496,0.9999514500
test_05497,0.0000013726
test_05498,0.0000093495
test_05499,0.0010443492
test_05500,0.9999933078
test_05501,0.9999986698
test_05502,0.0000000058
test_05503,0.0000030690
test_05504,0.9999999693
test_05505,0.9999814564
test_05506,0.0000034391
test_05507,0.0000000127
test_05508,0.9999999844
test_05509,0.0000000062
test_05510,0.9999999556
test_05511,0.9999995007
test_05512,0.0000021958
test_05513,0.0000508661
test_05514,0.0002518601
test_05515,0.0000000153
test_05516,0.0000782293
test_05517,0.0000008238
test_05518,0.0003765579
test_05519,0.9265601835
test_05520,0.9996355498
test_05521,0.9999957330
test_05522,0.0001427082
test_05523,0.9999448217
test_05524,0.9999766881
test_05525,0.0000000049
test_05526,0.0003162096
test_05527,0.9999410380
test_05528,0.0000003526
test_05529,0.9999998552
test_05530,0.0000147437
test_05531,0.0000000171
test_05532,0.9999995814
test_05533,0.9999998826
test_05534,0.9999978772
test_05535,0.9999998037
test_05536,0.9999651655
test_05537,0.9999999852
test_05538,0.0000001517
test_05539,0.9999989844
test_05540,0.9998549306
test_05541,0.0012808190
test_05542,0.9998603140
test_05543,0.0000000174
test_05544,0.9999917164
test_05545,0.0014720342
test_05546,0.0000220026
test_05547,0.0000002317
test_05548,0.9999904797
test_05549,0.0961499504
test_05550,0.0001458649
test_05551,0.9999979324
test_05552,0.0257670533
test_05553,0.9999864530
test_05554,0.9999516789
test_05555,0.9999999129
test_05556,0.9999996745
test_05557,0.9997277702
test_05558,0.0000014925
test_05559,0.0000000068
test_05560,0.9999993142
test_05561,0.0000132099
test_05562,0.9999994755
test_05563,0.9981281981
test_05564,0.9997414227
test_05565,0.9999998617
test_05566,0.0000009296
test_05567,0.9999991480
test_05568,0.9999998862
test_05569,0.4226509611
test_05570,0.0000000191
test_05571,0.9999994155
test_05572,0.9999768643
test_05573,0.9999997527
test_05574,0.0000221603
test_05575,0.9999992864
test_05576,0.0027645025
test_05577,0.9999977157
test_05578,0.9999783634
test_05579,0.0000008883
test_05580,0.8138407624
test_05581,0.0000014099
test_05582,0.9999999858
test_05583,0.0000112400
test_05584,0.9999996207
test_05585,0.0000026301
test_05586,0.0273195734
test_05587,0.0000000328
test_05588,0.9999970598
test_05589,0.0000001028
test_05590,0.9995335537
test_05591,0.0000095273
test_05592,0.0023199740
test_05593,0.9999732980
test_05594,0.9680639075
test_05595,0.9999999142
test_05596,0.9999752144
test_05597,0.0000000698
test_05598,0.9922221560
test_05599,0.7783540982
test_05600,0.9999999744
test_05601,0.9999979961
test_05602,0.0000011071
test_05603,0.9993913138
test_05604,0.9999999574
test_05605,0.8725808481
test_05606,0.0000003516
test_05607,0.0047191999
test_05608,0.0000512198
test_05609,0.0000037804
test_05610,0.9999996947
test_05611,0.0000034818
test_05612,0.9999934746
test_05613,0.0000535360
test_05614,0.0086399987
test_05615,0.9999997583
test_05616,0.0004552381
test_05617,0.0000000821
test_05618,0.0000000066
test_05619,0.0000006777
test_05620,0.0021687544
test_05621,0.0006654334
test_05622,0.9999857581
test_05623,0.0000091121
test_05624,0.9999250230
test_05625,0.0000150724
test_05626,0.9999980088
test_05627,0.0000002446
test_05628,0.9656146164
test_05629,0.0000115178
test_05630,0.0000000314
test_05631,0.0000004684
test_05632,0.9999999606
test_05633,0.9999894320
test_05634,0.9999995956
test_05635,0.0000003960
test_05636,0.9998992930
test_05637,0.9999959676
test_05638,0.1005208419
test_05639,0.9956814623
test_05640,0.9999991588
test_05641,0.0000002741
test_05642,0.9999990362
test_05643,0.0917774054
test_05644,0.0000553453
test_05645,0.9999987761
test_05646,0.0001776881
test_05647,0.0004312801
test_05648,0.0000000097
test_05649,0.0000005074
test_05650,0.9999967194
test_05651,0.0000036351
test_05652,0.9999836388
test_05653,0.0000158997
test_05654,0.0841604781
test_05655,0.9999620694
test_05656,0.0005347078
test_05657,0.0011981650
test_05658,0.0000095702
test_05659,0.9999997313
test_05660,0.9999998729
test_05661,0.0000042787
test_05662,0.9999999602
test_05663,0.9998957031
test_05664,0.9999994915
test_05665,0.0000001860
test_05666,0.0000000972
test_05667,0.0000575573
test_05668,0.0022567272
test_05669,0.9999997219
test_05670,0.9999983885
test_05671,0.9955586953
test_05672,0.9999998257
test_05673,0.0000070217
test_05674,0.1265489175
test_05675,0.9999960780
test_05676,0.0000047322
test_05677,0.0000023824
test_05678,0.0000000113
test_05679,0.9999793754
test_05680,0.0000000075
test_05681,0.0000000379
test_05682,0.9999999830
test_05683,0.0000069727
test_05684,0.0000265150
test_05685,0.0004799930
test_05686,0.9999490931
test_05687,0.0000095826
test_05688,0.0279744592
test_05689,0.9999867671
test_05690,0.0000215663
test_05691,0.9999981899
test_05692,0.9897633086
test_05693,0.9999538031
test_05694,0.9998778773
test_05695,0.0000002240
test_05696,0.9999957733
test_05697,0.9997306642
test_05698,0.0000002051
test_05699,0.3822973938
test_05700,0.9999461644
test_05701,0.9999982931
test_05702,0.2259779719
test_05703,0.9999997636
test_05704,0.9999929905
test_05705,0.0000869128
test_05706,0.0000072824
test_05707,0.9999992805
test_05708,0.0000009750
test_05709,0.4708832242
test_05710,0.9999946318
test_05711,0.0001221017
test_05712,0.9999949815
test_05713,0.0000005252
test_05714,0.9999183758
test_05715,0.0106923671
test_05716,0.9999946616
test_05717,0.9998100505
test_05718,0.9999915336
test_05719,0.0000002637
test_05720,0.0000009347
test_05721,0.9999996662
test_05722,0.9993421464
test_05723,0.0000000450
test_05724,0.9999998947
test_05725,0.0000227837
test_05726,0.0000000056
test_05727,0.9999965150
test_05728,0.9999920826
test_05729,0.0000006084
test_05730,0.9999996014
test_05731,0.9999999123
test_05732,0.0000049237
test_05733,0.9999994267
test_05734,0.9999179559
test_05735,0.0000025560
test_05736,0.0000047991
test_05737,0.0000005767
test_05738,0.0014171572
test_05739,0.0000060757
test_05740,0.9601894901
test_05741,0.0040924395
test_05742,0.0000660847
test_05743,0.0000161655
test_05744,0.0052518819
test_05745,0.0000000798
test_05746,0.0000850318
test_05747,0.1367621953
test_05748,0.0001461980
test_05749,0.9999999884
test_05750,0.0001440761
test_05751,0.0000000236
test_05752,0.0000003761
test_05753,0.0000031372
test_05754,0.9992273944
test_05755,0.9999996965
test_05756,0.9752582935
test_05757,0.9571233563
test_05758,0.0000826993
test_05759,0.0000670416
test_05760,0.9999880771
test_05761,0.9999646076
test_05762,0.0000095536
test_05763,0.9999979452
test_05764,0.9987360966
test_05765,0.9999991571
test_05766,0.0000142273
test_05767,0.0000996056
test_05768,0.0000178969
test_05769,0.0004435854
test_05770,0.9999974228
test_05771,0.7506845980
test_05772,0.9719532180
test_05773,0.9999881274
test_05774,0.6352883004
test_05775,0.9659658047
test_05776,0.0000454258
test_05777,0.9960024769
test_05778,0.9999993442
test_05779,0.0001784685
test_05780,0.8750469487
test_05781,0.9999407371
test_05782,0.9999599168
test_05783,0.9999997465
test_05784,0.9999437432
test_05785,0.9999989911
test_05786,0.9999997087
test_05787,0.0797820457
test_05788,0.9804689209
test_05789,0.8909651556
test_05790,0.9999958849
test_05791,0.0000536319
test_05792,0.0001918800
test_05793,0.9999999719
test_05794,0.9999614555
test_05795,0.9997791714
test_05796,0.9999956690
test_05797,0.9999987269
test_05798,0.9999972578
test_05799,0.9999933183
test_05800,0.9999999014
test_05801,0.0006403726
test_05802,0.0000121790
test_05803,0.9999964734
test_05804,0.9999961226
test_05805,0.9999992607
test_05806,0.0000004858
test_05807,0.0000000115
test_05808,0.3163693934
test_05809,0.0085557636
test_05810,0.9999878628
test_05811,0.0000171502
test_05812,0.9999910521
test_05813,0.9999997996
test_05814,0.9999996687
test_05815,0.9998667928
test_05816,0.0000000167
test_05817,0.9999547067
test_05818,0.9999997881
test_05819,0.9994860807
test_05820,0.0000007084
test_05821,0.9999976367
test_05822,0.0000402216
test_05823,0.0009298328
test_05824,0.0000219753
test_05825,0.0003237255
test_05826,0.9999988185
test_05827,0.0001232743
test_05828,0.0274562109
test_05829,0.0001491314
test_05830,0.0000186910
test_05831,0.0000001610
test_05832,0.9999491738
test_05833,0.8524895210
test_05834,0.0044276375
test_05835,0.9999998360
test_05836,0.9999921052
test_05837,0.0000169465
test_05838,0.0000000260
test_05839,0.9999999776
test_05840,0.9999995813
test_05841,0.0026658446
test_05842,0.0000001231
test_05843,0.9999180962
test_05844,0.0057082539
test_05845,0.0000118552
test_05846,0.9983715175
test_05847,0.9999938652
test_05848,0.0002057548
test_05849,0.0000000071
test_05850,0.0045573171
test_05851,0.0000051095
test_05852,0.9999974192
test_05853,0.9991084991
test_05854,0.2015340005
test_05855,0.9999841232
test_05856,0.9999997576
test_05857,0.9999999497
test_05858,0.0000000808
test_05859,0.0000040372
test_05860,0.0000001090
test_05861,0.0000000424
test_05862,0.0002392811
test_05863,0.0000011227
test_05864,0.0087106647
test_05865,0.0000143204
test_05866,0.9476206995
test_05867,0.9999980334
test_05868,0.9928598007
test_05869,0.9999954805
test_05870,0.0000015317
test_05871,0.9999972551
test_05872,0.9999982545
test_05873,0.0002133109
test_05874,0.0000833313
test_05875,0.0000424781
test_05876,0.0000009915
test_05877,0.9999944423
test_05878,0.9999999718
test_05879,0.9998842336
test_05880,0.9999977036
test_05881,0.9999999726
test_05882,0.9999446987
test_05883,0.9999999676
test_05884,0.9999887973
test_05885,0.0004423254
test_05886,0.0000090234
test_05887,0.0000009167
test_05888,0.0000019996
test_05889,0.0000035839
test_05890,0.0000001369
test_05891,0.0014085564
test_05892,0.9999937103
test_05893,0.0000029225
test_05894,0.9999683420
test_05895,0.0000000825
test_05896,0.9999833802
test_05897,0.9999971998
test_05898,0.0000000152
test_05899,0.9999960026
test_05900,0.9999779099
test_05901,0.7797501915
test_05902,0.9999442361
test_05903,0.0000000672
test_05904,0.2721268768
test_05905,0.0001923123
test_05906,0.0005927299
test_05907,0.0398620655
test_05908,0.0000014179
test_05909,0.0294203801
test_05910,0.9999999787
test_05911,0.0000013411
test_05912,0.0000015831
test_05913,0.0001150087
test_05914,0.0000234752
test_05915,0.9999993991
test_05916,0.0000017156
test_05917,0.0000000789
test_05918,0.0269914857
test_05919,0.9987995062
test_05920,0.0194967508
test_05921,0.9999998799
test_05922,0.9999998490
test_05923,0.9999992344
test_05924,0.0000000278
test_05925,0.0000002799
test_05926,0.0000563536
test_05927,0.0001384306
test_05928,0.9999989579
test_05929,0.0000000829
test_05930,0.0000000719
test_05931,0.9999906515
test_05932,0.0000000263
test_05933,0.0000057442
test_05934,0.0000000115
test_05935,0.0000007415
test_05936,0.9999999008
test_05937,0.0012005228
test_05938,0.9999990541
test_05939,0.0000004467
test_05940,0.0002013773
test_05941,0.9999997052
test_05942,0.0000007558
test_05943,0.9999991005
test_05944,0.9999984829
test_05945,0.0001028931
test_05946,0.1948065174
test_05947,0.9999432860
test_05948,0.9999577437
test_05949,0.9999911959
test_05950,0.0000010679
test_05951,0.0000000641
test_05952,0.0000001824
test_05953,0.9999951925
test_05954,0.0000538175
test_05955,0.9997788867
test_05956,0.5648237039
test_05957,0.0005475093
test_05958,0.0000135104
test_05959,0.9999718586
test_05960,0.0000031674
test_05961,0.9036128058
test_05962,0.9999994858
test_05963,0.9999999557
test_05964,0.0031622658
test_05965,0.0001940358
test_05966,0.0001037975
test_05967,0.3866309184
test_05968,0.9999968672
test_05969,0.0000000142
test_05970,0.9786918108
test_05971,0.0000000192
test_05972,0.9990262908
test_05973,0.0000001297
test_05974,0.0010917582
test_05975,0.9997066009
test_05976,0.0000000986
test_05977,0.9999976432
test_05978,0.9999179459
test_05979,0.0027722768
test_05980,0.0000166742
test_05981,0.9998084625
test_05982,0.9999998105
test_05983,0.0000001885
test_05984,0.0003250706
test_05985,0.0000003936
test_05986,0.9998777573
test_05987,0.9999860501
test_05988,0.9999993510
test_05989,0.9999498076
test_05990,0.9999999749
test_05991,0.9999877818
test_05992,0.9999709616
test_05993,0.9994116760
test_05994,0.0008646005
test_05995,0.0101411683
test_05996,0.1082189822
test_05997,0.9999999859
test_05998,0.9966542901
test_05999,0.0007676518
test_06000,0.9999999818
test_06001,0.9999753109
test_06002,0.9999998008
test_06003,0.9999876660
test_06004,0.0000000130
test_06005,0.9999759010
test_06006,0.9999988188
test_06007,0.0000000221
test_06008,0.0000001928
test_06009,0.0000019820
test_06010,0.9999998034
test_06011,0.9981969031
test_06012,0.9993927781
test_06013,0.9996999380
test_06014,0.0003974211
test_06015,0.0000001473
test_06016,0.0000005424
test_06017,0.0000965894
test_06018,0.0000020867
test_06019,0.9998070130
test_06020,0.0002832742
test_06021,0.0000006752
test_06022,0.0000004185
test_06023,0.0000892208
test_06024,0.9999921257
test_06025,0.9999966374
test_06026,0.0002146561
test_06027,0.9999965529
test_06028,0.0000002183
test_06029,0.0000786399
test_06030,0.9912145782
test_06031,0.0006315388
test_06032,0.0000046512
test_06033,0.0000000985
test_06034,0.9958686603
test_06035,0.0000000787
test_06036,0.9998569850
test_06037,0.0001034545
test_06038,0.9999959785
test_06039,0.0000008432
test_06040,0.1703654659
test_06041,0.9475845743
test_06042,0.9999891032
test_06043,0.0000883352
test_06044,0.9999999832
test_06045,0.9119828581
test_06046,0.0000590554
test_06047,0.0000044217
test_06048,0.9999999011
test_06049,0.0000082084
test_06050,0.0000031112
test_06051,0.0000000092
test_06052,0.9999981691
test_06053,0.0000000516
test_06054,0.0000198256
test_06055,0.0000000099
test_06056,0.9999997489
test_06057,0.9999838294
test_06058,0.9999997597
test_06059,0.9999996088
test_06060,0.9999985271
test_06061,0.0000004521
test_06062,0.9999962613
test_06063,0.9999984040
test_06064,0.9999869772
test_06065,0.0000670554
test_06066,0.0000229511
test_06067,0.2760329238
test_06068,0.9999999879
test_06069,0.9957037190
test_06070,0.0000004789
test_06071,0.0000556015
test_06072,0.9999989448
test_06073,0.9999825337
test_06074,0.0006865175
test_06075,0.0000077946
test_06076,0.9999998694
test_06077,0.9981272985
test_06078,0.9999631581
test_06079,0.9999954929
test_06080,0.9999604083
test_06081,0.9988443880
test_06082,0.9764610064
test_06083,0.0000066221
test_06084,0.0000000680
test_06085,0.9999980385
test_06086,0.0007829779
test_06087,0.9999972235
test_06088,0.0000538630
test_06089,0.9905408869
test_06090,0.9999999574
test_06091,0.9999998458
test_06092,0.0000000080
test_06093,0.1563160369
test_06094,0.9999928390
test_06095,0.0342852733
test_06096,0.9999999258
test_06097,0.0000004266
test_06098,0.0000000062
test_06099,0.0000004344
test_06100,0.0000008226
test_06101,0.0000003741
test_06102,0.9999989659
test_06103,0.9999994882
test_06104,0.9999888751
test_06105,0.9999968433
test_06106,0.9999991881
test_06107,0.9999275007
test_06108,0.6839978292
test_06109,0.0000001673
test_06110,0.9804779079
test_06111,0.0000367296
test_06112,0.0000007682
test_06113,0.0000000268
test_06114,0.0000002015
test_06115,0.9999999785
test_06116,0.9999942152
test_06117,0.0025714298
test_06118,0.0000070036
test_06119,0.9999980138
test_06120,0.9986137276
test_06121,0.9999998505
test_06122,0.0014614094
test_06123,0.0000000564
test_06124,0.0010547100
test_06125,0.9999999484
test_06126,0.9836086816
test_06127,0.0000000613
test_06128,0.9987856842
test_06129,0.0003580514
test_06130,0.6624817542
test_06131,0.0000022007
test_06132,0.9999164565
test_06133,0.0232723615
test_06134,0.0000033156
test_06135,0.0000223159
test_06136,0.9999972523
test_06137,0.9997294945
test_06138,0.9996580212
test_06139,0.9999996334
test_06140,0.9999966223
test_06141,0.9999963781
test_06142,0.9803857420
test_06143,0.0000000532
test_06144,0.9999797778
test_06145,0.0000262751
test_06146,0.0015072956
test_06147,0.9999567233
test_06148,0.0000002041
test_06149,0.0000125912
test_06150,0.0000005629
test_06151,0.9999901264
test_06152,0.0000000101
test_06153,0.9999998713
test_06154,0.0880737261
test_06155,0.9999294435
test_06156,0.0000027648
test_06157,0.0000346611
test_06158,0.0000062914
test_06159,0.1607741453
test_06160,0.9999998587
test_06161,0.0000003275
test_06162,0.9924650986
test_06163,0.9999995191
test_06164,0.9999878366
test_06165,0.0002242055
test_06166,0.0036824316
test_06167,0.7070849314
test_06168,0.1167809497
test_06169,0.9999990315
test_06170,0.9999914455
test_06171,0.0000018395
test_06172,0.9999987704
test_06173,0.9999998844
test_06174,0.0000000085
test_06175,0.0000000284
test_06176,0.8567630530
test_06177,0.9999989718
test_06178,0.9999482282
test_06179,0.9999994431
test_06180,0.9999985096
test_06181,0.0000068948
test_06182,0.0000002741
test_06183,0.9999999834
test_06184,0.9988441670
test_06185,0.0013559837
test_06186,0.9999999863
test_06187,0.0000000351
test_06188,0.9920770425
test_06189,0.0000000569
test_06190,0.9939183803
test_06191,0.0000000571
test_06192,0.0000000090
test_06193,0.9999757583
test_06194,0.9999769113
test_06195,0.0002132802
test_06196,0.0000000855
test_06197,0.9999983076
test_06198,0.0000027937
test_06199,0.9999999647
test_06200,0.9999999711
test_06201,0.9978642495
test_06202,0.0001958934
test_06203,0.0000020388
test_06204,0.0285564755
test_06205,0.9992850481
test_06206,0.0000123862
test_06207,0.9999961163
test_06208,0.0000000816
test_06209,0.0000027210
test_06210,0.9999988296
test_06211,0.0003043848
test_06212,0.9999929934
test_06213,0.0000000252
test_06214,0.0000010042
test_06215,0.9999867907
test_06216,0.9999962677
test_06217,0.9999976959
test_06218,0.9980522150
test_06219,0.0119591841
test_06220,0.0000192912
test_06221,0.0000000208
test_06222,0.0000008505
test_06223,0.0000016661
test_06224,0.0057689685
test_06225,0.9999998683
test_06226,0.9999987126
test_06227,0.0000000340
test_06228,0.9999966005
test_06229,0.0000001111
test_06230,0.0000180734
test_06231,0.0000198656
test_06232,0.0000269268
test_06233,0.0000064444
test_06234,0.9999998569
test_06235,0.0000003254
test_06236,0.0000000174
test_06237,0.9618019202
test_06238,0.0000004989
test_06239,0.9999996714
test_06240,0.9989972373
test_06241,0.9999332921
test_06242,0.2703008714
test_06243,0.9999997524
test_06244,0.9999556663
test_06245,0.9731712341
test_06246,0.9999640881
test_06247,0.9999189963
test_06248,0.9999996958
test_06249,0.9999981981
test_06250,0.9999999591
test_06251,0.0000002654
test_06252,0.9999949615
test_06253,0.2815048415
test_06254,0.9997901723
test_06255,0.0000001858
test_06256,0.9999998685
test_06257,0.9999999356
test_06258,0.9999957267
test_06259,0.9063838297
test_06260,0.9992661682
test_06261,0.0011024956
test_06262,0.9999970173
test_06263,0.9987517228
test_06264,0.9920350649
test_06265,0.9998452851
test_06266,0.9999985268
test_06267,0.9999996099
test_06268,0.9999999894
test_06269,0.0021116473
test_06270,0.2592698647
test_06271,0.9999318199
test_06272,0.9999990329
test_06273,0.9980260838
test_06274,0.9998188360
test_06275,0.9892585176
test_06276,0.0000035636
test_06277,0.9997861297
test_06278,0.0000039213
test_06279,0.0000000046
test_06280,0.0024886076
test_06281,0.9994496375
test_06282,0.9999999717
test_06283,0.0002989738
test_06284,0.3549850908
test_06285,0.0107922999
test_06286,0.9999993541
test_06287,0.0000050199
test_06288,0.9999969338
test_06289,0.0000052543
test_06290,0.0000034998
test_06291,0.0000000393
test_06292,0.0000058066
test_06293,0.0000000527
test_06294,0.9538256145
test_06295,0.0002405454
test_06296,0.0000809709
test_06297,0.9953571030
test_06298,0.9999999705
test_06299,0.9986717854
test_06300,0.9999997258
test_06301,0.0000002373
test_06302,0.9999985165
test_06303,0.0000000809
test_06304,0.9999868854
test_06305,0.1883705654
test_06306,0.0022249216
test_06307,0.0136122236
test_06308,0.9999860179
test_06309,0.9999496275
test_06310,0.0000000186
test_06311,0.0000000930
test_06312,0.0000336660
test_06313,0.0013958896
test_06314,0.0002754324
test_06315,0.0007852441
test_06316,0.0871278083
test_06317,0.9999873404
test_06318,0.9999999739
test_06319,0.0010500628
test_06320,0.9999999545
test_06321,0.0000086141
test_06322,0.9999999602
test_06323,0.0062635145
test_06324,0.0000002456
test_06325,0.9999973254
test_06326,0.9999038659
test_06327,0.0000013616
test_06328,0.9999973959
test_06329,0.1521243298
test_06330,0.0000013579
test_06331,0.0000004960
test_06332,0.0003772924
test_06333,0.0000400052
test_06334,0.0000095035
test_06335,0.9801101063
test_06336,0.0040142711
test_06337,0.0022476143
test_06338,0.9998122867
test_06339,0.9999990497
test_06340,0.9999999780
test_06341,0.0000641882
test_06342,0.9999990774
test_06343,0.7048119702
test_06344,0.0000770719
test_06345,0.0054068415
test_06346,0.9999946236
test_06347,0.0000202214
test_06348,0.9999999803
test_06349,0.0000015858
test_06350,0.0000000766
test_06351,0.9999980402
test_06352,0.0002091257
test_06353,0.0000095791
test_06354,0.0010794857
test_06355,0.0820133934
test_06356,0.9999921669
test_06357,0.0000001482
test_06358,0.9996312056
test_06359,0.9999378240
test_06360,0.9999993529
test_06361,0.0004079577
test_06362,0.0000000724
test_06363,0.9822853395
test_06364,0.9352651976
test_06365,0.0000002610
test_06366,0.9999940237
test_06367,0.9922188801
test_06368,0.9999969164
test_06369,0.9999642836
test_06370,0.9999426119
test_06371,0.0084006933
test_06372,0.9976292051
test_06373,0.9999985017
test_06374,0.9999982954
test_06375,0.0001881548
test_06376,0.0000052470
test_06377,0.9999928043
test_06378,0.9999541599
test_06379,0.0000020585
test_06380,0.0001033197
test_06381,0.0000244107
test_06382,0.9999930837
test_06383,0.9999968818
test_06384,0.9999936588
test_06385,0.0000137650
test_06386,0.9999999694
test_06387,0.9996016142
test_06388,0.9999882973
test_06389,0.0084448524
test_06390,0.9999996396
test_06391,0.0000000205
test_06392,0.0005672091
test_06393,0.0000051769
test_06394,0.9992040914
test_06395,0.0298566226
test_06396,0.0008971852
test_06397,0.0000026162
test_06398,0.9999642413
test_06399,0.0000020271
test_06400,0.0000000155
test_06401,0.9865646728
test_06402,0.9999989907
test_06403,0.0000051909
test_06404,0.0097089847
test_06405,0.0000001886
test_06406,0.0000000067
test_06407,0.0000007739
test_06408,0.0000030076
test_06409,0.9999390390
test_06410,0.9999998173
test_06411,0.9999991303
test_06412,0.1898145762
test_06413,0.0000014592
test_06414,0.9999723175
test_06415,0.0220292793
test_06416,0.9999835010
test_06417,0.9998616852
test_06418,0.0075845360
test_06419,0.9999941260
test_06420,0.0000002032
test_06421,0.9999497148
test_06422,0.9999998465
test_06423,0.9999916745
test_06424,0.9992980698
test_06425,0.0122501714
test_06426,0.0000000593
test_06427,0.0000000626
test_06428,0.9980600034
test_06429,0.0000125695
test_06430,0.0000368888
test_06431,0.9999976524
test_06432,0.0000000083
test_06433,0.9999951586
test_06434,0.9999999543
test_06435,0.9999998668
test_06436,0.0019552850
test_06437,0.0000268321
test_06438,0.0000061565
test_06439,0.9999565916
test_06440,0.0000006304
test_06441,0.9906312747
test_06442,0.0007456192
test_06443,0.0139486031
test_06444,0.0000903588
test_06445,0.0003022408
test_06446,0.9999903706
test_06447,0.9996667277
test_06448,0.9999058597
test_06449,0.0000000071
test_06450,0.9999815634
test_06451,0.9999999773
test_06452,0.9999997462
test_06453,0.0229523368
test_06454,0.9999847280
test_06455,0.9999992616
test_06456,0.0000000130
test_06457,0.9999995293
test_06458,0.0022517688
test_06459,0.9994650720
test_06460,0.0000403353
test_06461,0.0000000682
test_06462,0.9999995376
test_06463,0.9999995403
test_06464,0.0000029337
test_06465,0.0000041002
test_06466,0.0260350402
test_06467,0.1683488604
test_06468,0.0000007907
test_06469,0.9999997019
test_06470,0.9992985830
test_06471,0.0000017563
test_06472,0.0000007841
test_06473,0.9999940112
test_06474,0.0000029684
test_06475,0.9998232719
test_06476,0.0000002519
test_06477,0.0000001040
test_06478,0.9999999512
test_06479,0.9999996700
test_06480,0.9999089321
test_06481,0.0000038305
test_06482,0.9999998278
test_06483,0.0076590469
test_06484,0.0000000051
test_06485,0.9996906037
test_06486,0.9999999322
test_06487,0.0000004222
test_06488,0.9999999705
test_06489,0.0000000056
test_06490,0.9999898782
test_06491,0.0000012468
test_06492,0.9999857515
test_06493,0.0000005067
test_06494,0.9998826145
test_06495,0.0000205701
test_06496,0.0000000704
test_06497,0.9999929257
test_06498,0.9999989099
test_06499,0.0019863601
test_06500,0.0289846641
test_06501,0.0001682568
test_06502,0.9999999074
test_06503,0.0000025651
test_06504,0.0000000392
test_06505,0.0000000055
test_06506,0.9470347637
test_06507,0.9999986929
test_06508,0.9999997312
test_06509,0.0093334781
test_06510,0.9999922978
test_06511,0.9864377589
test_06512,0.9999250646
test_06513,0.9997867454
test_06514,0.0001872082
test_06515,0.9999902887
test_06516,0.9983781986
test_06517,0.9999824938
test_06518,0.9749788612
test_06519,0.0009394228
test_06520,0.0000006420
test_06521,0.9501090664
test_06522,0.9999981116
test_06523,0.9999994420
test_06524,0.0000045752
test_06525,0.0000003109
test_06526,0.9995836845
test_06527,0.0000001812
test_06528,0.9999578308
test_06529,0.0937324090
test_06530,0.0000026800
test_06531,0.9999998225
test_06532,0.9999385041
test_06533,0.9999297520
test_06534,0.9995272728
test_06535,0.9999950808
test_06536,0.9100850708
test_06537,0.0000115096
test_06538,0.9607368370
test_06539,0.0015832618
test_06540,0.0002168843
test_06541,0.0001224739
test_06542,0.0000006751
test_06543,0.0011055780
test_06544,0.9999989047
test_06545,0.9999884836
test_06546,0.0000050746
test_06547,0.9836494324
test_06548,0.9999990028
test_06549,0.0000014661
test_06550,0.9999892382
test_06551,0.0000001522
test_06552,0.9999637891
test_06553,0.9999998779
test_06554,0.9999995724
test_06555,0.0020390055
test_06556,0.9999999617
test_06557,0.0000424934
test_06558,0.9996998851
test_06559,0.0000212835
test_06560,0.0000078984
test_06561,0.9999943436
test_06562,0.0003562935
test_06563,0.0002392992
test_06564,0.9968898094
test_06565,0.9996392488
test_06566,0.9970300226
test_06567,0.9986476770
test_06568,0.0000063017
test_06569,0.0002304486
test_06570,0.0000001240
test_06571,0.0000297139
test_06572,0.0000030677
test_06573,0.0554503019
test_06574,0.0394957156
test_06575,0.0000001519
test_06576,0.0002123358
test_06577,0.0000017111
test_06578,0.9999934831
test_06579,0.1668009173
test_06580,0.9999998154
test_06581,0.0001571211
test_06582,0.9999999050
test_06583,0.0007768198
test_06584,0.9999242759
test_06585,0.0000100491
test_06586,0.0000003770
test_06587,0.9999815445
test_06588,0.0001663083
test_06589,0.9999367584
test_06590,0.0000057744
test_06591,0.0000003701
test_06592,0.9999858591
test_06593,0.9999994475
test_06594,0.9999998845
test_06595,0.0451059926
test_06596,0.0078486255
test_06597,0.1977563059
test_06598,0.0000002017
test_06599,0.0000000352
test_06600,0.0000022679
test_06601,0.0000004611
test_06602,0.0000296607
test_06603,0.0000090084
test_06604,0.0007679936
test_06605,0.0000000723
test_06606,0.9999786027
test_06607,0.0000000074
test_06608,0.9999755206
test_06609,0.8491745298
test_06610,0.0001991496
test_06611,0.9999988927
test_06612,0.0000001248
test_06613,0.0000000080
test_06614,0.0000000207
test_06615,0.0000074323
test_06616,0.9997846162
test_06617,0.9999947798
test_06618,0.0000073349
test_06619,0.0000334953
test_06620,0.0510457680
test_06621,0.0001004246
test_06622,0.0001332285
test_06623,0.0003279813
test_06624,0.9999958263
test_06625,0.9999998734
test_06626,0.0000000106
test_06627,0.0000000249
test_06628,0.9985674858
test_06629,0.0000005642
test_06630,0.0000003562
test_06631,0.0001639565
test_06632,0.0000612810
test_06633,0.0000001798
test_06634,0.9998421187
test_06635,0.0001579903
test_06636,0.0000001383
test_06637,0.0000000361
test_06638,0.0000003718
test_06639,0.9995590462
test_06640,0.9995510514
test_06641,0.0016094269
test_06642,0.9960430872
test_06643,0.9999999301
test_06644,0.9999999594
test_06645,0.9999996659
test_06646,0.9999977256
test_06647,0.9999986295
test_06648,0.0000402621
test_06649,0.1886054252
test_06650,0.0000578103
test_06651,0.0000688620
test_06652,0.0000000448
test_06653,0.9999975672
test_06654,0.0000008419
test_06655,0.0000000373
test_06656,0.9999998285
test_06657,0.9999921951
test_06658,0.0000000278
test_06659,0.9999454638
test_06660,0.9996285439
test_06661,0.0000889439
test_06662,0.0001021638
test_06663,0.0000003002
test_06664,0.0000000196
test_06665,0.0000012050
test_06666,0.0005321256
test_06667,0.9999999623
test_06668,0.0665729614
test_06669,0.0000000342
test_06670,0.0000207461
test_06671,0.9997571271
test_06672,0.0002082357
test_06673,0.0000006914
test_06674,0.9999999366
test_06675,0.0000136794
test_06676,0.9972130738
test_06677,0.9999877649
test_06678,0.9999999210
test_06679,0.0000004112
test_06680,0.0001632123
test_06681,0.9999991236
test_06682,0.0000004011
test_06683,0.9997846968
test_06684,0.0001655075
test_06685,0.9999999203
test_06686,0.9999949893
test_06687,0.0002158650
test_06688,0.0019796473
test_06689,0.9999760325
test_06690,0.9884970108
test_06691,0.0000002168
test_06692,0.9999149599
test_06693,0.3881498572
test_06694,0.9999996347
test_06695,0.0000000499
test_06696,0.9999991892
test_06697,0.9999996813
test_06698,0.0318575602
test_06699,0.2122686775
test_06700,0.9999999803
test_06701,0.9999998128
test_06702,0.9999973070
test_06703,0.0001914204
test_06704,0.9999981279
test_06705,0.9999999848
test_06706,0.1564386235
test_06707,0.0000130130
test_06708,0.9999995515
test_06709,0.2625874902
test_06710,0.9969027401
test_06711,0.9999984263
test_06712,0.0177032684
test_06713,0.9999996407
test_06714,0.8702451903
test_06715,0.0000000984
test_06716,0.9999992350
test_06717,0.9999999741
test_06718,0.9816250383
test_06719,0.9999243933
test_06720,0.9999809295
test_06721,0.0006160973
test_06722,0.9995163314
test_06723,0.9999218146
test_06724,0.0000067417
test_06725,0.7181551448
test_06726,0.9999728001
test_06727,0.9999989624
test_06728,0.0000000583
test_06729,0.0000049023
test_06730,0.0000000523
test_06731,0.9999944796
test_06732,0.9989139617
test_06733,0.9999991337
test_06734,0.0000129996
test_06735,0.9999988490
test_06736,0.9999330811
test_06737,0.9999999846
test_06738,0.9999999847
test_06739,0.9999996607
test_06740,0.9999981690
test_06741,0.9962287864
test_06742,0.9999999764
test_06743,0.9999996553
test_06744,0.0002912700
test_06745,0.0000001960
test_06746,0.9999928337
test_06747,0.9999819210
test_06748,0.0000821968
test_06749,0.9999999749
test_06750,0.9999900318
test_06751,0.0000084778
test_06752,0.0000000095
test_06753,0.0000014554
test_06754,0.0000001990
test_06755,0.9999413085
test_06756,0.0000072904
test_06757,0.9999999462
test_06758,0.0000000135
test_06759,0.0094649563
test_06760,0.0000285779
test_06761,0.9999996610
test_06762,0.9999999830
test_06763,0.9999684239
test_06764,0.9997760690
test_06765,0.9999971402
test_06766,0.0000000807
test_06767,0.0000000142
test_06768,0.9999831384
test_06769,0.0000000720
test_06770,0.0000042140
test_06771,0.9999999308
test_06772,0.0000000323
test_06773,0.9999884698
test_06774,0.0080426190
test_06775,0.0000000477
test_06776,0.9999989309
test_06777,0.9998523609
test_06778,0.0000001898
test_06779,0.0000013486
test_06780,0.9999985372
test_06781,0.9999908789
test_06782,0.9918848310
test_06783,0.9998494326
test_06784,0.0000000104
test_06785,0.9999962182
test_06786,0.9999976294
test_06787,0.0000002444
test_06788,0.0000630201
test_06789,0.0001670411
test_06790,0.9999938666
test_06791,0.9999476004
test_06792,0.9999998583
test_06793,0.0015009703
test_06794,0.9999984083
test_06795,0.0000000087
test_06796,0.9999993820
test_06797,0.9999965480
test_06798,0.9999986206
test_06799,0.0000659645
test_06800,0.0000008068
test_06801,0.9991887254
test_06802,0.0000000275
test_06803,0.0085051162
test_06804,0.9998679513
test_06805,0.0000367612
test_06806,0.9999694259
test_06807,0.9999934278
test_06808,0.9998774421
test_06809,0.9842044146
test_06810,0.9999698784
test_06811,0.9999989607
test_06812,0.0018292324
test_06813,0.9966439437
test_06814,0.9999925491
test_06815,0.9999998699
test_06816,0.9999999580
test_06817,0.0000015379
test_06818,0.9693452265
test_06819,0.9999549659
test_06820,0.0223357416
test_06821,0.9666468874
test_06822,0.0011433962
test_06823,0.0000001110
test_06824,0.9999710724
test_06825,0.0000011091
test_06826,0.0000005183
test_06827,0.0000743524
test_06828,0.9999934543
test_06829,0.9999997632
test_06830,0.0000003308
test_06831,0.9999915790
test_06832,0.0000000153
test_06833,0.0000000274
test_06834,0.0024546712
test_06835,0.0000000053
test_06836,0.0810945946
test_06837,0.0000007890
test_06838,0.0000000140
test_06839,0.2706984967
test_06840,0.9999935876
test_06841,0.0000023382
test_06842,0.9999973802
test_06843,0.0000195529
test_06844,0.0000000270
test_06845,0.0000000051
test_06846,0.9999999657
test_06847,0.9999999312
test_06848,0.0000037657
test_06849,0.9999872483
test_06850,0.0005767206
test_06851,0.0000102049
test_06852,0.0000001709
test_06853,0.0000000141
test_06854,0.5483524122
test_06855,0.0000000057
test_06856,0.0003175499
test_06857,0.1949472927
test_06858,0.0000000798
test_06859,0.9909987126
test_06860,0.9876022330
test_06861,0.0000000247
test_06862,0.9999997813
test_06863,0.9557545793
test_06864,0.9999940652
test_06865,0.0000036705
test_06866,0.0000589021
test_06867,0.0185133404
test_06868,0.9999951140
test_06869,0.0044314494
test_06870,0.9999992831
test_06871,0.9999998972
test_06872,0.0583244781
test_06873,0.0000579971
test_06874,0.9999910282
test_06875,0.0001239365
test_06876,0.0000000238
test_06877,0.9999999758
test_06878,0.0005482192
test_06879,0.9936866775
test_06880,0.0000070201
test_06881,0.9999548137
test_06882,0.0000021379
test_06883,0.9956504202
test_06884,0.0000148082
test_06885,0.0001619842
test_06886,0.2138272073
test_06887,0.9999396514
test_06888,0.0051025692
test_06889,0.9999987822
test_06890,0.0049543720
test_06891,0.0000515587
test_06892,0.0000000102
test_06893,0.0000005151
test_06894,0.0000014346
test_06895,0.0000002115
test_06896,0.9999999505
test_06897,0.1156592828
test_06898,0.0038750005
test_06899,0.0000011633
test_06900,0.0000526490
test_06901,0.9999979860
test_06902,0.3728737705
test_06903,0.9999998969
test_06904,0.9999995868
test_06905,0.9999987989
test_06906,0.0001376739
test_06907,0.9999957337
test_06908,0.9999977732
test_06909,0.0000482710
test_06910,0.9999999728
test_06911,0.9999996966
test_06912,0.0000020773
test_06913,0.0010423902
test_06914,0.9961427190
test_06915,0.0091656999
test_06916,0.9999972358
test_06917,0.0000005889
test_06918,0.9973022752
test_06919,0.9999996301
test_06920,0.0000000234
test_06921,0.9999513200
test_06922,0.9999989930
test_06923,0.9348338702
test_06924,0.9999957582
test_06925,0.0001233175
test_06926,0.0000000406
test_06927,0.0004196728
test_06928,0.0000000095
test_06929,0.9987453379
test_06930,0.0000042876
test_06931,0.0000043468
test_06932,0.9999999549
test_06933,0.9999942602
test_06934,0.0000001947
test_06935,0.0001663243
test_06936,0.9999904547
test_06937,0.9999590743
test_06938,0.0000015217
test_06939,0.0000000252
test_06940,0.9999917171
test_06941,0.9999992388
test_06942,0.0000979413
test_06943,0.0060902221
test_06944,0.0751543755
test_06945,0.0001073461
test_06946,0.4947775579
test_06947,0.9998119099
test_06948,0.0004053495
test_06949,0.9999999679
test_06950,0.0103301176
test_06951,0.0265532629
test_06952,0.9965654162
test_06953,0.0000000634
test_06954,0.4419177547
test_06955,0.9999991020
test_06956,0.9999775733
test_06957,0.9998017152
test_06958,0.9999988641
test_06959,0.0134774728
test_06960,0.0000000159
test_06961,0.9991114504
test_06962,0.0000029656
test_06963,0.9944093730
test_06964,0.9999999760
test_06965,0.0173075156
test_06966,0.0000232849
test_06967,0.0059031872
test_06968,0.0000000125
test_06969,0.0000188686
test_06970,0.9999999835
test_06971,0.9999998310
test_06972,0.0000023004
test_06973,0.9999994095
test_06974,0.0000073470
test_06975,0.9999721489
test_06976,0.9999999389
test_06977,0.9999849211
test_06978,0.0000000246
test_06979,0.4785603761
test_06980,0.9999866253
test_06981,0.9999984949
test_06982,0.9999993337
test_06983,0.0000015180
test_06984,0.0000002202
test_06985,0.0000070879
test_06986,0.0002185181
test_06987,0.0000012715
test_06988,0.0000034930
test_06989,0.0004232201
test_06990,0.9999995656
test_06991,0.9994952396
test_06992,0.0106364004
test_06993,0.0000282492
test_06994,0.0000000303
test_06995,0.0000044005
test_06996,0.0023101992
test_06997,0.9999998026
test_06998,0.0000256656
test_06999,0.9999996825
test_07000,0.0071995646
test_07001,0.4863111784
test_07002,0.9999999175
test_07003,0.9999995569
test_07004,0.9999700475
test_07005,0.9904336834
test_07006,0.0000000780
test_07007,0.0001234534
test_07008,0.0000001161
test_07009,0.9999980747
test_07010,0.9999166040
test_07011,0.9999529955
test_07012,0.9995593524
test_07013,0.0009929405
test_07014,0.9999999784
test_07015,0.9999999167
test_07016,0.9999994807
test_07017,0.0000000321
test_07018,0.9999975300
test_07019,0.9805106612
test_07020,0.0000029535
test_07021,0.9999999569
test_07022,0.0000000288
test_07023,0.9998541204
test_07024,0.0003626794
test_07025,0.9999978262
test_07026,0.9999998091
test_07027,0.0000122829
test_07028,0.9974718035
test_07029,0.9931639274
test_07030,0.0001298910
test_07031,0.0000003475
test_07032,0.9999865499
test_07033,0.9999997684
test_07034,0.0000008146
test_07035,0.0000032636
test_07036,0.0000126308
test_07037,0.0006971144
test_07038,0.9999769782
test_07039,0.0000006962
test_07040,0.0000004065
test_07041,0.9999805242
test_07042,0.9999926112
test_07043,0.0002825645
test_07044,0.9999970860
test_07045,0.0000032815
test_07046,0.9999388588
test_07047,0.9999999819
test_07048,0.0000660130
test_07049,0.0552406786
test_07050,0.9999904568
test_07051,0.0213244813
test_07052,0.9999936835
test_07053,0.0000000290
test_07054,0.9981253237
test_07055,0.9999999929
test_07056,0.9999878374
test_07057,0.0000003671
test_07058,0.9999145563
test_07059,0.0003730856
test_07060,0.9999999892
test_07061,0.9999960588
test_07062,0.0003673125
test_07063,0.0000049313
test_07064,0.0000000219
test_07065,0.0002263692
test_07066,0.0009941586
test_07067,0.9999983102
test_07068,0.9996526208
test_07069,0.9996557581
test_07070,0.0000429756
test_07071,0.0000001196
test_07072,0.9999956270
test_07073,0.9999925598
test_07074,0.9999989159
test_07075,0.9999682574
test_07076,0.9999993417
test_07077,0.0019964335
test_07078,0.9999976906
test_07079,0.9999999490
test_07080,0.0000115726
test_07081,0.0041470959
test_07082,0.9999793236
test_07083,0.0000003539
test_07084,0.0000389033
test_07085,0.0008495115
test_07086,0.9998662250
test_07087,0.0000015575
test_07088,0.9999044060
test_07089,0.0087819723
test_07090,0.9999996325
test_07091,0.0000005825
test_07092,0.9997916629
test_07093,0.9886273842
test_07094,0.9997815106
test_07095,0.0000013082
test_07096,0.9999927264
test_07097,0.0000204820
test_07098,0.0000822331
test_07099,0.0000000650
test_07100,0.9999990146
test_07101,0.9999999501
test_07102,0.9999969349
test_07103,0.9999997133
test_07104,0.9120998405
test_07105,0.0000004685
test_07106,0.9999541795
test_07107,0.0000000317
test_07108,0.9994994871
test_07109,0.5015682318
test_07110,0.9994851533
test_07111,0.0397671132
test_07112,0.9999829139
test_07113,0.0000005012
test_07114,0.9994252489
test_07115,0.9778059143
test_07116,0.9614308815
test_07117,0.0000094499
test_07118,0.0000001296
test_07119,0.0001799526
test_07120,0.0000092996
test_07121,0.0000701845
test_07122,0.9999977963
test_07123,0.7183289691
test_07124,0.9999975580
test_07125,0.9999999815
test_07126,0.9999910222
test_07127,0.9999902385
test_07128,0.0000000540
test_07129,0.0000000080
test_07130,0.9999956159
test_07131,0.9999682439
test_07132,0.0000000460
test_07133,0.0000000999
test_07134,0.0002654413
test_07135,0.0002238693
test_07136,0.9999372648
test_07137,0.9999432043
test_07138,0.0000000491
test_07139,0.0000045342
test_07140,0.0000046496
test_07141,0.0010009492
test_07142,0.0000008878
test_07143,0.0000014341
test_07144,0.0000006605
test_07145,0.0000000592
test_07146,0.9999997654
test_07147,0.3594064503
test_07148,0.9999999499
test_07149,0.0000004164
test_07150,0.1229444267
test_07151,0.0011553322
test_07152,0.9988337240
test_07153,0.9999894517
test_07154,0.9990569517
test_07155,0.0000000432
test_07156,0.0000046893
test_07157,0.9999447449
test_07158,0.9999995729
test_07159,0.0000230752
test_07160,0.0002650768
test_07161,0.0000008255
test_07162,0.9998520998
test_07163,0.9990019605
test_07164,0.9988731623
test_07165,0.0011838888
test_07166,0.9999998546
test_07167,0.0000000070
test_07168,0.9999996847
test_07169,0.0000029251
test_07170,0.9999999880
test_07171,0.9999997946
test_07172,0.9999983352
test_07173,0.9999999702
test_07174,0.9995113933
test_07175,0.9999999358
test_07176,0.0000259751
test_07177,0.0000001343
test_07178,0.9999995751
test_07179,0.0019535267
test_07180,0.0000028117
test_07181,0.0158868079
test_07182,0.0000328091
test_07183,0.0000206437
test_07184,0.0000002250
test_07185,0.9999982799
test_07186,0.9999995172
test_07187,0.0000010547
test_07188,0.9905547903
test_07189,0.0000045519
test_07190,0.9999928432
test_07191,0.0000007190
test_07192,0.0000000213
test_07193,0.0000002233
test_07194,0.9894989763
test_07195,0.9916913312
test_07196,0.9999996201
test_07197,0.0000003080
test_07198,0.0001610780
test_07199,0.0000013499
test_07200,0.9999994225
test_07201,0.0018821282
test_07202,0.0000007831
test_07203,0.9999993304
test_07204,0.9749277592
test_07205,0.0000000999
test_07206,0.0007668973
test_07207,0.9924920574
test_07208,0.0000000887
test_07209,0.0444223669
test_07210,0.0000010541
test_07211,0.0000000544
test_07212,0.9475284678
test_07213,0.0000147923
test_07214,0.9999848698
test_07215,0.1549627935
test_07216,0.0037312691
test_07217,0.0000000361
test_07218,0.0002165593
test_07219,0.9999999763
test_07220,0.0002673422
test_07221,0.9999853330
test_07222,0.0000392702
test_07223,0.0000106130
test_07224,0.9999689039
test_07225,0.0014515107
test_07226,0.9946226917
test_07227,0.9999999698
test_07228,0.0001164722
test_07229,0.0004720906
test_07230,0.0000957729
test_07231,0.0000016430
test_07232,0.9957060216
test_07233,0.9999997995
test_07234,0.9999998081
test_07235,0.9759586047
test_07236,0.0000000434
test_07237,0.9999999813
test_07238,0.0000000083
test_07239,0.8296976889
test_07240,0.0000494487
test_07241,0.0000013153
test_07242,0.0000000827
test_07243,0.0000000777
test_07244,0.9999998179
test_07245,0.0001222450
test_07246,0.0002408895
test_07247,0.9992535766
test_07248,0.9999983266
test_07249,0.0000001074
test_07250,0.0000043564
test_07251,0.0094915402
test_07252,0.9998865576
test_07253,0.0000001598
test_07254,0.0000301697
test_07255,0.9256501731
test_07256,0.0000022552
test_07257,0.9999994783
test_07258,0.0044514546
test_07259,0.9999998697
test_07260,0.9998632417
test_07261,0.0035585454
test_07262,0.0000000094
test_07263,0.9999993202
test_07264,0.0000148665
test_07265,0.9999864899
test_07266,0.0000000066
test_07267,0.0000053638
test_07268,0.9999980892
test_07269,0.9999745751
test_07270,0.9963285856
test_07271,0.9999999047
test_07272,0.1049568498
test_07273,0.9999306182
test_07274,0.9999933820
test_07275,0.0069972555
test_07276,0.0000074036
test_07277,0.9999995830
test_07278,0.9978411638
test_07279,0.0000028318
test_07280,0.0000004392
test_07281,0.0000001195
test_07282,0.9999656704
test_07283,0.0013351074
test_07284,0.0000191820
test_07285,0.9999980336
test_07286,0.0211050016
test_07287,0.9999501945
test_07288,0.0000031656
test_07289,0.0000000972
test_07290,0.0000243432
test_07291,0.9969562875
test_07292,0.0041829559
test_07293,0.0000149163
test_07294,0.9999993291
test_07295,0.0594811752
test_07296,0.9997614541
test_07297,0.9999981371
test_07298,0.2063963384
test_07299,0.9999429058
test_07300,0.0000660620
test_07301,0.9999792811
test_07302,0.0000061310
test_07303,0.9999999375
test_07304,0.0000002168
test_07305,0.0000820792
test_07306,0.0250074907
test_07307,0.0000000103
test_07308,0.0000043573
test_07309,0.0000022642
test_07310,0.0000188133
test_07311,0.0000000520
test_07312,0.9999999004
test_07313,0.0000163032
test_07314,0.9997818599
test_07315,0.0148856549
test_07316,0.7726915600
test_07317,0.9999720015
test_07318,0.0000130062
test_07319,0.9999956415
test_07320,0.9999975295
test_07321,0.0017311835
test_07322,0.0000016958
test_07323,0.0000000551
test_07324,0.0148908433
test_07325,0.0017380101
test_07326,0.9989273834
test_07327,0.9999978060
test_07328,0.9999982729
test_07329,0.0000631672
test_07330,0.0071352214
test_07331,0.0000000308
test_07332,0.0000000345
test_07333,0.0016917184
test_07334,0.9920705673
test_07335,0.9995623901
test_07336,0.0006101978
test_07337,0.8490642137
test_07338,0.9999994227
test_07339,0.0000000554
test_07340,0.9999973730
test_07341,0.0351188286
test_07342,0.0125778395
test_07343,0.9999869250
test_07344,0.9999957794
test_07345,0.0000008505
test_07346,0.0000145966
test_07347,0.0000000324
test_07348,0.9998783465
test_07349,0.0000005843
test_07350,0.9999997850
test_07351,0.0000052457
test_07352,0.9999440040
test_07353,0.9998701167
test_07354,0.9913500605
test_07355,0.9996706469
test_07356,0.9999595800
test_07357,0.9999920456
test_07358,0.9999930581
test_07359,0.0000127940
test_07360,0.9999985564
test_07361,0.9980585762
test_07362,0.0000036058
test_07363,0.9999949032
test_07364,0.0001007151
test_07365,0.9981429973
test_07366,0.9999999743
test_07367,0.9999998933
test_07368,0.0023480344
test_07369,0.0009568306
test_07370,0.9999991995
test_07371,0.0000003051
test_07372,0.0000020886
test_07373,0.9999983133
test_07374,0.0000002063
test_07375,0.1138959157
test_07376,0.9791178715
test_07377,0.0000001478
test_07378,0.9999824800
test_07379,0.0004079178
test_07380,0.0000003861
test_07381,0.0028543156
test_07382,0.9928041775
test_07383,0.9836637190
test_07384,0.9999808105
test_07385,0.0001063144
test_07386,0.0000542965
test_07387,0.0000058017
test_07388,0.9999572786
test_07389,0.0006588579
test_07390,0.0000129674
test_07391,0.9999999798
test_07392,0.9855887249
test_07393,0.9994758445
test_07394,0.9999996983
test_07395,0.9999997774
test_07396,0.0000007648
test_07397,0.9999987189
test_07398,0.9999658314
test_07399,0.9963886900
test_07400,0.9999996865
test_07401,0.0000147327
test_07402,0.9999998120
test_07403,0.0000079388
test_07404,0.0000010546
test_07405,0.9999999620
test_07406,0.0000986652
test_07407,0.0000933314
test_07408,0.0000002047
test_07409,0.9999611595
test_07410,0.9999966784
test_07411,0.0000266926
test_07412,0.0000030971
test_07413,0.9999894148
test_07414,0.0000000929
test_07415,0.9999988080
test_07416,0.0000010215
test_07417,0.0003255921
test_07418,0.9999000092
test_07419,0.0038876955
test_07420,0.0000008197
test_07421,0.0000360393
test_07422,0.9999684524
test_07423,0.9999945738
test_07424,0.0000017996
test_07425,0.0000052323
test_07426,0.0245854268
test_07427,0.0000330874
test_07428,0.0000006988
test_07429,0.2559137095
test_07430,0.0000004338
test_07431,0.9999998574
test_07432,0.0000000957
test_07433,0.0003281287
test_07434,0.0000001968
test_07435,0.0000005495
test_07436,0.0004432798
test_07437,0.9999996494
test_07438,0.9999922998
test_07439,0.0000059365
test_07440,0.0000000184
test_07441,0.0000000811
test_07442,0.0000070083
test_07443,0.9999808103
test_07444,0.0000000143
test_07445,0.0002074127
test_07446,0.0000001363
test_07447,0.0000012619
test_07448,0.0000001351
test_07449,0.9999996548
test_07450,0.9999979200
test_07451,0.9999285524
test_07452,0.0000013537
test_07453,0.0000002604
test_07454,0.9999970975
test_07455,0.0444716180
test_07456,0.9999997669
test_07457,0.9988344353
test_07458,0.9999995212
test_07459,0.9999850697
test_07460,0.0000000532
test_07461,0.9998616294
test_07462,0.9348840285
test_07463,0.0000021971
test_07464,0.0000002710
test_07465,0.9999856195
test_07466,0.0072849545
test_07467,0.9999967418
test_07468,0.9999961851
test_07469,0.0797930007
test_07470,0.9999973509
test_07471,0.0586519913
test_07472,0.9916922626
test_07473,0.0000000732
test_07474,0.0000010737
test_07475,0.9999946914
test_07476,0.0001249681
test_07477,0.0000002496
test_07478,0.9999999518
test_07479,0.9999190505
test_07480,0.0003791575
test_07481,0.0000317516
test_07482,0.0000504267
test_07483,0.9913126239
test_07484,0.0000354488
test_07485,0.9999997525
test_07486,0.9999999380
test_07487,0.0000002062
test_07488,0.0000011268
test_07489,0.9999973261
test_07490,0.7630412529
test_07491,0.0000705264
test_07492,0.0000003281
test_07493,0.9997470932
test_07494,0.9999933424
test_07495,0.9999996871
test_07496,0.0000023147
test_07497,0.0000000447
test_07498,0.1162812503
test_07499,0.0000051070
test_07500,0.0000073458
test_07501,0.0000000595
test_07502,0.9999971071
test_07503,0.0726024844
test_07504,0.0000010917
test_07505,0.9999628225
test_07506,0.9999978915
test_07507,0.0000033528
test_07508,0.0000012952
test_07509,0.9999987270
test_07510,0.9947642910
test_07511,0.9999906232
test_07512,0.0008735086
test_07513,0.9999955323
test_07514,0.9996359792
test_07515,0.9999999285
test_07516,0.9999382342
test_07517,0.9999999788
test_07518,0.0000000225
test_07519,0.0002328234
test_07520,0.0000804635
test_07521,0.0000557925
test_07522,0.9999981745
test_07523,0.0000026287
test_07524,0.9999626560
test_07525,0.9756129329
test_07526,0.0000000612
test_07527,0.5471802372
test_07528,0.9999999814
test_07529,0.0000540758
test_07530,0.9999927326
test_07531,0.9968900419
test_07532,0.9999795816
test_07533,0.0000006442
test_07534,0.2188002241
test_07535,0.9971413270
test_07536,0.0000033997
test_07537,0.0000004068
test_07538,0.0134021302
test_07539,0.9999999539
test_07540,0.0000009454
test_07541,0.9999525119
test_07542,0.9964545958
test_07543,0.0000874670
test_07544,0.9999559348
test_07545,0.6051025706
test_07546,0.9997225563
test_07547,0.9997309757
test_07548,0.0220295354
test_07549,0.9999999542
test_07550,0.9998599088
test_07551,0.9999999632
test_07552,0.0001887478
test_07553,0.9999939989
test_07554,0.9999964788
test_07555,0.0057659141
test_07556,0.0000002320
test_07557,0.9999999563
test_07558,0.9999987309
test_07559,0.9993013667
test_07560,0.9525350709
test_07561,0.0000000052
test_07562,0.0146863120
test_07563,0.9999929869
test_07564,0.9999999241
test_07565,0.0000001298
test_07566,0.3326816572
test_07567,0.0000718745
test_07568,0.0030990660
test_07569,0.9992288820
test_07570,0.9999950703
test_07571,0.0000001831
test_07572,0.9999996256
test_07573,0.9999990366
test_07574,0.9998841764
test_07575,0.0000010344
test_07576,0.0000000321
test_07577,0.0000001430
test_07578,0.0000001555
test_07579,0.0000013427
test_07580,0.9999997554
test_07581,0.0000001901
test_07582,0.0000007223
test_07583,0.9999850920
test_07584,0.9999993214
test_07585,0.9962378228
test_07586,0.9999997619
test_07587,0.0008709257
test_07588,0.9977843011
test_07589,0.9996991350
test_07590,0.0237051008
test_07591,0.9999932463
test_07592,0.0000011827
test_07593,0.9999995765
test_07594,0.9947008628
test_07595,0.0000000110
test_07596,0.0000001279
test_07597,0.9999991812
test_07598,0.9999981925
test_07599,0.9996668355
test_07600,0.0000002573
test_07601,0.0000012314
test_07602,0.0000000269
test_07603,0.9999996533
test_07604,0.0000736543
test_07605,0.0000137292
test_07606,0.0000000835
test_07607,0.0006944792
test_07608,0.0003314636
test_07609,0.9999999802
test_07610,0.0000000078
test_07611,0.0000012040
test_07612,0.0000000069
test_07613,0.0081282949
test_07614,0.9999998829
test_07615,0.9999894298
test_07616,0.9999932393
test_07617,0.0043931960
test_07618,0.9999300050
test_07619,0.0000000184
test_07620,0.9702139857
test_07621,0.0000001990
test_07622,0.0176283198
test_07623,0.9999999795
test_07624,0.0000006460
test_07625,0.0000001807
test_07626,0.9999989759
test_07627,0.9997209737
test_07628,0.9999999739
test_07629,0.0000028394
test_07630,0.9999949920
test_07631,0.0000148829
test_07632,0.0000000275
test_07633,0.0016656084
test_07634,0.9999999528
test_07635,0.9999993505
test_07636,0.0000265714
test_07637,0.9987537164
test_07638,0.9999991090
test_07639,0.0002059733
test_07640,0.0000092260
test_07641,0.9989099533
test_07642,0.0000119012
test_07643,0.9999992322
test_07644,0.9999999713
test_07645,0.0000319630
test_07646,0.9947330461
test_07647,0.9999999507
test_07648,0.0000004688
test_07649,0.9999993291
test_07650,0.9999953460
test_07651,0.3605850278
test_07652,0.9999254848
test_07653,0.9999659669
test_07654,0.9999975124
test_07655,0.0001257693
test_07656,0.0000000355
test_07657,0.9999985983
test_07658,0.0000000471
test_07659,0.9999993366
test_07660,0.6529240280
test_07661,0.9999999599
test_07662,0.0000003756
test_07663,0.0000024615
test_07664,0.0000000579
test_07665,0.0000002579
test_07666,0.9999974911
test_07667,0.0000583865
test_07668,0.0000012833
test_07669,0.9999995808
test_07670,0.0000014374
test_07671,0.0001630345
test_07672,0.0000000624
test_07673,0.0000042954
test_07674,0.9998084160
test_07675,0.0000000128
test_07676,0.0000002791
test_07677,0.0000161943
test_07678,0.0122658988
test_07679,0.0000004519
test_07680,0.9997952388
test_07681,0.0000002093
test_07682,0.0000008876
test_07683,0.9999849326
test_07684,0.9842177076
test_07685,0.0000059343
test_07686,0.0000201944
test_07687,0.5768510352
test_07688,0.0981660922
test_07689,0.9999995562
test_07690,0.9999521910
test_07691,0.0000002883
test_07692,0.9999950446
test_07693,0.9999823428
test_07694,0.0000005536
test_07695,0.0001321691
test_07696,0.0000448919
test_07697,0.9999998901
test_07698,0.9999999504
test_07699,0.0000013268
test_07700,0.9999133638
test_07701,0.0000001264
test_07702,0.0000009018
test_07703,0.9999999251
test_07704,0.9999947564
test_07705,0.0000037988
test_07706,0.9999270829
test_07707,0.1403417332
test_07708,0.9999984104
test_07709,0.9999877415
test_07710,0.9999967215
test_07711,0.9999540644
test_07712,0.0000136025
test_07713,0.0000006127
test_07714,0.0000001918
test_07715,0.9999918069
test_07716,0.9999820573
test_07717,0.0000019201
test_07718,0.0001517811
test_07719,0.0000019807
test_07720,0.0000000411
test_07721,0.0040192538
test_07722,0.0000016448
test_07723,0.0000011707
test_07724,0.9999996893
test_07725,0.9998780626
test_07726,0.0044793570
test_07727,0.0000010028
test_07728,0.0055310188
test_07729,0.9999995210
test_07730,0.0487739342
test_07731,0.0000000104
test_07732,0.8835984473
test_07733,0.9999999643
test_07734,0.0000001963
test_07735,0.0000147829
test_07736,0.0000003062
test_07737,0.9999493189
test_07738,0.0000588149
test_07739,0.0003764233
test_07740,0.0000009451
test_07741,0.0000054183
test_07742,0.9140042083
test_07743,0.9999998166
test_07744,0.0000081552
test_07745,0.9010177761
test_07746,0.0005455895
test_07747,0.0529652136
test_07748,0.0009295322
test_07749,0.9999989466
test_07750,0.9999994810
test_07751,0.0328148011
test_07752,0.0000000208
test_07753,0.9769174990
test_07754,0.0135604028
test_07755,0.0000236640
test_07756,0.9996063250
test_07757,0.0000003432
test_07758,0.0000371927
test_07759,0.9859786404
test_07760,0.0000547908
test_07761,0.9999583861
test_07762,0.9995979509
test_07763,0.9999997668
test_07764,0.9999658954
test_07765,0.0001051534
test_07766,0.9999995624
test_07767,0.0000005217
test_07768,0.0105948926
test_07769,0.0000133279
test_07770,0.0016041996
test_07771,0.9999964680
test_07772,0.9999999836
test_07773,0.9999736925
test_07774,0.0000020657
test_07775,0.0000017832
test_07776,0.0015806991
test_07777,0.9999993973
test_07778,0.9999989030
test_07779,0.9999997266
test_07780,0.9999300069
test_07781,0.0000003720
test_07782,0.0130910046
test_07783,0.0002530286
test_07784,0.0002256266
test_07785,0.0000292259
test_07786,0.0057476811
test_07787,0.9999887374
test_07788,0.9999975028
test_07789,0.9999698869
test_07790,0.0000001364
test_07791,0.0019118684
test_07792,0.0000080683
test_07793,0.0000000053
test_07794,0.0000928435
test_07795,0.9668928593
test_07796,0.0099452824
test_07797,0.0000035978
test_07798,0.9999363388
test_07799,0.9999971585
test_07800,0.9999887334
test_07801,0.0000000231
test_07802,0.9987066497
test_07803,0.9964383707
test_07804,0.9999998804
test_07805,0.0000093792
test_07806,0.0000001983
test_07807,0.0000387805
test_07808,0.0000000129
test_07809,0.0000072264
test_07810,0.0004690178
test_07811,0.9999908689
test_07812,0.0004019225
test_07813,0.9999988412
test_07814,0.0077770876
test_07815,0.0000000068
test_07816,0.0000008886
test_07817,0.9999480962
test_07818,0.0000000067
test_07819,0.9997344110
test_07820,0.0000002836
test_07821,0.9999870306
test_07822,0.0000010793
test_07823,0.0000070079
test_07824,0.9999993162
test_07825,0.9999806032
test_07826,0.0001153693
test_07827,0.9999978350
test_07828,0.0000214011
test_07829,0.9993768862
test_07830,0.0000269499
test_07831,0.9999999745
test_07832,0.9997354640
test_07833,0.9689591104
test_07834,0.9999996602
test_07835,0.9999551797
test_07836,0.2742572572
test_07837,0.0000002469
test_07838,0.9999999442
test_07839,0.9999996923
test_07840,0.9888955917
test_07841,0.0000000152
test_07842,0.0000003173
test_07843,0.0000000085
test_07844,0.9982200468
test_07845,0.9999993878
test_07846,0.0000196007
test_07847,0.9999987091
test_07848,0.0000005791
test_07849,0.9999928140
test_07850,0.9999999893
test_07851,0.0624259789
test_07852,0.9998504381
test_07853,0.0000008151
test_07854,0.9999996447
test_07855,0.0023592359
test_07856,0.0000012340
test_07857,0.0002230476
test_07858,0.0000001052
test_07859,0.9999964057
test_07860,0.0065683045
test_07861,0.0000035845
test_07862,0.0000000038
test_07863,0.0039505502
test_07864,0.3060257151
test_07865,0.9999963566
test_07866,0.9999987711
test_07867,0.0000000122
test_07868,0.9999953616
test_07869,0.9999236030
test_07870,0.0000012701
test_07871,0.9999976449
test_07872,0.0000308869
test_07873,0.0000000087
test_07874,0.0000101854
test_07875,0.0000000051
test_07876,0.0000001982
test_07877,0.0000002354
test_07878,0.0000016902
test_07879,0.0000000770
test_07880,0.9999644558
test_07881,0.9965285275
test_07882,0.9999788751
test_07883,0.9875568437
test_07884,0.9979688938
test_07885,0.9999859943
test_07886,0.0001516265
test_07887,0.9999994716
test_07888,0.0524189396
test_07889,0.9999998898
test_07890,0.9999804610
test_07891,0.9974328422
test_07892,0.0013204959
test_07893,0.9999980128
test_07894,0.0000000320
test_07895,0.0006717102
test_07896,0.9999961339
test_07897,0.0000002344
test_07898,0.9999999628
test_07899,0.9999997581
test_07900,0.9999962979
test_07901,0.9999993610
test_07902,0.0000000045
test_07903,0.0000121003
test_07904,0.0000002373
test_07905,0.0003247258
test_07906,0.0000033459
test_07907,0.0000130750
test_07908,0.0000099270
test_07909,0.9946229598
test_07910,0.9988346539
test_07911,0.9999984091
test_07912,0.0000000990
test_07913,0.0000009266
test_07914,0.0000001025
test_07915,0.0000000057
test_07916,0.9999992206
test_07917,0.0000039659
test_07918,0.0000025566
test_07919,0.0000263764
test_07920,0.0000022300
test_07921,0.9999999135
test_07922,0.0522000539
test_07923,0.9999964217
test_07924,0.0000642408
test_07925,0.0000000383
test_07926,0.0019032426
test_07927,0.9999886422
test_07928,0.0000000333
test_07929,0.0000002693
test_07930,0.0001596169
test_07931,0.0000001773
test_07932,0.9999999212
test_07933,0.9999995514
test_07934,0.0000694382
test_07935,0.0155571392
test_07936,0.0000006798
test_07937,0.0482069443
test_07938,0.9999998392
test_07939,0.0000000341
test_07940,0.0000013188
test_07941,0.0012328254
test_07942,0.0000179738
test_07943,0.9999539295
test_07944,0.0083858549
test_07945,0.0000324150
test_07946,0.0000010329
test_07947,0.9999999618
test_07948,0.0001468415
test_07949,0.9999997725
test_07950,0.9999655358
test_07951,0.0001369958
test_07952,0.0006308071
test_07953,0.0000000175
test_07954,0.0001081692
test_07955,0.0000000173
test_07956,0.0002230901
test_07957,0.0001246257
test_07958,0.0031234394
test_07959,0.9999939789
test_07960,0.0000005522
test_07961,0.9999844319
test_07962,0.0000034685
test_07963,0.9999615472
test_07964,0.0000000078
test_07965,0.0000000210
test_07966,0.9998312958
test_07967,0.9999998794
test_07968,0.0000044557
test_07969,0.0000057227
test_07970,0.0000077467
test_07971,0.0000005348
test_07972,0.9999999188
test_07973,0.0000055553
test_07974,0.9971403003
test_07975,0.0001533704
test_07976,0.2201558480
test_07977,0.0000002418
test_07978,0.9999703043
test_07979,0.0000057442
test_07980,0.0000222107
test_07981,0.1681671175
test_07982,0.0000433739
test_07983,0.0000000262
test_07984,0.9999734435
test_07985,0.9999998884
test_07986,0.0001504512
test_07987,0.0000003750
test_07988,0.0000029500
test_07989,0.0000117872
test_07990,0.9241864370
test_07991,0.9999954790
test_07992,0.0005323888
test_07993,0.9999994847
test_07994,0.9547864262
test_07995,0.9999949016
test_07996,0.9999996714
test_07997,0.9995541148
test_07998,0.9999968903
test_07999,0.9999988180
test_08000,0.0016500023
test_08001,0.0002029093
test_08002,0.0000043551
test_08003,0.9999952447
test_08004,0.0044417166
test_08005,0.9999998728
test_08006,0.9999654304
test_08007,0.0000000065
test_08008,0.9978005439
test_08009,0.0000006456
test_08010,0.9967645320
test_08011,0.9999180222
test_08012,0.9999997492
test_08013,0.0000042487
test_08014,0.0004204948
test_08015,0.0000141223
test_08016,0.9999947316
test_08017,0.0000205536
test_08018,0.9999997497
test_08019,0.9999999814
test_08020,0.9999990860
test_08021,0.9542089947
test_08022,0.0000274195
test_08023,0.0000018444
test_08024,0.0000000227
test_08025,0.1974214957
test_08026,0.9999992438
test_08027,0.9999924632
test_08028,0.0000036394
test_08029,0.9999992705
test_08030,0.0033765525
test_08031,0.0000128966
test_08032,0.9999992073
test_08033,0.0000003090
test_08034,0.9999999794
test_08035,0.0000002678
test_08036,0.9933920535
test_08037,0.0000008473
test_08038,0.9984258495
test_08039,0.9999208764
test_08040,0.9986802256
test_08041,0.9999974961
test_08042,0.9999177588
test_08043,0.0000005048
test_08044,0.0000012162
test_08045,0.0145759627
test_08046,0.0000099263
test_08047,0.0000006253
test_08048,0.9993039140
test_08049,0.9999997746
test_08050,0.0002422957
test_08051,0.0000914959
test_08052,0.9999989936
test_08053,0.8001642589
test_08054,0.0000461806
test_08055,0.9999999619
test_08056,0.9999944708
test_08057,0.0000004025
test_08058,0.0000006474
test_08059,0.0000000728
test_08060,0.9999925329
test_08061,0.0000784578
test_08062,0.9999972416
test_08063,0.0001075852
test_08064,0.0000158233
test_08065,0.9999990351
test_08066,0.0002381280
test_08067,0.9999937849
test_08068,0.8420415458
test_08069,0.1944966287
test_08070,0.0000000494
test_08071,0.9999836941
test_08072,0.0000000463
test_08073,0.9998277938
test_08074,0.0011213277
test_08075,0.2195174743
test_08076,0.0000003045
test_08077,0.0000883170
test_08078,0.9999996068
test_08079,0.0000000152
test_08080,0.9998891989
test_08081,0.0025803879
test_08082,0.0000002844
test_08083,0.9999996059
test_08084,0.0000044789
test_08085,0.0003565008
test_08086,0.0008195645
test_08087,0.9999896092
test_08088,0.9999914746
test_08089,0.0000368340
test_08090,0.0000008390
test_08091,0.9999999231
test_08092,0.9969232248
test_08093,0.1002541011
test_08094,0.0000073392
test_08095,0.9999175836
test_08096,0.0001043601
test_08097,0.9999993941
test_08098,0.0000004918
test_08099,0.0004942505
test_08100,0.9999999729
test_08101,0.0000022279
test_08102,0.0000040395
test_08103,0.9999969991
test_08104,0.0000000063
test_08105,0.9999966118
test_08106,0.9999977286
test_08107,0.9746962272
test_08108,0.0000000164
test_08109,0.9999813985
test_08110,0.9999999094
test_08111,0.0000089404
test_08112,0.9999999566
test_08113,0.0001595370
test_08114,0.0000000114
test_08115,0.0000030216
test_08116,0.9999747842
test_08117,0.0000027771
test_08118,0.0000131398
test_08119,0.0000285476
test_08120,0.0001441274
test_08121,0.0000471891
test_08122,0.9999873256
test_08123,0.0022605032
test_08124,0.9890766945
test_08125,0.9999325497
test_08126,0.0002327010
test_08127,0.0000002818
test_08128,0.1340524984
test_08129,0.0000001635
test_08130,0.0000459964
test_08131,0.9999999809
test_08132,0.0000001209
test_08133,0.0292158679
test_08134,0.0000025734
test_08135,0.0000009598
test_08136,0.9999843999
test_08137,0.0000016547
test_08138,0.0000007287
test_08139,0.9999995858
test_08140,0.9998696652
test_08141,0.9998256482
test_08142,0.9999999683
test_08143,0.9999996998
test_08144,0.9999934365
test_08145,0.0000013568
test_08146,0.9857519542
test_08147,0.0000172474
test_08148,0.0000178031
test_08149,0.0000011526
test_08150,0.9999924066
test_08151,0.9999960556
test_08152,0.0159661168
test_08153,0.8405641473
test_08154,0.0000000624
test_08155,0.0000011981
test_08156,0.0000017504
test_08157,0.0000213728
test_08158,0.0000285233
test_08159,0.9999999742
test_08160,0.9999943823
test_08161,0.9999073968
test_08162,0.0000002348
test_08163,0.9999993755
test_08164,0.0072944199
test_08165,0.0000005091
test_08166,0.0000008352
test_08167,0.0000000562
test_08168,0.9999997025
test_08169,0.9970626551
test_08170,0.0000002124
test_08171,0.9999994592
test_08172,0.9999989201
test_08173,0.0000159346
test_08174,0.0079859056
test_08175,0.9998507571
test_08176,0.9977406146
test_08177,0.9999685242
test_08178,0.9999996811
test_08179,0.9996814599
test_08180,0.0000854404
test_08181,0.0003782648
test_08182,0.0001724026
test_08183,0.9999890921
test_08184,0.9999997490
test_08185,0.9999901302
test_08186,0.9999708494
test_08187,0.9999401732
test_08188,0.0000019990
test_08189,0.0001110686
test_08190,0.0000010206
test_08191,0.0000255035
test_08192,0.9849791749
test_08193,0.9999926160
test_08194,0.0000566301
test_08195,0.0000000729
test_08196,0.0000000892
test_08197,0.9999997363
test_08198,0.9999997538
test_08199,0.0000029860
test_08200,0.9999980870
test_08201,0.0000467106
test_08202,0.9999999503
test_08203,0.9989879080
test_08204,0.9999913133
test_08205,0.9946300992
test_08206,0.9805239994
test_08207,0.9999983358
test_08208,0.0017313683
test_08209,0.0000409799
test_08210,0.0000384721
test_08211,0.0000001665
test_08212,0.9999999064
test_08213,0.9999960266
test_08214,0.0002904644
test_08215,0.0000011012
test_08216,0.0000016034
test_08217,0.9999986343
test_08218,0.9999590834
test_08219,0.0000002435
test_08220,0.0000040748
test_08221,0.0000006598
test_08222,0.9999930955
test_08223,0.0000000087
test_08224,0.0000048097
test_08225,0.0046586303
test_08226,0.9974023025
test_08227,0.9999999742
test_08228,0.9999998193
test_08229,0.0000000362
test_08230,0.8561671663
test_08231,0.0000000250
test_08232,0.0000018159
test_08233,0.0000000236
test_08234,0.0000000059
test_08235,0.0000103496
test_08236,0.0004427191
test_08237,0.9999981606
test_08238,0.9999997964
test_08239,0.9999998234
test_08240,0.9865041777
test_08241,0.9926573171
test_08242,0.9942234685
test_08243,0.0000002243
test_08244,0.9999671149
test_08245,0.3467552054
test_08246,0.9948959303
test_08247,0.0000013310
test_08248,0.0029146190
test_08249,0.9999872464
test_08250,0.0445198483
test_08251,0.9999998563
test_08252,0.9999968123
test_08253,0.0000010574
test_08254,0.9999444453
test_08255,0.0000000407
test_08256,0.0043613895
test_08257,0.0000007645
test_08258,0.0000643353
test_08259,0.9999978779
test_08260,0.9575818567
test_08261,0.9999999637
test_08262,0.9987209557
test_08263,0.9998768675
test_08264,0.9995357894
test_08265,0.9954212340
test_08266,0.9999986268
test_08267,0.0067668073
test_08268,0.0000055078
test_08269,0.9999988289
test_08270,0.1442979924
test_08271,0.9609231073
test_08272,0.9999972528
test_08273,0.9311004489
test_08274,0.9998619616
test_08275,0.0000000673
test_08276,0.9999993226
test_08277,0.0000000380
test_08278,0.0000104869
test_08279,0.0187788647
test_08280,0.0000000214
test_08281,0.9989829712
test_08282,0.9999881655
test_08283,0.9999638942
test_08284,0.9999644254
test_08285,0.9999980452
test_08286,0.0005278743
test_08287,0.0001089175
test_08288,0.0000000201
test_08289,0.0000416925
test_08290,0.0000005219
test_08291,0.0014874931
test_08292,0.0000000219
test_08293,0.9999777874
test_08294,0.0000259321
test_08295,0.9999944211
test_08296,0.9999917898
test_08297,0.9999999714
test_08298,0.0000032100
test_08299,0.0000000058
test_08300,0.9999998238
test_08301,0.9999918329
test_08302,0.9999999425
test_08303,0.9999988829
test_08304,0.9999995033
test_08305,0.0004888932
test_08306,0.0000000054
test_08307,0.9999890438
test_08308,0.9993247381
test_08309,0.0573411555
test_08310,0.9999831717
test_08311,0.0000001743
test_08312,0.9998729226
test_08313,0.9999974684
test_08314,0.0000030245
test_08315,0.9999999520
test_08316,0.9999968008
test_08317,0.9989613945
test_08318,0.0000977709
test_08319,0.9999998777
test_08320,0.9999350439
test_08321,0.9990071683
test_08322,0.9996333151
test_08323,0.9999992669
test_08324,0.9860794207
test_08325,0.9999992393
test_08326,0.0000005652
test_08327,0.0310613912
test_08328,0.0000240581
test_08329,0.9999988608
test_08330,0.9999103646
test_08331,0.9954221043
test_08332,0.0000059719
test_08333,0.0025720244
test_08334,0.9999999116
test_08335,0.3319633051
test_08336,0.8325150911
test_08337,0.9999838579
test_08338,0.9999977629
test_08339,0.0000000763
test_08340,0.0000003581
test_08341,0.9997687677
test_08342,0.0000001017
test_08343,0.9999979419
test_08344,0.9996633062
test_08345,0.9999980707
test_08346,0.0003051244
test_08347,0.0022839778
test_08348,0.9999994681
test_08349,0.0000621908
test_08350,0.9999992187
test_08351,0.9999999863
test_08352,0.0000000306
test_08353,0.9999967268
test_08354,0.0000011344
test_08355,0.9999799522
test_08356,0.1936713106
test_08357,0.0000016359
test_08358,0.9993592194
test_08359,0.9999991588
test_08360,0.9999998218
test_08361,0.9996221072
test_08362,0.0000000040
test_08363,0.9999745042
test_08364,0.0968685384
test_08365,0.0000001248
test_08366,0.9996286781
test_08367,0.9999999672
test_08368,0.9999937493
test_08369,0.0000010352
test_08370,0.9999987082
test_08371,0.0000089999
test_08372,0.0000003469
test_08373,0.9999896572
test_08374,0.9999999556
test_08375,0.0000003199
test_08376,0.9999989505
test_08377,0.9925186572
test_08378,0.9996432907
test_08379,0.9999643367
test_08380,0.9999988392
test_08381,0.9578992435
test_08382,0.9999950880
test_08383,0.0000877993
test_08384,0.0000021427
test_08385,0.0000003352
test_08386,0.0000000058
test_08387,0.0000003112
test_08388,0.0000404454
test_08389,0.9999742636
test_08390,0.0001720383
test_08391,0.0000001734
test_08392,0.9999998526
test_08393,0.9999999571
test_08394,0.0000001075
test_08395,0.0000014122
test_08396,0.0000429523
test_08397,0.0000008845
test_08398,0.9999908274
test_08399,0.0000026410
test_08400,0.0000017902
test_08401,0.0479012164
test_08402,0.0017203281
test_08403,0.0004858359
test_08404,0.9999998294
test_08405,0.0000024085
test_08406,0.0000006397
test_08407,0.9981130787
test_08408,0.0000138659
test_08409,0.0000000082
test_08410,0.9982808328
test_08411,0.9999990685
test_08412,0.9999999644
test_08413,0.0000016062
test_08414,0.0000630896
test_08415,0.0000000079
test_08416,0.9999995060
test_08417,0.9999997279
test_08418,0.9999990631
test_08419,0.0000180552
test_08420,0.2158058538
test_08421,0.0000532030
test_08422,0.9999962002
test_08423,0.9999999751
test_08424,0.0000056055
test_08425,0.0024793454
test_08426,0.0000043454
test_08427,0.9999994083
test_08428,0.9999887360
test_08429,0.0000000578
test_08430,0.9999993229
test_08431,0.0009223492
test_08432,0.0166393283
test_08433,0.0778006706
test_08434,0.9985281433
test_08435,0.0000001600
test_08436,0.9999999436
test_08437,0.0000000572
test_08438,0.9994563290
test_08439,0.0000000808
test_08440,0.9999946671
test_08441,0.1398164720
test_08442,0.0090630143
test_08443,0.0000066731
test_08444,0.0000003790
test_08445,0.9999806478
test_08446,0.0000009689
test_08447,0.0000023653
test_08448,0.0025446890
test_08449,0.9998832885
test_08450,0.0010871692
test_08451,0.0000070252
test_08452,0.0544994015
test_08453,0.0000028383
test_08454,0.0000883562
test_08455,0.8858568080
test_08456,0.9999986140
test_08457,0.9999996515
test_08458,0.0000005102
test_08459,0.9999972267
test_08460,0.9999996115
test_08461,0.0000055856
test_08462,0.0000027887
test_08463,0.9999936942
test_08464,0.0010763299
test_08465,0.9999993184
test_08466,0.0094963290
test_08467,0.0000002611
test_08468,0.9999997496
test_08469,0.0000054005
test_08470,0.0000018269
test_08471,0.0000037616
test_08472,0.9999976992
test_08473,0.0000002635
test_08474,0.9999907468
test_08475,0.0000782320
test_08476,0.9773193228
test_08477,0.9999992588
test_08478,0.9999776856
test_08479,0.0000005267
test_08480,0.0000054190
test_08481,0.0000003288
test_08482,0.9999993326
test_08483,0.0000032198
test_08484,0.9995786155
test_08485,0.1251277742
test_08486,0.0190669339
test_08487,0.0000315254
test_08488,0.0747551026
test_08489,0.0000054737
test_08490,0.8646290698
test_08491,0.9999999872
test_08492,0.9998329435
test_08493,0.9462539082
test_08494,0.0002016299
test_08495,0.0000000829
test_08496,0.0000018430
test_08497,0.9999978425
test_08498,0.0000000277
test_08499,0.3197489093
test_08500,0.9999727265
test_08501,0.0000013108
test_08502,0.9999999823
test_08503,0.0025885491
test_08504,0.9991036466
test_08505,0.0000525815
test_08506,0.2955118133
test_08507,0.0000144826
test_08508,0.9999991346
test_08509,0.9999346990
test_08510,0.9999999695
test_08511,0.9868881878
test_08512,0.9999991761
test_08513,0.9999955714
test_08514,0.0000003067
test_08515,0.9999999456
test_08516,0.9999999865
test_08517,0.9999959357
test_08518,0.9988291485
test_08519,0.9999999874
test_08520,0.0774233969
test_08521,0.0000020860
test_08522,0.0013369958
test_08523,0.0000000250
test_08524,0.0000003075
test_08525,0.9999998607
test_08526,0.0000004947
test_08527,0.0000022381
test_08528,0.0004468994
test_08529,0.9933145564
test_08530,0.0000041880
test_08531,0.9026258297
test_08532,0.9999571507
test_08533,0.0004605472
test_08534,0.0001058707
test_08535,0.9997887413
test_08536,0.0000000536
test_08537,0.9999954199
test_08538,0.9999981244
test_08539,0.9954663109
test_08540,0.9999999704
test_08541,0.0000007626
test_08542,0.9967988629
test_08543,0.0000124172
test_08544,0.9999872906
test_08545,0.9996323812
test_08546,0.9996929258
test_08547,0.9999993878
test_08548,0.0000000974
test_08549,0.0000001340
test_08550,0.8237973056
test_08551,0.9997597209
test_08552,0.9999154226
test_08553,0.9999974472
test_08554,0.0000062364
test_08555,0.9998199490
test_08556,0.0000005628
test_08557,0.0343594688
test_08558,0.0000003321
test_08559,0.9998499826
test_08560,0.0643814980
test_08561,0.9999998969
test_08562,0.9990892134
test_08563,0.0002797857
test_08564,0.0000002503
test_08565,0.9999999717
test_08566,0.9999870244
test_08567,0.0002056470
test_08568,0.9999243553
test_08569,0.0000349774
test_08570,0.0004385347
test_08571,0.0694152004
test_08572,0.9999996831
test_08573,0.9999887327
test_08574,0.0000000310
test_08575,0.9945331975
test_08576,0.0000271403
test_08577,0.9999191153
test_08578,0.0071174101
test_08579,0.9989284017
test_08580,0.9999794768
test_08581,0.9999978492
test_08582,0.0877306145
test_08583,0.0000449095
test_08584,0.0000223869
test_08585,0.0000000096
test_08586,0.9999785846
test_08587,0.0000371191
test_08588,0.9999544002
test_08589,0.9997780050
test_08590,0.9999544572
test_08591,0.0000000243
test_08592,0.9999947795
test_08593,0.0000000829
test_08594,0.0000058662
test_08595,0.9992535361
test_08596,0.9999902001
test_08597,0.9999980954
test_08598,0.8995404158
test_08599,0.0150107948
test_08600,0.9999996048
test_08601,0.9999999835
test_08602,0.9994956800
test_08603,0.9999579565
test_08604,0.9999999281
test_08605,0.1761168056
test_08606,0.9999998759
test_08607,0.9998875314
test_08608,0.9999995412
test_08609,0.0000082369
test_08610,0.9994208430
test_08611,0.0000004523
test_08612,0.9999987513
test_08613,0.8506501434
test_08614,0.9999977925
test_08615,0.0193848799
test_08616,0.9999999600
test_08617,0.0000046829
test_08618,0.0000001215
test_08619,0.9999940878
test_08620,0.9999987092
test_08621,0.9999854336
test_08622,0.9999992676
test_08623,0.0000003530
test_08624,0.9996103479
test_08625,0.9999979257
test_08626,0.0000001604
test_08627,0.0000002169
test_08628,0.9999998629
test_08629,0.0000005492
test_08630,0.9999998640
test_08631,0.0155275526
test_08632,0.0000284641
test_08633,0.9999932202
test_08634,0.9591006452
test_08635,0.0005251074
test_08636,0.0000000585
test_08637,0.9998441448
test_08638,0.9999823445
test_08639,0.0000314202
test_08640,0.0021638234
test_08641,0.0000000979
test_08642,0.9999997845
test_08643,0.0000022187
test_08644,0.9999353434
test_08645,0.1993574869
test_08646,0.0000000270
test_08647,0.0000296340
test_08648,0.0000017482
test_08649,0.9999939538
test_08650,0.9999997566
test_08651,0.9999843994
test_08652,0.9972854098
test_08653,0.9999975721
test_08654,0.0000006485
test_08655,0.9952960437
test_08656,0.0081420145
test_08657,0.9999144828
test_08658,0.9998897061
test_08659,0.0000003451
test_08660,0.1885829999
test_08661,0.0000256926
test_08662,0.0048525076
test_08663,0.0000000230
test_08664,0.0000319927
test_08665,0.0005334875
test_08666,0.9999999650
test_08667,0.9999996655
test_08668,0.9999850502
test_08669,0.9996961113
test_08670,0.7321851498
test_08671,0.9996898606
test_08672,0.9999912734
test_08673,0.9999999801
test_08674,0.9999999746
test_08675,0.0000642798
test_08676,0.9998274592
test_08677,0.9999819546
test_08678,0.9999588705
test_08679,0.9999999219
test_08680,0.9999999763
test_08681,0.0003955117
test_08682,0.0017214254
test_08683,0.8439601124
test_08684,0.0253508932
test_08685,0.9999964961
test_08686,0.9999999634
test_08687,0.0004117268
test_08688,0.9994766815
test_08689,0.9999997708
test_08690,0.0000012336
test_08691,0.9999961483
test_08692,0.9999999883
test_08693,0.0000001256
test_08694,0.0000004469
test_08695,0.9999225642
test_08696,0.0000339719
test_08697,0.0009422095
test_08698,0.9941239558
test_08699,0.9999868940
test_08700,0.9999994861
test_08701,0.9999997603
test_08702,0.0000000151
test_08703,0.0007085038
test_08704,0.0000004591
test_08705,0.0000224120
test_08706,0.0000200141
test_08707,0.9995479833
test_08708,0.9999986445
test_08709,0.9999936370
test_08710,0.0000000365
test_08711,0.9999997353
test_08712,0.0000000816
test_08713,0.9999999228
test_08714,0.9986088705
test_08715,0.0000000262
test_08716,0.9999994952
test_08717,0.1767204796
test_08718,0.0000000309
test_08719,0.9999997658
test_08720,0.9999951596
test_08721,0.9998576874
test_08722,0.9999962775
test_08723,0.9999456497
test_08724,0.0000000282
test_08725,0.9999963434
test_08726,0.9999886409
test_08727,0.0000120588
test_08728,0.0000000573
test_08729,0.9985591324
test_08730,0.0096015700
test_08731,0.9999985892
test_08732,0.0566303522
test_08733,0.0000014436
test_08734,0.9998084565
test_08735,0.0000013867
test_08736,0.9999994394
test_08737,0.0000000877
test_08738,0.1818448356
test_08739,0.0000003406
test_08740,0.0000003090
test_08741,0.0830441903
test_08742,0.9998666249
test_08743,0.0000103638
test_08744,0.1331210211
test_08745,0.9998763330
test_08746,0.0088585087
test_08747,0.9999981523
test_08748,0.0000254141
test_08749,0.0000023344
test_08750,0.9999791817
test_08751,0.0000000277
test_08752,0.0002737089
test_08753,0.9998916864
test_08754,0.0000001403
test_08755,0.9999931206
test_08756,0.9997303322
test_08757,0.9999995232
test_08758,0.0002491516
test_08759,0.0000100669
test_08760,0.0000004477
test_08761,0.0062947620
test_08762,0.9998461962
test_08763,0.2635772480
test_08764,0.9909295433
test_08765,0.0000000887
test_08766,0.9999999487
test_08767,0.0000034847
test_08768,0.9999984375
test_08769,0.0001575944
test_08770,0.9999788944
test_08771,0.0006670677
test_08772,0.0000003619
test_08773,0.0000000326
test_08774,0.0002958425
test_08775,0.9999926691
test_08776,0.9997594203
test_08777,0.1582160547
test_08778,0.9999634396
test_08779,0.9999422673
test_08780,0.0000305937
test_08781,0.9979106339
test_08782,0.0006657392
test_08783,0.9999990749
test_08784,0.9999418953
test_08785,0.0065791262
test_08786,0.0293977328
test_08787,0.0008286425
test_08788,0.0037201470
test_08789,0.9987929391
test_08790,0.0000000118
test_08791,0.0000001129
test_08792,0.0000000083
test_08793,0.0610615571
test_08794,0.0000000144
test_08795,0.9999996386
test_08796,0.9999999844
test_08797,0.9983816199
test_08798,0.9991749981
test_08799,0.9999999819
test_08800,0.9999754196
test_08801,0.9999997304
test_08802,0.9986832540
test_08803,0.9999987406
test_08804,0.0000085344
test_08805,0.9999987720
test_08806,0.9999808576
test_08807,0.0017463383
test_08808,0.9999994314
test_08809,0.9999773735
test_08810,0.0000145907
test_08811,0.9999999866
test_08812,0.0001265544
test_08813,0.9999949577
test_08814,0.0000016648
test_08815,0.0000000068
test_08816,0.0000340896
test_08817,0.9999698298
test_08818,0.1399666389
test_08819,0.9999952349
test_08820,0.9999294846
test_08821,0.0001031241
test_08822,0.9999994352
test_08823,0.2773617901
test_08824,0.0000000780
test_08825,0.9999901031
test_08826,0.0000000339
test_08827,0.9999986094
test_08828,0.9999949331
test_08829,0.0000003167
test_08830,0.9999992075
test_08831,0.0163499388
test_08832,0.0000122107
test_08833,0.9999996279
test_08834,0.9999500200
test_08835,0.9999778010
test_08836,0.6263171175
test_08837,0.9994100255
test_08838,0.9998952008
test_08839,0.9999995395
test_08840,0.9931879136
test_08841,0.9999694713
test_08842,0.0000000307
test_08843,0.9999949518
test_08844,0.0000004971
test_08845,0.0000000081
test_08846,0.9999928147
test_08847,0.9908474251
test_08848,0.0000020483
test_08849,0.0000617549
test_08850,0.9990161535
test_08851,0.0000030957
test_08852,0.0211385213
test_08853,0.9999952987
test_08854,0.9749671727
test_08855,0.9882724629
test_08856,0.9999843404
test_08857,0.9999679131
test_08858,0.9999736841
test_08859,0.0000105260
test_08860,0.9999986969
test_08861,0.9999998956
test_08862,0.0000000424
test_08863,0.0000076427
test_08864,0.0001550003
test_08865,0.0145932466
test_08866,0.9999391496
test_08867,0.9999999287
test_08868,0.0004432898
test_08869,0.9888405531
test_08870,0.9999949371
test_08871,0.9999982782
test_08872,0.0433118680
test_08873,0.9999999539
test_08874,0.0000000086
test_08875,0.9999996511
test_08876,0.9999991244
test_08877,0.1187862347
test_08878,0.9999980000
test_08879,0.9999590054
test_08880,0.9997967984
test_08881,0.9999995258
test_08882,0.3333484336
test_08883,0.0000030968
test_08884,0.9999944736
test_08885,0.0000419663
test_08886,0.0000000061
test_08887,0.0000001533
test_08888,0.0000021879
test_08889,0.9999997480
test_08890,0.0008678890
test_08891,0.0465567238
test_08892,0.9700000880
test_08893,0.0032560888
test_08894,0.9999998509
test_08895,0.0000076639
test_08896,0.9999999766
test_08897,0.0002277934
test_08898,0.9998777247
test_08899,0.0000000082
test_08900,0.9999866310
test_08901,0.9999980483
test_08902,0.9999435657
test_08903,0.9997242172
test_08904,0.9999982374
test_08905,0.9999984711
test_08906,0.9999977381
test_08907,0.9999933476
test_08908,0.9999990655
test_08909,0.0480567232
test_08910,0.0000074295
test_08911,0.9999998925
test_08912,0.0000001184
test_08913,0.0005521795
test_08914,0.0000045698
test_08915,0.7431793790
test_08916,0.9999973732
test_08917,0.9999959662
test_08918,0.9999996199
test_08919,0.9960121430
test_08920,0.0000105924
test_08921,0.3471589041
test_08922,0.0000000617
test_08923,0.9917569278
test_08924,0.9999999839
test_08925,0.9999878176
test_08926,0.0000097516
test_08927,0.0000000618
test_08928,0.0000048481
test_08929,0.9999990658
test_08930,0.9999899853
test_08931,0.0170642576
test_08932,0.0157736884
test_08933,0.9916470456
test_08934,0.9999653105
test_08935,0.9999999799
test_08936,0.9999687284
test_08937,0.9997886162
test_08938,0.9999945225
test_08939,0.0000024556
test_08940,0.0000058451
test_08941,0.0241389641
test_08942,0.4462309677
test_08943,0.9999976371
test_08944,0.9999996319
test_08945,0.9999997225
test_08946,0.0000031621
test_08947,0.9990719310
test_08948,0.9999282369
test_08949,0.0001864405
test_08950,0.0000000877
test_08951,0.9999999193
test_08952,0.9996173249
test_08953,0.9997346992
test_08954,0.9999998196
test_08955,0.9999983084
test_08956,0.9999994018
test_08957,0.0000138902
test_08958,0.0000000826
test_08959,0.0000150712
test_08960,0.9999277254
test_08961,0.0000000520
test_08962,0.0000005033
test_08963,0.0000168623
test_08964,0.0000000498
test_08965,0.0000002185
test_08966,0.9996007543
test_08967,0.0000002391
test_08968,0.9999997849
test_08969,0.0000079867
test_08970,0.9999999829
test_08971,0.0000000199
test_08972,0.0000000726
test_08973,0.9999999450
test_08974,0.8289020159
test_08975,0.0000103214
test_08976,0.0000045810
test_08977,0.9999621624
test_08978,0.0795364569
test_08979,0.9999527887
test_08980,0.9998292927
test_08981,0.9999899730
test_08982,0.9998665818
test_08983,0.9999998085
test_08984,0.0000152957
test_08985,0.0000000052
test_08986,0.9999687673
test_08987,0.0000052540
test_08988,0.0000866246
test_08989,0.9999959339
test_08990,0.0000000280
test_08991,0.0000000084
test_08992,0.0000004958
test_08993,0.5298198876
test_08994,0.9999999015
test_08995,0.0000013076
test_08996,0.9999999915
test_08997,0.9999519623
test_08998,0.9999982274
test_08999,0.9999988109
test_09000,0.9999996993
test_09001,0.9999966854
test_09002,0.0176261582
test_09003,0.9896598147
test_09004,0.0000062848
test_09005,0.9999882674
test_09006,0.9999957346
test_09007,0.9672814965
test_09008,0.0013145846
test_09009,0.8590073594
test_09010,0.9972467483
test_09011,0.0000000052
test_09012,0.9999999660
test_09013,0.9999991758
test_09014,0.0001637194
test_09015,0.9888149914
test_09016,0.9999753898
test_09017,0.9999997880
test_09018,0.9999995978
test_09019,0.9999996519
test_09020,0.0000529480
test_09021,0.9999970484
test_09022,0.9999996609
test_09023,0.0000002390
test_09024,0.9985490619
test_09025,0.9999998639
test_09026,0.9999999580
test_09027,0.9999060195
test_09028,0.0365655881
test_09029,0.0000007475
test_09030,0.9999989327
test_09031,0.0000000973
test_09032,0.9999999145
test_09033,0.9987879883
test_09034,0.0000002151
test_09035,0.0000023388
test_09036,0.0000005850
test_09037,0.0000005035
test_09038,0.0000003155
test_09039,0.0000000239
test_09040,0.9632681677
test_09041,0.0000663111
test_09042,0.9999989151
test_09043,0.0003117805
test_09044,0.9540638288
test_09045,0.0000000599
test_09046,0.9998648002
test_09047,0.9999914859
test_09048,0.0002958286
test_09049,0.9999999799
test_09050,0.0000079030
test_09051,0.9999071821
test_09052,0.9999999227
test_09053,0.9998956025
test_09054,0.9996335205
test_09055,0.0030587700
test_09056,0.0000017280
test_09057,0.0000016040
test_09058,0.9956406304
test_09059,0.0428412428
test_09060,0.9999998212
test_09061,0.0023542619
test_09062,0.9999967047
test_09063,0.9999926394
test_09064,0.0845605851
test_09065,0.9999929304
test_09066,0.3249408021
test_09067,0.9999998869
test_09068,0.0000007879
test_09069,0.0021544142
test_09070,0.0000000195
test_09071,0.9999802001
test_09072,0.9999999737
test_09073,0.9999990251
test_09074,0.9799718158
test_09075,0.9998935497
test_09076,0.0000063195
test_09077,0.9999999770
test_09078,0.9999999121
test_09079,0.9997604473
test_09080,0.9940788464
test_09081,0.9997519224
test_09082,0.0000004230
test_09083,0.9999999087
test_09084,0.0000025943
test_09085,0.9999780357
test_09086,0.9999193088
test_09087,0.0000003780
test_09088,0.0000002108
test_09089,0.9999961777
test_09090,0.9937342771
test_09091,0.0000000329
test_09092,0.0000109777
test_09093,0.0000823726
test_09094,0.9999955431
test_09095,0.9999995706
test_09096,0.0000000469
test_09097,0.0002809950
test_09098,0.9999800242
test_09099,0.0559232719
test_09100,0.9999982997
test_09101,0.9999715288
test_09102,0.0000000597
test_09103,0.0001682187
test_09104,0.9999987511
test_09105,0.0000027971
test_09106,0.9998950281
test_09107,0.0005097676
test_09108,0.9944015843
test_09109,0.0000006896
test_09110,0.9999827786
test_09111,0.9999979560
test_09112,0.9999764693
test_09113,0.9999999507
test_09114,0.0000007263
test_09115,0.0000012591
test_09116,0.9999986301
test_09117,0.0000018434
test_09118,0.9999992372
test_09119,0.0000203956
test_09120,0.9999958103
test_09121,0.9999989266
test_09122,0.9999998737
test_09123,0.0000000257
test_09124,0.9999964060
test_09125,0.9999998240
test_09126,0.0000723950
test_09127,0.9999829056
test_09128,0.0000000086
test_09129,0.0000005079
test_09130,0.0000004347
test_09131,0.0000824671
test_09132,0.0298131157
test_09133,0.0009445838
test_09134,0.0077469912
test_09135,0.9999983137
test_09136,0.9999999430
test_09137,0.9999999394
test_09138,0.9992639765
test_09139,0.0000567426
test_09140,0.9999999235
test_09141,0.0030318181
test_09142,0.0000000493
test_09143,0.0000000904
test_09144,0.9999995599
test_09145,0.9999999607
test_09146,0.0000194671
test_09147,0.9999404912
test_09148,0.0000017919
test_09149,0.9999463898
test_09150,0.0000321195
test_09151,0.0000011675
test_09152,0.0000044303
test_09153,0.9997636983
test_09154,0.9999584644
test_09155,0.0000110326
test_09156,0.2776324621
test_09157,0.0000000050
test_09158,0.7985511683
test_09159,0.0000024009
test_09160,0.9999962909
test_09161,0.9999996692
test_09162,0.0000003257
test_09163,0.9999999587
test_09164,0.0000000730
test_09165,0.0000231451
test_09166,0.9999902578
test_09167,0.0000428789
test_09168,0.9999996887
test_09169,0.9999997849
test_09170,0.9994838868
test_09171,0.0554790489
test_09172,0.9998350862
test_09173,0.9999975534
test_09174,0.0006886992
test_09175,0.0000004610
test_09176,0.0000243648
test_09177,0.3163586147
test_09178,0.9999631570
test_09179,0.0000000827
test_09180,0.0000000621
test_09181,0.0000611605
test_09182,0.9999999520
test_09183,0.0000000770
test_09184,0.0000000438
test_09185,0.0134759865
test_09186,0.0048864061
test_09187,0.9999994454
test_09188,0.0000038594
test_09189,0.0059928103
test_09190,0.9999916519
test_09191,0.9884969811
test_09192,0.0000013555
test_09193,0.9999984864
test_09194,0.0079713615
test_09195,0.9999850745
test_09196,0.9999999246
test_09197,0.0001314201
test_09198,0.0000003076
test_09199,0.9999808497
test_09200,0.0000018614
test_09201,0.0000354140
test_09202,0.0000007020
test_09203,0.9999999564
test_09204,0.9999987994
test_09205,0.9910018230
test_09206,0.9972750399
test_09207,0.0000002820
test_09208,0.0402148754
test_09209,0.0000000643
test_09210,0.6003104519
test_09211,0.9999708486
test_09212,0.0000000133
test_09213,0.9999995287
test_09214,0.9999960486
test_09215,0.0000961305
test_09216,0.0002883336
test_09217,0.9996186914
test_09218,0.9999993563
test_09219,0.9999954305
test_09220,0.9999999381
test_09221,0.9999956693
test_09222,0.0001897775
test_09223,0.3712672737
test_09224,0.9999996782
test_09225,0.9999979725
test_09226,0.9999997838
test_09227,0.0000000739
test_09228,0.0000004873
test_09229,0.0378864622
test_09230,0.9999769729
test_09231,0.9993632251
test_09232,0.0000022905
test_09233,0.0000855188
test_09234,0.9999961987
test_09235,0.0000032160
test_09236,0.0000000073
test_09237,0.9999978388
test_09238,0.9999999129
test_09239,0.6691698182
test_09240,0.0000164765
test_09241,0.0278965828
test_09242,0.9995165118
test_09243,0.0000049360
test_09244,0.0088629644
test_09245,0.9999998202
test_09246,0.9999985353
test_09247,0.0002837403
test_09248,0.9999999095
test_09249,0.9999987516
test_09250,0.0000000087
test_09251,0.0066032276
test_09252,0.0000000102
test_09253,0.9999999705
test_09254,0.9992761081
test_09255,0.9999809804
test_09256,0.9999956725
test_09257,0.0000113505
test_09258,0.0021101614
test_09259,0.9999992385
test_09260,0.0000002782
test_09261,0.0000164050
test_09262,0.9999867603
test_09263,0.0093515035
test_09264,0.0007243797
test_09265,0.6725800894
test_09266,0.9999757540
test_09267,0.9999104997
test_09268,0.9999817766
test_09269,0.0000596146
test_09270,0.0000000380
test_09271,0.9999198788
test_09272,0.9999796455
test_09273,0.9999985592
test_09274,0.0063763291
test_09275,0.0000000933
test_09276,0.0000192172
test_09277,0.9999982347
test_09278,0.0000073825
test_09279,0.0000033759
test_09280,0.0001087706
test_09281,0.0038448516
test_09282,0.0000002318
test_09283,0.0000003896
test_09284,0.9999999866
test_09285,0.4616039866
test_09286,0.0000010963
test_09287,0.9999978284
test_09288,0.0023430562
test_09289,0.9999856265
test_09290,0.0000000338
test_09291,0.9999986673
test_09292,0.9999974790
test_09293,0.0000007207
test_09294,0.0000002112
test_09295,0.0000001174
test_09296,0.0000000158
test_09297,0.5434553646
test_09298,0.0398088365
test_09299,0.0000032988
test_09300,0.0000000106
test_09301,0.0000000127
test_09302,0.0001778838
test_09303,0.9998675361
test_09304,0.0462305045
test_09305,0.9999684214
test_09306,0.0000000809
test_09307,0.0001943574
test_09308,0.0000000265
test_09309,0.9999943541
test_09310,0.9999999800
test_09311,0.0003483660
test_09312,0.9999944960
test_09313,0.0259094947
test_09314,0.0000002389
test_09315,0.0180805526
test_09316,0.9993740627
test_09317,0.9999999440
test_09318,0.9997630808
test_09319,0.9999997852
test_09320,0.9999864726
test_09321,0.9997416229
test_09322,0.9999770197
test_09323,0.9999984802
test_09324,0.9999647011
test_09325,0.9999999835
test_09326,0.1152328688
test_09327,0.0001380555
test_09328,0.5725714219
test_09329,0.0000007350
test_09330,0.0000009620
test_09331,0.9999948414
test_09332,0.0000000687
test_09333,0.9700256935
test_09334,0.9999999818
test_09335,0.0001982413
test_09336,0.0000001013
test_09337,0.9999355752
test_09338,0.0010545329
test_09339,0.0034131527
test_09340,0.9972140655
test_09341,0.0000007757
test_09342,0.6161431356
test_09343,0.0000000966
test_09344,0.9999858309
test_09345,0.9999867934
test_09346,0.9998973732
test_09347,0.0000002872
test_09348,0.3499831254
test_09349,0.0000000391
test_09350,0.9999865020
test_09351,0.9999997882
test_09352,0.0000337859
test_09353,0.0000023497
test_09354,0.9999995866
test_09355,0.9999998923
test_09356,0.9999581558
test_09357,0.9999999628
test_09358,0.0000000488
test_09359,0.0000000996
test_09360,0.0507878400
test_09361,0.0000211627
test_09362,0.0007870770
test_09363,0.9999834582
test_09364,0.0000612565
test_09365,0.0000013239
test_09366,0.9999968120
test_09367,0.6641789452
test_09368,0.0166541898
test_09369,0.0000152683
test_09370,0.0006694103
test_09371,0.0000009729
test_09372,0.9999999512
test_09373,0.0000004899
test_09374,0.9999999612
test_09375,0.0000000588
test_09376,0.0005151968
test_09377,0.9738173133
test_09378,0.9997132008
test_09379,0.9999994501
test_09380,0.0000001085
test_09381,0.9998451197
test_09382,0.9999991785
test_09383,0.9988041354
test_09384,0.0000782895
test_09385,0.9999999254
test_09386,0.9999898138
test_09387,0.9999981930
test_09388,0.9995560907
test_09389,0.2104101224
test_09390,0.9996914837
test_09391,0.0000000154
test_09392,0.0000003179
test_09393,0.3977487067
test_09394,0.9996948125
test_09395,0.9882605037
test_09396,0.9999991263
test_09397,0.0000564709
test_09398,0.9994653228
test_09399,0.0002734728
test_09400,0.9999212519
test_09401,0.9998863973
test_09402,0.9999871378
test_09403,0.0000320542
test_09404,0.9999976653
test_09405,0.0000038657
test_09406,0.9999998138
test_09407,0.9998826870
test_09408,0.0004710924
test_09409,0.0199061624
test_09410,0.9999997127
test_09411,0.9999999854
test_09412,0.9999998367
test_09413,0.9999970269
test_09414,0.0000050939
test_09415,0.9999999701
test_09416,0.9999999571
test_09417,0.0000000340
test_09418,0.9999999805
test_09419,0.0000000706
test_09420,0.9999993602
test_09421,0.0000001861
test_09422,0.0000000805
test_09423,0.0000005257
test_09424,0.9999171424
test_09425,0.0000821906
test_09426,0.9988504735
test_09427,0.0000000328
test_09428,0.0010533787
test_09429,0.9962892063
test_09430,0.9999881091
test_09431,0.9999898407
test_09432,0.0000008338
test_09433,0.9939455825
test_09434,0.9999999618
test_09435,0.9999722487
test_09436,0.0513138981
test_09437,0.0000116420
test_09438,0.9999372735
test_09439,0.0000190233
test_09440,0.9998165445
test_09441,0.0000170697
test_09442,0.0000007965
test_09443,0.9997977936
test_09444,0.9999943672
test_09445,0.0011523619
test_09446,0.0086219789
test_09447,0.2239366301
test_09448,0.9999976210
test_09449,0.9999576702
test_09450,0.9999996905
test_09451,0.0000099492
test_09452,0.9999998034
test_09453,0.9999998689
test_09454,0.9873689659
test_09455,0.9999994512
test_09456,0.9999998721
test_09457,0.0000004442
test_09458,0.0000018292
test_09459,0.9999999577
test_09460,0.9999960081
test_09461,0.9999933965
test_09462,0.0000128521
test_09463,0.0000291803
test_09464,0.0039314745
test_09465,0.9999539304
test_09466,0.0000000133
test_09467,0.9997134515
test_09468,0.0006080738
test_09469,0.0005328563
test_09470,0.9999988814
test_09471,0.0004558945
test_09472,0.9999797966
test_09473,0.0000081646
test_09474,0.0010347991
test_09475,0.9999999594
test_09476,0.9999978093
test_09477,0.9500284551
test_09478,0.0003251571
test_09479,0.9999631565
test_09480,0.0001854955
test_09481,0.0000004778
test_09482,0.0000001206
test_09483,0.9999999492
test_09484,0.0723128494
test_09485,0.0015082621
test_09486,0.9999949426
test_09487,0.9998498408
test_09488,0.0000008513
test_09489,0.9991005782
test_09490,0.0000001752
test_09491,0.0067225455
test_09492,0.9999987495
test_09493,0.0166808554
test_09494,0.0000577100
test_09495,0.0000000812
test_09496,0.0000334996
test_09497,0.0000000684
test_09498,0.9999869148
test_09499,0.0000768095
test_09500,0.9999777646
test_09501,0.9986961951
test_09502,0.0123244202
test_09503,0.9999909793
test_09504,0.3022412571
test_09505,0.9999999692
test_09506,0.9268660061
test_09507,0.9999999709
test_09508,0.9999998982
test_09509,0.0000000675
test_09510,0.0054684577
test_09511,0.0000000392
test_09512,0.0000000048
test_09513,0.9963551772
test_09514,0.9999996614
test_09515,0.0001690304
test_09516,0.9992876885
test_09517,0.9999990192
test_09518,0.0000145276
test_09519,0.9999999750
test_09520,0.0402396563
test_09521,0.9999996060
test_09522,0.9998456259
test_09523,0.0000000065
test_09524,0.9999988589
test_09525,0.9999982931
test_09526,0.9999998654
test_09527,0.0001172070
test_09528,0.0000001652
test_09529,0.9999864146
test_09530,0.0049419566
test_09531,0.0000008341
test_09532,0.0001498201
test_09533,0.9999973386
test_09534,0.9999951086
test_09535,0.0000005962
test_09536,0.0000038870
test_09537,0.9999972223
test_09538,0.0000070540
test_09539,0.9999854311
test_09540,0.0000007745
test_09541,0.0000018109
test_09542,0.0000005545
test_09543,0.9999174299
test_09544,0.9999980997
test_09545,0.9999997929
test_09546,0.0000017569
test_09547,0.0000000138
test_09548,0.0000000534
test_09549,0.9999998784
test_09550,0.0000002824
test_09551,0.0002343710
test_09552,0.9999484298
test_09553,0.0000362331
test_09554,0.0000003370
test_09555,0.0000015175
test_09556,0.0111274447
test_09557,0.0011665084
test_09558,0.0025834687
test_09559,0.9993969542
test_09560,0.9558034234
test_09561,0.0004510793
test_09562,0.9999997835
test_09563,0.0000097874
test_09564,0.9980766709
test_09565,0.9999940204
test_09566,0.0008562217
test_09567,0.9999602962
test_09568,0.9999999670
test_09569,0.0000018839
test_09570,0.0000000920
test_09571,0.0001415788
test_09572,0.0000078680
test_09573,0.9982358204
test_09574,0.9999986349
test_09575,0.0083271112
test_09576,0.0038672998
test_09577,0.0000000268
test_09578,0.0000001179
test_09579,0.9999996022
test_09580,0.0329170471
test_09581,0.9998112464
test_09582,0.9999991170
test_09583,0.0005579297
test_09584,0.9999937797
test_09585,0.9746029115
test_09586,0.9976557438
test_09587,0.0000009010
test_09588,0.9999999675
test_09589,0.9999686725
test_09590,0.9999987814
test_09591,0.9999992299
test_09592,0.9999187890
test_09593,0.0000032440
test_09594,0.9999995087
test_09595,0.9811362335
test_09596,0.9999968236
test_09597,0.9999965602
test_09598,0.9828290217
test_09599,0.0000001849
test_09600,0.0000142829
test_09601,0.9999646377
test_09602,0.0001151521
test_09603,0.0000023941
test_09604,0.0000002747
test_09605,0.9999925350
test_09606,0.9299802895
test_09607,0.0000303709
test_09608,0.0003379753
test_09609,0.9995920025
test_09610,0.9999998983
test_09611,0.0475472692
test_09612,0.9999994369
test_09613,0.0000055661
test_09614,0.0000012300
test_09615,0.0000015702
test_09616,0.0000377281
test_09617,0.9999975717
test_09618,0.0012070249
test_09619,0.8893005556
test_09620,0.9999694873
test_09621,0.9999999813
test_09622,0.0000003446
test_09623,0.9999803872
test_09624,0.0000263819
test_09625,0.9999994610
test_09626,0.9999989578
test_09627,0.0000082477
test_09628,0.0000005689
test_09629,0.9987224232
test_09630,0.9999999338
test_09631,0.0000000058
test_09632,0.0000106294
test_09633,0.9999944822
test_09634,0.9999968928
test_09635,0.9938563303
test_09636,0.0000001111
test_09637,0.0085458745
test_09638,0.0000000160
test_09639,0.9999988409
test_09640,0.0016420074
test_09641,0.0000187471
test_09642,0.9999999021
test_09643,0.9975284535
test_09644,0.0000000257
test_09645,0.0000020001
test_09646,0.0000003754
test_09647,0.0107176018
test_09648,0.9992376940
test_09649,0.0000009559
test_09650,0.0000001575
test_09651,0.0065195553
test_09652,0.5082795909
test_09653,0.9999953097
test_09654,0.0000000131
test_09655,0.9999993720
test_09656,0.9999989346
test_09657,0.0000001818
test_09658,0.0000003443
test_09659,0.9999977337
test_09660,0.9999951800
test_09661,0.9999983226
test_09662,0.0014706394
test_09663,0.9999892995
test_09664,0.9999954878
test_09665,0.0000337247
test_09666,0.9997118270
test_09667,0.0000000182
test_09668,0.0000000340
test_09669,0.9998192695
test_09670,0.0000000422
test_09671,0.0000048904
test_09672,0.9999849070
test_09673,0.0003429678
test_09674,0.0579835933
test_09675,0.0000345256
test_09676,0.9999965457
test_09677,0.0000126316
test_09678,0.9998824550
test_09679,0.0003858871
test_09680,0.9999290816
test_09681,0.9937777411
test_09682,0.0000098469
test_09683,0.0003795563
test_09684,0.9999452210
test_09685,0.0011554983
test_09686,0.0000015195
test_09687,0.0000001384
test_09688,0.2208902736
test_09689,0.0017570378
test_09690,0.9999993101
test_09691,0.9999993341
test_09692,0.9990957900
test_09693,0.0017776442
test_09694,0.9999980730
test_09695,0.0000081673
test_09696,0.0000000157
test_09697,0.9992917014
test_09698,0.9999975273
test_09699,0.0056855212
test_09700,0.6806952834
test_09701,0.0056876473
test_09702,0.9999999697
test_09703,0.9999768984
test_09704,0.9988149249
test_09705,0.9999998995
test_09706,0.1130363640
test_09707,0.9999961812
test_09708,0.9889821396
test_09709,0.0000007259
test_09710,0.0000080444
test_09711,0.0000006308
test_09712,0.0000111732
test_09713,0.9999378312
test_09714,0.9999957783
test_09715,0.0000079193
test_09716,0.0132160674
test_09717,0.9999977407
test_09718,0.9999596125
test_09719,0.0000100117
test_09720,0.0984827762
test_09721,0.0000056595
test_09722,0.0000000857
test_09723,0.9999750798
test_09724,0.0000668330
test_09725,0.9999991058
test_09726,0.0007995908
test_09727,0.9999843186
test_09728,0.0000000134
test_09729,0.0003201302
test_09730,0.9999993549
test_09731,0.0000002594
test_09732,0.0053285823
test_09733,0.0000485031
test_09734,0.0000007477
test_09735,0.0000130476
test_09736,0.0000023485
test_09737,0.9999994760
test_09738,0.0001246428
test_09739,0.0000204501
test_09740,0.0000005334
test_09741,0.0002447389
test_09742,0.0000000067
test_09743,0.9999979500
test_09744,0.9999999895
test_09745,0.9999949661
test_09746,0.9998942987
test_09747,0.9999999263
test_09748,0.0000125357
test_09749,0.9999995576
test_09750,0.9999995899
test_09751,0.9987544340
test_09752,0.9747002950
test_09753,0.9993847059
test_09754,0.0000000234
test_09755,0.0231190882
test_09756,0.9977539870
test_09757,0.9884300812
test_09758,0.0003110646
test_09759,0.9999998725
test_09760,0.0000036603
test_09761,0.2626824968
test_09762,0.0000007643
test_09763,0.9981407362
test_09764,0.0000000326
test_09765,0.0000000154
test_09766,0.0000006920
test_09767,0.0000003132
test_09768,0.9999904315
test_09769,0.0000000058
test_09770,0.0000027617
test_09771,0.6125299163
test_09772,0.9999974106
test_09773,0.9999996477
test_09774,0.0003183354
test_09775,0.0000005706
test_09776,0.9987398225
test_09777,0.9999903146
test_09778,0.0035451484
test_09779,0.9999414639
test_09780,0.0000000573
test_09781,0.0000189450
test_09782,0.9999992918
test_09783,0.9999998259
test_09784,0.0001177279
test_09785,0.9997654551
test_09786,0.0000004292
test_09787,0.9785659682
test_09788,0.9999561323
test_09789,0.9943959330
test_09790,0.0013047429
test_09791,0.9960839354
test_09792,0.0002096682
test_09793,0.9940300730
test_09794,0.0000098911
test_09795,0.0019122397
test_09796,0.0000000757
test_09797,0.0000536303
test_09798,0.9999999254
test_09799,0.9999900529
test_09800,0.9913077150
test_09801,0.0002424184
test_09802,0.9999965521
test_09803,0.9997329826
test_09804,0.9999995398
test_09805,0.9999997299
test_09806,0.9999997065
test_09807,0.9999990532
test_09808,0.9999953867
test_09809,0.0000039130
test_09810,0.9999999836
test_09811,0.0006966940
test_09812,0.9908006872
test_09813,0.0001817489
test_09814,0.9999988179
test_09815,0.0000403570
test_09816,0.0001318069
test_09817,0.0000000591
test_09818,0.9999987303
test_09819,0.9998398371
test_09820,0.9999999770
test_09821,0.0000011356
test_09822,0.9999999771
test_09823,0.9999937210
test_09824,0.9999999829
test_09825,0.9999994789
test_09826,0.9999991613
test_09827,0.9999902217
test_09828,0.9999999330
test_09829,0.7764514356
test_09830,0.9999999727
test_09831,0.9999999522
test_09832,0.9979673070
test_09833,0.9999986006
test_09834,0.9997837764
test_09835,0.0002172452
test_09836,0.9999816222
test_09837,0.9999999892
test_09838,0.9999893291
test_09839,0.9999241422
test_09840,0.0000155841
test_09841,0.9999814947
test_09842,0.0566797832
test_09843,0.0001085082
test_09844,0.0000757721
test_09845,0.9999953534
test_09846,0.9999971283
test_09847,0.0000001622
test_09848,0.0000275494
test_09849,0.9999999361
test_09850,0.9999997976
test_09851,0.9999943353
test_09852,0.9999412443
test_09853,0.9891364589
test_09854,0.9999763618
test_09855,0.0000000660
test_09856,0.0000975602
test_09857,0.9999998222
test_09858,0.6425620472
test_09859,0.0000004603
test_09860,0.0024522318
test_09861,0.9999999647
test_09862,0.9892453322
test_09863,0.9999993852
test_09864,0.9999982988
test_09865,0.0003525372
test_09866,0.0000600890
test_09867,0.0000000177
test_09868,0.9999766761
test_09869,0.9999836764
test_09870,0.0011485710
test_09871,0.0004595232
test_09872,0.0051521634
test_09873,0.9999999126
test_09874,0.0000586093
test_09875,0.9999999600
test_09876,0.9999999335
test_09877,0.0019020605
test_09878,0.0000131905
test_09879,0.0000001848
test_09880,0.0000000725
test_09881,0.9999999365
test_09882,0.0004093958
test_09883,0.0008807000
test_09884,0.9999884241
test_09885,0.9999998599
test_09886,0.9999356075
test_09887,0.5492727267
test_09888,0.0000106433
test_09889,0.9999965911
test_09890,0.0000331201
test_09891,0.0000072057
test_09892,0.9999997448
test_09893,0.0000001718
test_09894,0.9996820031
test_09895,0.0008400329
test_09896,0.0000143968
test_09897,0.9999941393
test_09898,0.9999915147
test_09899,0.9999942882
test_09900,0.0000000174
test_09901,0.0000025933
test_09902,0.9999984192
test_09903,0.0000000124
test_09904,0.0000003639
test_09905,0.9999974024
test_09906,0.9998704053
test_09907,0.9999515869
test_09908,0.0000000266
test_09909,0.0000125340
test_09910,0.0878808868
test_09911,0.9998869807
test_09912,0.0004802002
test_09913,0.1128821177
test_09914,0.0054594836
test_09915,0.0000151967
test_09916,0.9999646011
test_09917,0.0001193796
test_09918,0.1820021242
test_09919,0.0000002629
test_09920,0.0000408132
test_09921,0.9999999337
test_09922,0.0000762015
test_09923,0.1167638207
test_09924,0.9998412230
test_09925,0.9999999805
test_09926,0.9999999819
test_09927,0.0001509088
test_09928,0.0000005967
test_09929,0.9999816771
test_09930,0.9999999701
test_09931,0.0006634122
test_09932,0.9999417520
test_09933,0.3376579531
test_09934,0.0000000222
test_09935,0.0017490293
test_09936,0.9999999579
test_09937,0.9999993843
test_09938,0.9999987246
test_09939,0.0187867911
test_09940,0.9987575175
test_09941,0.9999995795
test_09942,0.0058150757
test_09943,0.9999829709
test_09944,0.9992855323
test_09945,0.9999991605
test_09946,0.0000002658
test_09947,0.9999985172
test_09948,0.9995208899
test_09949,0.0030650706
test_09950,0.0000152682
test_09951,0.9999999713
test_09952,0.0000272239
test_09953,0.0000316249
test_09954,0.1107713932
test_09955,0.0000020877
test_09956,0.9999999847
test_09957,0.0000006037
test_09958,0.9969011595
test_09959,0.9995224407
test_09960,0.9999996229
test_09961,0.0009970233
test_09962,0.9999966155
test_09963,0.9997347437
test_09964,0.0012186778
test_09965,0.0000039483
test_09966,0.9999999738
test_09967,0.0003634101
test_09968,0.0000038889
test_09969,0.9952269169
test_09970,0.0000013049
test_09971,0.0000000123
test_09972,0.9999901774
test_09973,0.9982510123
test_09974,0.9999997004
test_09975,0.0000000235
test_09976,0.9999989240
test_09977,0.0000000048
test_09978,0.9990848917
test_09979,0.9999998301
test_09980,0.0000053097
test_09981,0.9999946136
test_09982,0.9999998962
test_09983,0.9999990185
test_09984,0.0000000851
test_09985,0.0000000156
test_09986,0.9999994305
test_09987,0.0000236097
test_09988,0.9999999645
test_09989,0.9992731102
test_09990,0.0000181741
test_09991,0.9999999646
test_09992,0.0000350650
test_09993,0.0000000222
test_09994,0.9999998847
test_09995,0.9999999834
test_09996,0.9999996175
test_09997,0.9999990019
test_09998,0.0042690719
test_09999,0.9999996321
test_10000,0.9976835580
test_10001,0.9999997027
test_10002,0.9999999191
test_10003,0.9999996949
test_10004,0.9999996778
test_10005,0.0000001654
test_10006,0.9990303402
test_10007,0.9999940501
test_10008,0.3529371125
test_10009,0.0000000349
test_10010,0.9999946822
test_10011,0.9999609233
test_10012,0.0000023691
test_10013,0.0000005198
test_10014,0.0000000145
test_10015,0.0187769298
test_10016,0.9999720649
test_10017,0.9993861360
test_10018,0.9998419996
test_10019,0.0000004148
test_10020,0.0000003103
test_10021,0.0000138803
test_10022,0.0000001244
test_10023,0.0000000186
test_10024,0.9999950104
test_10025,0.0000000143
test_10026,0.9999975075
test_10027,0.0000177059
test_10028,0.0000002509
test_10029,0.9999994736
test_10030,0.9996403077
test_10031,0.0000455975
test_10032,0.0000010920
test_10033,0.0000824365
test_10034,0.1245860913
test_10035,0.0167770527
test_10036,0.0000115865
test_10037,0.9999999901
test_10038,0.9999999815
test_10039,0.0000004349
test_10040,0.9994309852
test_10041,0.9969779584
test_10042,0.0000011258
test_10043,0.9999614616
test_10044,0.9999950154
test_10045,0.0022180823
test_10046,0.9999999798
test_10047,0.0001861247
test_10048,0.0004600905
test_10049,0.9999987211
test_10050,0.9987573326
test_10051,0.9999825176
test_10052,0.9999220988
test_10053,0.0000000702
test_10054,0.9999999719
test_10055,0.0000002969
test_10056,0.9975788864
test_10057,0.9999391834
test_10058,0.0845443115
test_10059,0.9999914354
test_10060,0.9982076907
test_10061,0.0000141718
test_10062,0.0000002132
test_10063,0.9999995336
test_10064,0.0002336188
test_10065,0.0000046347
test_10066,0.9999448643
test_10067,0.9999975891
test_10068,0.9999554585
test_10069,0.0000152479
test_10070,0.0000052591
test_10071,0.9999994422
test_10072,0.0000001714
test_10073,0.1065783453
test_10074,0.0000880306
test_10075,0.9999964691
test_10076,0.0000000383
test_10077,0.9999973672
test_10078,0.0000000212
test_10079,0.9999523654
test_10080,0.0000895637
test_10081,0.0039478333
test_10082,0.9999999866
test_10083,0.9999999656
test_10084,0.9997410868
test_10085,0.0000504482
test_10086,0.9999786847
test_10087,0.9999602382
test_10088,0.7251695715
test_10089,0.0133772650
test_10090,0.9965771827
test_10091,0.9999756590
test_10092,0.9999862810
test_10093,0.9778413629
test_10094,0.0000036595
test_10095,0.9857268111
test_10096,0.0000001195
test_10097,0.9999996730
test_10098,0.0018369891
test_10099,0.0004470175
test_10100,0.9999865052
test_10101,0.9999984828
test_10102,0.0000237238
test_10103,0.0000161377
test_10104,0.9999992435
test_10105,0.9999990468
test_10106,0.0000010781
test_10107,0.0000503449
test_10108,0.9999959268
test_10109,0.0000001575
test_10110,0.0000000588
test_10111,0.0001466682
test_10112,0.0000006073
test_10113,0.9999992934
test_10114,0.9979445174
test_10115,0.0001465894
test_10116,0.0000000400
test_10117,0.0018948651
test_10118,0.9999397277
test_10119,0.9999999285
test_10120,0.0000039977
test_10121,0.9999939370
test_10122,0.0002603658
test_10123,0.0924308819
test_10124,0.9999586407
test_10125,0.0138473093
test_10126,0.0000005725
test_10127,0.0000000049
test_10128,0.3309253777
test_10129,0.9999999526
test_10130,0.0048534344
test_10131,0.0000023908
test_10132,0.0000144513
test_10133,0.0000119664
test_10134,0.0009874585
test_10135,0.0008302615
test_10136,0.0024955254
test_10137,0.0000023060
test_10138,0.9999437412
test_10139,0.0901449810
test_10140,0.0000014992
test_10141,0.0000000503
test_10142,0.0000002802
test_10143,0.0000210891
test_10144,0.9999719439
test_10145,0.0001759517
test_10146,0.0000135599
test_10147,0.9999956489
test_10148,0.9999924602
test_10149,0.0005278659
test_10150,0.9999998953
test_10151,0.0000002239
test_10152,0.0003522027
test_10153,0.9999952604
test_10154,0.9999987462
test_10155,0.0042417657
test_10156,0.9999997917
test_10157,0.9967996065
test_10158,0.0000027629
test_10159,0.0000029705
test_10160,0.0000010489
test_10161,0.9999945446
test_10162,0.9999953561
test_10163,0.9999998324
test_10164,0.0000009267
test_10165,0.0008240233
test_10166,0.9999999781
test_10167,0.9999558445
test_10168,0.9999998692
test_10169,0.9999999743
test_10170,0.0000002615
test_10171,0.0000000468
test_10172,0.0000000522
test_10173,0.9997395785
test_10174,0.9999998269
test_10175,0.5981039919
test_10176,0.0000000228
test_10177,0.0000830229
test_10178,0.0000038338
test_10179,0.0000000509
test_10180,0.9956579646
test_10181,0.0000032522
test_10182,0.9999998888
test_10183,0.0000011007
test_10184,0.0003561979
test_10185,0.9999969769
test_10186,0.0000157114
test_10187,0.9995710311
test_10188,0.9999993916
test_10189,0.9999622489
test_10190,0.9999991614
test_10191,0.9999996478
test_10192,0.0000000989
test_10193,0.9977330995
test_10194,0.1231225671
test_10195,0.9813983971
test_10196,0.0000022208
test_10197,0.9999856499
test_10198,0.0000000220
test_10199,0.0000017010
test_10200,0.0039702187
test_10201,0.0000000125
test_10202,0.9999645740
test_10203,0.9999981603
test_10204,0.0000010229
test_10205,0.9927072260
test_10206,0.0027909748
test_10207,0.0000000302
test_10208,0.9999157021
test_10209,0.9999973283
test_10210,0.9999996589
test_10211,0.0009483071
test_10212,0.9999997227
test_10213,0.0000083631
test_10214,0.9998826611
test_10215,0.0001255229
test_10216,0.9999692199
test_10217,0.9999924940
test_10218,0.9999333624
test_10219,0.9994983038
test_10220,0.0008570844
test_10221,0.0000397651
test_10222,0.9999995593
test_10223,0.4429634370
test_10224,0.9365112963
test_10225,0.0090555232
test_10226,0.0004400819
test_10227,0.0000005233
test_10228,0.0000000790
test_10229,0.0052692154
test_10230,0.0069498842
test_10231,0.9999990974
test_10232,0.9999990435
test_10233,0.9999473326
test_10234,0.0000417260
test_10235,0.0001489680
test_10236,0.9834910438
test_10237,0.9983995808
test_10238,0.0000121994
test_10239,0.2968657172
test_10240,0.9999617043
test_10241,0.0000009983
test_10242,0.9999412053
test_10243,0.9997009969
test_10244,0.0001516589
test_10245,0.5790097438
test_10246,0.9999989122
test_10247,0.9999891557
test_10248,0.9947061709
test_10249,0.0014885627
test_10250,0.0316436659
test_10251,0.9995619927
test_10252,0.0001299246
test_10253,0.9999966710
test_10254,0.0000005267
test_10255,0.0000013355
test_10256,0.9999951364
test_10257,0.0000010931
test_10258,0.9999988266
test_10259,0.0308226863
test_10260,0.9997711690
test_10261,0.9999999231
test_10262,0.1016804904
test_10263,0.9999959689
test_10264,0.9994990182
test_10265,0.0000004922
test_10266,0.0000458623
test_10267,0.9999421465
test_10268,0.9999999374
test_10269,0.0000000211
test_10270,0.0000000193
test_10271,0.0000771111
test_10272,0.0000030346
test_10273,0.0001309353
test_10274,0.9770148888
test_10275,0.9999999443
test_10276,0.9999991266
test_10277,0.9999963527
test_10278,0.9839466289
test_10279,0.0892797416
test_10280,0.7426120450
test_10281,0.0003509768
test_10282,0.0032637633
test_10283,0.0000001056
test_10284,0.9999998829
test_10285,0.9999716411
test_10286,0.0010760431
test_10287,0.0236936857
test_10288,0.9999999187
test_10289,0.9996601191
test_10290,0.9999947313
test_10291,0.9998941703
test_10292,0.0122373983
test_10293,0.9999818547
test_10294,0.9994420517
test_10295,0.9999916635
test_10296,0.9999999433
test_10297,0.0000922124
test_10298,0.0000000062
test_10299,0.0000004121
test_10300,0.0126676578
test_10301,0.0000337121
test_10302,0.9999996715
test_10303,0.9999993354
test_10304,0.9999958747
test_10305,0.9996070953
test_10306,0.0000024429
test_10307,0.0000001853
test_10308,0.0000013603
test_10309,0.9998812912
test_10310,0.0007930960
test_10311,0.0002302531
test_10312,0.0000000132
test_10313,0.0000005316
test_10314,0.9999987679
test_10315,0.0000015226
test_10316,0.9999998371
test_10317,0.0001003702
test_10318,0.9999984019
test_10319,0.9999819293
test_10320,0.9999989353
test_10321,0.9999226457
test_10322,0.0000155710
test_10323,0.0000010687
test_10324,0.0000292593
test_10325,0.9999998434
test_10326,0.9999974667
test_10327,0.9999996747
test_10328,0.0000006434
test_10329,0.9999999896
test_10330,0.0000000459
test_10331,0.9999997000
test_10332,0.9999996543
test_10333,0.9999928679
test_10334,0.0000017849
test_10335,0.0000010036
test_10336,0.9998527533
test_10337,0.0000922665
test_10338,0.9844272952
test_10339,0.9999939289
test_10340,0.9999934375
test_10341,0.0000001813
test_10342,0.9999919070
test_10343,0.9999666932
test_10344,0.9973378190
test_10345,0.0037945206
test_10346,0.9999973075
test_10347,0.9999956981
test_10348,0.9999924713
test_10349,0.0002704259
test_10350,0.0247399082
test_10351,0.0003089751
test_10352,0.0000002143
test_10353,0.0000839599
test_10354,0.9999999153
test_10355,0.7320349205
test_10356,0.0000000110
test_10357,0.0000000151
test_10358,0.9999998713
test_10359,0.0000492862
test_10360,0.0076536552
test_10361,0.9999969017
test_10362,0.9999920131
test_10363,0.9981268001
test_10364,0.9999998754
test_10365,0.0002010421
test_10366,0.0019891317
test_10367,0.0304111203
test_10368,0.0039086909
test_10369,0.9999900327
test_10370,0.9898387069
test_10371,0.9999998576
test_10372,0.0003575213
test_10373,0.9994281982
test_10374,0.0000002874
test_10375,0.9999902857
test_10376,0.9999940257
test_10377,0.0000003444
test_10378,0.0000041242
test_10379,0.0001065354
test_10380,0.9999835869
test_10381,0.9998891893
test_10382,0.9999928745
test_10383,0.9999976873
test_10384,0.0000041371
test_10385,0.0000038783
test_10386,0.9999998896
test_10387,0.9999997408
test_10388,0.0000000691
test_10389,0.0000000848
test_10390,0.0004949130
test_10391,0.0001322981
test_10392,0.0000022573
test_10393,0.0000000102
test_10394,0.0000004934
test_10395,0.9988002851
test_10396,0.0000237075
test_10397,0.0000405071
test_10398,0.9999999522
test_10399,0.0000000054
test_10400,0.9999919821
test_10401,0.0008186981
test_10402,0.0015499371
test_10403,0.0000000804
test_10404,0.1503304798
test_10405,0.9998096110
test_10406,0.9999999569
test_10407,0.9999358238
test_10408,0.9999972185
test_10409,0.0000085122
test_10410,0.0000002244
test_10411,0.9993795923
test_10412,0.0000003295
test_10413,0.0000179725
test_10414,0.0000512768
test_10415,0.9999938619
test_10416,0.0001057382
test_10417,0.9999960293
test_10418,0.9965791477
test_10419,0.9999489773
test_10420,0.9914968199
test_10421,0.9999821112
test_10422,0.0000000397
test_10423,0.9999999490
test_10424,0.9999999656
test_10425,0.0025549530
test_10426,0.9999998984
test_10427,0.9999999822
test_10428,0.0041666142
test_10429,0.0000043996
test_10430,0.0000095303
test_10431,0.0001826497
test_10432,0.0000013906
test_10433,0.9999987203
test_10434,0.9999996611
test_10435,0.0000200004
test_10436,0.0001635024
test_10437,0.0000034498
test_10438,0.9999998894
test_10439,0.0000169754
test_10440,0.0000004596
test_10441,0.1567438876
test_10442,0.0000542145
test_10443,0.9999971367
test_10444,0.9983752150
test_10445,0.0004844483
test_10446,0.9999999606
test_10447,0.9999999262
test_10448,0.0000117548
test_10449,0.9997557575
test_10450,0.9999999472
test_10451,0.9999983708
test_10452,0.9993464279
test_10453,0.9998351856
test_10454,0.0086626224
test_10455,0.0000020387
test_10456,0.0000113329
test_10457,0.9999980287
test_10458,0.0000010730
test_10459,0.0001154255
test_10460,0.9967067162
test_10461,0.9955393411
test_10462,0.0389511896
test_10463,0.0107484835
test_10464,0.0064139493
test_10465,0.0000002514
test_10466,0.9999999806
test_10467,0.9999884288
test_10468,0.9999937828
test_10469,0.0000368994
test_10470,0.9999979418
test_10471,0.0910134821
test_10472,0.9999893842
test_10473,0.9999964449
test_10474,0.9999988690
test_10475,0.9996282989
test_10476,0.0000000543
test_10477,0.9839037490
test_10478,0.0000024064
test_10479,0.9999987021
test_10480,0.9997677836
test_10481,0.0074142384
test_10482,0.0234008459
test_10483,0.9998365800
test_10484,0.9999564290
test_10485,0.0000001576
test_10486,0.0000025829
test_10487,0.9999991802
test_10488,0.0000001926
test_10489,0.0000044397
test_10490,0.9999999578
test_10491,0.0000001717
test_10492,0.0000001461
test_10493,0.9999925930
test_10494,0.0176029581
test_10495,0.9999999176
test_10496,0.0000172868
test_10497,0.0000006640
test_10498,0.0000000268
test_10499,0.9865829973
test_10500,0.9999997779
test_10501,0.1579204629
test_10502,0.0000022111
test_10503,0.0079762293
test_10504,0.1875267828
test_10505,0.9999868157
test_10506,0.9999917969
test_10507,0.0001952775
test_10508,0.9998566077
test_10509,0.9999839525
test_10510,0.9998647368
test_10511,0.0000000375
test_10512,0.0000442481
test_10513,0.9999999557
test_10514,0.9999999623
test_10515,0.0011146998
test_10516,0.9999994238
test_10517,0.9999998976
test_10518,0.9971635268
test_10519,0.0000002851
test_10520,0.9999990157
test_10521,0.9995379098
test_10522,0.9985220229
test_10523,0.9999905541
test_10524,0.9999999643
test_10525,0.9999715775
test_10526,0.9995276923
test_10527,0.9999550679
test_10528,0.9999994082
test_10529,0.9999999856
test_10530,0.0046631608
test_10531,0.9999999573
test_10532,0.0014269868
test_10533,0.9999999369
test_10534,0.0000022615
test_10535,0.0000135517
test_10536,0.9999218304
test_10537,0.9999967374
test_10538,0.0000002363
test_10539,0.9999998086
test_10540,0.0000000682
test_10541,0.0000002442
test_10542,0.9999982092
test_10543,0.9999983425
test_10544,0.0000000661
test_10545,0.0246857504
test_10546,0.9999920812
test_10547,0.9999999114
test_10548,0.0000109797
test_10549,0.0000725408
test_10550,0.9999997692
test_10551,0.0000001526
test_10552,0.9174992236
test_10553,0.0002967440
test_10554,0.9999999795
test_10555,0.9999861512
test_10556,0.0000002509
test_10557,0.9712328993
test_10558,0.0000000325
test_10559,0.9999946469
test_10560,0.9999999818
test_10561,0.9998031013
test_10562,0.9999210405
test_10563,0.9999975611
test_10564,0.9999990277
test_10565,0.9994463679
test_10566,0.9999999852
test_10567,0.0008202838
test_10568,0.9999996119
test_10569,0.0000007599
test_10570,0.0032163762
test_10571,0.9991345557
test_10572,0.9999993852
test_10573,0.9999999654
test_10574,0.9857113917
test_10575,0.9999999830
test_10576,0.9999574457
test_10577,0.9999868347
test_10578,0.0000003768
test_10579,0.0001501801
test_10580,0.0002761843
test_10581,0.0000585429
test_10582,0.9999996975
test_10583,0.0000013429
test_10584,0.9999583466
test_10585,0.0000000274
test_10586,0.0000000108
test_10587,0.0000002093
test_10588,0.0000022826
test_10589,0.0000000312
test_10590,0.0008975888
test_10591,0.0000000433
test_10592,0.0000277253
test_10593,0.9999997886
test_10594,0.9999945705
test_10595,0.0000031051
test_10596,0.9999987669
test_10597,0.0000000173
test_10598,0.9999998120
test_10599,0.9999978346
test_10600,0.0000418788
test_10601,0.0000013254
test_10602,0.9999993189
test_10603,0.9999812027
test_10604,0.9999987206
test_10605,0.9999967192
test_10606,0.9999993240
test_10607,0.9999637378
test_10608,0.0000096980
test_10609,0.9999981284
test_10610,0.0000156297
test_10611,0.9892473730
test_10612,0.0000002049
test_10613,0.0000000720
test_10614,0.0000033313
test_10615,0.9999999897
test_10616,0.9999986246
test_10617,0.9877038361
test_10618,0.9999997624
test_10619,0.9999996649
test_10620,0.9999997740
test_10621,0.9818631229
test_10622,0.9995181450
test_10623,0.0000000098
test_10624,0.9999973494
test_10625,0.0001652151
test_10626,0.0000040401
test_10627,0.1585958128
test_10628,0.9999993525
test_10629,0.8830778587
test_10630,0.9999998926
test_10631,0.9846622298
test_10632,0.9999987238
test_10633,0.9999999294
test_10634,0.9999997120
test_10635,0.0000000211
test_10636,0.9999999400
test_10637,0.9999993482
test_10638,0.0000010184
test_10639,0.9999999833
test_10640,0.0000012696
test_10641,0.9999998816
test_10642,0.9994877092
test_10643,0.9999991708
test_10644,0.4990154735
test_10645,0.0004467437
test_10646,0.0006983704
test_10647,0.0000016166
test_10648,0.9999481679
test_10649,0.9999993564
test_10650,0.9999895516
test_10651,0.9999671420
test_10652,0.0006057431
test_10653,0.9999999670
test_10654,0.0000002257
test_10655,0.0000048127
test_10656,0.9999940638
test_10657,0.0000000344
test_10658,0.9999994287
test_10659,0.0000843674
test_10660,0.9977211471
test_10661,0.9998717819
test_10662,0.0000000206
test_10663,0.0001669266
test_10664,0.9999995461
test_10665,0.9999990256
test_10666,0.9991251460
test_10667,0.0000000729
test_10668,0.9999999166
test_10669,0.9999935749
test_10670,0.0017362128
test_10671,0.8829055212
test_10672,0.0000000495
test_10673,0.0025773495
test_10674,0.0023407858
test_10675,0.0000007771
test_10676,0.9999862203
test_10677,0.9999986014
test_10678,0.9999991903
test_10679,0.9999811561
test_10680,0.0000018556
test_10681,0.9999855940
test_10682,0.9999998449
test_10683,0.0000098368
test_10684,0.0006352814
test_10685,0.0000107191
test_10686,0.9999999789
test_10687,0.0000006436
test_10688,0.0000178941
test_10689,0.0000000904
test_10690,0.0002215135
test_10691,0.0000560073
test_10692,0.9999946944
test_10693,0.0000006623
test_10694,0.9997853251
test_10695,0.9994389489
test_10696,0.0663566266
test_10697,0.0000004958
test_10698,0.9998665614
test_10699,0.9999995385
test_10700,0.0000000058
test_10701,0.9995883990
test_10702,0.0000034816
test_10703,0.0046123185
test_10704,0.9925491247
test_10705,0.9999985389
test_10706,0.0000001644
test_10707,0.9999993028
test_10708,0.9999997341
test_10709,0.9999978603
test_10710,0.9999693484
test_10711,0.9999334191
test_10712,0.9999561694
test_10713,0.0000000457
test_10714,0.9999993106
test_10715,0.0000087378
test_10716,0.9919012155
test_10717,0.9999847375
test_10718,0.0030424146
test_10719,0.9999989101
test_10720,0.9999999804
test_10721,0.0000004680
test_10722,0.9999999441
test_10723,0.0000060690
test_10724,0.0000040181
test_10725,0.0000015194
test_10726,0.9999988251
test_10727,0.0000001081
test_10728,0.0000000157
test_10729,0.0000000057
test_10730,0.0003065124
test_10731,0.0000026725
test_10732,0.9986979402
test_10733,0.0000015122
test_10734,0.0008107014
test_10735,0.9999996473
test_10736,0.0000017127
test_10737,0.0000003514
test_10738,0.9999980712
test_10739,0.9999841482
test_10740,0.9999997925
test_10741,0.9999994262
test_10742,0.0000005011
test_10743,0.9999997720
test_10744,0.0021951510
test_10745,0.0000000119
test_10746,0.2093609774
test_10747,0.9999998452
test_10748,0.9993201561
test_10749,0.9999968248
test_10750,0.9999577299
test_10751,0.0000001269
test_10752,0.9984260258
test_10753,0.9999995918
test_10754,0.9999999436
test_10755,0.0000000077
test_10756,0.9999937485
test_10757,0.0000062764
test_10758,0.0000000139
test_10759,0.9985576366
test_10760,0.0099918130
test_10761,0.0000000952
test_10762,0.9998880779
test_10763,0.9989158646
test_10764,0.9999956186
test_10765,0.9999024134
test_10766,0.9999090592
test_10767,0.0000675961
test_10768,0.9998804381
test_10769,0.0000401769
test_10770,0.0000001317
test_10771,0.9933966371
test_10772,0.0000000153
test_10773,0.9999980898
test_10774,0.9603846176
test_10775,0.0207627658
test_10776,0.3769248402
test_10777,0.0000192087
test_10778,0.9999984020
test_10779,0.9997650089
test_10780,0.9999952817
test_10781,0.9999975758
test_10782,0.0000042283
test_10783,0.0000023397
test_10784,0.0000002713
test_10785,0.9999998315
test_10786,0.9999998002
test_10787,0.9999997882
test_10788,0.0002053970
test_10789,0.0000013903
test_10790,0.0000492100
test_10791,0.0000127000
test_10792,0.9999860338
test_10793,0.9694490585
test_10794,0.9999717489
test_10795,0.0339739951
test_10796,0.9999426715
test_10797,0.9999777306
test_10798,0.9999999230
test_10799,0.0000000154
test_10800,0.9999998630
test_10801,0.0000000056
test_10802,0.0000002128
test_10803,0.9999999210
test_10804,0.9897679074
test_10805,0.0000060878
test_10806,0.9999995775
test_10807,0.9999997959
test_10808,0.9999999686
test_10809,0.9999986472
test_10810,0.9999377986
test_10811,0.0136731806
test_10812,0.0000005986
test_10813,0.0000000245
test_10814,0.0000000900
test_10815,0.9999706627
test_10816,0.0052608241
test_10817,0.9992248643
test_10818,0.9999999785
test_10819,0.9994010259
test_10820,0.0003063389
test_10821,0.0000000799
test_10822,0.9999772016
test_10823,0.2565779579
test_10824,0.0000000786
test_10825,0.9999893223
test_10826,0.9999999275
test_10827,0.9999996637
test_10828,0.9999999017
test_10829,0.0016623845
test_10830,0.9999989626
test_10831,0.0845917412
test_10832,0.1178510384
test_10833,0.9999985880
test_10834,0.9999958666
test_10835,0.0068425218
test_10836,0.0000002430
test_10837,0.0013461579
test_10838,0.0000035174
test_10839,0.0000008624
test_10840,0.9999967710
test_10841,0.0000607158
test_10842,0.9999553739
test_10843,0.0000000070
test_10844,0.0000073604
test_10845,0.0000001997
test_10846,0.9999995760
test_10847,0.0019095540
test_10848,0.0000033323
test_10849,0.0000060217
test_10850,0.0000000068
test_10851,0.0000000098
test_10852,0.0000104693
test_10853,0.0203690960
test_10854,0.9999935551
test_10855,0.0000059289
test_10856,0.0256830111
test_10857,0.9999985870
test_10858,0.0000188941
test_10859,0.9999990978
test_10860,0.0000007332
test_10861,0.0000157896
test_10862,0.9999995193
test_10863,0.9999991657
test_10864,0.0000150474
test_10865,0.9999937623
test_10866,0.9999998061
test_10867,0.9999223242
test_10868,0.0000000059
test_10869,0.0000008334
test_10870,0.0000206437
test_10871,0.0000050276
test_10872,0.9999791866
test_10873,0.9999998597
test_10874,0.6556488658
test_10875,0.0946626152
test_10876,0.0012488347
test_10877,0.9999978157
test_10878,0.9999999496
test_10879,0.0000000084
test_10880,0.3209537579
test_10881,0.0000096003
test_10882,0.0001326583
test_10883,0.9958518435
test_10884,0.9999983218
test_10885,0.0914305867
test_10886,0.0076380305
test_10887,0.9999994791
test_10888,0.9999999033
test_10889,0.0000601938
test_10890,0.0000510258
test_10891,0.0000001328
test_10892,0.9999991004
test_10893,0.0001401754
test_10894,0.0000119883
test_10895,0.9999458029
test_10896,0.0000000053
test_10897,0.0000003378
test_10898,0.7363958966
test_10899,0.9839684330
test_10900,0.0491861479
test_10901,0.9974803294
test_10902,0.9999976277
test_10903,0.9924069924
test_10904,0.9999999406
test_10905,0.9999922655
test_10906,0.9999999398
test_10907,0.0009979649
test_10908,0.9813441651
test_10909,0.9999981165
test_10910,0.0000000391
test_10911,0.0000000053
test_10912,0.9999994678
test_10913,0.0000000126
test_10914,0.9999974461
test_10915,0.0002017641
test_10916,0.0004855431
test_10917,0.9368750131
test_10918,0.0000449650
test_10919,0.0094973973
test_10920,0.9999999575
test_10921,0.0792253338
test_10922,0.9992028013
test_10923,0.9999700766
test_10924,0.9647163650
test_10925,0.9999848213
test_10926,0.0000002771
test_10927,0.9999464733
test_10928,0.0000000416
test_10929,0.0000000127
test_10930,0.9596147651
test_10931,0.0006927281
test_10932,0.9999017420
test_10933,0.9999999253
test_10934,0.0000000219
test_10935,0.0000000630
test_10936,0.9999979594
test_10937,0.9999949755
test_10938,0.0000000124
test_10939,0.9971690292
test_10940,0.0000000380
test_10941,0.0000000181
test_10942,0.0000210552
test_10943,0.0000001048
test_10944,0.9999877396
test_10945,0.0000000610
test_10946,0.0000000217
test_10947,0.9999927926
test_10948,0.0001534050
test_10949,0.0000021894
test_10950,0.0001532570
test_10951,0.9999958010
test_10952,0.0000253249
test_10953,0.9998643333
test_10954,0.9999988219
test_10955,0.9999999630
test_10956,0.0000082067
test_10957,0.0000000266
test_10958,0.0000012508
test_10959,0.0002314102
test_10960,0.9999641436
test_10961,0.9376199991
test_10962,0.6901877120
test_10963,0.0000003189
test_10964,0.0000021242
test_10965,0.0014775683
test_10966,0.0000001371
test_10967,0.9999932190
test_10968,0.0000008578
test_10969,0.9999844219
test_10970,0.0066303994
test_10971,0.1551060681
test_10972,0.9999963234
test_10973,0.0000179295
test_10974,0.0302905491
test_10975,0.9999968320
test_10976,0.9999999063
test_10977,0.9999958920
test_10978,0.9999438814
test_10979,0.0002380373
test_10980,0.8317669437
test_10981,0.9999903629
test_10982,0.9999999729
test_10983,0.0000000087
test_10984,0.9993390768
test_10985,0.9999965132
test_10986,0.0000081090
test_10987,0.9999998666
test_10988,0.0000007506
test_10989,0.0000014346
test_10990,0.0000054404
test_10991,0.0000000072
test_10992,0.9999991156
test_10993,0.9999998284
test_10994,0.0000005470
test_10995,0.0000071232
test_10996,0.9999954745
test_10997,0.9999953281
test_10998,0.0000002546
test_10999,0.0000017463
test_11000,0.0000042477
test_11001,0.9999892616
test_11002,0.0000017432
test_11003,0.0000010048
test_11004,0.0000181541
test_11005,0.9999729611
test_11006,0.0000112002
test_11007,0.0000625873
test_11008,0.0270573849
test_11009,0.0000000165
test_11010,0.9999947309
test_11011,0.9987847208
test_11012,0.0014639331
test_11013,0.0962219995
test_11014,0.9999978747
test_11015,0.0282343667
test_11016,0.0016170522
test_11017,0.0073399534
test_11018,0.9999148225
test_11019,0.0000081473
test_11020,0.9997157753
test_11021,0.9999988883
test_11022,0.0002460814
test_11023,0.0000000253
test_11024,0.9999998750
test_11025,0.9999982415
test_11026,0.9999998452
test_11027,0.9999945636
test_11028,0.9999680034
test_11029,0.9996864348
test_11030,0.9999984898
test_11031,0.0000012109
test_11032,0.0000041066
test_11033,0.0000409069
test_11034,0.0014076003
test_11035,0.9999989083
test_11036,0.9999999571
test_11037,0.0000000503
test_11038,0.9999999336
test_11039,0.9468356315
test_11040,0.9999999815
test_11041,0.0000000397
test_11042,0.0000279510
test_11043,0.9999818816
test_11044,0.9999986421
test_11045,0.9999998711
test_11046,0.9999967686
test_11047,0.9999994353
test_11048,0.9999995538
test_11049,0.0027835245
test_11050,0.0000434013
test_11051,0.9999179646
test_11052,0.9999995797
test_11053,0.9999993696
test_11054,0.9999263941
test_11055,0.0001512641
test_11056,0.9999236724
test_11057,0.0000074223
test_11058,0.9998375895
test_11059,0.0000000635
test_11060,0.9993491561
test_11061,0.0000004361
test_11062,0.9999998262
test_11063,0.0001212796
test_11064,0.9999968431
test_11065,0.9999999670
test_11066,0.9999996882
test_11067,0.0000000114
test_11068,0.0000001683
test_11069,0.9999992364
test_11070,0.9999997427
test_11071,0.9999999805
test_11072,0.0000085259
test_11073,0.0000000264
test_11074,0.0000003395
test_11075,0.9999999880
test_11076,0.9996757836
test_11077,0.0000001875
test_11078,0.0001456766
test_11079,0.9999972472
test_11080,0.0000000438
test_11081,0.0057248973
test_11082,0.0000617716
test_11083,0.0000010263
test_11084,0.9999978989
test_11085,0.0000000517
test_11086,0.1020095090
test_11087,0.9991477946
test_11088,0.0000002220
test_11089,0.0002473831
test_11090,0.9999710127
test_11091,0.9999976519
test_11092,0.0000000269
test_11093,0.9999964186
test_11094,0.9997982316
test_11095,0.9999999147
test_11096,0.0000026562
test_11097,0.9979318663
test_11098,0.0000006454
test_11099,0.9999993191
test_11100,0.9866691684
test_11101,0.0000000119
test_11102,0.1495777816
test_11103,0.9999988172
test_11104,0.0036395127
test_11105,0.0000000868
test_11106,0.9822177279
test_11107,0.9998491644
test_11108,0.9988419945
test_11109,0.9999997880
test_11110,0.9998553908
test_11111,0.9998047584
test_11112,0.9999961421
test_11113,0.9980347006
test_11114,0.9999992959
test_11115,0.9999715679
test_11116,0.9999987426
test_11117,0.9926145464
test_11118,0.9999956846
test_11119,0.9999896349
test_11120,0.0000009264
test_11121,0.9994186372
test_11122,0.9999527212
test_11123,0.9860101983
test_11124,0.9999286660
test_11125,0.9999999771
test_11126,0.9999997879
test_11127,0.9995630841
test_11128,0.0000094382
test_11129,0.5306112930
test_11130,0.9999923960
test_11131,0.0002167280
test_11132,0.9983805905
test_11133,0.0000151638
test_11134,0.0000007378
test_11135,0.9979612421
test_11136,0.9999999881
test_11137,0.0003511832
test_11138,0.9998834593
test_11139,0.0029605204
test_11140,0.3509969313
test_11141,0.9999998161
test_11142,0.0000001290
test_11143,0.9999343936
test_11144,0.9999796728
test_11145,0.0000089905
test_11146,0.0000000113
test_11147,0.9999604590
test_11148,0.0000000741
test_11149,0.0000000371
test_11150,0.9999996248
test_11151,0.0000016819
test_11152,0.9999899848
test_11153,0.9999996296
test_11154,0.8975441217
test_11155,0.0000078722
test_11156,0.0000000703
test_11157,0.9999999312
test_11158,0.0000218197
test_11159,0.0000005949
test_11160,0.0005212457
test_11161,0.5362030045
test_11162,0.0000001867
test_11163,0.0000000396
test_11164,0.0004822783
test_11165,0.9999995853
test_11166,0.9990866965
test_11167,0.0000000118
test_11168,0.0000002587
test_11169,0.9998161337
test_11170,0.0047974819
test_11171,0.0000200255
test_11172,0.9999991994
test_11173,0.9999973343
test_11174,0.0000012421
test_11175,0.0000001671
test_11176,0.8675333693
test_11177,0.0000007488
test_11178,0.0000000791
test_11179,0.0000000130
test_11180,0.9999996987
test_11181,0.9998038202
test_11182,0.0041941097
test_11183,0.0060626081
test_11184,0.9999994309
test_11185,0.9999993359
test_11186,0.0000049861
test_11187,0.0000003643
test_11188,0.9999991926
test_11189,0.0000240099
test_11190,0.0000343937
test_11191,0.9990156228
test_11192,0.0000033646
test_11193,0.0000000165
test_11194,0.0026525189
test_11195,0.9999915759
test_11196,0.0000002699
test_11197,0.9997815918
test_11198,0.9999831847
test_11199,0.0000016946
test_11200,0.0000014183
test_11201,0.0006700528
test_11202,0.9999589802
test_11203,0.9966807352
test_11204,0.7990767623
test_11205,0.0000000158
test_11206,0.9999784761
test_11207,0.0000000074
test_11208,0.9999991544
test_11209,0.0000001030
test_11210,0.9999989579
test_11211,0.0000000275
test_11212,0.9809885926
test_11213,0.0000000279
test_11214,0.0000273077
test_11215,0.0000013295
test_11216,0.0000295689
test_11217,0.9999806307
test_11218,0.9999990229
test_11219,0.9999967579
test_11220,0.9996944656
test_11221,0.0002325875
test_11222,0.0000000192
test_11223,0.0000967399
test_11224,0.9999998098
test_11225,0.0000001864
test_11226,0.0529788364
test_11227,0.9999997660
test_11228,0.0000026839
test_11229,0.9814105529
test_11230,0.0000190934
test_11231,0.9980567392
test_11232,0.0001122994
test_11233,0.9998917045
test_11234,0.9999999830
test_11235,0.9894097057
test_11236,0.9997181969
test_11237,0.0000002058
test_11238,0.9999988930
test_11239,0.9995819137
test_11240,0.9999640877
test_11241,0.9999687461
test_11242,0.9999998076
test_11243,0.9999426741
test_11244,0.0000010926
test_11245,0.0003414385
test_11246,0.9999769630
test_11247,0.0000040017
test_11248,0.9995912529
test_11249,0.0000205881
test_11250,0.9999947470
test_11251,0.9998633538
test_11252,0.0000613112
test_11253,0.0019283583
test_11254,0.9999850277
test_11255,0.1595718980
test_11256,0.6036073225
test_11257,0.9999992993
test_11258,0.9999735838
test_11259,0.0000031641
test_11260,0.0000015701
test_11261,0.0000001543
test_11262,0.9999999758
test_11263,0.9177768776
test_11264,0.4028749730
test_11265,0.1033806598
test_11266,0.0000010965
test_11267,0.0000000182
test_11268,0.9234019055
test_11269,0.9980885358
test_11270,0.9999998398
test_11271,0.9964673179
test_11272,0.0000003250
test_11273,0.9999483266
test_11274,0.9999999539
test_11275,0.0001397561
test_11276,0.0000122790
test_11277,0.9999177725
test_11278,0.0000000544
test_11279,0.0006358075
test_11280,0.9999910388
test_11281,0.9957641094
test_11282,0.0257724832
test_11283,0.0000039787
test_11284,0.9991300428
test_11285,0.0000000087
test_11286,0.0000070754
test_11287,0.9999996408
test_11288,0.9999999579
test_11289,0.0000100784
test_11290,0.9999987908
test_11291,0.9999128263
test_11292,0.9999999804
test_11293,0.0006077691
test_11294,0.9999875391
test_11295,0.9999998113
test_11296,0.0000005246
test_11297,0.9999988740
test_11298,0.0000003978
test_11299,0.9896820296
test_11300,0.9999999703
test_11301,0.9999977032
test_11302,0.0000000059
test_11303,0.9994132093
test_11304,0.9999990551
test_11305,0.0000017876
test_11306,0.9999999686
test_11307,0.9999963793
test_11308,0.9999989191
test_11309,0.0000000376
test_11310,0.0000264275
test_11311,0.0000009428
test_11312,0.9996704854
test_11313,0.0000900981
test_11314,0.0000012824
test_11315,0.0001263656
test_11316,0.3814963394
test_11317,0.9999699810
test_11318,0.9999826069
test_11319,0.0000002573
test_11320,0.0000469504
test_11321,0.2833629055
test_11322,0.0000035269
test_11323,0.0000013368
test_11324,0.0000005354
test_11325,0.9999261457
test_11326,0.0000007471
test_11327,0.9999991495
test_11328,0.9999999848
test_11329,0.0000000244
test_11330,0.0026643178
test_11331,0.0000081159
test_11332,0.9999991521
test_11333,0.9978792846
test_11334,0.0000001032
test_11335,0.9968474033
test_11336,0.9514592141
test_11337,0.9999215701
test_11338,0.9983022147
test_11339,0.8820499185
test_11340,0.0001676521
test_11341,0.9999998695
test_11342,0.0000311999
test_11343,0.9999160964
test_11344,0.0000004978
test_11345,0.0000006290
test_11346,0.1837076041
test_11347,0.9999464205
test_11348,0.3205581745
test_11349,0.0000005839
test_11350,0.8053782126
test_11351,0.0000000238
test_11352,0.0001618471
test_11353,0.9999999627
test_11354,0.0000001472
test_11355,0.0000000523
test_11356,0.0000094929
test_11357,0.0000000244
test_11358,0.0000040209
test_11359,0.0241034688
test_11360,0.0224144432
test_11361,0.0000004298
test_11362,0.0005506867
test_11363,0.0000000112
test_11364,0.0000322498
test_11365,0.0061420739
test_11366,0.9993698727
test_11367,0.0000000382
test_11368,0.0000005524
test_11369,0.9764771241
test_11370,0.9945013339
test_11371,0.0000002244
test_11372,0.0000011035
test_11373,0.0000027893
test_11374,0.9999600440
test_11375,0.0002334050
test_11376,0.0000001104
test_11377,0.9999512932
test_11378,0.0298926576
test_11379,0.0000007236
test_11380,0.0000001219
test_11381,0.0000000300
test_11382,0.9997076796
test_11383,0.1213692302
test_11384,0.0011550129
test_11385,0.9999950918
test_11386,0.9999995879
test_11387,0.9999996489
test_11388,0.0000671590
test_11389,0.0000035519
test_11390,0.9998724863
test_11391,0.9999418238
test_11392,0.9999988893
test_11393,0.9999968806
test_11394,0.0005034755
test_11395,0.9999923702
test_11396,0.0001348511
test_11397,0.0000000216
test_11398,0.9999998992
test_11399,0.4357692989
test_11400,0.0000562139
test_11401,0.9999999590
test_11402,0.9997769211
test_11403,0.0000780351
test_11404,0.9998504569
test_11405,0.0000170741
test_11406,0.0000002061
test_11407,0.0000162804
test_11408,0.4874994850
test_11409,0.0003752464
test_11410,0.0000001427
test_11411,0.0146495751
test_11412,0.9997561312
test_11413,0.0001092798
test_11414,0.0004861091
test_11415,0.9999330302
test_11416,0.0000002329
test_11417,0.9999955108
test_11418,0.9999623029
test_11419,0.9999999442
test_11420,0.0000030869
test_11421,0.0093700200
test_11422,0.6775845852
test_11423,0.0000028424
test_11424,0.9999994616
test_11425,0.0000089630
test_11426,0.0000004955
test_11427,0.9999695329
test_11428,0.0000000430
test_11429,0.9999887642
test_11430,0.0012248698
test_11431,0.9999996683
test_11432,0.9999320195
test_11433,0.0000037949
test_11434,0.9999989901
test_11435,0.9999985647
test_11436,0.9608219004
test_11437,0.9999851373
test_11438,0.0000000469
test_11439,0.0000000115
test_11440,0.0000252688
test_11441,0.0000009625
test_11442,0.0000001079
test_11443,0.9999674744
test_11444,0.0001523335
test_11445,0.7862525260
test_11446,0.0000000105
test_11447,0.9996597943
test_11448,0.0064359985
test_11449,0.9996324082
test_11450,0.9999999603
test_11451,0.9991075926
test_11452,0.9130713091
test_11453,0.0000109257
test_11454,0.0000018555
test_11455,0.0000001616
test_11456,0.0000000192
test_11457,0.9825104798
test_11458,0.0000004684
test_11459,0.0000000097
test_11460,0.4985914419
test_11461,0.9994601140
test_11462,0.9999996076
test_11463,0.0000106956
test_11464,0.9999999360
test_11465,0.9986162443
test_11466,0.9999990987
test_11467,0.0000013608
test_11468,0.9995753367
test_11469,0.0000024002
test_11470,0.0000001924
test_11471,0.9999991214
test_11472,0.0000302112
test_11473,0.0011960761
test_11474,0.9999900648
test_11475,0.0010064494
test_11476,0.0000038942
test_11477,0.9999994841
test_11478,0.0000001326
test_11479,0.0078243842
test_11480,0.9778001016
test_11481,0.0000443969
test_11482,0.0024963475
test_11483,0.9999999704
test_11484,0.0000000469
test_11485,0.9999999559
test_11486,0.9641107669
test_11487,0.0515801084
test_11488,0.0000133640
test_11489,0.9999653702
test_11490,0.9999889211
test_11491,0.0001105208
test_11492,0.0004747092
test_11493,0.9999999310
test_11494,0.8555443707
test_11495,0.0000000560
test_11496,0.9999959935
test_11497,0.9999999531
test_11498,0.9618739843
test_11499,0.9996175787
test_11500,0.0000037433
test_11501,0.9999997406
test_11502,0.0000005022
test_11503,0.0000063838
test_11504,0.9999972987
test_11505,0.9999995999
test_11506,0.0000126540
test_11507,0.0000214140
test_11508,0.0000006002
test_11509,0.0003572036
test_11510,0.0000037928
test_11511,0.0002584755
test_11512,0.0000002462
test_11513,0.0000311115
test_11514,0.0000162386
test_11515,0.0000000733
test_11516,0.0000062632
test_11517,0.0000005541
test_11518,0.0262573493
test_11519,0.9999999210
test_11520,0.9999778032
test_11521,0.0000009700
test_11522,0.0000000248
test_11523,0.9974220887
test_11524,0.0000000260
test_11525,0.9999589154
test_11526,0.9959327874
test_11527,0.0000059313
test_11528,0.0000079269
test_11529,0.0001350256
test_11530,0.9999679598
test_11531,0.9999939147
test_11532,0.9999999720
test_11533,0.0007536284
test_11534,0.9999998320
test_11535,0.9993606831
test_11536,0.9999261926
test_11537,0.9999995909
test_11538,0.5935113024
test_11539,0.9999976253
test_11540,0.9999981215
test_11541,0.0001715707
test_11542,0.0011459317
test_11543,0.9981661327
test_11544,0.0000000259
test_11545,0.9999999544
test_11546,0.0000101599
test_11547,0.9999993892
test_11548,0.0006110104
test_11549,0.0000000069
test_11550,0.9992253987
test_11551,0.0001050439
test_11552,0.9988129686
test_11553,0.9999968236
test_11554,0.0000026845
test_11555,0.9999647120
test_11556,0.0024330260
test_11557,0.9999982611
test_11558,0.9999998362
test_11559,0.0718765018
test_11560,0.0000883738
test_11561,0.0000000146
test_11562,0.9999999869
test_11563,0.9999995944
test_11564,0.0000432118
test_11565,0.2283292860
test_11566,0.0000341278
test_11567,0.9310545466
test_11568,0.0000022429
test_11569,0.9999999316
test_11570,0.0000019441
test_11571,0.0000231765
test_11572,0.0000000270
test_11573,0.9831506620
test_11574,0.9999999847
test_11575,0.9999776798
test_11576,0.9988413214
test_11577,0.9999996943
test_11578,0.0069793765
test_11579,0.9999547390
test_11580,0.9999996999
test_11581,0.0748796084
test_11582,0.0000000091
test_11583,0.0061758390
test_11584,0.9999960885
test_11585,0.0000000758
test_11586,0.9999994606
test_11587,0.9999990204
test_11588,0.0004691196
test_11589,0.9999985902
test_11590,0.9999994537
test_11591,0.9997241502
test_11592,0.9999990242
test_11593,0.0003330204
test_11594,0.9999976257
test_11595,0.0000002152
test_11596,0.9999974237
test_11597,0.9999994159
test_11598,0.0000046997
test_11599,0.0000055131
test_11600,0.0005184482
test_11601,0.9999926340
test_11602,0.0818451506
test_11603,0.9998549091
test_11604,0.9999988012
test_11605,0.9999999834
test_11606,0.0000014160
test_11607,0.9999919766
test_11608,0.0000032264
test_11609,0.9999993597
test_11610,0.0000000417
test_11611,0.9999999897
test_11612,0.9999999287
test_11613,0.9999631648
test_11614,0.0047228665
test_11615,0.9999973928
test_11616,0.9999782944
test_11617,0.9999999855
test_11618,0.9999999387
test_11619,0.5290532655
test_11620,0.0063055550
test_11621,0.0000016125
test_11622,0.9999330920
test_11623,0.0000003445
test_11624,0.9999842655
test_11625,0.8164798738
test_11626,0.9999999347
test_11627,0.9999999106
test_11628,0.0000256258
test_11629,0.9945315059
test_11630,0.0000063350
test_11631,0.0000003957
test_11632,0.0000000249
test_11633,0.9999846458
test_11634,0.9379927757
test_11635,0.9999995072
test_11636,0.9999991876
test_11637,0.9999999322
test_11638,0.9868261019
test_11639,0.0000005283
test_11640,0.9999943493
test_11641,0.9999902924
test_11642,0.9999999562
test_11643,0.9999998699
test_11644,0.9999915470
test_11645,0.0000260939
test_11646,0.0000018138
test_11647,0.0000004094
test_11648,0.9999995474
test_11649,0.0029078591
test_11650,0.9999999438
test_11651,0.0000140518
test_11652,0.0000007105
test_11653,0.0035416219
test_11654,0.0000018120
test_11655,0.0000000600
test_11656,0.9999999576
test_11657,0.0000000230
test_11658,0.0000052196
test_11659,0.0000000125
test_11660,0.9999693147
test_11661,0.0000028579
test_11662,0.9999999650
test_11663,0.0000045674
test_11664,0.9949884119
test_11665,0.0000018513
test_11666,0.0135816610
test_11667,0.0000005259
test_11668,0.9999999897
test_11669,0.9999969978
test_11670,0.0000000555
test_11671,0.0007065394
test_11672,0.9999999173
test_11673,0.0790343972
test_11674,0.0000049824
test_11675,0.0322892460
test_11676,0.9999982595
test_11677,0.9831234237
test_11678,0.0000000795
test_11679,0.9999987023
test_11680,0.0000001502
test_11681,0.0003418239
test_11682,0.0000003300
test_11683,0.0242762868
test_11684,0.9999855825
test_11685,0.0020074770
test_11686,0.9999996630
test_11687,0.0019452392
test_11688,0.0074156090
test_11689,0.0000020891
test_11690,0.9999879015
test_11691,0.9894116565
test_11692,0.0000042868
test_11693,0.9974822313
test_11694,0.0000000931
test_11695,0.9999995434
test_11696,0.0001275628
test_11697,0.0000017946
test_11698,0.0000862643
test_11699,0.8372735360
test_11700,0.0096954409
test_11701,0.0000000578
test_11702,0.0000009803
test_11703,0.0000113968
test_11704,0.9932284269
test_11705,0.9999755753
test_11706,0.9999999825
test_11707,0.0000652467
test_11708,0.9999990569
test_11709,0.9999946502
test_11710,0.9977693374
test_11711,0.9999995782
test_11712,0.0000073813
test_11713,0.9930877914
test_11714,0.9999999770
test_11715,0.9999897502
test_11716,0.0000033130
test_11717,0.0000000393
test_11718,0.0218992079
test_11719,0.0000003091
test_11720,0.9999999357
test_11721,0.9991635313
test_11722,0.9999980298
test_11723,0.9999865651
test_11724,0.0034098207
test_11725,0.1041884943
test_11726,0.9986750035
test_11727,0.9999975620
test_11728,0.9999886546
test_11729,0.9999919403
test_11730,0.0000271476
test_11731,0.0000011254
test_11732,0.9999999098
test_11733,0.9999973831
test_11734,0.0000000133
test_11735,0.9998431130
test_11736,0.0244639768
test_11737,0.9999951518
test_11738,0.9998857994
test_11739,0.9892887031
test_11740,0.0003612971
test_11741,0.5069298742
test_11742,0.0720202289
test_11743,0.9996594634
test_11744,0.9998255258
test_11745,0.0000010170
test_11746,0.9999680169
test_11747,0.0000864333
test_11748,0.0000000110
test_11749,0.9999998822
test_11750,0.0001963559
test_11751,0.9999994123
test_11752,0.9999982240
test_11753,0.0000033167
test_11754,0.9999998534
test_11755,0.0044203719
test_11756,0.9992582513
test_11757,0.0014662462
test_11758,0.0000008112
test_11759,0.9998465139
test_11760,0.9971855982
test_11761,0.9991204292
test_11762,0.9999999288
test_11763,0.0000277336
test_11764,0.9999999446
test_11765,0.0000004623
test_11766,0.0002406609
test_11767,0.9999805416
test_11768,0.0000027570
test_11769,0.0000000218
test_11770,0.0016756921
test_11771,0.9999961217
test_11772,0.9999967333
test_11773,0.0150760560
test_11774,0.0000107791
test_11775,0.9999984752
test_11776,0.0022289175
test_11777,0.9999940601
test_11778,0.9999999405
test_11779,0.9999999597
test_11780,0.9999995113
test_11781,0.0000252237
test_11782,0.0000013158
test_11783,0.0000061775
test_11784,0.9999996784
test_11785,0.0000000216
test_11786,0.9997396964
test_11787,0.0015688343
test_11788,0.0000265638
test_11789,0.0000000108
test_11790,0.0001606706
test_11791,0.9999984884
test_11792,0.9999994509
test_11793,0.9999999290
test_11794,0.9999998675
test_11795,0.9999898460
test_11796,0.0000000279
test_11797,0.9999598883
test_11798,0.0000000255
test_11799,0.9999916181
test_11800,0.0000021473
test_11801,0.0000478505
test_11802,0.0000000205
test_11803,0.0000036467
test_11804,0.0000037893
test_11805,0.0000000528
test_11806,0.0019424721
test_11807,0.9999898548
test_11808,0.9999769581
test_11809,0.0000497746
test_11810,0.9999998026
test_11811,0.0000002105
test_11812,0.0004126029
test_11813,0.0000037263
test_11814,0.0000132219
test_11815,0.0000003076
test_11816,0.9997617041
test_11817,0.0000083344
test_11818,0.0000003544
test_11819,0.9969869490
test_11820,0.9269287452
test_11821,0.9999994394
test_11822,0.9999914140
test_11823,0.9999998303
test_11824,0.9999999486
test_11825,0.9999817299
test_11826,0.0000018345
test_11827,0.9999998952
test_11828,0.0000036848
test_11829,0.0006960133
test_11830,0.9999996785
test_11831,0.0000000422
test_11832,0.0000672715
test_11833,0.0000001860
test_11834,0.9999814079
test_11835,0.0016549480
test_11836,0.9465236980
test_11837,0.9999963953
test_11838,0.0000456972
test_11839,0.0004701336
test_11840,0.0000003009
test_11841,0.0928620856
test_11842,0.0000000167
test_11843,0.0000000048
test_11844,0.0000030695
test_11845,0.9998693228
test_11846,0.0000011680
test_11847,0.9969093875
test_11848,0.9999987962
test_11849,0.0000578208
test_11850,0.9999999333
test_11851,0.0000001277
test_11852,0.0051326764
test_11853,0.9999988974
test_11854,0.0000007908
test_11855,0.9996271120
test_11856,0.9999994820
test_11857,0.0000001696
test_11858,0.9999999789
test_11859,0.0189077178
test_11860,0.0001294355
test_11861,0.0001959661
test_11862,0.0000000264
test_11863,0.7397069780
test_11864,0.9999982492
test_11865,0.9999774435
test_11866,0.9839120395
test_11867,0.9999464217
test_11868,0.0000033652
test_11869,0.9999697162
test_11870,0.9998835798
test_11871,0.9999675140
test_11872,0.9999964375
test_11873,0.9996153342
test_11874,0.8903169830
test_11875,0.9999938800
test_11876,0.9999995733
test_11877,0.0934899225
test_11878,0.9420031419
test_11879,0.0005134163
test_11880,0.0000099738
test_11881,0.9946044631
test_11882,0.9999997184
test_11883,0.0000451255
test_11884,0.9999994741
test_11885,0.0011954350
test_11886,0.0000020242
test_11887,0.9999980138
test_11888,0.0001761955
test_11889,0.0000033731
test_11890,0.0000001190
test_11891,0.9999524896
test_11892,0.0000169933
test_11893,0.9999997397
test_11894,0.9978925970
test_11895,0.0890444324
test_11896,0.9999998599
test_11897,0.0000612273
test_11898,0.0000000599
test_11899,0.9999999672
test_11900,0.9998867179
test_11901,0.9994379806
test_11902,0.9999996673
test_11903,0.9999779588
test_11904,0.9999997007
test_11905,0.9999992282
test_11906,0.0000000046
test_11907,0.9999998930
test_11908,0.0000737387
test_11909,0.0000018786
test_11910,0.9999940169
test_11911,0.9999996765
test_11912,0.0000000194
test_11913,0.0000043164
test_11914,0.0045287310
test_11915,0.0000018191
test_11916,0.0000021179
test_11917,0.9269533654
test_11918,0.9999694560
test_11919,0.0000848722
test_11920,0.9999822742
test_11921,0.1457012266
test_11922,0.0000044753
test_11923,0.9999949720
test_11924,0.9999920616
test_11925,0.9999998955
test_11926,0.9999900385
test_11927,0.9999999615
test_11928,0.0036902620
test_11929,0.0000005927
test_11930,0.9999999709
test_11931,0.9993521210
test_11932,0.0287977615
test_11933,0.9500805040
test_11934,0.0000069836
test_11935,0.0000011490
test_11936,0.9953019303
test_11937,0.0000000973
test_11938,0.9993589465
test_11939,0.0009471712
test_11940,0.0000034057
test_11941,0.0000000044
test_11942,0.9999026110
test_11943,0.0000003773
test_11944,0.0000000090
test_11945,0.9999773934
test_11946,0.9997607375
test_11947,0.0001337040
test_11948,0.0492596455
test_11949,0.1813356933
test_11950,0.0000000073
test_11951,0.0000038238
test_11952,0.0000000311
test_11953,0.0086678316
test_11954,0.0000958456
test_11955,0.9999958543
test_11956,0.4693397376
test_11957,0.9999975816
test_11958,0.0004356090
test_11959,0.3910747991
test_11960,0.0000000050
test_11961,0.0000035029
test_11962,0.0000790044
test_11963,0.9999995740
test_11964,0.0000000528
test_11965,0.9999978863
test_11966,0.9999882697
test_11967,0.0000019274
test_11968,0.9999999597
test_11969,0.0000004936
test_11970,0.0000019078
test_11971,0.0000629568
test_11972,0.9999989316
test_11973,0.0000023913
test_11974,0.9999999077
test_11975,0.9999999873
test_11976,0.0000029165
test_11977,0.9999864727
test_11978,0.9999996236
test_11979,0.9999801731
test_11980,0.9999951301
test_11981,0.0000375159
test_11982,0.9999982666
test_11983,0.9996917934
test_11984,0.9998762198
test_11985,0.0000152278
test_11986,0.9846201178
test_11987,0.0049030740
test_11988,0.9999983163
test_11989,0.3408585923
test_11990,0.9999999869
test_11991,0.9850571413
test_11992,0.0000044023
test_11993,0.9999985887
test_11994,0.0423210881
test_11995,0.9997492073
test_11996,0.0000002106
test_11997,0.9999996252
test_11998,0.0000652669
test_11999,0.0015282447
test_12000,0.9999891711
test_12001,0.0000002647
test_12002,0.0000003168
test_12003,0.9923800833
test_12004,0.0040494009
test_12005,0.0000012241
test_12006,0.0000002732
test_12007,0.1136017006
test_12008,0.0000052749
test_12009,0.0016057398
test_12010,0.0000160962
test_12011,0.9999357015
test_12012,0.9934209968
test_12013,0.0000000082
test_12014,0.9999450031
test_12015,0.9999976819
test_12016,0.9423054669
test_12017,0.9999997313
test_12018,0.9998733499
test_12019,0.9999982808
test_12020,0.0000319230
test_12021,0.9999986123
test_12022,0.9965480396
test_12023,0.0001440725
test_12024,0.0000000483
test_12025,0.9968350491
test_12026,0.0000001523
test_12027,0.9999848474
test_12028,0.0011495448
test_12029,0.0000445889
test_12030,0.0002183188
test_12031,0.9999855959
test_12032,0.0000475318
test_12033,0.9999995089
test_12034,0.9999999859
test_12035,0.9999628764
test_12036,0.0000000498
test_12037,0.9944010477
test_12038,0.0000091024
test_12039,0.0000003106
test_12040,0.9999999447
test_12041,0.9999999152
test_12042,0.0000001772
test_12043,0.9999992748
test_12044,0.0000006458
test_12045,0.0000001864
test_12046,0.9999999764
test_12047,0.0000001489
test_12048,0.9999852753
test_12049,0.0000001479
test_12050,0.0009740716
test_12051,0.0000001904
test_12052,0.3607983815
test_12053,0.0000014676
test_12054,0.9999988523
test_12055,0.9999703670
test_12056,0.9971595269
test_12057,0.9999894640
test_12058,0.9927360022
test_12059,0.9999999541
test_12060,0.9999987490
test_12061,0.0000006023
test_12062,0.0000004530
test_12063,0.9999962183
test_12064,0.9999982802
test_12065,0.9953100742
test_12066,0.0000162170
test_12067,0.9999999152
test_12068,0.0007103988
test_12069,0.0000024899
test_12070,0.0128714033
test_12071,0.9999773500
test_12072,0.9994288734
test_12073,0.0001040405
test_12074,0.0093926975
test_12075,0.9999999042
test_12076,0.9845983941
test_12077,0.0000038091
test_12078,0.9999999153
test_12079,0.0000000590
test_12080,0.0000015758
test_12081,0.9999992716
test_12082,0.0000024341
test_12083,0.0000194282
test_12084,0.9999999510
test_12085,0.9999976777
test_12086,0.9999819381
test_12087,0.9999984004
test_12088,0.0000156987
test_12089,0.0000330466
test_12090,0.0000017352
test_12091,0.9999995944
test_12092,0.9998698115
test_12093,0.9999999822
test_12094,0.9999998755
test_12095,0.9999994216
test_12096,0.9999998806
test_12097,0.0000073198
test_12098,0.9999751503
test_12099,0.0000007134
test_12100,0.0020287264
test_12101,0.9999947947
test_12102,0.0000000087
test_12103,0.0000000946
test_12104,0.3836036365
test_12105,0.0000000653
test_12106,0.9999506801
test_12107,0.9999999555
test_12108,0.9999679155
test_12109,0.0000004432
test_12110,0.0000044386
test_12111,0.9999999763
test_12112,0.9999968470
test_12113,0.9999842498
test_12114,0.9999998545
test_12115,0.0000032180
test_12116,0.0000002586
test_12117,0.0000208209
test_12118,0.9999979661
test_12119,0.9999003570
test_12120,0.9999982613
test_12121,0.0000000568
test_12122,0.0001397778
test_12123,0.0000002284
test_12124,0.9999391838
test_12125,0.0004387117
test_12126,0.9999999783
test_12127,0.9999135687
test_12128,0.9997924880
test_12129,0.0003262519
test_12130,0.9997949884
test_12131,0.9999994935
test_12132,0.0002139121
test_12133,0.9999999836
test_12134,0.9999994488
test_12135,0.0000002589
test_12136,0.9999924003
test_12137,0.9999919280
test_12138,0.0027615784
test_12139,0.9998038493
test_12140,0.9999958943
test_12141,0.0003248893
test_12142,0.9992522515
test_12143,0.9890115686
test_12144,0.0000095172
test_12145,0.0037624373
test_12146,0.9999968715
test_12147,0.0000917443
test_12148,0.0222444922
test_12149,0.9999999832
test_12150,0.0000000248
test_12151,0.9998053758
test_12152,0.9978585465
test_12153,0.0008532371
test_12154,0.9999962638
test_12155,0.9985786819
test_12156,0.0000000513
test_12157,0.9845608388
test_12158,0.0000001153
test_12159,0.9999996718
test_12160,0.9999772176
test_12161,0.9999997720
test_12162,0.9999891953
test_12163,0.9253068963
test_12164,0.9999999556
test_12165,0.0000210253
test_12166,0.9999983585
test_12167,0.9999993217
test_12168,0.0000008531
test_12169,0.9999584102
test_12170,0.0000036696
test_12171,0.0000019850
test_12172,0.9999954683
test_12173,0.9999996822
test_12174,0.9959262955
test_12175,0.9999993276
test_12176,0.0004426417
test_12177,0.0000285333
test_12178,0.2418376103
test_12179,0.0002370066
test_12180,0.9999997684
test_12181,0.9999999746
test_12182,0.9973026415
test_12183,0.9999974635
test_12184,0.0000008545
test_12185,0.9999994367
test_12186,0.9996305250
test_12187,0.0000000566
test_12188,0.0000007566
test_12189,0.0446603059
test_12190,0.9999979188
test_12191,0.9999999630
test_12192,0.0000010217
test_12193,0.0001808997
test_12194,0.0000019185
test_12195,0.0000019337
test_12196,0.0000002415
test_12197,0.0000017611
test_12198,0.0242514089
test_12199,0.0002604821
test_12200,0.9980664311
test_12201,0.0000000170
test_12202,0.9999750328
test_12203,0.9999906705
test_12204,0.0954059034
test_12205,0.0000005676
test_12206,0.0000026334
test_12207,0.0000000322
test_12208,0.9999999461
test_12209,0.9999858895
test_12210,0.0001321262
test_12211,0.0000000954
test_12212,0.9999996225
test_12213,0.0000000057
test_12214,0.9999970120
test_12215,0.9999902707
test_12216,0.5398266458
test_12217,0.0007924665
test_12218,0.0011032621
test_12219,0.0000025979
test_12220,0.0001176149
test_12221,0.0086513324
test_12222,0.0022137805
test_12223,0.0000000436
test_12224,0.8215499640
test_12225,0.0003995141
test_12226,0.0000016819
test_12227,0.0019644895
test_12228,0.9999999334
test_12229,0.0000024523
test_12230,0.2793197022
test_12231,0.0000445480
test_12232,0.0000000451
test_12233,0.0000012655
test_12234,0.9999302256
test_12235,0.0002683785
test_12236,0.0000179499
test_12237,0.9999556570
test_12238,0.9999895814
test_12239,0.9999965067
test_12240,0.0000005609
test_12241,0.0000721718
test_12242,0.0000530581
test_12243,0.9999993458
test_12244,0.0001508544
test_12245,0.0160830174
test_12246,0.9998332926
test_12247,0.0000894748
test_12248,0.0000019065
test_12249,0.0000000108
test_12250,0.0005356148
test_12251,0.0000000112
test_12252,0.0000030890
test_12253,0.9479589876
test_12254,0.9999556749
test_12255,0.0008910345
test_12256,0.0000033636
test_12257,0.0272733291
test_12258,0.0000000504
test_12259,0.9999979995
test_12260,0.9999984558
test_12261,0.9999989565
test_12262,0.0157373545
test_12263,0.4136693410
test_12264,0.0170256536
test_12265,0.0000000571
test_12266,0.0372531277
test_12267,0.0000048922
test_12268,0.0000011256
test_12269,0.9999997902
test_12270,0.0000080844
test_12271,0.0000031138
test_12272,0.9998301595
test_12273,0.0010510833
test_12274,0.9999406887
test_12275,0.0000052673
test_12276,0.9818482070
test_12277,0.9999125957
test_12278,0.0000530717
test_12279,0.9936814777
test_12280,0.9999925062
test_12281,0.0000001137
test_12282,0.0000000685
test_12283,0.9975482701
test_12284,0.0000000226
test_12285,0.0001002554
test_12286,0.0003016756
test_12287,0.9999648555
test_12288,0.9999966887
test_12289,0.0000000577
test_12290,0.0020753723
test_12291,0.9999864400
test_12292,0.9999551399
test_12293,0.9915224349
test_12294,0.4413770653
test_12295,0.9999969974
test_12296,0.9999988946
test_12297,0.0000490185
test_12298,0.0424357497
test_12299,0.9994615526
test_12300,0.0089422892
test_12301,0.9998415873
test_12302,0.0181776716
test_12303,0.0001064347
test_12304,0.9999978176
test_12305,0.0000274986
test_12306,0.9235228803
test_12307,0.9724653062
test_12308,0.1201797542
test_12309,0.9999999708
test_12310,0.0000106485
test_12311,0.9998097491
test_12312,0.9989163735
test_12313,0.0000382726
test_12314,0.9994018884
test_12315,0.0000271363
test_12316,0.0000000379
test_12317,0.0000000140
test_12318,0.0000000179
test_12319,0.9999715423
test_12320,0.9999977160
test_12321,0.9999995256
test_12322,0.0000000784
test_12323,0.0000000978
test_12324,0.0000000722
test_12325,0.9998643453
test_12326,0.9999982134
test_12327,0.9997538010
test_12328,0.0000005128
test_12329,0.0614284441
test_12330,0.9999905069
test_12331,0.0000000371
test_12332,0.9999801330
test_12333,0.0000025507
test_12334,0.0000000610
test_12335,0.9999976924
test_12336,0.4999489404
test_12337,0.4825764563
test_12338,0.0000021041
test_12339,0.9999553833
test_12340,0.9975252085
test_12341,0.0000000215
test_12342,0.0000000108
test_12343,0.0000000146
test_12344,0.9801087151
test_12345,0.9999997844
test_12346,0.9999989079
test_12347,0.9994136573
test_12348,0.0026538131
test_12349,0.0000015961
test_12350,0.0000116825
test_12351,0.0000013807
test_12352,0.9999913699
test_12353,0.9992078688
test_12354,0.0002191539
test_12355,0.0000014459
test_12356,0.1480781394
test_12357,0.9999942805
test_12358,0.0000001428
test_12359,0.9999877299
test_12360,0.0005105082
test_12361,0.9999986285
test_12362,0.9998360201
test_12363,0.0000018438
test_12364,0.0000000502
test_12365,0.9999950550
test_12366,0.0092124399
test_12367,0.0905600852
test_12368,0.9999997841
test_12369,0.9995906501
test_12370,0.0000108431
test_12371,0.9999998494
test_12372,0.9999933507
test_12373,0.9999896814
test_12374,0.0000014557
test_12375,0.9999994990
test_12376,0.0000203775
test_12377,0.0000020963
test_12378,0.0000232674
test_12379,0.0000001156
test_12380,0.0000006552
test_12381,0.0000907415
test_12382,0.0002782302
test_12383,0.0000001050
test_12384,0.9996922065
test_12385,0.0002661741
test_12386,0.9999778693
test_12387,0.9999997728
test_12388,0.0005685801
test_12389,0.0003209704
test_12390,0.9999990880
test_12391,0.9999989195
test_12392,0.0000000134
test_12393,0.0000327586
test_12394,0.6456918629
test_12395,0.9999908377
test_12396,0.9999728312
test_12397,0.0000001430
test_12398,0.0037565539
test_12399,0.0000000097
test_12400,0.9999999374
test_12401,0.0000003464
test_12402,0.0002773356
test_12403,0.9999781778
test_12404,0.0000000148
test_12405,0.0000885857
test_12406,0.9997724555
test_12407,0.9999988028
test_12408,0.9999988021
test_12409,0.9852535431
test_12410,0.0000125301
test_12411,0.9999714876
test_12412,0.9999955693
test_12413,0.3635162792
test_12414,0.0000057348
test_12415,0.8337594641
test_12416,0.9994322650
test_12417,0.9999997914
test_12418,0.9999987636
test_12419,0.9999162463
test_12420,0.9999997913
test_12421,0.0000000591
test_12422,0.9999999696
test_12423,0.0000555610
test_12424,0.0000006482
test_12425,0.0009065015
test_12426,0.9999839258
test_12427,0.1998166168
test_12428,0.9999993979
test_12429,0.9951787575
test_12430,0.9999102654
test_12431,0.9999998874
test_12432,0.9999972223
test_12433,0.3652755667
test_12434,0.9999991500
test_12435,0.0000001597
test_12436,0.0000020418
test_12437,0.0000106620
test_12438,0.0023224792
test_12439,0.0000204886
test_12440,0.9610135145
test_12441,0.9999998737
test_12442,0.9999977916
test_12443,0.0000409483
test_12444,0.0003780683
test_12445,0.9999893222
test_12446,0.0025848003
test_12447,0.0001878455
test_12448,0.0000000073
test_12449,0.9959427676
test_12450,0.9999998560
test_12451,0.9999992740
test_12452,0.9999970235
test_12453,0.9999999305
test_12454,0.9999998466
test_12455,0.0000042482
test_12456,0.0001245250
test_12457,0.0000000430
test_12458,0.9995858040
test_12459,0.9999907067
test_12460,0.0000000182
test_12461,0.9999955629
test_12462,0.0009214482
test_12463,0.0442694984
test_12464,0.0008102277
test_12465,0.9999999668
test_12466,0.0000161139
test_12467,0.9999987035
test_12468,0.0001269315
test_12469,0.0000010545
test_12470,0.9999734977
test_12471,0.9759477837
test_12472,0.0000002241
test_12473,0.9999748015
test_12474,0.0000219432
test_12475,0.0016962154
test_12476,0.9999795293
test_12477,0.0000000086
test_12478,0.9999977032
test_12479,0.0001538250
test_12480,0.0000000100
test_12481,0.0000001068
test_12482,0.9999968849
test_12483,0.0000002367
test_12484,0.9999999221
test_12485,0.0000000224
test_12486,0.0000001629
test_12487,0.0184535841
test_12488,0.0000002383
test_12489,0.9999996668
test_12490,0.0000953953
test_12491,0.0000606766
test_12492,0.9976335761
test_12493,0.9995745053
test_12494,0.9999887940
test_12495,0.0001536819
test_12496,0.0196844429
test_12497,0.0001921391
test_12498,0.6535235200
test_12499,0.9929383747
test_12500,0.9999962947
test_12501,0.9999971409
test_12502,0.0000003161
test_12503,0.9999999461
test_12504,0.9999966722
test_12505,0.0463935593
test_12506,0.9999995656
test_12507,0.9481783064
test_12508,0.9999960604
test_12509,0.0000076947
test_12510,0.9999892389
test_12511,0.0012341057
test_12512,0.0000099074
test_12513,0.0012743575
test_12514,0.9999953308
test_12515,0.0039869002
test_12516,0.9999998516
test_12517,0.0000006180
test_12518,0.0000000070
test_12519,0.0000032652
test_12520,0.0000190386
test_12521,0.0000012352
test_12522,0.0002005166
test_12523,0.0000111030
test_12524,0.9999999533
test_12525,0.0000032622
test_12526,0.9999999239
test_12527,0.0000000066
test_12528,0.0000153301
test_12529,0.0000026089
test_12530,0.9999634927
test_12531,0.0005970640
test_12532,0.0003881985
test_12533,0.9999986225
test_12534,0.9999913532
test_12535,0.9996908444
test_12536,0.0000011613
test_12537,0.9999914421
test_12538,0.9999986968
test_12539,0.0000024603
test_12540,0.7347268521
test_12541,0.0583797185
test_12542,0.0000000086
test_12543,0.0000007095
test_12544,0.0000000393
test_12545,0.9999999360
test_12546,0.0000082077
test_12547,0.0000002798
test_12548,0.9254571925
test_12549,0.9999936703
test_12550,0.9980764256
test_12551,0.0064901024
test_12552,0.9999468643
test_12553,0.9999887689
test_12554,0.0000238292
test_12555,0.9999997483
test_12556,0.0004186283
test_12557,0.0013490160
test_12558,0.0000000305
test_12559,0.9999998113
test_12560,0.9999999379
test_12561,0.9999738372
test_12562,0.0000009379
test_12563,0.9999999046
test_12564,0.0025306922
test_12565,0.0000094606
test_12566,0.9999896705
test_12567,0.0000000247
test_12568,0.0000042281
test_12569,0.9999909943
test_12570,0.9999998977
test_12571,0.0000005443
test_12572,0.9999886629
test_12573,0.0000000186
test_12574,0.0000027922
test_12575,0.0000000245
test_12576,0.0064737852
test_12577,0.0000766784
test_12578,0.0000287120
test_12579,0.9999997576
test_12580,0.0009918089
test_12581,0.9982450107
test_12582,0.0001834711
test_12583,0.9999987231
test_12584,0.9729604479
test_12585,0.9999999435
test_12586,0.0000001369
test_12587,0.0004527983
test_12588,0.0000016447
test_12589,0.0000000093
test_12590,0.9964957871
test_12591,0.9999992968
test_12592,0.0000091693
test_12593,0.0000913360
test_12594,0.9983634605
test_12595,0.9999991176
test_12596,0.0000000198
test_12597,0.9999769564
test_12598,0.0000005459
test_12599,0.0000000143
test_12600,0.9999999589
test_12601,0.9999998079
test_12602,0.0002162599
test_12603,0.9999999362
test_12604,0.0000009947
test_12605,0.0212081300
test_12606,0.9999431814
test_12607,0.0000004076
test_12608,0.9999936632
test_12609,0.9999342020
test_12610,0.0000059419
test_12611,0.0000639990
test_12612,0.0000006266
test_12613,0.9997352168
test_12614,0.9999670326
test_12615,0.6641384913
test_12616,0.0004341484
test_12617,0.0000000313
test_12618,0.0000000352
test_12619,0.9999998478
test_12620,0.9999670015
test_12621,0.0000057203
test_12622,0.0000000275
test_12623,0.9999903973
test_12624,0.9999940204
test_12625,0.0000002813
test_12626,0.0000050305
test_12627,0.0000002703
test_12628,0.0000599985
test_12629,0.9999943647
test_12630,0.0045198670
test_12631,0.9999992698
test_12632,0.0010346667
test_12633,0.0007513090
test_12634,0.0000009359
test_12635,0.0000030810
test_12636,0.9999936898
test_12637,0.9457236537
test_12638,0.0000016929
test_12639,0.9999709905
test_12640,0.0050999304
test_12641,0.0000054883
test_12642,0.0089080717
test_12643,0.9999999774
test_12644,0.0000000743
test_12645,0.9999999760
test_12646,0.9999974661
test_12647,0.0001630997
test_12648,0.0000066572
test_12649,0.0208603373
test_12650,0.9999999128
test_12651,0.9999836934
test_12652,0.0000328704
test_12653,0.9999690491
test_12654,0.0000004064
test_12655,0.9999973737
test_12656,0.9999999181
test_12657,0.9998313099
test_12658,0.9999998431
test_12659,0.0000000114
test_12660,0.0008338499
test_12661,0.9999977949
test_12662,0.9991018706
test_12663,0.0000002960
test_12664,0.0000090958
test_12665,0.9999315767
test_12666,0.0001677816
test_12667,0.9999997658
test_12668,0.0003433828
test_12669,0.0000025705
test_12670,0.9999992026
test_12671,0.9999999459
test_12672,0.0000224446
test_12673,0.0000000488
test_12674,0.9999183542
test_12675,0.0000189282
test_12676,0.9999998835
test_12677,0.9969145779
test_12678,0.0234767552
test_12679,0.9996640986
test_12680,0.9983271047
test_12681,0.2180083646
test_12682,0.9998662930
test_12683,0.0000004045
test_12684,0.9999996608
test_12685,0.0001374510
test_12686,0.9999859763
test_12687,0.9999936179
test_12688,0.9999913547
test_12689,0.0001218288
test_12690,0.0000065112
test_12691,0.9999226758
test_12692,0.9953627325
test_12693,0.9998060794
test_12694,0.0000000653
test_12695,0.0000017500
test_12696,0.1640883792
test_12697,0.0000065460
test_12698,0.9999692722
test_12699,0.0000000852
test_12700,0.0000002696
test_12701,0.9999553091
test_12702,0.0000000327
test_12703,0.0000149197
test_12704,0.9999952420
test_12705,0.9999994616
test_12706,0.0000045120
test_12707,0.9855286903
test_12708,0.9999996117
test_12709,0.9999999821
test_12710,0.0000001143
test_12711,0.9976356614
test_12712,0.9999950477
test_12713,0.0088866608
test_12714,0.0000020065
test_12715,0.0010291704
test_12716,0.0000000073
test_12717,0.0000262688
test_12718,0.0000001506
test_12719,0.9870411865
test_12720,0.9999999704
test_12721,0.9999999763
test_12722,0.9996773321
test_12723,0.0000013581
test_12724,0.0000092799
test_12725,0.9999634940
test_12726,0.9999872242
test_12727,0.6806004761
test_12728,0.9926465060
test_12729,0.9997817966
test_12730,0.0000000086
test_12731,0.9999927667
test_12732,0.0003414385
test_12733,0.9999153937
test_12734,0.9999999114
test_12735,0.9999986013
test_12736,0.9999902277
test_12737,0.9999876809
test_12738,0.0010438895
test_12739,0.9999999148
test_12740,0.0002483638
test_12741,0.0000000351
test_12742,0.0001189824
test_12743,0.0000012139
test_12744,0.0000000621
test_12745,0.4632846082
test_12746,0.9999325506
test_12747,0.9999907761
test_12748,0.0716604854
test_12749,0.0001308998
test_12750,0.0000258453
test_12751,0.0000585169
test_12752,0.9999953606
test_12753,0.0000016605
test_12754,0.0000006431
test_12755,0.9999902658
test_12756,0.9999995566
test_12757,0.9913581657
test_12758,0.0000051386
test_12759,0.0000000055
test_12760,0.9998518614
test_12761,0.9999933201
test_12762,0.0000000603
test_12763,0.0264094596
test_12764,0.0000013177
test_12765,0.9999994306
test_12766,0.0005306670
test_12767,0.0000027446
test_12768,0.9999999848
test_12769,0.9999985536
test_12770,0.0000000078
test_12771,0.0000018208
test_12772,0.0010537614
test_12773,0.9999993890
test_12774,0.0000008631
test_12775,0.9999995981
test_12776,0.0000299053
test_12777,0.0000000161
test_12778,0.9999988449
test_12779,0.0010619898
test_12780,0.9999995905
test_12781,0.9999884435
test_12782,0.0000005155
test_12783,0.9999992468
test_12784,0.6799377574
test_12785,0.9999979885
test_12786,0.0089112430
test_12787,0.9999949457
test_12788,0.0000002089
test_12789,0.9985070322
test_12790,0.0000006517
test_12791,0.0000050991
test_12792,0.0000050936
test_12793,0.9999789576
test_12794,0.2186505350
test_12795,0.9999974791
test_12796,0.9999998086
test_12797,0.9999976485
test_12798,0.9932118930
test_12799,0.0000546389
test_12800,0.7441803935
test_12801,0.0000143505
test_12802,0.0000003164
test_12803,0.9999998598
test_12804,0.9999999862
test_12805,0.0000128276
test_12806,0.0000887762
test_12807,0.9999992460
test_12808,0.0001031478
test_12809,0.9999961048
test_12810,0.0074999148
test_12811,0.0000130792
test_12812,0.9998233545
test_12813,0.9998224879
test_12814,0.0086228567
test_12815,0.0000307266
test_12816,0.0000005512
test_12817,0.0000289048
test_12818,0.0000079495
test_12819,0.0000000068
test_12820,0.9999557852
test_12821,0.0000006992
test_12822,0.9999324477
test_12823,0.9999999624
test_12824,0.0012241357
test_12825,0.0001904749
test_12826,0.0010170316
test_12827,0.0002047818
test_12828,0.7995446358
test_12829,0.9999728922
test_12830,0.0000000688
test_12831,0.0005576217
test_12832,0.9999998729
test_12833,0.0000056268
test_12834,0.9999996585
test_12835,0.9999993443
test_12836,0.9974162128
test_12837,0.9999999403
test_12838,0.9999999565
test_12839,0.0000069263
test_12840,0.0000003450
test_12841,0.0000015865
test_12842,0.0000057864
test_12843,0.9999999784
test_12844,0.9999758101
test_12845,0.0000003473
test_12846,0.0000048793
test_12847,0.9999345459
test_12848,0.9999994684
test_12849,0.0000015906
test_12850,0.9998403644
test_12851,0.0000034387
test_12852,0.0001834478
test_12853,0.9975793285
test_12854,0.0005589785
test_12855,0.0000104516
test_12856,0.9999997970
test_12857,0.9998941987
test_12858,0.0000000148
test_12859,0.9999995389
test_12860,0.9999997547
test_12861,0.0000005325
test_12862,0.0000013988
test_12863,0.0001833936
test_12864,0.0000002336
test_12865,0.9999992919
test_12866,0.1797781963
test_12867,0.9998624187
test_12868,0.9988965001
test_12869,0.0000002196
test_12870,0.9999840904
test_12871,0.3028515589
test_12872,0.9997242777
test_12873,0.6682824517
test_12874,0.9999998920
test_12875,0.1723088631
test_12876,0.0000005276
test_12877,0.0006261610
test_12878,0.9999939508
test_12879,0.9999973748
test_12880,0.0004103454
test_12881,0.0000000047
test_12882,0.9999993853
test_12883,0.0000000638
test_12884,0.0000508689
test_12885,0.0000000406
test_12886,0.1822050585
test_12887,0.0000659171
test_12888,0.0012033413
test_12889,0.0000523272
test_12890,0.9999985346
test_12891,0.0000015700
test_12892,0.0074135971
test_12893,0.9999981203
test_12894,0.0000209292
test_12895,0.9998244795
test_12896,0.9999460738
test_12897,0.9999950406
test_12898,0.3670935481
test_12899,0.0000003411
test_12900,0.9998638981
test_12901,0.9997860722
test_12902,0.9999952457
test_12903,0.0037215162
test_12904,0.9999742019
test_12905,0.9999999866
test_12906,0.0000000496
test_12907,0.0000014212
test_12908,0.9999788546
test_12909,0.9999990357
test_12910,0.0000755466
test_12911,0.9999999657
test_12912,0.9999999650
test_12913,0.0001491081
test_12914,0.0000000174
test_12915,0.9999997622
test_12916,0.9999999695
test_12917,0.9999985439
test_12918,0.0003837500
test_12919,0.9999409768
test_12920,0.9999524755
test_12921,0.0003007492
test_12922,0.0000000655
test_12923,0.9996325230
test_12924,0.9999993629
test_12925,0.9999240565
test_12926,0.9999946287
test_12927,0.0000071838
test_12928,0.0001636262
test_12929,0.9999980780
test_12930,0.9999999804
test_12931,0.0000752978
test_12932,0.0000036513
test_12933,0.9999990328
test_12934,0.9452534670
test_12935,0.0000120822
test_12936,0.9144868945
test_12937,0.9947949260
test_12938,0.0001993807
test_12939,0.9999994460
test_12940,0.9999976690
test_12941,0.0043578417
test_12942,0.1975257136
test_12943,0.0000000548
test_12944,0.9999999551
test_12945,0.0000811186
test_12946,0.9999999426
test_12947,0.9999960117
test_12948,0.0000010217
test_12949,0.0000000497
test_12950,0.9996293601
test_12951,0.0007648719
test_12952,0.9998792651
test_12953,0.9999977466
test_12954,0.0000000165
test_12955,0.0000110510
test_12956,0.9543654420
test_12957,0.9948877214
test_12958,0.0000605912
test_12959,0.2242006101
test_12960,0.9999940656
test_12961,0.0010180405
test_12962,0.0107778477
test_12963,0.9999740916
test_12964,0.0000023367
test_12965,0.9992364659
test_12966,0.9939682876
test_12967,0.0000003307
test_12968,0.0006372993
test_12969,0.9879191886
test_12970,0.8088991711
test_12971,0.0000000083
test_12972,0.0034271676
test_12973,0.0000000119
test_12974,0.0004340676
test_12975,0.3666487095
test_12976,0.0000003313
test_12977,0.0000000656
test_12978,0.9989224583
test_12979,0.0008278483
test_12980,0.0000000227
test_12981,0.9999281723
test_12982,0.9999938188
test_12983,0.0000026970
test_12984,0.9882963211
test_12985,0.9450195588
test_12986,0.9999988701
test_12987,0.9999972429
test_12988,0.0000011590
test_12989,0.9708317071
test_12990,0.9999997364
test_12991,0.0000337813
test_12992,0.0092195747
test_12993,0.9999999158
test_12994,0.0888651573
test_12995,0.9548499833
test_12996,0.9999944223
test_12997,0.0000002807
test_12998,0.9999999781
test_12999,0.9988749092
test_13000,0.0334413775
test_13001,0.9999999850
test_13002,0.0000705050
test_13003,0.9999999865
test_13004,0.0007751810
test_13005,0.9999541269
test_13006,0.0000027897
test_13007,0.0000368440
test_13008,0.0005466066
test_13009,0.9988130305
test_13010,0.0008300483
test_13011,0.0446469955
test_13012,0.0000217794
test_13013,0.9999973763
test_13014,0.0371484004
test_13015,0.9999961951
test_13016,0.0000000056
test_13017,0.9993271317
test_13018,0.0000000080
test_13019,0.9999949225
test_13020,0.0000197195
test_13021,0.0000494568
test_13022,0.0066281564
test_13023,0.5675628645
test_13024,0.9999999351
test_13025,0.9999922296
test_13026,0.9999999672
test_13027,0.9999611220
test_13028,0.0000027442
test_13029,0.9998963517
test_13030,0.0005224270
test_13031,0.9998747302
test_13032,0.9999970311
test_13033,0.0000000430
test_13034,0.9999824049
test_13035,0.0001477592
test_13036,0.3478160803
test_13037,0.9999998796
test_13038,0.9997295979
test_13039,0.9999999841
test_13040,0.9999967710
test_13041,0.9997294111
test_13042,0.9999805789
test_13043,0.9999764345
test_13044,0.9999972682
test_13045,0.0000086588
test_13046,0.9999928803
test_13047,0.0000147253
test_13048,0.0003118737
test_13049,0.9999954801
test_13050,0.0000000058
test_13051,0.0000500688
test_13052,0.9997812247
test_13053,0.9999889647
test_13054,0.0000012174
test_13055,0.0000020217
test_13056,0.9999995144
test_13057,0.0000002408
test_13058,0.0000000583
test_13059,0.9999995685
test_13060,0.9999634190
test_13061,0.9999999843
test_13062,0.9999979612
test_13063,0.0000089437
test_13064,0.0000009045
test_13065,0.9999489859
test_13066,0.9994978798
test_13067,0.0004149998
test_13068,0.9919166764
test_13069,0.9999990680
test_13070,0.9981939028
test_13071,0.0000000438
test_13072,0.0000341559
test_13073,0.2014566257
test_13074,0.9999983597
test_13075,0.9988987098
test_13076,0.0000679488
test_13077,0.0911528975
test_13078,0.9999987127
test_13079,0.9999977148
test_13080,0.0000000792
test_13081,0.0001116313
test_13082,0.9959210970
test_13083,0.9957672222
test_13084,0.9999986661
test_13085,0.9999997626
test_13086,0.9999996289
test_13087,0.0000000133
test_13088,0.9999931042
test_13089,0.0011883968
test_13090,0.0000004198
test_13091,0.0000922585
test_13092,0.9999994208
test_13093,0.0000051984
test_13094,0.9998206495
test_13095,0.9998852685
test_13096,0.0000000090
test_13097,0.0007624512
test_13098,0.0000002132
test_13099,0.0000231500
test_13100,0.0419214976
test_13101,0.0000638651
test_13102,0.0000077786
test_13103,0.0000690166
test_13104,0.0000000187
test_13105,0.9999996069
test_13106,0.9999027903
test_13107,0.9971264933
test_13108,0.9999989003
test_13109,0.0000000366
test_13110,0.9999999739
test_13111,0.9999005200
test_13112,0.9998903126
test_13113,0.0001415258
test_13114,0.0028999008
test_13115,0.9762736889
test_13116,0.9916249846
test_13117,0.0000282242
test_13118,0.0758790897
test_13119,0.0002480913
test_13120,0.0000325286
test_13121,0.0000191163
test_13122,0.0000001767
test_13123,0.0000000468
test_13124,0.9999487704
test_13125,0.9999905215
test_13126,0.0043296612
test_13127,0.9999984250
test_13128,0.9992590363
test_13129,0.0000009023
test_13130,0.9976815627
test_13131,0.0000349308
test_13132,0.9999557091
test_13133,0.0000010409
test_13134,0.0000000750
test_13135,0.0000000153
test_13136,0.0000937944
test_13137,0.9998935740
test_13138,0.9999279390
test_13139,0.0383320735
test_13140,0.0021304159
test_13141,0.9999999876
test_13142,0.0000040879
test_13143,0.9999999741
test_13144,0.0000004334
test_13145,0.0008492273
test_13146,0.9999956911
test_13147,0.9999996394
test_13148,0.0000000380
test_13149,0.0000007819
test_13150,0.0000355788
test_13151,0.9999998229
test_13152,0.0000000102
test_13153,0.9999998154
test_13154,0.0143122631
test_13155,0.9999999817
test_13156,0.0073418712
test_13157,0.9999913155
test_13158,0.9998211362
test_13159,0.7895483089
test_13160,0.1056256357
test_13161,0.0099809480
test_13162,0.9999987563
test_13163,0.9999988626
test_13164,0.0000406628
test_13165,0.4119691540
test_13166,0.0016622369
test_13167,0.0000019162
test_13168,0.0000615033
test_13169,0.0000003692
test_13170,0.0000056730
test_13171,0.0491420570
test_13172,0.9999944542
test_13173,0.0000018390
test_13174,0.9999962732
test_13175,0.0000002153
test_13176,0.0387774718
test_13177,0.0000227089
test_13178,0.0000091345
test_13179,0.0000000207
test_13180,0.9999797433
test_13181,0.0000002008
test_13182,0.9987315591
test_13183,0.9999908770
test_13184,0.0000019896
test_13185,0.9999952104
test_13186,0.9999979212
test_13187,0.9999557612
test_13188,0.0000911401
test_13189,0.0082665856
test_13190,0.0000002878
test_13191,0.0000000189
test_13192,0.9999999762
test_13193,0.1149991519
test_13194,0.9999999717
test_13195,0.0000035874
test_13196,0.9999982016
test_13197,0.0000039020
test_13198,0.0001398693
test_13199,0.9999995381
test_13200,0.0096058196
test_13201,0.0000003492
test_13202,0.9264139230
test_13203,0.9999996239
test_13204,0.0349804146
test_13205,0.0000150831
test_13206,0.0000026348
test_13207,0.9999892886
test_13208,0.0504684756
test_13209,0.0000245898
test_13210,0.9999996874
test_13211,0.9998336366
test_13212,0.9999996196
test_13213,0.0000464997
test_13214,0.0000243991
test_13215,0.0010954615
test_13216,0.9999995758
test_13217,0.9999997526
test_13218,0.9999947255
test_13219,0.0000158405
test_13220,0.9999999740
test_13221,0.0000015379
test_13222,0.9999391229
test_13223,0.0000050674
test_13224,0.9999999433
test_13225,0.0000138799
test_13226,0.9999999745
test_13227,0.9999999346
test_13228,0.0007709964
test_13229,0.0000000048
test_13230,0.0000055886
test_13231,0.9999754407
test_13232,0.9999969036
test_13233,0.0000000038
test_13234,0.9999999661
test_13235,0.0000067715
test_13236,0.1457186809
test_13237,0.0000116980
test_13238,0.9999978650
test_13239,0.9999872902
test_13240,0.0000259368
test_13241,0.0000000774
test_13242,0.0000006673
test_13243,0.9999957435
test_13244,0.9996076447
test_13245,0.4596762811
test_13246,0.9886667317
test_13247,0.9999996235
test_13248,0.9999552206
test_13249,0.0025474189
test_13250,0.9999395090
test_13251,0.0000176243
test_13252,0.0000000179
test_13253,0.0000099759
test_13254,0.0000049835
test_13255,0.9997599824
test_13256,0.0000007761
test_13257,0.0000000856
test_13258,0.8501104714
test_13259,0.9999997396
test_13260,0.0012291942
test_13261,0.0000001281
test_13262,0.0000000083
test_13263,0.0008034295
test_13264,0.9923911211
test_13265,0.9999997935
test_13266,0.9999781842
test_13267,0.9509697467
test_13268,0.0000269846
test_13269,0.0000038835
test_13270,0.0000007963
test_13271,0.0001137304
test_13272,0.0003408394
test_13273,0.9996777538
test_13274,0.0000070756
test_13275,0.0000000417
test_13276,0.0000505385
test_13277,0.0000156849
test_13278,0.0045191269
test_13279,0.0000220337
test_13280,0.0000311559
test_13281,0.9999884345
test_13282,0.0000000433
test_13283,0.9979186029
test_13284,0.9999992922
test_13285,0.0000000054
test_13286,0.9999885013
test_13287,0.0000378885
test_13288,0.9999900305
test_13289,0.0000000167
test_13290,0.9999961587
test_13291,0.9999999354
test_13292,0.9999989866
test_13293,0.9999983223
test_13294,0.0071389712
test_13295,0.9999999838
test_13296,0.9999999531
test_13297,0.0000022053
test_13298,0.9999975902
test_13299,0.9999998553
test_13300,0.0154223362
test_13301,0.9927133241
test_13302,0.9999993552
test_13303,0.0000000150
test_13304,0.9999675391
test_13305,0.0172072533
test_13306,0.0000002687
test_13307,0.0000000417
test_13308,0.9996896658
test_13309,0.9999984388
test_13310,0.9999997647
test_13311,0.9998888409
test_13312,0.0005574954
test_13313,0.9844320635
test_13314,0.9999954807
test_13315,0.9999996454
test_13316,0.0000009322
test_13317,0.9999997984
test_13318,0.0000024356
test_13319,0.9999560400
test_13320,0.0000288121
test_13321,0.9999998021
test_13322,0.0005566534
test_13323,0.9999993950
test_13324,0.0007220832
test_13325,0.0000006427
test_13326,0.0031753777
test_13327,0.9999995220
test_13328,0.0000003300
test_13329,0.0001859030
test_13330,0.0000000261
test_13331,0.0004624562
test_13332,0.0000001295
test_13333,0.9999998883
test_13334,0.0000037160
test_13335,0.0000004552
test_13336,0.0007396654
test_13337,0.9995609054
test_13338,0.0006203839
test_13339,0.9981595478
test_13340,0.0000003063
test_13341,0.9999997968
test_13342,0.0000016481
test_13343,0.9999100294
test_13344,0.9999999755
test_13345,0.9995353604
test_13346,0.9788432700
test_13347,0.0000001441
test_13348,0.0003504220
test_13349,0.0000000320
test_13350,0.0006252415
test_13351,0.9999743399
test_13352,0.0000000673
test_13353,0.0000000665
test_13354,0.9999949670
test_13355,0.0000004671
test_13356,0.9998116910
test_13357,0.0000022112
test_13358,0.9999992636
test_13359,0.9999982587
test_13360,0.9999999005
test_13361,0.0000065557
test_13362,0.9999915918
test_13363,0.0000000326
test_13364,0.9999958388
test_13365,0.9999973707
test_13366,0.9999999462
test_13367,0.9999999419
test_13368,0.9999959889
test_13369,0.0241093143
test_13370,0.9988956208
test_13371,0.9999999448
test_13372,0.9999994058
test_13373,0.9977931399
test_13374,0.9996805579
test_13375,0.9999999603
test_13376,0.9999998142
test_13377,0.9999819250
test_13378,0.0000000079
test_13379,0.0000000282
test_13380,0.9706122157
test_13381,0.0002025869
test_13382,0.9999999820
test_13383,0.9999999664
test_13384,0.9999909346
test_13385,0.9989939121
test_13386,0.0000003790
test_13387,0.0000162509
test_13388,0.0000002787
test_13389,0.0000000437
test_13390,0.0003357888
test_13391,0.9999861945
test_13392,0.0016527272
test_13393,0.9995246891
test_13394,0.9998521057
test_13395,0.9999889836
test_13396,0.9999996549
test_13397,0.2678626484
test_13398,0.0482724550
test_13399,0.9999854341
test_13400,0.9999999813
test_13401,0.0194706371
test_13402,0.9999175940
test_13403,0.9999910421
test_13404,0.9999973749
test_13405,0.9999999536
test_13406,0.9986792929
test_13407,0.0000315458
test_13408,0.0000003759
test_13409,0.9954121611
test_13410,0.0287617405
test_13411,0.9999876515
test_13412,0.9992005977
test_13413,0.3988526247
test_13414,0.0003148950
test_13415,0.9999747080
test_13416,0.9999992157
test_13417,0.0002527590
test_13418,0.0000394716
test_13419,0.9997487883
test_13420,0.9999999720
test_13421,0.0000000090
test_13422,0.0000000111
test_13423,0.0000166032
test_13424,0.9999983139
test_13425,0.0000399990
test_13426,0.0001777371
test_13427,0.9999995887
test_13428,0.9999999670
test_13429,0.9999975458
test_13430,0.0000066833
test_13431,0.9999998052
test_13432,0.0000000294
test_13433,0.0000573623
test_13434,0.9999950594
test_13435,0.1796611456
test_13436,0.0000061564
test_13437,0.0000000525
test_13438,0.9998334284
test_13439,0.9999969588
test_13440,0.9999517580
test_13441,0.9999690577
test_13442,0.9999987858
test_13443,0.8837710473
test_13444,0.9999995048
test_13445,0.9999999639
test_13446,0.0000018482
test_13447,0.0002790906
test_13448,0.0000012507
test_13449,0.0000001766
test_13450,0.9429165444
test_13451,0.0003918214
test_13452,0.9999247931
test_13453,0.9998971855
test_13454,0.0000005281
test_13455,0.0000001729
test_13456,0.9999572932
test_13457,0.9819468914
test_13458,0.9990245400
test_13459,0.9999977214
test_13460,0.0026048033
test_13461,0.0000002766
test_13462,0.9999948569
test_13463,0.0000000198
test_13464,0.0000000134
test_13465,0.0245179797
test_13466,0.9999994476
test_13467,0.0000606983
test_13468,0.0004635798
test_13469,0.9996892295
test_13470,0.0001580433
test_13471,0.9999989926
test_13472,0.9999676572
test_13473,0.9999845676
test_13474,0.9676315804
test_13475,0.9999999789
test_13476,0.0000968755
test_13477,0.9999073098
test_13478,0.9999999567
test_13479,0.9998204986
test_13480,0.9999984925
test_13481,0.9999952446
test_13482,0.0003209944
test_13483,0.9990809177
test_13484,0.0000004291
test_13485,0.9999968339
test_13486,0.4473049339
test_13487,0.1638091248
test_13488,0.0002777734
test_13489,0.9999988598
test_13490,0.0000000253
test_13491,0.0103185327
test_13492,0.9999997377
test_13493,0.9999991085
test_13494,0.0000000060
test_13495,0.0000525198
test_13496,0.9999998757
test_13497,0.0001802269
test_13498,0.9772365598
test_13499,0.0014673891
test_13500,0.9999970609
test_13501,0.0000005433
test_13502,0.0000006622
test_13503,0.0001943431
test_13504,0.0000000572
test_13505,0.0008678919
test_13506,0.1389606363
test_13507,0.0000004647
test_13508,0.9999999245
test_13509,0.0000585611
test_13510,0.1224522220
test_13511,0.9913431318
test_13512,0.9998267165
test_13513,0.0000063027
test_13514,0.0028364702
test_13515,0.0000279091
test_13516,0.0000041234
test_13517,0.0051791727
test_13518,0.0000023573
test_13519,0.0024596169
test_13520,0.0001665650
test_13521,0.9999998328
test_13522,0.0000687602
test_13523,0.9999992019
test_13524,0.9982346367
test_13525,0.9999997799
test_13526,0.0000309214
test_13527,0.9998647070
test_13528,0.9998154239
test_13529,0.9999969308
test_13530,0.9999996085
test_13531,0.0000031852
test_13532,0.0001799560
test_13533,0.9999725321
test_13534,0.0000087117
test_13535,0.9999996931
test_13536,0.0002559068
test_13537,0.0000011169
test_13538,0.0000837504
test_13539,0.0001959511
test_13540,0.9999995838
test_13541,0.9999996606
test_13542,0.0000050784
test_13543,0.0000047278
test_13544,0.9999990013
test_13545,0.9999927137
test_13546,0.9999999802
test_13547,0.0000000337
test_13548,0.9995385443
test_13549,0.0406808297
test_13550,0.0000001621
test_13551,0.9996535920
test_13552,0.0000392515
test_13553,0.9999537221
test_13554,0.9984928013
test_13555,0.0000000116
test_13556,0.8928337048
test_13557,0.9999999873
test_13558,0.0000000337
test_13559,0.0000713649
test_13560,0.0000018962
test_13561,0.0000000158
test_13562,0.0137075810
test_13563,0.9999717421
test_13564,0.9999794233
test_13565,0.9999996788
test_13566,0.9997094159
test_13567,0.9999975124
test_13568,0.9987661030
test_13569,0.9999910096
test_13570,0.9999163171
test_13571,0.0000078555
test_13572,0.9999999333
test_13573,0.9999937294
test_13574,0.0378516185
test_13575,0.9999987031
test_13576,0.0000053112
test_13577,0.0000524113
test_13578,0.9999890329
test_13579,0.0014219096
test_13580,0.0000005185
test_13581,0.9999998542
test_13582,0.9999993619
test_13583,0.0000000201
test_13584,0.9999990049
test_13585,0.9999999886
test_13586,0.9999999289
test_13587,0.0000049193
test_13588,0.9999996545
test_13589,0.9999951823
test_13590,0.0000005637
test_13591,0.0001779888
test_13592,0.9944762541
test_13593,0.9999995418
test_13594,0.0000114620
test_13595,0.0000094025
test_13596,0.0000000106
test_13597,0.0000005776
test_13598,0.0000000710
test_13599,0.9999947238
test_13600,0.0000776657
test_13601,0.9999970600
test_13602,0.9999977783
test_13603,0.9999997806
test_13604,0.9999993624
test_13605,0.0000080645
test_13606,0.9999910085
test_13607,0.0000006036
test_13608,0.0000000250
test_13609,0.9999993621
test_13610,0.9999848059
test_13611,0.9999880035
test_13612,0.9999325627
test_13613,0.9925527499
test_13614,0.9999950172
test_13615,0.9629762470
test_13616,0.0000001799
test_13617,0.9999949653
test_13618,0.0000476270
test_13619,0.9999976982
test_13620,0.0508883557
test_13621,0.9979174301
test_13622,0.9999996480
test_13623,0.0000053989
test_13624,0.0000152367
test_13625,0.9994389353
test_13626,0.0000332922
test_13627,0.0000016363
test_13628,0.9885665035
test_13629,0.0000009564
test_13630,0.0000002655
test_13631,0.0001447001
test_13632,0.9999941904
test_13633,0.0201726352
test_13634,0.9988848652
test_13635,0.9998903363
test_13636,0.9999992157
test_13637,0.9999410067
test_13638,0.9999834647
test_13639,0.9999600790
test_13640,0.1259609807
test_13641,0.9986448338
test_13642,0.0000002247
test_13643,0.0001665138
test_13644,0.0000000414
test_13645,0.9999999919
test_13646,0.9999988930
test_13647,0.9999979008
test_13648,0.0025606702
test_13649,0.0000082929
test_13650,0.0000000074
test_13651,0.0163984964
test_13652,0.0062920366
test_13653,0.9993642316
test_13654,0.0000007586
test_13655,0.0022221065
test_13656,0.0041076954
test_13657,0.0644208434
test_13658,0.9195358635
test_13659,0.9996190222
test_13660,0.0000000139
test_13661,0.0943332312
test_13662,0.9952721382
test_13663,0.0000007866
test_13664,0.9999925552
test_13665,0.0000000228
test_13666,0.9999998183
test_13667,0.0000009703
test_13668,0.0000003482
test_13669,0.9933881333
test_13670,0.0000032643
test_13671,0.0000384391
test_13672,0.0000001744
test_13673,0.0000004862
test_13674,0.9999966931
test_13675,0.0373333732
test_13676,0.9926364836
test_13677,0.0000009592
test_13678,0.0000025231
test_13679,0.0000003291
test_13680,0.0021432688
test_13681,0.9999998308
test_13682,0.9999733541
test_13683,0.9999939324
test_13684,0.0000034968
test_13685,0.9984476855
test_13686,0.0000000089
test_13687,0.9999893664
test_13688,0.9999971098
test_13689,0.9999612899
test_13690,0.0001081055
test_13691,0.9999999660
test_13692,0.0000850151
test_13693,0.0000707628
test_13694,0.0000056951
test_13695,0.9999962888
test_13696,0.9999627697
test_13697,0.0000275750
test_13698,0.9999994584
test_13699,0.9999995719
test_13700,0.9999950424
test_13701,0.0000014588
test_13702,0.9999999724
test_13703,0.0046132339
test_13704,0.0000338236
test_13705,0.9999975116
test_13706,0.0000000467
test_13707,0.0000001285
test_13708,0.0000000152
test_13709,0.9889086673
test_13710,0.0007711141
test_13711,0.0000372643
test_13712,0.9999931934
test_13713,0.9478517334
test_13714,0.0000014762
test_13715,0.0011767147
test_13716,0.0000000625
test_13717,0.9999986931
test_13718,0.9503338172
test_13719,0.0970550799
test_13720,0.7632658791
test_13721,0.9999926702
test_13722,0.9971357913
test_13723,0.0000027387
test_13724,0.0000002867
test_13725,0.9999991370
test_13726,0.0000001249
test_13727,0.9998180399
test_13728,0.0000001774
test_13729,0.9999999638
test_13730,0.0000002244
test_13731,0.0000000065
test_13732,0.9999999368
test_13733,0.9999937856
test_13734,0.1013731209
test_13735,0.9999974070
test_13736,0.9999838141
test_13737,0.0000002333
test_13738,0.9999945150
test_13739,0.9999949170
test_13740,0.0011026643
test_13741,0.0000175118
test_13742,0.0000036151
test_13743,0.0000000335
test_13744,0.2888657155
test_13745,0.0000097656
test_13746,0.0088486132
test_13747,0.0000052045
test_13748,0.0000000298
test_13749,0.9999050624
test_13750,0.0000107291
test_13751,0.9999214214
test_13752,0.0000012331
test_13753,0.9999974555
test_13754,0.9999939653
test_13755,0.0000013739
test_13756,0.9999999691
test_13757,0.0034269902
test_13758,0.0000027219
test_13759,0.9995269508
test_13760,0.0000000173
test_13761,0.0000000462
test_13762,0.0000034483
test_13763,0.9999999885
test_13764,0.9999987801
test_13765,0.9994360683
test_13766,0.0000000634
test_13767,0.0000897859
test_13768,0.9999970815
test_13769,0.9907694654
test_13770,0.0000156173
test_13771,0.9999945133
test_13772,0.0000000201
test_13773,0.9997658432
test_13774,0.0000075804
test_13775,0.0000000070
test_13776,0.9999993450
test_13777,0.9999781601
test_13778,0.9999987948
test_13779,0.9989443126
test_13780,0.9999995498
test_13781,0.0000046516
test_13782,0.9999776878
test_13783,0.0000185898
test_13784,0.0000029504
test_13785,0.9999962169
test_13786,0.0001435992
test_13787,0.9999895981
test_13788,0.0000375313
test_13789,0.9998739993
test_13790,0.0000028661
test_13791,0.0000001741
test_13792,0.9999995019
test_13793,0.0000000609
test_13794,0.0000013676
test_13795,0.0000919289
test_13796,0.9999992802
test_13797,0.9999998576
test_13798,0.0000061622
test_13799,0.0000081170
test_13800,0.9999982246
test_13801,0.9999822000
test_13802,0.0000003718
test_13803,0.0000000047
test_13804,0.0008045329
test_13805,0.0000491626
test_13806,0.9999989287
test_13807,0.0000010624
test_13808,0.9999997268
test_13809,0.0000118464
test_13810,0.9999980212
test_13811,0.0008023356
test_13812,0.9999526258
test_13813,0.9999999813
test_13814,0.0000000444
test_13815,0.9997652705
test_13816,0.9996389370
test_13817,0.9921745716
test_13818,0.0000625780
test_13819,0.9994641347
test_13820,0.9976739787
test_13821,0.0116371897
test_13822,0.0000000865
test_13823,0.9999999803
test_13824,0.0000009410
test_13825,0.0000000695
test_13826,0.9999924796
test_13827,0.9999993864
test_13828,0.9999887378
test_13829,0.9999999847
test_13830,0.0000000282
test_13831,0.0000500644
test_13832,0.9997784968
test_13833,0.9999997821
test_13834,0.0000139837
test_13835,0.9999981286
test_13836,0.9999970454
test_13837,0.0002504130
test_13838,0.2227112287
test_13839,0.9999999736
test_13840,0.9999935040
test_13841,0.0000000061
test_13842,0.9999988756
test_13843,0.0122828561
test_13844,0.0000000637
test_13845,0.9999934513
test_13846,0.9997253034
test_13847,0.0000015877
test_13848,0.9999758721
test_13849,0.0166903283
test_13850,0.9771586509
test_13851,0.3335236300
test_13852,0.0006153012
test_13853,0.9998357738
test_13854,0.9912082111
test_13855,0.0007191766
test_13856,0.0000014875
test_13857,0.9997098520
test_13858,0.9999955124
test_13859,0.9999975998
test_13860,0.0000319186
test_13861,0.9999863589
test_13862,0.9999019472
test_13863,0.9999924074
test_13864,0.0000161377
test_13865,0.9999999455
test_13866,0.0000007163
test_13867,0.0000074994
test_13868,0.0000177083
test_13869,0.9839900719
test_13870,0.0180855619
test_13871,0.0000349092
test_13872,0.0000001492
test_13873,0.9999998621
test_13874,0.9999999782
test_13875,0.0000000274
test_13876,0.9999999758
test_13877,0.0000005299
test_13878,0.9999962730
test_13879,0.0000083109
test_13880,0.9999993861
test_13881,0.9999999885
test_13882,0.0000009602
test_13883,0.9999994181
test_13884,0.0000007119
test_13885,0.0025855401
test_13886,0.0244239562
test_13887,0.9954157346
test_13888,0.9999974420
test_13889,0.0000454916
test_13890,0.0116850698
test_13891,0.9999993310
test_13892,0.9999999203
test_13893,0.0000024800
test_13894,0.0000012352
test_13895,0.0004322536
test_13896,0.9888235988
test_13897,0.0000000725
test_13898,0.9999978575
test_13899,0.9999999786
test_13900,0.9999994003
test_13901,0.0000837031
test_13902,0.0000000047
test_13903,0.9999999709
test_13904,0.9999983771
test_13905,0.0000000132
test_13906,0.9999999537
test_13907,0.9999998101
test_13908,0.0000000251
test_13909,0.0208028451
test_13910,0.9999997890
test_13911,0.9676848627
test_13912,0.9999756812
test_13913,0.0000003207
test_13914,0.0000011946
test_13915,0.0024779058
test_13916,0.9998563888
test_13917,0.0000019438
test_13918,0.0000220969
test_13919,0.9999764384
test_13920,0.0000397222
test_13921,0.9999970705
test_13922,0.9960640273
test_13923,0.9999948340
test_13924,0.9999470500
test_13925,0.9999971585
test_13926,0.9999691889
test_13927,0.0000000175
test_13928,0.9999995993
test_13929,0.9999987286
test_13930,0.9999978968
test_13931,0.9999998256
test_13932,0.9999997059
test_13933,0.0126182630
test_13934,0.0000373619
test_13935,0.0000004697
test_13936,0.9999956116
test_13937,0.9999874519
test_13938,0.9997895178
test_13939,0.9999994837
test_13940,0.9999973091
test_13941,0.0009336471
test_13942,0.0000773524
test_13943,0.9995646053
test_13944,0.9999997686
test_13945,0.0000000159
test_13946,0.0152330749
test_13947,0.9999997330
test_13948,0.0000000966
test_13949,0.0000002495
test_13950,0.0000001917
test_13951,0.0000463374
test_13952,0.9989444728
test_13953,0.9999250255
test_13954,0.9999197179
test_13955,0.9999999459
test_13956,0.9999724272
test_13957,0.0000983311
test_13958,0.9999870154
test_13959,0.0000002156
test_13960,0.9999894012
test_13961,0.9999992432
test_13962,0.9999698766
test_13963,0.9999994672
test_13964,0.9999329579
test_13965,0.9999477331
test_13966,0.0000001933
test_13967,0.9999999115
test_13968,0.9997923474
test_13969,0.0001330038
test_13970,0.0000136654
test_13971,0.9999208813
test_13972,0.0000029563
test_13973,0.9999999813
test_13974,0.9999408378
test_13975,0.9999999579
test_13976,0.9999685921
test_13977,0.9999998269
test_13978,0.9998980786
test_13979,0.0000000191
test_13980,0.0000310066
test_13981,0.0000019728
test_13982,0.0022998126
test_13983,0.9998701463
test_13984,0.9999847209
test_13985,0.9999975704
test_13986,0.9999531177
test_13987,0.1802696695
test_13988,0.9998213605
test_13989,0.9999994787
test_13990,0.9999998009
test_13991,0.0000180370
test_13992,0.9999743511
test_13993,0.0004788668
test_13994,0.0518691444
test_13995,0.9987473013
test_13996,0.9999985507
test_13997,0.0000000908
test_13998,0.0000035413
test_13999,0.9999998323
test_14000,0.0000000084
test_14001,0.0000011801
test_14002,0.0000000315
test_14003,0.0669356446
test_14004,0.9996283720
test_14005,0.0000013741
test_14006,0.9999893614
test_14007,0.9999997560
test_14008,0.9999841496
test_14009,0.9998994590
test_14010,0.0000000096
test_14011,0.9999785479
test_14012,0.9999995537
test_14013,0.9999992939
test_14014,0.0000097192
test_14015,0.9995264944
test_14016,0.9999994788
test_14017,0.0000053034
test_14018,0.0011966380
test_14019,0.9999997476
test_14020,0.1888962429
test_14021,0.0000006414
test_14022,0.9999994620
test_14023,0.0000000062
test_14024,0.0000000273
test_14025,0.9999784914
test_14026,0.0000340254
test_14027,0.0000000526
test_14028,0.9998924448
test_14029,0.0000000130
test_14030,0.9999965781
test_14031,0.9993274993
test_14032,0.0000002610
test_14033,0.0000001707
test_14034,0.0000000148
test_14035,0.0057653716
test_14036,0.0000150507
test_14037,0.0030084794
test_14038,0.0000004350
test_14039,0.9986932071
test_14040,0.0000084355
test_14041,0.0000014684
test_14042,0.9999993904
test_14043,0.9998504788
test_14044,0.9686321854
test_14045,0.0000001552
test_14046,0.0003305136
test_14047,0.9999835428
test_14048,0.0000038572
test_14049,0.0002350578
test_14050,0.0000664124
test_14051,0.0000023465
test_14052,0.9999947403
test_14053,0.9999996509
test_14054,0.9999603230
test_14055,0.0000001534
test_14056,0.0000018636
test_14057,0.9999209528
test_14058,0.9999994146
test_14059,0.9999729650
test_14060,0.0010357478
test_14061,0.9999989441
test_14062,0.0005100037
test_14063,0.0000000092
test_14064,0.9999582022
test_14065,0.9999987829
test_14066,0.0005117237
test_14067,0.0022126253
test_14068,0.9999998615
test_14069,0.0001705527
test_14070,0.0000089303
test_14071,0.0000029513
test_14072,0.0000275372
test_14073,0.0001382540
test_14074,0.9999949478
test_14075,0.0001254198
test_14076,0.0000000053
test_14077,0.9999982559
test_14078,0.9999981609
test_14079,0.9990849043
test_14080,0.9999999482
test_14081,0.9603650995
test_14082,0.0000043252
test_14083,0.0000030979
test_14084,0.9999961449
test_14085,0.9999824605
test_14086,0.0629756882
test_14087,0.9999999223
test_14088,0.9999995904
test_14089,0.0004372207
test_14090,0.0033828791
test_14091,0.0000002243
test_14092,0.5780149884
test_14093,0.0618263391
test_14094,0.9999997887
test_14095,0.9999976186
test_14096,0.9999998723
test_14097,0.9999775226
test_14098,0.9999952089
test_14099,0.0000012653
test_14100,0.0000076762
test_14101,0.9999999450
test_14102,0.0000805309
test_14103,0.0001210821
test_14104,0.9995541990
test_14105,0.0000167447
test_14106,0.9999998142
test_14107,0.9887507898
test_14108,0.0000016857
test_14109,0.0003459630
test_14110,0.0000003965
test_14111,0.9999948939
test_14112,0.0004136725
test_14113,0.0005962799
test_14114,0.0000000090
test_14115,0.0000021372
test_14116,0.9999998982
test_14117,0.9999469873
test_14118,0.0162307194
test_14119,0.9999953714
test_14120,0.0000000048
test_14121,0.0000004737
test_14122,0.3395339523
test_14123,0.9997195795
test_14124,0.0000000073
test_14125,0.9999999476
test_14126,0.9998228958
test_14127,0.9822436714
test_14128,0.0000001436
test_14129,0.9998683162
test_14130,0.0001186286
test_14131,0.0083589526
test_14132,0.9999959555
test_14133,0.0000000570
test_14134,0.0000000120
test_14135,0.9959415657
test_14136,0.0026210166
test_14137,0.0000008332
test_14138,0.0010147183
test_14139,0.0001109697
test_14140,0.9999772788
test_14141,0.9977657997
test_14142,0.0000000593
test_14143,0.0000038689
test_14144,0.0015584850
test_14145,0.0712682327
test_14146,0.9999505636
test_14147,0.9999999123
test_14148,0.0000002566
test_14149,0.9997544414
test_14150,0.0000071279
test_14151,0.9965529348
test_14152,0.9999997421
test_14153,0.0000000469
test_14154,0.9999939138
test_14155,0.8982327979
test_14156,0.0000628913
test_14157,0.0000295629
test_14158,0.9982252043
test_14159,0.0000133248
test_14160,0.0000011473
test_14161,0.0000000190
test_14162,0.9999985080
test_14163,0.9999999904
test_14164,0.0000149248
test_14165,0.9999970069
test_14166,0.0000197491
test_14167,0.9999819373
test_14168,0.0000235288
test_14169,0.0000001874
test_14170,0.9999999703
test_14171,0.9999331339
test_14172,0.0000065865
test_14173,0.0000001437
test_14174,0.9806412530
test_14175,0.9999995018
test_14176,0.0003124670
test_14177,0.0000000053
test_14178,0.3538506405
test_14179,0.9999862990
test_14180,0.0000455883
test_14181,0.3869014896
test_14182,0.0000404295
test_14183,0.9999994089
test_14184,0.0022352136
test_14185,0.9999776990
test_14186,0.0000000610
test_14187,0.0000000199
test_14188,0.0000087299
test_14189,0.0000001533
test_14190,0.9999383767
test_14191,0.9999994770
test_14192,0.9999999094
test_14193,0.0003802520
test_14194,0.1211726457
test_14195,0.9999718100
test_14196,0.9999980624
test_14197,0.9997091120
test_14198,0.9698065372
test_14199,0.0047789068
test_14200,0.0000291415
test_14201,0.0000000053
test_14202,0.0000001208
test_14203,0.9997794328
test_14204,0.0185099780
test_14205,0.9732416996
test_14206,0.9993109401
test_14207,0.0000015632
test_14208,0.9999699324
test_14209,0.0000005691
test_14210,0.9999988417
test_14211,0.0000011213
test_14212,0.9999690687
test_14213,0.0000000080
test_14214,0.9999998153
test_14215,0.9999975459
test_14216,0.5000366145
test_14217,0.0000699448
test_14218,0.0001963099
test_14219,0.9994657058
test_14220,0.0000000084
test_14221,0.9999933885
test_14222,0.0000181126
test_14223,0.0000560713
test_14224,0.0000088343
test_14225,0.9999999763
test_14226,0.0000018156
test_14227,0.9999949511
test_14228,0.0000016589
test_14229,0.9999999633
test_14230,0.9999839257
test_14231,0.0004045053
test_14232,0.0000000663
test_14233,0.9999991229
test_14234,0.0000002576
test_14235,0.0000001883
test_14236,0.0014514251
test_14237,0.9999999634
test_14238,0.0083503862
test_14239,0.9999976401
test_14240,0.0000002206
test_14241,0.9999996424
test_14242,0.0001224956
test_14243,0.9999999543
test_14244,0.9913405062
test_14245,0.9997005825
test_14246,0.9999984621
test_14247,0.9999997051
test_14248,0.9999998949
test_14249,0.0000794117
test_14250,0.9999978377
test_14251,0.9999978868
test_14252,0.9992757742
test_14253,0.9999999776
test_14254,0.9999952078
test_14255,0.0000014997
test_14256,0.0000004950
test_14257,0.9999377150
test_14258,0.0023221306
test_14259,0.9999999742
test_14260,0.0000000214
test_14261,0.0000007219
test_14262,0.9999925228
test_14263,0.6475252783
test_14264,0.9999942962
test_14265,0.0000006128
test_14266,0.0000000144
test_14267,0.9953409836
test_14268,0.0000161581
test_14269,0.0000008039
test_14270,0.0000094853
test_14271,0.0000292989
test_14272,0.9998231997
test_14273,0.0000002749
test_14274,0.9999933133
test_14275,0.0000413912
test_14276,0.0461590128
test_14277,0.0000000171
test_14278,0.9999996852
test_14279,0.9999997343
test_14280,0.9999950541
test_14281,0.9998983484
test_14282,0.0000702055
test_14283,0.0000000159
test_14284,0.9999999801
test_14285,0.9999269736
test_14286,0.9999971301
test_14287,0.0120202215
test_14288,0.9999288189
test_14289,0.9999997863
test_14290,0.0002632260
test_14291,0.9999988765
test_14292,0.0000001975
test_14293,0.9649507374
test_14294,0.0000000442
test_14295,0.9999997224
test_14296,0.9999998906
test_14297,0.9983732291
test_14298,0.9999999437
test_14299,0.9999983001
test_14300,0.0000045974
test_14301,0.0000002021
test_14302,0.0000000082
test_14303,0.9999999788
test_14304,0.6156710393
test_14305,0.9950303581
test_14306,0.9998278125
test_14307,0.9999996241
test_14308,0.9999998472
test_14309,0.0000180054
test_14310,0.0000867745
test_14311,0.9999986041
test_14312,0.9483494839
test_14313,0.9999935331
test_14314,0.9999996184
test_14315,0.0000000192
test_14316,0.0000061511
test_14317,0.9999121080
test_14318,0.0000000589
test_14319,0.9998833092
test_14320,0.0000014071
test_14321,0.9999796634
test_14322,0.9999746249
test_14323,0.0000016639
test_14324,0.9999998957
test_14325,0.0256477388
test_14326,0.0000002773
test_14327,0.0000000237
test_14328,0.9999990045
test_14329,0.0003497314
test_14330,0.0000144035
test_14331,0.0000088895
test_14332,0.9999507883
test_14333,0.0089550370
test_14334,0.9999997205
test_14335,0.9999992009
test_14336,0.9999997139
test_14337,0.0000000894
test_14338,0.0000094301
test_14339,0.9999997986
test_14340,0.9995873647
test_14341,0.9999993030
test_14342,0.0000169650
test_14343,0.9999991372
test_14344,0.0000023686
test_14345,0.0000048057
test_14346,0.9997651067
test_14347,0.9999996959
test_14348,0.0000000651
test_14349,0.9999992735
test_14350,0.0000002386
test_14351,0.0000004813
test_14352,0.0000037704
test_14353,0.9999985122
test_14354,0.0000000282
test_14355,0.9987110064
test_14356,0.9999381856
test_14357,0.0000000396
test_14358,0.9999883878
test_14359,0.9999996318
test_14360,0.9994503136
test_14361,0.0000012950
test_14362,0.9999945352
test_14363,0.0000023782
test_14364,0.9999857690
test_14365,0.0000083838
test_14366,0.9998299514
test_14367,0.9998098188
test_14368,0.9957268148
test_14369,0.9998442377
test_14370,0.9999999358
test_14371,0.9999972771
test_14372,0.0000031288
test_14373,0.0002349740
test_14374,0.0004662188
test_14375,0.0000370840
test_14376,0.0000000167
test_14377,0.0000000365
test_14378,0.9948603068
test_14379,0.0000001827
test_14380,0.9997500914
test_14381,0.0025197266
test_14382,0.0001748116
test_14383,0.9999990475
test_14384,0.0000018147
test_14385,0.0000290158
test_14386,0.7300643728
test_14387,0.9791839973
test_14388,0.0000000695
test_14389,0.0709677411
test_14390,0.9999992375
test_14391,0.9453449928
test_14392,0.9999980203
test_14393,0.0000134148
test_14394,0.9999849626
test_14395,0.9471465370
test_14396,0.9999999485
test_14397,0.9999999698
test_14398,0.9999772524
test_14399,0.9999916437
test_14400,0.9998197024
test_14401,0.0000015384
test_14402,0.0000001029
test_14403,0.9999995487
test_14404,0.0152792318
test_14405,0.9999894499
test_14406,0.9965367876
test_14407,0.2821860255
test_14408,0.0011164679
test_14409,0.9999942153
test_14410,0.9999937163
test_14411,0.0000010103
test_14412,0.9999994978
test_14413,0.9999899906
test_14414,0.0000000714
test_14415,0.9914622823
test_14416,0.9999955652
test_14417,0.0004932865
test_14418,0.0005408915
test_14419,0.0000000168
test_14420,0.0000477830
test_14421,0.9999998628
test_14422,0.0266514465
test_14423,0.0000076880
test_14424,0.0000007925
test_14425,0.0016130083
test_14426,0.0000116789
test_14427,0.9999988203
test_14428,0.0000017657
test_14429,0.9999998732
test_14430,0.0000466096
test_14431,0.9999952099
test_14432,0.0000018771
test_14433,0.9998955556
test_14434,0.9999991753
test_14435,0.0000014955
test_14436,0.0758753428
test_14437,0.9999307665
test_14438,0.9999788740
test_14439,0.0015998852
test_14440,0.0006222882
test_14441,0.9999999622
test_14442,0.0000049426
test_14443,0.9999988450
test_14444,0.9984084356
test_14445,0.0000000240
test_14446,0.0000385413
test_14447,0.9999991826
test_14448,0.0055338268
test_14449,0.0000065860
test_14450,0.8662270795
test_14451,0.9983631148
test_14452,0.0000031086
test_14453,0.0000583347
test_14454,0.0000019627
test_14455,0.9976329941
test_14456,0.9999788904
test_14457,0.0475183488
test_14458,0.9999942492
test_14459,0.0000007775
test_14460,0.0003903056
test_14461,0.0001728142
test_14462,0.9999999220
test_14463,0.5046442521
test_14464,0.9999929542
test_14465,0.9999704568
test_14466,0.9999316756
test_14467,0.0240764889
test_14468,0.0005448724
test_14469,0.0071203685
test_14470,0.9999756838
test_14471,0.0000003339
test_14472,0.0000000835
test_14473,0.0000618696
test_14474,0.9999649884
test_14475,0.0012915227
test_14476,0.9999997946
test_14477,0.9999088477
test_14478,0.9999995971
test_14479,0.0091335275
test_14480,0.9997596909
test_14481,0.1258497403
test_14482,0.9993767282
test_14483,0.0324820190
test_14484,0.9999999832
test_14485,0.0008344601
test_14486,0.0000000581
test_14487,0.9994872376
test_14488,0.9999935870
test_14489,0.0000544266
test_14490,0.0006190470
test_14491,0.9999997362
test_14492,0.2313529328
test_14493,0.0000269073
test_14494,0.0042427491
test_14495,0.0000000092
test_14496,0.0000010921
test_14497,0.9999998474
test_14498,0.9999994259
test_14499,0.0000000242
test_14500,0.0000003919
test_14501,0.0000005254
test_14502,0.9999998376
test_14503,0.9999485634
test_14504,0.0002364785
test_14505,0.0000000247
test_14506,0.0000000345
test_14507,0.9999733487
test_14508,0.0002374231
test_14509,0.0000012386
test_14510,0.9887973513
test_14511,0.9999977058
test_14512,0.9999999621
test_14513,0.0003140645
test_14514,0.0000190284
test_14515,0.0000061627
test_14516,0.9999994047
test_14517,0.0000001262
test_14518,0.9998299767
test_14519,0.9992518651
test_14520,0.0000136810
test_14521,0.9999831730
test_14522,0.0000012657
test_14523,0.9999975312
test_14524,0.9997108004
test_14525,0.9999877448
test_14526,0.0000022161
test_14527,0.9919611218
test_14528,0.9999999358
test_14529,0.0002576507
test_14530,0.9999990080
test_14531,0.9992484543
test_14532,0.0000033020
test_14533,0.0000243157
test_14534,0.9999782862
test_14535,0.0000062858
test_14536,0.9999994063
test_14537,0.0001125772
test_14538,0.0000047496
test_14539,0.0000007466
test_14540,0.9995556486
test_14541,0.0000000137
test_14542,0.9999973915
test_14543,0.0000000118
test_14544,0.0000114638
test_14545,0.9931458617
test_14546,0.6564429850
test_14547,0.9982562632
test_14548,0.0000039494
test_14549,0.1550780100
test_14550,0.9999971660
test_14551,0.9982960733
test_14552,0.0018358208
test_14553,0.9999999816
test_14554,0.0000002404
test_14555,0.0000896269
test_14556,0.9937641659
test_14557,0.9999792225
test_14558,0.0000003851
test_14559,0.0000000104
test_14560,0.0000044482
test_14561,0.9999999088
test_14562,0.9999999464
test_14563,0.9999999583
test_14564,0.0000020631
test_14565,0.9999960653
test_14566,0.8605184610
test_14567,0.9994047173
test_14568,0.9999999747
test_14569,0.0040728059
test_14570,0.9999840061
test_14571,0.0000004767
test_14572,0.4408522789
test_14573,0.9999999831
test_14574,0.9999998309
test_14575,0.0000449501
test_14576,0.8462185933
test_14577,0.9999922183
test_14578,0.0000048798
test_14579,0.0000000174
test_14580,0.9980894936
test_14581,0.9973792154
test_14582,0.9999999825
test_14583,0.9999990407
test_14584,0.9999616124
test_14585,0.9999944455
test_14586,0.0286239692
test_14587,0.0034872383
test_14588,0.9999986718
test_14589,0.0000009530
test_14590,0.9999974535
test_14591,0.9999999701
test_14592,0.9998569683
test_14593,0.9999994607
test_14594,0.9999866397
test_14595,0.9999992743
test_14596,0.0000001924
test_14597,0.0689585470
test_14598,0.0000000057
test_14599,0.9999998504
test_14600,0.9999999194
test_14601,0.9999993444
test_14602,0.0393980988
test_14603,0.0010151149
test_14604,0.9762750421
test_14605,0.0000011493
test_14606,0.9990075274
test_14607,0.0000033317
test_14608,0.9999999736
test_14609,0.9999890664
test_14610,0.0000666088
test_14611,0.0015374420
test_14612,0.0007943386
test_14613,0.9999771811
test_14614,0.9999986527
test_14615,0.7426868143
test_14616,0.0277924154
test_14617,0.9999969141
test_14618,0.9999992747
test_14619,0.9999880472
test_14620,0.9999998596
test_14621,0.9999999267
test_14622,0.9999999810
test_14623,0.9999997156
test_14624,0.9999996768
test_14625,0.9999966668
test_14626,0.9999990137
test_14627,0.9999874739
test_14628,0.0000823967
test_14629,0.9999973589
test_14630,0.0000020966
test_14631,0.0000017097
test_14632,0.0000000217
test_14633,0.9998513175
test_14634,0.0045411398
test_14635,0.9902289775
test_14636,0.0319166019
test_14637,0.0000000321
test_14638,0.9999489753
test_14639,0.0012103340
test_14640,0.0000665902
test_14641,0.0000000245
test_14642,0.0000000097
test_14643,0.9950759401
test_14644,0.0000014394
test_14645,0.0062678510
test_14646,0.0000311518
test_14647,0.0000544521
test_14648,0.0000000156
test_14649,0.9952850494
test_14650,0.9999960189
test_14651,0.9999997857
test_14652,0.0000166458
test_14653,0.9999980398
test_14654,0.0000000542
test_14655,0.0001653317
test_14656,0.0000006767
test_14657,0.9999998172
test_14658,0.0000014855
test_14659,0.9998593227
test_14660,0.0000124401
test_14661,0.0000002012
test_14662,0.9999978828
test_14663,0.9960791076
test_14664,0.9999999262
test_14665,0.0000000146
test_14666,0.9999995465
test_14667,0.9895408335
test_14668,0.9995963715
test_14669,0.0000000682
test_14670,0.9999999641
test_14671,0.0000001616
test_14672,0.9999960298
test_14673,0.9999815773
test_14674,0.9999900219
test_14675,0.9998815757
test_14676,0.9999842777
test_14677,0.0000000225
test_14678,0.9999956369
test_14679,0.9999999052
test_14680,0.0000008206
test_14681,0.9999791921
test_14682,0.9999997539
test_14683,0.0000000639
test_14684,0.9999992755
test_14685,0.9999708063
test_14686,0.0169672135
test_14687,0.0001805574
test_14688,0.9999864676
test_14689,0.0000723540
test_14690,0.9999992357
test_14691,0.9999921408
test_14692,0.0000932937
test_14693,0.9999713635
test_14694,0.0608253925
test_14695,0.9999995945
test_14696,0.9999993347
test_14697,0.0000428668
test_14698,0.9999981591
test_14699,0.9999999858
test_14700,0.9999982896
test_14701,0.0000171854
test_14702,0.9999997702
test_14703,0.0000000504
test_14704,0.9999981389
test_14705,0.9859386117
test_14706,0.8241790859
test_14707,0.0000001728
test_14708,0.0000013618
test_14709,0.9999855624
test_14710,0.9999999832
test_14711,0.0000039834
test_14712,0.0000000266
test_14713,0.9999997434
test_14714,0.9999987352
test_14715,0.9264147787
test_14716,0.9999975491
test_14717,0.9981095656
test_14718,0.0000004273
test_14719,0.0010070579
test_14720,0.9999996064
test_14721,0.9999997107
test_14722,0.9999962457
test_14723,0.9999922011
test_14724,0.9999710025
test_14725,0.9999960603
test_14726,0.9999999501
test_14727,0.9999762901
test_14728,0.0000068570
test_14729,0.0641181115
test_14730,0.9991232863
test_14731,0.9999996143
test_14732,0.9996784250
test_14733,0.9999464753
test_14734,0.0000066914
test_14735,0.9999998486
test_14736,0.9999931077
test_14737,0.9999972375
test_14738,0.0000003142
test_14739,0.9999953740
test_14740,0.9999999657
test_14741,0.0000000070
test_14742,0.0000000423
test_14743,0.9999996984
test_14744,0.9999999833
test_14745,0.9999995288
test_14746,0.9998243274
test_14747,0.9999585450
test_14748,0.0000000124
test_14749,0.9092706701
test_14750,0.0000000688
test_14751,0.0255765049
test_14752,0.0000002384
test_14753,0.0000000970
test_14754,0.9999998926
test_14755,0.2549942516
test_14756,0.9998626061
test_14757,0.9999984571
test_14758,0.9999993550
test_14759,0.0000576103
test_14760,0.8737202248
test_14761,0.2876103535
test_14762,0.0000000354
test_14763,0.9964344749
test_14764,0.9999818960
test_14765,0.0000019722
test_14766,0.9999710594
test_14767,0.9999995760
test_14768,0.9999897408
test_14769,0.9999890365
test_14770,0.9999959973
test_14771,0.9999312865
test_14772,0.0428759459
test_14773,0.0000003774
test_14774,0.9999997655
test_14775,0.0000005691
test_14776,0.8721253406
test_14777,0.9995994721
test_14778,0.9999671310
test_14779,0.0000220079
test_14780,0.9999945525
test_14781,0.0000005017
test_14782,0.9995518185
test_14783,0.0000000782
test_14784,0.9987424788
test_14785,0.9974807969
test_14786,0.0000894055
test_14787,0.0000064543
test_14788,0.9999978103
test_14789,0.0012539637
test_14790,0.0000039801
test_14791,0.9999126229
test_14792,0.9999793586
test_14793,0.9999927933
test_14794,0.0000212008
test_14795,0.9999992439
test_14796,0.9998266275
test_14797,0.9999978885
test_14798,0.9999999488
test_14799,0.0000148398
test_14800,0.0700701925
test_14801,0.0000011200
test_14802,0.0000055883
test_14803,0.0005064437
test_14804,0.0000016632
test_14805,0.0001316905
test_14806,0.0000004712
test_14807,0.0000048203
test_14808,0.4241922942
test_14809,0.9999970611
test_14810,0.0004448279
test_14811,0.0000649245
test_14812,0.9999265157
test_14813,0.9999997210
test_14814,0.9999613734
test_14815,0.9999988870
test_14816,0.0001024911
test_14817,0.8452719535
test_14818,0.0000001707
test_14819,0.9999999688
test_14820,0.0004284814
test_14821,0.0000980728
test_14822,0.9999332245
test_14823,0.0000001391
test_14824,0.9857478366
test_14825,0.2169316186
test_14826,0.9999071300
test_14827,0.9999991269
test_14828,0.0000010642
test_14829,0.9999389673
test_14830,0.2390499040
test_14831,0.9999999221
test_14832,0.0000001307
test_14833,0.0000000789
test_14834,0.9993402458
test_14835,0.0000000245
test_14836,0.9995322134
test_14837,0.0000000506
test_14838,0.0000000053
test_14839,0.9999532110
test_14840,0.0000000413
test_14841,0.9999996978
test_14842,0.9999999424
test_14843,0.0000000264
test_14844,0.9999261279
test_14845,0.9999921030
test_14846,0.9999968307
test_14847,0.9999997721
test_14848,0.9999981721
test_14849,0.9999999850
test_14850,0.0005956870
test_14851,0.9999998891
test_14852,0.0000000392
test_14853,0.0167658034
test_14854,0.0000193081
test_14855,0.9999360062
test_14856,0.0000391278
test_14857,0.9999931369
test_14858,0.9923280719
test_14859,0.9999983120
test_14860,0.9999998236
test_14861,0.0218461789
test_14862,0.9999825953
test_14863,0.0000001571
test_14864,0.0000000594
test_14865,0.9998665863
test_14866,0.0000000940
test_14867,0.0000005919
test_14868,0.0003897363
test_14869,0.9999999693
test_14870,0.0000000072
test_14871,0.9999993550
test_14872,0.9998487022
test_14873,0.0008802061
test_14874,0.5776996001
test_14875,0.9999404059
test_14876,0.0001397642
test_14877,0.0000001420
test_14878,0.9999999691
test_14879,0.7283273909
test_14880,0.9999953115
test_14881,0.0000011354
test_14882,0.0015016849
test_14883,0.9999732829
test_14884,0.0000025500
test_14885,0.9987427630
test_14886,0.0003486639
test_14887,0.0868734966
test_14888,0.9999942550
test_14889,0.0000006183
test_14890,0.0009048016
test_14891,0.9991419825
test_14892,0.0003242355
test_14893,0.0003527335
test_14894,0.9999331972
test_14895,0.9998298508
test_14896,0.0000000103
test_14897,0.0009238411
test_14898,0.9999990104
test_14899,0.0000119146
test_14900,0.0004613866
test_14901,0.0000291965
test_14902,0.0000025412
test_14903,0.9876507696
test_14904,0.9999307069
test_14905,0.9999999471
test_14906,0.9999998395
test_14907,0.0000353981
test_14908,0.0000241517
test_14909,0.0000003877
test_14910,0.0001965031
test_14911,0.9999999703
test_14912,0.9999984517
test_14913,0.9999997460
test_14914,0.9999824892
test_14915,0.0000031418
test_14916,0.9996002364
test_14917,0.9999995207
test_14918,0.0174878148
test_14919,0.0000000078
test_14920,0.0000337444
test_14921,0.0000313866
test_14922,0.0000015600
test_14923,0.0000168893
test_14924,0.9999998653
test_14925,0.9999996926
test_14926,0.0000004490
test_14927,0.0000475231
test_14928,0.9999999195
test_14929,0.0000004850
test_14930,0.0000524785
test_14931,0.9999998727
test_14932,0.0000311964
test_14933,0.0000164945
test_14934,0.0000035841
test_14935,0.0000043708
test_14936,0.9999995019
test_14937,0.9999371561
test_14938,0.3998509856
test_14939,0.0000000526
test_14940,0.0210143879
test_14941,0.9999868505
test_14942,0.9999269039
test_14943,0.0001681532
test_14944,0.9826286948
test_14945,0.0000002308
test_14946,0.0000006356
test_14947,0.9999964052
test_14948,0.9999738411
test_14949,0.9915486586
test_14950,0.9999984198
test_14951,0.0053830651
test_14952,0.0000170405
test_14953,0.9999996860
test_14954,0.0000001694
test_14955,0.0000000407
test_14956,0.0000219661
test_14957,0.2553316889
test_14958,0.0000000128
test_14959,0.0000164706
test_14960,0.9925187288
test_14961,0.9999991183
test_14962,0.9999941001
test_14963,0.9505191356
test_14964,0.0058535934
test_14965,0.9999996540
test_14966,0.9999999056
test_14967,0.0000034766
test_14968,0.0000000158
test_14969,0.0001575800
test_14970,0.0000000938
test_14971,0.0000002644
test_14972,0.9999998204
test_14973,0.0000013415
test_14974,0.9999997887
test_14975,0.9999981128
test_14976,0.0000001993
test_14977,0.0000006421
test_14978,0.0205315094
test_14979,0.0000000096
test_14980,0.9999988388
test_14981,0.9996849288
test_14982,0.9869140097
test_14983,0.9999978320
test_14984,0.0000002356
test_14985,0.0059814226
test_14986,0.9999970009
test_14987,0.0000064526
test_14988,0.0000041515
test_14989,0.9999975968
test_14990,0.0000001253
test_14991,0.9999991940
test_14992,0.9999981172
test_14993,0.9999890600
test_14994,0.9538686088
test_14995,0.0001391776
test_14996,0.9998347654
test_14997,0.0000001459
test_14998,0.9999999325
test_14999,0.9999977011
test_15000,0.9999994823
test_15001,0.9999981847
test_15002,0.0000015860
test_15003,0.0000016566
test_15004,0.0486601069
test_15005,0.0000707707
test_15006,0.0000085961
test_15007,0.0001472587
test_15008,0.9999913021
test_15009,0.0000109934
test_15010,0.0000004388
test_15011,0.0001301104
test_15012,0.0000017206
test_15013,0.9999998411
test_15014,0.9994178375
test_15015,0.9999700893
test_15016,0.0000004884
test_15017,0.0000517087
test_15018,0.9999932564
test_15019,0.0000566344
test_15020,0.9999939293
test_15021,0.0134490829
test_15022,0.0000000292
test_15023,0.9998638884
test_15024,0.9999996642
test_15025,0.0000000614
test_15026,0.0000269111
test_15027,0.0000002170
test_15028,0.0006397636
test_15029,0.9999990743
test_15030,0.0000009246
test_15031,0.0000000306
test_15032,0.0000000969
test_15033,0.0000558151
test_15034,0.9999990682
test_15035,0.9999163772
test_15036,0.0000745348
test_15037,0.0000091320
test_15038,0.9961774551
test_15039,0.0003477259
test_15040,0.9996232159
test_15041,0.0002733970
test_15042,0.9999999840
test_15043,0.0000000376
test_15044,0.9999995793
test_15045,0.4608673872
test_15046,0.0000001266
test_15047,0.9999217726
test_15048,0.9999997495
test_15049,0.9999999281
test_15050,0.9999938293
test_15051,0.9999995052
test_15052,0.9904148979
test_15053,0.0000004236
test_15054,0.0000011325
test_15055,0.0000092779
test_15056,0.9999603781
test_15057,0.9998116550
test_15058,0.7810117894
test_15059,0.9999999739
test_15060,0.0112840902
test_15061,0.9999994262
test_15062,0.9999827127
test_15063,0.9999987625
test_15064,0.0000296063
test_15065,0.9999983004
test_15066,0.0033657676
test_15067,0.9638254722
test_15068,0.7989693705
test_15069,0.0001421891
test_15070,0.9999636839
test_15071,0.0000065480
test_15072,0.9999917098
test_15073,0.0034875886
test_15074,0.0000000120
test_15075,0.0000045223
test_15076,0.9999970440
test_15077,0.9979160676
test_15078,0.0016804470
test_15079,0.0035199172
test_15080,0.0041428242
test_15081,0.9547874752
test_15082,0.9999852442
test_15083,0.9999997153
test_15084,0.9999398764
test_15085,0.9999660024
test_15086,0.0002166965
test_15087,0.9999902149
test_15088,0.9907663620
test_15089,0.0000008740
test_15090,0.0000151967
test_15091,0.9999989365
test_15092,0.9999999057
test_15093,0.0004001849
test_15094,0.9999969833
test_15095,0.0001970790
test_15096,0.0015181651
test_15097,0.9999999776
test_15098,0.0000005206
test_15099,0.9999899800
test_15100,0.9998395545
test_15101,0.0000247830
test_15102,0.9999999719
test_15103,0.0000944861
test_15104,0.9999995090
test_15105,0.9999067655
test_15106,0.9999956110
test_15107,0.0174276164
test_15108,0.0000016670
test_15109,0.9859981640
test_15110,0.9999998626
test_15111,0.9999994164
test_15112,0.9999944495
test_15113,0.9930347835
test_15114,0.9999988943
test_15115,0.9999998508
test_15116,0.9999999749
test_15117,0.9999146197
test_15118,0.9357620400
test_15119,0.0000002538
test_15120,0.0070620181
test_15121,0.0000001520
test_15122,0.3775256335
test_15123,0.0268606027
test_15124,0.0001991480
test_15125,0.0009021811
test_15126,0.0006954609
test_15127,0.9990955647
test_15128,0.0000075930
test_15129,0.0000021297
test_15130,0.0001680023
test_15131,0.5201988456
test_15132,0.0000023153
test_15133,0.9999938347
test_15134,0.9999996701
test_15135,0.9999999569
test_15136,0.9999997314
test_15137,0.5932302532
test_15138,0.9999979991
test_15139,0.0000000172
test_15140,0.0000000143
test_15141,0.9999999600
test_15142,0.9999989513
test_15143,0.0025060349
test_15144,0.0000000404
test_15145,0.9999989754
test_15146,0.9999749491
test_15147,0.0000000539
test_15148,0.4715369575
test_15149,0.0005555308
test_15150,0.9994189462
test_15151,0.9999996527
test_15152,0.0082077977
test_15153,0.0000005762
test_15154,0.9999998657
test_15155,0.0000271472
test_15156,0.0638631185
test_15157,0.9997749191
test_15158,0.0000004370
test_15159,0.0000000565
test_15160,0.9999882574
test_15161,0.9999998070
test_15162,0.9999998840
test_15163,0.0001413806
test_15164,0.9999944676
test_15165,0.0000000165
test_15166,0.0000000336
test_15167,0.3779234756
test_15168,0.0002104330
test_15169,0.0000601125
test_15170,0.2278052097
test_15171,0.9999954583
test_15172,0.0000010799
test_15173,0.0000011470
test_15174,0.0006513989
test_15175,0.9985995270
test_15176,0.9999972008
test_15177,0.0006705586
test_15178,0.0000000190
test_15179,0.0158013886
test_15180,0.9999984877
test_15181,0.0000000067
test_15182,0.9515458786
test_15183,0.0000000339
test_15184,0.9999638574
test_15185,0.9999998986
test_15186,0.9999942459
test_15187,0.0022600014
test_15188,0.9999997470
test_15189,0.9999933477
test_15190,0.0000032385
test_15191,0.0000012518
test_15192,0.0000000484
test_15193,0.0009632087
test_15194,0.0000001163
test_15195,0.0000000296
test_15196,0.0000003435
test_15197,0.9999809201
test_15198,0.0000009323
test_15199,0.0000092944
test_15200,0.0000053611
test_15201,0.9999984658
test_15202,0.9999998213
test_15203,0.0000004287
test_15204,0.9999997056
test_15205,0.9999995255
test_15206,0.9999995602
test_15207,0.9999214847
test_15208,0.0000039028
test_15209,0.0000000971
test_15210,0.0102573978
test_15211,0.0000601934
test_15212,0.0000004211
test_15213,0.9999972170
test_15214,0.9999615561
test_15215,0.9999947904
test_15216,0.9958639039
test_15217,0.0001272901
test_15218,0.9999999762
test_15219,0.9999988854
test_15220,0.0044911944
test_15221,0.0000000088
test_15222,0.9999995826
test_15223,0.0279436429
test_15224,0.0000381441
test_15225,0.0000227079
test_15226,0.0003976668
test_15227,0.0000000458
test_15228,0.9999957570
test_15229,0.0001773629
test_15230,0.9999876176
test_15231,0.9999996531
test_15232,0.0000007116
test_15233,0.0001836729
test_15234,0.0361077216
test_15235,0.0000003320
test_15236,0.9999775945
test_15237,0.0000075954
test_15238,0.9999993764
test_15239,0.0000554128
test_15240,0.9999829431
test_15241,0.0255772291
test_15242,0.0000121107
test_15243,0.0001364402
test_15244,0.0000002857
test_15245,0.9999782819
test_15246,0.0000007641
test_15247,0.9999211102
test_15248,0.9999602892
test_15249,0.7273741223
test_15250,0.9996578896
test_15251,0.9999999731
test_15252,0.9998737682
test_15253,0.9999960554
test_15254,0.0000000080
test_15255,0.0006224343
test_15256,0.0000000077
test_15257,0.9995494405
test_15258,0.0000000059
test_15259,0.0001696183
test_15260,0.9999838418
test_15261,0.9999755611
test_15262,0.9999988803
test_15263,0.9999985149
test_15264,0.0000018872
test_15265,0.0136995787
test_15266,0.9999950844
test_15267,0.0000103575
test_15268,0.0001273256
test_15269,0.9999931940
test_15270,0.9999662084
test_15271,0.0196801418
test_15272,0.9999246111
test_15273,0.9893759512
test_15274,0.0000127997
test_15275,0.0001040674
test_15276,0.0062801181
test_15277,0.0004912942
test_15278,0.9999996163
test_15279,0.9999258123
test_15280,0.9992857090
test_15281,0.0000650203
test_15282,0.9999996181
test_15283,0.9999912440
test_15284,0.8752087555
test_15285,0.0023053402
test_15286,0.9999492846
test_15287,0.9996460047
test_15288,0.0019865876
test_15289,0.0002056320
test_15290,0.9998874621
test_15291,0.0146595334
test_15292,0.0431756267
test_15293,0.0000040709
test_15294,0.9999955517
test_15295,0.9758985299
test_15296,0.9999970695
test_15297,0.9999929066
test_15298,0.0000003158
test_15299,0.0013683250
test_15300,0.0000000053
test_15301,0.0000002897
test_15302,0.0000024431
test_15303,0.9046674413
test_15304,0.9997136960
test_15305,0.9997269999
test_15306,0.9999510282
test_15307,0.9999954555
test_15308,0.0083059150
test_15309,0.9999999688
test_15310,0.0000408527
test_15311,0.0002667418
test_15312,0.0000026496
test_15313,0.0000735049
test_15314,0.5184679298
test_15315,0.9891203338
test_15316,0.9999558738
test_15317,0.0001153516
test_15318,0.0000216338
test_15319,0.0000284068
test_15320,0.0000033024
test_15321,0.9999953308
test_15322,0.0007425051
test_15323,0.9999987739
test_15324,0.9999533149
test_15325,0.9999998721
test_15326,0.9988489759
test_15327,0.9974436104
test_15328,0.1999917606
test_15329,0.9999998378
test_15330,0.0000070747
test_15331,0.9999999638
test_15332,0.9999965988
test_15333,0.0000000996
test_15334,0.9859104044
test_15335,0.0000033037
test_15336,0.9903776901
test_15337,0.9999928801
test_15338,0.0000001427
test_15339,0.9746145479
test_15340,0.9998114297
test_15341,0.9999892338
test_15342,0.0000012750
test_15343,0.0000000083
test_15344,0.9999995268
test_15345,0.9859531437
test_15346,0.0000001852
test_15347,0.9999989473
test_15348,0.0000417475
test_15349,0.9993408376
test_15350,0.0000000772
test_15351,0.0000003221
test_15352,0.0001828150
test_15353,0.9998951938
test_15354,0.9999697426
test_15355,0.9999706386
test_15356,0.0002775559
test_15357,0.0000030213
test_15358,0.0342620687
test_15359,0.9999219433
test_15360,0.9999996832
test_15361,0.9999593703
test_15362,0.0000024166
test_15363,0.0005525489
test_15364,0.9999960957
test_15365,0.0000000551
test_15366,0.3569339960
test_15367,0.9999999727
test_15368,0.9996623122
test_15369,0.9999091168
test_15370,0.0003052738
test_15371,0.0011318636
test_15372,0.0000000060
test_15373,0.0003362610
test_15374,0.9999980000
test_15375,0.0000002494
test_15376,0.9999944851
test_15377,0.9999990420
test_15378,0.9999741932
test_15379,0.9999975066
test_15380,0.9999999259
test_15381,0.9999934445
test_15382,0.0001457336
test_15383,0.0000008768
test_15384,0.0283499561
test_15385,0.0001976805
test_15386,0.9988546966
test_15387,0.9999999712
test_15388,0.9999998525
test_15389,0.9999987008
test_15390,0.0000178553
test_15391,0.9999997398
test_15392,0.0004846077
test_15393,0.9994260026
test_15394,0.0000163292
test_15395,0.9999997248
test_15396,0.0000034036
test_15397,0.9999941901
test_15398,0.9999986349
test_15399,0.5193323378
test_15400,0.9999688810
test_15401,0.0000000374
test_15402,0.9610329369
test_15403,0.0019078025
test_15404,0.0001750954
test_15405,0.9999386159
test_15406,0.0920101950
test_15407,0.9999991990
test_15408,0.9384885262
test_15409,0.9998451959
test_15410,0.9999742135
test_15411,0.9930411422
test_15412,0.9998629176
test_15413,0.9999998533
test_15414,0.9999989516
test_15415,0.9999649386
test_15416,0.0000083973
test_15417,0.9999890190
test_15418,0.9999969122
test_15419,0.9987011007
test_15420,0.9999988736
test_15421,0.9999947398
test_15422,0.0000025241
test_15423,0.0007837559
test_15424,0.9999951169
test_15425,0.9999999805
test_15426,0.9998292029
test_15427,0.9999984688
test_15428,0.9999985038
test_15429,0.9999999672
test_15430,0.9999986692
test_15431,0.9999999864
test_15432,0.0000001735
test_15433,0.0018604849
test_15434,0.9999816122
test_15435,0.9999997161
test_15436,0.0000005459
test_15437,0.9999924206
test_15438,0.0000069575
test_15439,0.9999998849
test_15440,0.0000022875
test_15441,0.9998919097
test_15442,0.0000017235
test_15443,0.0007651928
test_15444,0.0000002045
test_15445,0.9999982501
test_15446,0.9999953131
test_15447,0.0000009049
test_15448,0.9999966389
test_15449,0.0000024259
test_15450,0.9999998126
test_15451,0.0000015272
test_15452,0.9999951806
test_15453,0.9965354451
test_15454,0.1897687501
test_15455,0.9999999750
test_15456,0.9999939539
test_15457,0.0006765199
test_15458,0.0000528477
test_15459,0.0002671833
test_15460,0.9959957003
test_15461,0.9991846921
test_15462,0.9994069189
test_15463,0.0000020933
test_15464,0.0000002731
test_15465,0.9999925137
test_15466,0.9999376068
test_15467,0.0019823687
test_15468,0.9999970866
test_15469,0.0031721769
test_15470,0.9841057368
test_15471,0.0000202656
test_15472,0.0000000841
test_15473,0.0122077938
test_15474,0.0000253724
test_15475,0.7604204304
test_15476,0.0000004293
test_15477,0.9999872912
test_15478,0.9999998461
test_15479,0.9997914908
test_15480,0.9996432773
test_15481,0.9999995523
test_15482,0.0000001140
test_15483,0.9999921986
test_15484,0.0020469231
test_15485,0.9999474134
test_15486,0.1201218499
test_15487,0.0000001849
test_15488,0.0000078802
test_15489,0.0000014700
test_15490,0.0000000464
test_15491,0.0000000200
test_15492,0.9999860246
test_15493,0.0000000221
test_15494,0.9994650765
test_15495,0.0012455390
test_15496,0.0000016861
test_15497,0.9999974591
test_15498,0.9997371376
test_15499,0.9999982141
test_15500,0.0000002775
test_15501,0.9999999510
test_15502,0.9999997952
test_15503,0.9999950862
test_15504,0.9999978628
test_15505,0.9999686310
test_15506,0.9999993543
test_15507,0.0000072296
test_15508,0.9999947383
test_15509,0.0000000374
test_15510,0.0006673100
test_15511,0.9999998933
test_15512,0.0000000675
test_15513,0.9842318828
test_15514,0.9999824832
test_15515,0.9999821616
test_15516,0.9999632337
test_15517,0.0001357796
test_15518,0.0000003771
test_15519,0.9999999640
test_15520,0.0000000441
test_15521,0.9997096093
test_15522,0.9994132446
test_15523,0.0000016405
test_15524,0.0000074861
test_15525,0.0000031090
test_15526,0.9999879942
test_15527,0.9999999801
test_15528,0.0000135512
test_15529,0.0000067924
test_15530,0.9999770582
test_15531,0.0000003885
test_15532,0.0000000861
test_15533,0.0000731109
test_15534,0.0000029347
test_15535,0.0000000050
test_15536,0.0000156160
test_15537,0.9999987808
test_15538,0.8770605182
test_15539,0.0000018228
test_15540,0.0000003631
test_15541,0.9999998827
test_15542,0.0000014155
test_15543,0.0006598795
test_15544,0.9999849524
test_15545,0.8358128054
test_15546,0.0000239079
test_15547,0.0000003549
test_15548,0.0000084883
test_15549,0.0000000894
test_15550,0.9268566645
test_15551,0.0000002414
test_15552,0.0000045811
test_15553,0.9999999105
test_15554,0.0000018306
test_15555,0.9992510160
test_15556,0.9999953468
test_15557,0.0000002184
test_15558,0.0000011675
test_15559,0.0002495861
test_15560,0.9999994667
test_15561,0.9999913018
test_15562,0.9999860932
test_15563,0.9999963464
test_15564,0.0000562885
test_15565,0.0000517100
test_15566,0.9999964589
test_15567,0.0000001108
test_15568,0.9999996197
test_15569,0.0000078507
test_15570,0.9999257079
test_15571,0.7396955251
test_15572,0.0000123185
test_15573,0.9999999136
test_15574,0.9999996384
test_15575,0.0000010363
test_15576,0.9999997474
test_15577,0.9999721435
test_15578,0.9999872019
test_15579,0.8799251150
test_15580,0.9999944932
test_15581,0.0000020717
test_15582,0.9998403678
test_15583,0.0000002133
test_15584,0.0001288630
test_15585,0.9999988914
test_15586,0.9998708536
test_15587,0.0330033081
test_15588,0.9999938467
test_15589,0.9993980097
test_15590,0.0000000131
test_15591,0.0001259963
test_15592,0.9997786795
test_15593,0.9999997659
test_15594,0.9996608357
test_15595,0.0254951311
test_15596,0.9999984512
test_15597,0.9982768809
test_15598,0.9999475998
test_15599,0.0001264317
test_15600,0.0000585694
test_15601,0.9999942910
test_15602,0.0000004928
test_15603,0.0000150092
test_15604,0.0284427806
test_15605,0.0000143473
test_15606,0.9957774370
test_15607,0.9999967183
test_15608,0.0008743057
test_15609,0.9999994654
test_15610,0.9896371254
test_15611,0.9970069084
test_15612,0.9999998934
test_15613,0.9999992760
test_15614,0.0675622368
test_15615,0.0010697908
test_15616,0.0000041755
test_15617,0.9999687520
test_15618,0.0000000931
test_15619,0.9999999342
test_15620,0.0000004165
test_15621,0.9999966017
test_15622,0.0000006408
test_15623,0.0038858295
test_15624,0.0000001302
test_15625,0.0000043229
test_15626,0.9998051596
test_15627,0.9999989473
test_15628,0.0256799446
test_15629,0.0000000784
test_15630,0.0000007882
test_15631,0.9999867628
test_15632,0.9872869060
test_15633,0.9994569478
test_15634,0.0000002933
test_15635,0.0000008340
test_15636,0.9999937010
test_15637,0.9999993837
test_15638,0.9999995378
test_15639,0.0008143659
test_15640,0.9999205274
test_15641,0.9931020648
test_15642,0.9978348803
test_15643,0.9999987389
test_15644,0.0002373837
test_15645,0.9995840042
test_15646,0.9999944218
test_15647,0.0000001018
test_15648,0.6057127918
test_15649,0.0000009610
test_15650,0.9999995421
test_15651,0.0000073722
test_15652,0.9999999538
test_15653,0.0000298244
test_15654,0.9999999598
test_15655,0.4088454082
test_15656,0.9971211675
test_15657,0.1929697113
test_15658,0.9999878881
test_15659,0.0004676136
test_15660,0.0002025275
test_15661,0.0000002603
test_15662,0.0005720749
test_15663,0.9999714720
test_15664,0.0000003103
test_15665,0.9999999357
test_15666,0.9999999839
test_15667,0.0000112581
test_15668,0.9999998080
test_15669,0.9999926353
test_15670,0.0221888048
test_15671,0.9937558070
test_15672,0.9999999777
test_15673,0.0000616222
test_15674,0.1127491550
test_15675,0.9999999794
test_15676,0.0000061620
test_15677,0.0000000654
test_15678,0.9999691979
test_15679,0.9999970434
test_15680,0.9999869984
test_15681,0.0000001181
test_15682,0.0050326904
test_15683,0.0000478017
test_15684,0.9999967485
test_15685,0.0000000111
test_15686,0.9999967362
test_15687,0.9976769694
test_15688,0.9999960950
test_15689,0.0465904631
test_15690,0.0022856539
test_15691,0.0000000564
test_15692,0.0000000246
test_15693,0.9999362261
test_15694,0.0000157654
test_15695,0.0002999282
test_15696,0.9999553892
test_15697,0.9999995736
test_15698,0.0000004574
test_15699,0.9999337377
test_15700,0.0000000137
test_15701,0.9998865533
test_15702,0.9991882282
test_15703,0.9504308485
test_15704,0.0000003640
test_15705,0.0000008487
test_15706,0.9999897084
test_15707,0.9999999770
test_15708,0.0005598288
test_15709,0.9999999011
test_15710,0.9999996954
test_15711,0.9999981286
test_15712,0.0000001908
test_15713,0.9999982039
test_15714,0.2099856379
test_15715,0.9999985694
test_15716,0.0000353435
test_15717,0.0002484187
test_15718,0.9999128775
test_15719,0.0000630495
test_15720,0.9999938739
test_15721,0.9999999641
test_15722,0.9999999448
test_15723,0.9999998462
test_15724,0.9999987653
test_15725,0.9999967100
test_15726,0.9994605268
test_15727,0.0048425885
test_15728,0.0000001793
test_15729,0.0000015454
test_15730,0.0001084321
test_15731,0.0000010355
test_15732,0.9988960773
test_15733,0.9999927632
test_15734,0.0000024691
test_15735,0.0000452679
test_15736,0.0000005271
test_15737,0.9999578229
test_15738,0.0000072767
test_15739,0.9984346540
test_15740,0.0000000299
test_15741,0.9999794404
test_15742,0.9999996730
test_15743,0.9999999706
test_15744,0.0001763426
test_15745,0.9992112000
test_15746,0.9999999745
test_15747,0.9999999171
test_15748,0.0000358861
test_15749,0.9999993093
test_15750,0.9999939189
test_15751,0.9999999120
test_15752,0.9746212171
test_15753,0.9848072465
test_15754,0.0000001690
test_15755,0.9999981350
test_15756,0.0000019603
test_15757,0.9999969302
test_15758,0.9999145309
test_15759,0.0014236161
test_15760,0.9999998911
test_15761,0.9999894432
test_15762,0.9997981231
test_15763,0.2628333068
test_15764,0.9999981246
test_15765,0.9999977598
test_15766,0.0000046571
test_15767,0.9999724900
test_15768,0.0003095040
test_15769,0.0000000131
test_15770,0.9999818479
test_15771,0.0000064192
test_15772,0.9993009890
test_15773,0.0000016345
test_15774,0.9999954550
test_15775,0.9999983335
test_15776,0.0000000312
test_15777,0.0000023482
test_15778,0.0000022549
test_15779,0.0000010994
test_15780,0.0001229192
test_15781,0.0000070986
test_15782,0.9982481903
test_15783,0.9999957650
test_15784,0.0001481468
test_15785,0.0294899625
test_15786,0.9999755823
test_15787,0.0000068122
test_15788,0.0137596099
test_15789,0.0000025875
test_15790,0.9954788593
test_15791,0.0029768108
test_15792,0.9999957221
test_15793,0.9978796556
test_15794,0.9999850785
test_15795,0.0000191607
test_15796,0.0000004003
test_15797,0.0000004094
test_15798,0.0010858380
test_15799,0.0000050058
test_15800,0.9999597772
test_15801,0.9999997536
test_15802,0.0035136249
test_15803,0.0000228300
test_15804,0.0000000687
test_15805,0.9999989206
test_15806,0.0000050844
test_15807,0.9999938366
test_15808,0.9998235061
test_15809,0.9999982593
test_15810,0.0000483553
test_15811,0.9999401498
test_15812,0.0006076320
test_15813,0.9993221083
test_15814,0.0348458738
test_15815,0.0000066279
test_15816,0.9999994899
test_15817,0.0000103801
test_15818,0.0000004271
test_15819,0.9999999269
test_15820,0.0000001728
test_15821,0.9999990507
test_15822,0.9798439020
test_15823,0.0000000432
test_15824,0.9999980380
test_15825,0.0006693639
test_15826,0.0000152634
test_15827,0.9999890019
test_15828,0.9947758947
test_15829,0.9994002079
test_15830,0.0000000371
test_15831,0.0000031207
test_15832,0.9999995374
test_15833,0.9999787098
test_15834,0.4094139027
test_15835,0.0000013625
test_15836,0.9999991529
test_15837,0.9999998016
test_15838,0.0000022307
test_15839,0.9999997311
test_15840,0.9999914911
test_15841,0.0000295344
test_15842,0.9999837611
test_15843,0.0320087000
test_15844,0.0000341382
test_15845,0.9999515958
test_15846,0.4420243517
test_15847,0.0000007603
test_15848,0.0001771860
test_15849,0.9999723043
test_15850,0.0000103693
test_15851,0.9999978034
test_15852,0.0000000084
test_15853,0.9999969080
test_15854,0.9999565432
test_15855,0.9999910275
test_15856,0.9078637810
test_15857,0.0000000317
test_15858,0.9952167212
test_15859,0.9999974568
test_15860,0.0000001970
test_15861,0.9999952932
test_15862,0.0000163389
test_15863,0.9999646343
test_15864,0.9999998309
test_15865,0.9999999337
test_15866,0.9999967318
test_15867,0.9999997902
test_15868,0.9996683457
test_15869,0.1126623041
test_15870,0.0003362772
test_15871,0.9999993130
test_15872,0.0000036740
test_15873,0.0000012551
test_15874,0.0033719965
test_15875,0.0000000162
test_15876,0.0000000422
test_15877,0.0000005480
test_15878,0.9999932009
test_15879,0.7864015245
test_15880,0.0005160405
test_15881,0.0000000074
test_15882,0.9999998169
test_15883,0.0018911655
test_15884,0.9999955802
test_15885,0.9999999118
test_15886,0.0000004522
test_15887,0.9999998210
test_15888,0.7302318455
test_15889,0.9409545931
test_15890,0.8498613226
test_15891,0.0060359877
test_15892,0.9999959639
test_15893,0.0000007029
test_15894,0.0000000168
test_15895,0.9999973920
test_15896,0.9706877435
test_15897,0.9981393786
test_15898,0.9999892729
test_15899,0.0013460076
test_15900,0.9994565871
test_15901,0.9872712453
test_15902,0.0009641965
test_15903,0.6345717347
test_15904,0.0000019350
test_15905,0.9999805439
test_15906,0.0000001838
test_15907,0.9999996735
test_15908,0.0000011848
test_15909,0.9999997735
test_15910,0.9999431223
test_15911,0.0000124670
test_15912,0.9999775001
test_15913,0.9999078137
test_15914,0.9999989496
test_15915,0.0000009840
test_15916,0.0000006142
test_15917,0.0000008883
test_15918,0.0000000136
test_15919,0.9999999641
test_15920,0.9996903445
test_15921,0.9999850855
test_15922,0.0002108287
test_15923,0.9999325097
test_15924,0.0000027742
test_15925,0.0002684386
test_15926,0.9998297245
test_15927,0.9999999852
test_15928,0.9999990571
test_15929,0.9999965100
test_15930,0.0000026856
test_15931,0.0000924818
test_15932,0.9999624545
test_15933,0.9999999673
test_15934,0.0001052671
test_15935,0.9999998745
test_15936,0.0439987983
test_15937,0.9999883224
test_15938,0.9999971509
test_15939,0.9997745918
test_15940,0.7483991673
test_15941,0.9999932973
test_15942,0.0000001736
test_15943,0.9999998398
test_15944,0.0000004042
test_15945,0.9999756514
test_15946,0.0002372397
test_15947,0.0000074344
test_15948,0.9999981604
test_15949,0.9999953706
test_15950,0.0000004768
test_15951,0.0001486408
test_15952,0.9999884874
test_15953,0.0000312927
test_15954,0.9997702461
test_15955,0.0000000150
test_15956,0.0000579874
test_15957,0.0000255857
test_15958,0.9393887551
test_15959,0.9999978839
test_15960,0.0000002000
test_15961,0.9999997451
test_15962,0.9999995178
test_15963,0.3612349171
test_15964,0.9999876230
test_15965,0.0000797304
test_15966,0.9999507163
test_15967,0.0000039341
test_15968,0.0010467699
test_15969,0.6130769011
test_15970,0.9980127785
test_15971,0.0000008170
test_15972,0.0000032116
test_15973,0.0278605824
test_15974,0.1577136574
test_15975,0.0000139122
test_15976,0.9999832731
test_15977,0.7622530715
test_15978,0.9971765441
test_15979,0.9647972970
test_15980,0.0053354187
test_15981,0.9999997293
test_15982,0.0000002616
test_15983,0.9999987485
test_15984,0.9999975581
test_15985,0.0000000212
test_15986,0.0000000290
test_15987,0.0000000081
test_15988,0.9999986235
test_15989,0.0000001299
test_15990,0.9999616820
test_15991,0.9999965064
test_15992,0.0000113471
test_15993,0.9999994959
test_15994,0.0003756743
test_15995,0.2054274657
test_15996,0.0003014892
test_15997,0.0025457859
test_15998,0.0000470084
test_15999,0.9999922017
test_16000,0.0000000715
test_16001,0.0003048423
test_16002,0.0000126366
test_16003,0.9757647356
test_16004,0.0000312714
test_16005,0.0000144071
test_16006,0.0282653134
test_16007,0.9998256799
test_16008,0.0039740037
test_16009,0.0000000494
test_16010,0.9999994860
test_16011,0.0021764626
test_16012,0.0000013013
test_16013,0.9999957017
test_16014,0.0000000579
test_16015,0.0000009918
test_16016,0.0167734324
test_16017,0.0000011166
test_16018,0.9999851022
test_16019,0.0000003675
test_16020,0.9999996193
test_16021,0.9999999714
test_16022,0.9999980661
test_16023,0.0004990680
test_16024,0.0000021903
test_16025,0.0000029296
test_16026,0.9999527703
test_16027,0.9999997563
test_16028,0.0000006962
test_16029,0.0000000168
test_16030,0.0000002040
test_16031,0.0135696232
test_16032,0.9999995345
test_16033,0.0000002198
test_16034,0.9999996716
test_16035,0.0000030492
test_16036,0.0000000060
test_16037,0.0000004984
test_16038,0.0000001235
test_16039,0.0008573578
test_16040,0.0000001689
test_16041,0.9999999373
test_16042,0.9999998953
test_16043,0.9999981378
test_16044,0.9998768384
test_16045,0.9999937497
test_16046,0.0000351674
test_16047,0.0000173295
test_16048,0.9999974569
test_16049,0.0006700726
test_16050,0.9999578610
test_16051,0.9999833830
test_16052,0.0000000100
test_16053,0.9990258576
test_16054,0.0000003319
test_16055,0.0000006182
test_16056,0.3941477720
test_16057,0.9999998456
test_16058,0.0468268770
test_16059,0.9999802993
test_16060,0.9999988934
test_16061,0.9999299688
test_16062,0.0000000244
test_16063,0.9999223904
test_16064,0.9999877951
test_16065,0.9999996946
test_16066,0.9999953736
test_16067,0.9996333721
test_16068,0.0000007425
test_16069,0.0061446574
test_16070,0.0818774879
test_16071,0.9999857938
test_16072,0.9999992257
test_16073,0.0000000051
test_16074,0.0000081153
test_16075,0.9999996957
test_16076,0.9693989052
test_16077,0.9999985447
test_16078,0.9975258718
test_16079,0.9988364353
test_16080,0.9999999012
test_16081,0.9999876070
test_16082,0.9999970600
test_16083,0.0564316228
test_16084,0.0000000103
test_16085,0.0000013217
test_16086,0.9999999686
test_16087,0.9999981277
test_16088,0.9999510491
test_16089,0.0002309496
test_16090,0.0000004471
test_16091,0.9959237757
test_16092,0.0054554897
test_16093,0.1942195551
test_16094,0.9999927197
test_16095,0.9999926208
test_16096,0.9999998789
test_16097,0.0001230549
test_16098,0.9983468709
test_16099,0.9999910799
test_16100,0.0000000708
test_16101,0.0000023741
test_16102,0.9999999579
test_16103,0.0000206216
test_16104,0.0583559688
test_16105,0.9982110637
test_16106,0.9999948280
test_16107,0.9999992695
test_16108,0.0000014163
test_16109,0.9999999260
test_16110,0.0000000255
test_16111,0.9999974070
test_16112,0.9999971092
test_16113,0.9995223417
test_16114,0.9999822370
test_16115,0.0000001795
test_16116,0.0000515480
test_16117,0.9999999913
test_16118,0.9998847309
test_16119,0.9797874509
test_16120,0.0000034033
test_16121,0.9998605053
test_16122,0.0000000373
test_16123,0.9999981128
test_16124,0.9996753786
test_16125,0.9999536682
test_16126,0.0080687583
test_16127,0.9999979781
test_16128,0.0000006668
test_16129,0.0001230902
test_16130,0.9999700522
test_16131,0.0000141212
test_16132,0.9999911824
test_16133,0.0000017571
test_16134,0.9999969556
test_16135,0.9999992983
test_16136,0.9999983326
test_16137,0.9999996218
test_16138,0.9997606059
test_16139,0.9985994345
test_16140,0.0012884588
test_16141,0.0000033191
test_16142,0.0046550570
test_16143,0.9999447698
test_16144,0.9828697775
test_16145,0.0000116928
test_16146,0.0000002688
test_16147,0.0209012930
test_16148,0.0023499575
test_16149,0.0494906300
test_16150,0.9999848051
test_16151,0.9999941992
test_16152,0.0000000256
test_16153,0.9999970637
test_16154,0.0000219886
test_16155,0.9999999639
test_16156,0.9999999099
test_16157,0.0654108017
test_16158,0.0000000113
test_16159,0.0703940379
test_16160,0.0912908213
test_16161,0.9997100727
test_16162,0.9985644189
test_16163,0.0004738819
test_16164,0.1649751598
test_16165,0.0000001448
test_16166,0.0000001473
test_16167,0.0189697916
test_16168,0.0000006804
test_16169,0.9999999583
test_16170,0.9999997951
test_16171,0.0004783067
test_16172,0.0000017743
test_16173,0.9999016858
test_16174,0.0000239864
test_16175,0.9998595152
test_16176,0.0000004742
test_16177,0.0000019338
test_16178,0.0000000130
test_16179,0.0000007041
test_16180,0.0019131339
test_16181,0.9999991030
test_16182,0.0000118256
test_16183,0.0000008118
test_16184,0.9999925060
test_16185,0.9999957949
test_16186,0.0130332125
test_16187,0.0000028969
test_16188,0.0022847572
test_16189,0.9999999312
test_16190,0.4267820185
test_16191,0.0000194349
test_16192,0.9999965627
test_16193,0.9999995099
test_16194,0.0000095801
test_16195,0.9999999298
test_16196,0.0000051357
test_16197,0.9999980410
test_16198,0.0000001972
test_16199,0.9999837692
test_16200,0.0705447083
test_16201,0.0000000040
test_16202,0.9999999755
test_16203,0.9999893024
test_16204,0.9999981228
test_16205,0.9999808326
test_16206,0.9999996980
test_16207,0.9999948785
test_16208,0.0000115144
test_16209,0.2222370231
test_16210,0.9999998672
test_16211,0.9999999870
test_16212,0.9999974601
test_16213,0.9999913078
test_16214,0.0000031681
test_16215,0.9822059118
test_16216,0.9999991029
test_16217,0.0000152655
test_16218,0.9999999253
test_16219,0.9999968574
test_16220,0.9999982579
test_16221,0.9989094982
test_16222,0.9999915598
test_16223,0.9928577482
test_16224,0.9999999825
test_16225,0.9974705982
test_16226,0.9989747852
test_16227,0.0000002676
test_16228,0.0000020780
test_16229,0.9999901934
test_16230,0.9986707601
test_16231,0.9999897681
test_16232,0.0000096741
test_16233,0.0000000338
test_16234,0.9773595403
test_16235,0.9999764459
test_16236,0.0000084491
test_16237,0.9999993654
test_16238,0.0153887649
test_16239,0.0000128452
test_16240,0.9991773117
test_16241,0.0000006952
test_16242,0.0001749078
test_16243,0.9999814774
test_16244,0.0585416649
test_16245,0.9999995068
test_16246,0.9934963046
test_16247,0.0000000158
test_16248,0.9982131887
test_16249,0.0000000100
test_16250,0.9999989072
test_16251,0.9999925979
test_16252,0.0001048952
test_16253,0.9999588307
test_16254,0.9995064526
test_16255,0.0151964607
test_16256,0.0000555489
test_16257,0.1662960366
test_16258,0.0000003594
test_16259,0.9999999830
test_16260,0.9891092126
test_16261,0.9999958393
test_16262,0.9999967992
test_16263,0.9949762571
test_16264,0.0000000236
test_16265,0.9999986553
test_16266,0.9999989303
test_16267,0.0000004978
test_16268,0.9999999893
test_16269,0.0000025025
test_16270,0.9996504812
test_16271,0.9999975005
test_16272,0.9999999676
test_16273,0.9999977421
test_16274,0.9999997533
test_16275,0.0000022890
test_16276,0.0000708541
test_16277,0.9999998292
test_16278,0.0000002391
test_16279,0.0000022597
test_16280,0.9999736012
test_16281,0.9999968983
test_16282,0.9999966052
test_16283,0.0000000092
test_16284,0.0274163192
test_16285,0.9999747331
test_16286,0.0000004474
test_16287,0.9999820512
test_16288,0.0000000086
test_16289,0.9999859768
test_16290,0.0105639416
test_16291,0.9999990870
test_16292,0.9836657087
test_16293,0.9999977155
test_16294,0.0000000178
test_16295,0.9999651610
test_16296,0.0000070182
test_16297,0.9999994874
test_16298,0.9977276452
test_16299,0.9996689729
test_16300,0.0000004341
test_16301,0.0000002369
test_16302,0.0000001422
test_16303,0.9999999826
test_16304,0.0000013214
test_16305,0.9999998030
test_16306,0.9992484814
test_16307,0.9999999362
test_16308,0.9999959956
test_16309,0.9999970095
test_16310,0.0000005022
test_16311,0.9977035270
test_16312,0.0000006784
test_16313,0.0000014347
test_16314,0.9999997289
test_16315,0.0704254456
test_16316,0.9907732970
test_16317,0.9999908746
test_16318,0.9999961021
test_16319,0.0000010761
test_16320,0.9999999387
test_16321,0.9997618419
test_16322,0.0089581259
test_16323,0.0000014702
test_16324,0.9999996916
test_16325,0.9975873277
test_16326,0.9999766242
test_16327,0.0000000898
test_16328,0.0006643023
test_16329,0.0000000316
test_16330,0.9999947305
test_16331,0.0000001990
test_16332,0.9992802656
test_16333,0.0003907806
test_16334,0.9999993326
test_16335,0.9999999896
test_16336,0.0000300402
test_16337,0.9986650374
test_16338,0.9999891042
test_16339,0.9999199911
test_16340,0.9999983556
test_16341,0.9999982617
test_16342,0.9999943419
test_16343,0.9995310508
test_16344,0.9999992740
test_16345,0.0000118427
test_16346,0.9999942612
test_16347,0.0000002221
test_16348,0.9999966773
test_16349,0.9999998441
test_16350,0.9999866957
test_16351,0.1931642567
test_16352,0.0000000287
test_16353,0.9999580550
test_16354,0.0000379585
test_16355,0.9999992684
test_16356,0.0442990756
test_16357,0.0000903777
test_16358,0.0000586996
test_16359,0.9999963334
test_16360,0.0000346532
test_16361,0.0000011253
test_16362,0.9999943658
test_16363,0.9999033352
test_16364,0.0313263059
test_16365,0.9999999161
test_16366,0.0157058629
test_16367,0.9999962277
test_16368,0.0000000320
test_16369,0.0000048233
test_16370,0.0000004900
test_16371,0.9902789774
test_16372,0.9999999434
test_16373,0.9999995333
test_16374,0.0000000376
test_16375,0.9999987609
test_16376,0.9999987884
test_16377,0.9999942562
test_16378,0.9983154804
test_16379,0.0000122403
test_16380,0.0000003345
test_16381,0.0032991959
test_16382,0.0000004619
test_16383,0.9990936398
test_16384,0.9999943860
test_16385,0.0013527983
test_16386,0.9998988842
test_16387,0.9999961866
test_16388,0.9999497411
test_16389,0.9999994303
test_16390,0.9999999066
test_16391,0.0806030806
test_16392,0.9999998913
test_16393,0.0002550633
test_16394,0.9999955973
test_16395,0.0000000344
test_16396,0.9999992434
test_16397,0.0000000146
test_16398,0.9999982773
test_16399,0.0000000305
test_16400,0.0000000308
test_16401,0.9999975101
test_16402,0.9999804095
test_16403,0.9997692696
test_16404,0.9999999645
test_16405,0.0000006753
test_16406,0.0028952813
test_16407,0.9999639968
test_16408,0.9924443877
test_16409,0.0000000172
test_16410,0.0000018247
test_16411,0.0000058880
test_16412,0.0000034292
test_16413,0.0000000359
test_16414,0.9999999012
test_16415,0.9999999830
test_16416,0.0004540446
test_16417,0.0000012858
test_16418,0.0000000049
test_16419,0.0000000461
test_16420,0.0000000094
test_16421,0.9999972433
test_16422,0.9999899030
test_16423,0.9999986495
test_16424,0.0143538676
test_16425,0.0000008152
test_16426,0.0222207732
test_16427,0.5358192754
test_16428,0.0000027221
test_16429,0.9999999509
test_16430,0.9999946450
test_16431,0.9999996091
test_16432,0.0000676048
test_16433,0.0000936741
test_16434,0.0000113458
test_16435,0.0000501905
test_16436,0.0000002595
test_16437,0.9841870324
test_16438,0.9999991587
test_16439,0.9999998807
test_16440,0.9999921130
test_16441,0.0000031367
test_16442,0.9970755361
test_16443,0.0000000501
test_16444,0.9999523044
test_16445,0.1412800578
test_16446,0.0000011246
test_16447,0.9999942889
test_16448,0.0029037533
test_16449,0.9999996033
test_16450,0.0000461837
test_16451,0.0000002670
test_16452,0.0000000166
test_16453,0.9999775120
test_16454,0.0000035064
test_16455,0.9998262576
test_16456,0.0230660614
test_16457,0.0000315645
test_16458,0.0000216157
test_16459,0.0000271889
test_16460,0.0144623160
test_16461,0.9999938772
test_16462,0.0030112201
test_16463,0.9999999139
test_16464,0.9999977823
test_16465,0.9994019942
test_16466,0.9700792688
test_16467,0.9999464768
test_16468,0.9999008520
test_16469,0.9999985096
test_16470,0.9999998864
test_16471,0.0000214023
test_16472,0.0000002747
test_16473,0.3140068549
test_16474,0.9994595695
test_16475,0.0000031470
test_16476,0.0000014486
test_16477,0.0000000898
test_16478,0.9999987412
test_16479,0.7510341155
test_16480,0.9999381719
test_16481,0.0000000072
test_16482,0.9981692276
test_16483,0.0000077017
test_16484,0.9970883654
test_16485,0.0000005528
test_16486,0.9999397625
test_16487,0.0355470741
test_16488,0.0000186734
test_16489,0.0000000193
test_16490,0.9997836510
test_16491,0.0017589681
test_16492,0.0000046260
test_16493,0.0000050817
test_16494,0.0000059317
test_16495,0.0039783064
test_16496,0.9998379883
test_16497,0.0000001992
test_16498,0.0000479191
test_16499,0.0008193478
test_16500,0.0001638161
test_16501,0.9999825873
test_16502,0.0000009070
test_16503,0.0000003399
test_16504,0.0000016496
test_16505,0.9999996125
test_16506,0.0000004757
test_16507,0.9999998818
test_16508,0.9999975519
test_16509,0.0000267438
test_16510,0.0000959452
test_16511,0.9999878327
test_16512,0.0000000085
test_16513,0.0020636231
test_16514,0.0000000580
test_16515,0.9897105169
test_16516,0.9999998423
test_16517,0.0037470915
test_16518,0.9999736809
test_16519,0.9999997089
test_16520,0.9932959334
test_16521,0.0011489478
test_16522,0.9999972386
test_16523,0.9999999787
test_16524,0.0007315266
test_16525,0.0000082057
test_16526,0.9999998274
test_16527,0.0000009348
test_16528,0.0001006717
test_16529,0.9999612421
test_16530,0.0000000078
test_16531,0.0000005834
test_16532,0.9999815190
test_16533,0.0000032527
test_16534,0.9999993959
test_16535,0.9999974049
test_16536,0.0000086279
test_16537,0.9960266584
test_16538,0.9999980662
test_16539,0.9999991429
test_16540,0.0006628852
test_16541,0.0000002397
test_16542,0.9999887881
test_16543,0.9998125384
test_16544,0.0000087280
test_16545,0.0000000104
test_16546,0.9999995333
test_16547,0.9999995121
test_16548,0.0119897910
test_16549,0.0000553505
test_16550,0.9999995623
test_16551,0.9999972224
test_16552,0.9999991711
test_16553,0.0036357728
test_16554,0.0000001177
test_16555,0.0009940534
test_16556,0.9999985283
test_16557,0.9999988196
test_16558,0.9999945793
test_16559,0.9999969583
test_16560,0.0000044946
test_16561,0.9999625833
test_16562,0.0942343524
test_16563,0.0000791554
test_16564,0.9999983036
test_16565,0.9974075932
test_16566,0.0000002112
test_16567,0.9999985177
test_16568,0.9996693870
test_16569,0.0000000823
test_16570,0.8997774310
test_16571,0.9992675480
test_16572,0.9811802131
test_16573,0.0000850866
test_16574,0.0000980659
test_16575,0.0000316900
test_16576,0.0000041126
test_16577,0.0000000467
test_16578,0.9999999419
test_16579,0.0011329300
test_16580,0.0000036763
test_16581,0.0000000390
test_16582,0.9999793210
test_16583,0.9999999482
test_16584,0.9999331226
test_16585,0.0000000152
test_16586,0.0286092860
test_16587,0.9996532594
test_16588,0.0000300657
test_16589,0.9999993696
test_16590,0.0000000408
test_16591,0.9999937975
test_16592,0.0000004431
test_16593,0.0003429500
test_16594,0.0000051990
test_16595,0.0002455174
test_16596,0.0000056558
test_16597,0.9999971089
test_16598,0.9999400146
test_16599,0.1112563032
test_16600,0.9999941607
test_16601,0.0002448781
test_16602,0.9998987173
test_16603,0.9809755092
test_16604,0.9999999189
test_16605,0.0000002909
test_16606,0.0015784573
test_16607,0.0097403070
test_16608,0.9999996087
test_16609,0.9999999047
test_16610,0.0000000310
test_16611,0.6922014912
test_16612,0.0000108994
test_16613,0.9999999852
test_16614,0.9997467427
test_16615,0.0000000709
test_16616,0.3125911746
test_16617,0.0100422859
test_16618,0.0000358468
test_16619,0.0000016695
test_16620,0.9999983256
test_16621,0.9999997764
test_16622,0.9999996302
test_16623,0.0401100793
test_16624,0.9999963533
test_16625,0.0000035861
test_16626,0.0598940809
test_16627,0.0000000472
test_16628,0.0000001683
test_16629,0.0000133263
test_16630,0.0000000125
test_16631,0.0000002916
test_16632,0.9999997408
test_16633,0.0001938641
test_16634,0.0019134376
test_16635,0.0000000403
test_16636,0.9999833942
test_16637,0.0000127949
test_16638,0.9999999711
test_16639,0.9999981414
test_16640,0.9999923961
test_16641,0.9828015833
test_16642,0.9999891669
test_16643,0.9999995570
test_16644,0.9999995570
test_16645,0.9999999771
test_16646,0.9999999422
test_16647,0.9999852957
test_16648,0.0905654356
test_16649,0.9999651154
test_16650,0.0000061205
test_16651,0.0000831389
test_16652,0.0000002303
test_16653,0.9999182443
test_16654,0.9999999492
test_16655,0.0000023431
test_16656,0.9898033716
test_16657,0.9999999890
test_16658,0.9999868878
test_16659,0.5353642714
test_16660,0.9999998440
test_16661,0.0000000246
test_16662,0.9997019223
test_16663,0.0000002070
test_16664,0.9999999482
test_16665,0.0000018953
test_16666,0.9999963228
test_16667,0.0000003325
test_16668,0.9999996170
test_16669,0.0001317303
test_16670,0.0002240017
test_16671,0.0000423660
test_16672,0.9999999600
test_16673,0.0000007066
test_16674,0.0000004016
test_16675,0.0000563060
test_16676,0.0019579533
test_16677,0.9215418080
test_16678,0.9970178115
test_16679,0.0000003608
test_16680,0.0229794160
test_16681,0.0000000159
test_16682,0.9999976558
test_16683,0.0073758853
test_16684,0.0076653121
test_16685,0.0000000059
test_16686,0.0000021412
test_16687,0.9999999155
test_16688,0.9619277142
test_16689,0.9993078683
test_16690,0.9999999569
test_16691,0.0001251672
test_16692,0.8797230124
test_16693,0.0000000164
test_16694,0.9998614018
test_16695,0.0002592486
test_16696,0.0000000551
test_16697,0.0000017526
test_16698,0.9973899491
test_16699,0.0000007386
test_16700,0.0000093846
test_16701,0.0000000128
test_16702,0.0000086170
test_16703,0.9999980531
test_16704,0.0007841425
test_16705,0.9999853322
test_16706,0.9999876914
test_16707,0.1399014360
test_16708,0.9999900242
test_16709,0.9999857799
test_16710,0.0000982474
test_16711,0.9999994088
test_16712,0.0001330217
test_16713,0.0006219809
test_16714,0.0000031108
test_16715,0.0000013370
test_16716,0.0000993992
test_16717,0.0442225547
test_16718,0.0000000283
test_16719,0.0326668400
test_16720,0.0000590095
test_16721,0.9999999456
test_16722,0.9999996176
test_16723,0.9999957864
test_16724,0.0040806351
test_16725,0.0000137115
test_16726,0.0000034303
test_16727,0.9999995378
test_16728,0.0000001835
test_16729,0.0026066277
test_16730,0.9956949112
test_16731,0.0008478101
test_16732,0.0016498884
test_16733,0.0000006659
test_16734,0.9998242523
test_16735,0.0000001464
test_16736,0.9999988917
test_16737,0.9999999288
test_16738,0.9999991464
test_16739,0.9999997638
test_16740,0.9999999887
test_16741,0.0001969756
test_16742,0.0000000347
test_16743,0.0000072178
test_16744,0.9999984532
test_16745,0.0000012774
test_16746,0.0001672498
test_16747,0.9017126838
test_16748,0.9999989593
test_16749,0.9999180586
test_16750,0.0000452275
test_16751,0.9999921208
test_16752,0.0015351818
test_16753,0.9999999683
test_16754,0.0008421012
test_16755,0.0000020045
test_16756,0.9999907782
test_16757,0.0000000062
test_16758,0.9999913855
test_16759,0.9879778101
test_16760,0.9995053175
test_16761,0.9999999727
test_16762,0.9999935659
test_16763,0.9999802999
test_16764,0.0000050477
test_16765,0.9999873523
test_16766,0.9999999817
test_16767,0.0000177535
test_16768,0.0000000807
test_16769,0.9974034089
test_16770,0.9999897912
test_16771,0.9219476424
test_16772,0.0000002072
test_16773,0.9954295874
test_16774,0.9999960652
test_16775,0.0028058519
test_16776,0.0000020404
test_16777,0.9997056714
test_16778,0.0000127016
test_16779,0.0000060615
test_16780,0.9999899491
test_16781,0.0000000384
test_16782,0.9999996153
test_16783,0.9999939888
test_16784,0.9999998712
test_16785,0.9999572885
test_16786,0.0000001825
test_16787,0.0002208278
test_16788,0.9950797389
test_16789,0.9999999556
test_16790,0.0004847132
test_16791,0.0000001657
test_16792,0.9999995743
test_16793,0.0000001273
test_16794,0.9998574513
test_16795,0.0000000064
test_16796,0.9999972056
test_16797,0.0000017676
test_16798,0.9884253215
test_16799,0.9999966293
test_16800,0.9929998209
test_16801,0.9999999618
test_16802,0.9998812860
test_16803,0.0000000787
test_16804,0.9999999723
test_16805,0.9999255852
test_16806,0.9999999722
test_16807,0.9999998434
test_16808,0.0000000105
test_16809,0.0000035642
test_16810,0.0000000340
test_16811,0.9999914040
test_16812,0.0047520246
test_16813,0.0000000621
test_16814,0.0005311414
test_16815,0.9999902396
test_16816,0.0000000105
test_16817,0.9999933025
test_16818,0.0000094263
test_16819,0.9999993032
test_16820,0.0647096381
test_16821,0.9999621789
test_16822,0.9999856402
test_16823,0.9999948472
test_16824,0.9999995803
test_16825,0.1561200223
test_16826,0.9998999458
test_16827,0.0000283977
test_16828,0.0024633310
test_16829,0.0021568160
test_16830,0.0000030785
test_16831,0.9999981664
test_16832,0.9999966813
test_16833,0.1353520232
test_16834,0.9986202954
test_16835,0.9972162581
test_16836,0.0053006162
test_16837,0.9999954819
test_16838,0.0000000229
test_16839,0.9901277989
test_16840,0.9999997649
test_16841,0.9999895936
test_16842,0.9979984610
test_16843,0.0000000330
test_16844,0.9999996114
test_16845,0.0000013447
test_16846,0.0000000386
test_16847,0.0130064074
test_16848,0.9999999007
test_16849,0.9999999180
test_16850,0.0000064337
test_16851,0.0000056560
test_16852,0.0001551627
test_16853,0.9650232455
test_16854,0.0000000708
test_16855,0.0001242372
test_16856,0.9999645299
test_16857,0.9999999231
test_16858,0.9999995228
test_16859,0.0000098912
test_16860,0.9998462469
test_16861,0.2875731221
test_16862,0.0000000381
test_16863,0.9999881697
test_16864,0.9998988315
test_16865,0.0001636030
test_16866,0.0000099096
test_16867,0.9867889584
test_16868,0.9999769366
test_16869,0.9999924188
test_16870,0.9999997614
test_16871,0.9999937480
test_16872,0.9999999172
test_16873,0.0000272788
test_16874,0.0034118353
test_16875,0.0000068930
test_16876,0.9999972064
test_16877,0.0000003289
test_16878,0.0000002284
test_16879,0.9732769917
test_16880,0.9999576183
test_16881,0.0000121870
test_16882,0.0006042032
test_16883,0.9999999775
test_16884,0.9999999282
test_16885,0.0022036529
test_16886,0.9999950562
test_16887,0.9999969257
test_16888,0.9999988408
test_16889,0.9999980243
test_16890,0.9999998323
test_16891,0.0003812739
test_16892,0.9999999476
test_16893,0.9999914479
test_16894,0.9999999359
test_16895,0.0022817503
test_16896,0.9995771796
test_16897,0.0000299348
test_16898,0.0000021593
test_16899,0.0000554664
test_16900,0.0000059483
test_16901,0.0000018839
test_16902,0.0000002113
test_16903,0.9999989089
test_16904,0.9999980322
test_16905,0.0000000087
test_16906,0.0275874289
test_16907,0.9997993384
test_16908,0.0000018542
test_16909,0.9999971860
test_16910,0.0004618819
test_16911,0.0377121249
test_16912,0.9998971692
test_16913,0.0240113181
test_16914,0.0000000428
test_16915,0.9999969352
test_16916,0.9999509697
test_16917,0.0000011216
test_16918,0.9841180761
test_16919,0.0001922832
test_16920,0.9999821969
test_16921,0.9999746088
test_16922,0.9876507918
test_16923,0.0000013455
test_16924,0.8437697264
test_16925,0.0000143553
test_16926,0.0002268882
test_16927,0.0046043285
test_16928,0.0039681591
test_16929,0.0003596063
test_16930,0.0000158432
test_16931,0.9999948890
test_16932,0.0001637504
test_16933,0.9999993549
test_16934,0.9999967737
test_16935,0.9998216271
test_16936,0.9999941713
test_16937,0.9948530226
test_16938,0.0007823645
test_16939,0.9999997021
test_16940,0.9999997798
test_16941,0.9999959541
test_16942,0.9999841717
test_16943,0.9991802005
test_16944,0.0000010773
test_16945,0.0000000081
test_16946,0.9970660043
test_16947,0.0000220807
test_16948,0.0000016843
test_16949,0.9999991459
test_16950,0.9999998011
test_16951,0.9999448718
test_16952,0.9999932130
test_16953,0.9999962507
test_16954,0.0000009026
test_16955,0.8285952517
test_16956,0.0000002963
test_16957,0.0000535162
test_16958,0.9999995441
test_16959,0.2659688277
test_16960,0.9999999872
test_16961,0.0000000640
test_16962,0.0000021971
test_16963,0.9999998300
test_16964,0.0000000328
test_16965,0.9999941281
test_16966,0.0000003682
test_16967,0.1330191627
test_16968,0.0000000801
test_16969,0.9999931808
test_16970,0.0000026839
test_16971,0.9999997738
test_16972,0.0000886124
test_16973,0.9999995958
test_16974,0.9631043741
test_16975,0.0000017901
test_16976,0.0000000552
test_16977,0.0913121883
test_16978,0.9999934645
test_16979,0.0006773877
test_16980,0.9999983053
test_16981,0.9999960609
test_16982,0.0000002692
test_16983,0.9999999777
test_16984,0.0000000099
test_16985,0.0000030312
test_16986,0.0000504300
test_16987,0.0000003619
test_16988,0.0009150859
test_16989,0.0000001281
test_16990,0.0000004851
test_16991,0.0000005841
test_16992,0.9992660241
test_16993,0.0000171063
test_16994,0.0002483316
test_16995,0.9988744919
test_16996,0.9912860119
test_16997,0.9943314659
test_16998,0.0000573468
test_16999,0.9999956025
test_17000,0.9979964648
test_17001,0.9980493506
test_17002,0.9999999475
test_17003,0.0000000078
test_17004,0.9999897882
test_17005,0.0000245443
test_17006,0.9999835021
test_17007,0.9983090460
test_17008,0.9997741313
test_17009,0.0001213027
test_17010,0.0000002538
test_17011,0.7246134787
test_17012,0.9852966619
test_17013,0.9980458081
test_17014,0.0000000272
test_17015,0.0014583878
test_17016,0.9999970635
test_17017,0.9675464098
test_17018,0.0003338587
test_17019,0.0000000055
test_17020,0.9998068256
test_17021,0.9999986639
test_17022,0.0003421602
test_17023,0.0002293491
test_17024,0.9999806209
test_17025,0.0000000269
test_17026,0.0007477028
test_17027,0.9999999711
test_17028,0.9999992394
test_17029,0.0002519082
test_17030,0.9999988766
test_17031,0.0000189294
test_17032,0.9999962347
test_17033,0.9968464953
test_17034,0.0000067207
test_17035,0.9673272569
test_17036,0.9999619925
test_17037,0.0000487884
test_17038,0.0001823986
test_17039,0.0000064373
test_17040,0.0048754341
test_17041,0.0029088011
test_17042,0.0004305316
test_17043,0.0000002824
test_17044,0.0060266130
test_17045,0.0000031020
test_17046,0.9999989104
test_17047,0.9998887816
test_17048,0.9501979082
test_17049,0.9999971423
test_17050,0.0005253457
test_17051,0.9997900464
test_17052,0.0000002745
test_17053,0.9998653122
test_17054,0.9999999787
test_17055,0.0000163565
test_17056,0.9999970151
test_17057,0.9999055847
test_17058,0.0000000076
test_17059,0.0000003280
test_17060,0.8632517000
test_17061,0.0000005778
test_17062,0.9998829158
test_17063,0.9982765423
test_17064,0.0000000054
test_17065,0.9971960003
test_17066,0.0000001140
test_17067,0.9999777902
test_17068,0.0000047534
test_17069,0.9999951365
test_17070,0.0000002273
test_17071,0.9999675054
test_17072,0.9998811064
test_17073,0.0000526094
test_17074,0.9999999732
test_17075,0.9999822069
test_17076,0.0000007665
test_17077,0.9990975453
test_17078,0.0000037210
test_17079,0.9999984945
test_17080,0.9999472140
test_17081,0.0000001927
test_17082,0.9999982415
test_17083,0.9964481444
test_17084,0.0003723740
test_17085,0.0002025425
test_17086,0.9999991724
test_17087,0.9617522460
test_17088,0.9999895375
test_17089,0.0000395741
test_17090,0.0310000266
test_17091,0.0000000624
test_17092,0.0000295867
test_17093,0.0064242426
test_17094,0.0000000210
test_17095,0.9999999629
test_17096,0.0004864066
test_17097,0.9999948907
test_17098,0.0002232180
test_17099,0.9999987781
test_17100,0.0000002293
test_17101,0.8726668836
test_17102,0.9999998993
test_17103,0.0000002993
test_17104,0.9960165961
test_17105,0.9999999683
test_17106,0.9999999691
test_17107,0.0000000115
test_17108,0.0000199849
test_17109,0.9999999665
test_17110,0.9999954939
test_17111,0.0007352878
test_17112,0.9999993843
test_17113,0.9999902524
test_17114,0.9999705876
test_17115,0.0000235729
test_17116,0.9999806249
test_17117,0.0000039933
test_17118,0.9999837351
test_17119,0.9999980274
test_17120,0.2679867596
test_17121,0.9999917271
test_17122,0.9999981521
test_17123,0.0000015492
test_17124,0.0000030301
test_17125,0.9999979328
test_17126,0.9999260687
test_17127,0.0000023960
test_17128,0.0004775085
test_17129,0.9999838195
test_17130,0.9999998613
test_17131,0.0000002598
test_17132,0.9995032840
test_17133,0.0000014076
test_17134,0.0000000053
test_17135,0.0006216157
test_17136,0.9999973754
test_17137,0.0112999790
test_17138,0.9997819647
test_17139,0.0000033067
test_17140,0.0000073228
test_17141,0.9970366096
test_17142,0.9999973772
test_17143,0.9999999354
test_17144,0.0000840368
test_17145,0.0000060771
test_17146,0.9999996376
test_17147,0.9999999814
test_17148,0.0000000340
test_17149,0.0621104182
test_17150,0.0000000286
test_17151,0.9999959181
test_17152,0.0000942101
test_17153,0.0000000433
test_17154,0.0000002269
test_17155,0.0000000071
test_17156,0.0000020671
test_17157,0.9999977756
test_17158,0.9875866259
test_17159,0.0000000470
test_17160,0.9999977276
test_17161,0.9999784061
test_17162,0.0000000073
test_17163,0.9996403453
test_17164,0.9999999221
test_17165,0.9999529798
test_17166,0.0000001875
test_17167,0.0000030809
test_17168,0.9999999123
test_17169,0.9999778693
test_17170,0.0031164320
test_17171,0.0000000983
test_17172,0.9983530680
test_17173,0.9982130060
test_17174,0.9997349873
test_17175,0.0025252738
test_17176,0.2251271845
test_17177,0.9999977861
test_17178,0.9997601385
test_17179,0.9965911560
test_17180,0.9999994716
test_17181,0.9999895714
test_17182,0.0000606857
test_17183,0.9996342401
test_17184,0.1247556105
test_17185,0.9999990844
test_17186,0.9999891772
test_17187,0.9999907020
test_17188,0.0000000830
test_17189,0.0008535184
test_17190,0.0000000059
test_17191,0.0011507796
test_17192,0.0003523816
test_17193,0.0000013348
test_17194,0.9999889705
test_17195,0.0000126721
test_17196,0.0000109332
test_17197,0.0001097566
test_17198,0.0000448506
test_17199,0.0000075937
test_17200,0.9999976910
test_17201,0.2116850596
test_17202,0.0028876720
test_17203,0.9999997356
test_17204,0.9999950014
test_17205,0.0000032277
test_17206,0.9999940120
test_17207,0.0000089926
test_17208,0.9999994974
test_17209,0.0025125249
test_17210,0.0006487940
test_17211,0.0000002719
test_17212,0.9999998981
test_17213,0.3040078441
test_17214,0.9999998755
test_17215,0.9999999867
test_17216,0.0000000125
test_17217,0.0007943619
test_17218,0.0000000110
test_17219,0.0000006436
test_17220,0.0000001263
test_17221,0.0000421836
test_17222,0.9999994128
test_17223,0.0000003436
test_17224,0.0000000360
test_17225,0.0006338143
test_17226,0.0000052771
test_17227,0.9987916102
test_17228,0.9999999557
test_17229,0.9999974436
test_17230,0.9999998800
test_17231,0.9997797014
test_17232,0.0000000071
test_17233,0.0000010678
test_17234,0.0161749619
test_17235,0.9999988350
test_17236,0.0000000282
test_17237,0.9999882486
test_17238,0.0003622343
test_17239,0.9999917069
test_17240,0.0001053637
test_17241,0.0000952080
test_17242,0.9998871673
test_17243,0.0000000455
test_17244,0.9999499507
test_17245,0.0000807582
test_17246,0.0027269109
test_17247,0.0000009870
test_17248,0.0000071905
test_17249,0.9990731350
test_17250,0.0000214956
test_17251,0.9999999702
test_17252,0.9966864551
test_17253,0.9981527718
test_17254,0.0000668903
test_17255,0.9999990602
test_17256,0.0000001525
test_17257,0.0000270256
test_17258,0.1233152664
test_17259,0.9999995269
test_17260,0.0000156998
test_17261,0.9999997872
test_17262,0.0000014330
test_17263,0.9994753820
test_17264,0.9999995211
test_17265,0.9999992477
test_17266,0.0000005528
test_17267,0.0000013329
test_17268,0.0266475441
test_17269,0.0000008857
test_17270,0.9999871070
test_17271,0.0000060812
test_17272,0.9999992451
test_17273,0.9999996945
test_17274,0.9999564510
test_17275,0.0122215806
test_17276,0.9999977499
test_17277,0.9993082056
test_17278,0.0000018271
test_17279,0.0000026653
test_17280,0.9930309986
test_17281,0.0000000171
test_17282,0.9996773078
test_17283,0.0000030606
test_17284,0.9999799422
test_17285,0.9999999783
test_17286,0.9999999792
test_17287,0.0000000049
test_17288,0.9999382313
test_17289,0.0003818634
test_17290,0.0000007919
test_17291,0.9999773644
test_17292,0.9999997132
test_17293,0.0000005769
test_17294,0.9999962597
test_17295,0.0000493708
test_17296,0.9978324952
test_17297,0.9999930814
test_17298,0.0013712169
test_17299,0.9999984847
test_17300,0.0000018122
test_17301,0.9999765351
test_17302,0.0000001877
test_17303,0.0000005788
test_17304,0.0004391988
test_17305,0.9999123963
test_17306,0.9999996193
test_17307,0.9999896048
test_17308,0.9995021505
test_17309,0.0001329724
test_17310,0.9999739646
test_17311,0.0000000489
test_17312,0.9995184916
test_17313,0.9998680017
test_17314,0.9999999265
test_17315,0.0485032464
test_17316,0.0000002749
test_17317,0.9999999329
test_17318,0.9971699690
test_17319,0.9999995927
test_17320,0.9999999791
test_17321,0.9999896443
test_17322,0.0001255537
test_17323,0.9999920713
test_17324,0.0000199983
test_17325,0.0005922212
test_17326,0.9999992920
test_17327,0.0000000412
test_17328,0.9982131203
test_17329,0.0000010270
test_17330,0.0000000303
test_17331,0.2324180387
test_17332,0.9999994668
test_17333,0.9999757879
test_17334,0.0000005123
test_17335,0.9999991933
test_17336,0.0000411425
test_17337,0.0000021366
test_17338,0.9999999848
test_17339,0.0000002695
test_17340,0.0000071692
test_17341,0.0000000062
test_17342,0.0000008466
test_17343,0.0000287986
test_17344,0.9999973786
test_17345,0.9999987245
test_17346,0.9999798587
test_17347,0.0000000766
test_17348,0.9997743061
test_17349,0.0000165115
test_17350,0.0006017066
test_17351,0.9997704913
test_17352,0.9999990242
test_17353,0.9999999817
test_17354,0.9999944545
test_17355,0.0000003587
test_17356,0.0000861152
test_17357,0.9999968044
test_17358,0.0001161833
test_17359,0.9999999115
test_17360,0.9999946734
test_17361,0.9999864942
test_17362,0.0000134528
test_17363,0.0035452753
test_17364,0.0008734173
test_17365,0.0000055108
test_17366,0.0000489247
test_17367,0.9999962859
test_17368,0.0000004513
test_17369,0.9993835749
test_17370,0.9999792954
test_17371,0.9999999736
test_17372,0.9966410152
test_17373,0.0034113771
test_17374,0.9998831132
test_17375,0.0007511889
test_17376,0.9999987519
test_17377,0.0000000177
test_17378,0.0000310471
test_17379,0.9999999569
test_17380,0.9999622393
test_17381,0.0000002788
test_17382,0.9999135049
test_17383,0.9744710290
test_17384,0.0000005582
test_17385,0.0000000731
test_17386,0.0000010587
test_17387,0.9995859695
test_17388,0.0000000039
test_17389,0.0000000138
test_17390,0.0000000270
test_17391,0.0003311550
test_17392,0.0000450985
test_17393,0.0217848208
test_17394,0.0000002138
test_17395,0.0000039954
test_17396,0.9999424233
test_17397,0.0000003701
test_17398,0.9999980909
test_17399,0.9639488873
test_17400,0.0017805564
test_17401,0.9999992031
test_17402,0.9999990811
test_17403,0.9999620549
test_17404,0.9999982965
test_17405,0.9999972803
test_17406,0.0000717517
test_17407,0.9816496182
test_17408,0.0000000676
test_17409,0.9999904876
test_17410,0.9999969519
test_17411,0.9999999746
test_17412,0.0001114298
test_17413,0.9999275355
test_17414,0.0008429156
test_17415,0.0008972217
test_17416,0.9999160642
test_17417,0.9997421880
test_17418,0.0050061149
test_17419,0.0000004471
test_17420,0.9999941329
test_17421,0.9858432372
test_17422,0.9999951703
test_17423,0.9996352652
test_17424,0.9998694021
test_17425,0.2332196042
test_17426,0.9999952932
test_17427,0.9999971982
test_17428,0.3365896806
test_17429,0.0015309230
test_17430,0.9999854386
test_17431,0.0000010948
test_17432,0.0000514924
test_17433,0.0042032709
test_17434,0.6457268385
test_17435,0.9835351819
test_17436,0.0000005784
test_17437,0.9999957693
test_17438,0.9999965677
test_17439,0.0000000342
test_17440,0.0000201948
test_17441,0.9999999566
test_17442,0.0000000084
test_17443,0.9999982564
test_17444,0.0000029627
test_17445,0.0000000130
test_17446,0.9999977247
test_17447,0.0000003355
test_17448,0.9962877975
test_17449,0.9999998329
test_17450,0.9999905905
test_17451,0.0004398547
test_17452,0.0000154974
test_17453,0.9999999908
test_17454,0.9999999124
test_17455,0.0000000996
test_17456,0.0000010118
test_17457,0.9999864928
test_17458,0.0013816302
test_17459,0.0017834212
test_17460,0.0000029856
test_17461,0.9988315390
test_17462,0.0186962571
test_17463,0.0000019940
test_17464,0.0000031428
test_17465,0.0000002371
test_17466,0.0117228498
test_17467,0.9999997416
test_17468,0.9999999877
test_17469,0.0013123830
test_17470,0.0103609055
test_17471,0.9960143775
test_17472,0.9972709823
test_17473,0.9999992480
test_17474,0.9999987775
test_17475,0.0003689861
test_17476,0.9999733206
test_17477,0.0001130168
test_17478,0.0000000159
test_17479,0.0000865238
test_17480,0.9999998763
test_17481,0.9956810484
test_17482,0.9999789994
test_17483,0.0000000323
test_17484,0.0000000075
test_17485,0.9990781351
test_17486,0.0000050210
test_17487,0.0004296063
test_17488,0.0001195484
test_17489,0.9999986639
test_17490,0.0022329703
test_17491,0.9999990806
test_17492,0.0000003290
test_17493,0.9999969044
test_17494,0.0132715664
test_17495,0.0092378302
test_17496,0.0067030976
test_17497,0.0000012655
test_17498,0.0008939790
test_17499,0.9999950853
test_17500,0.0000003391
test_17501,0.9993386329
test_17502,0.0000011232
test_17503,0.9999989253
test_17504,0.0000000305
test_17505,0.0000002018
test_17506,0.0000000293
test_17507,0.9999969029
test_17508,0.9999995021
test_17509,0.9999999199
test_17510,0.0000205433
test_17511,0.9999436715
test_17512,0.5360435190
test_17513,0.9997040954
test_17514,0.9999919106
test_17515,0.9999997596
test_17516,0.0000002546
test_17517,0.9969404716
test_17518,0.0024646871
test_17519,0.0000000135
test_17520,0.0010364379
test_17521,0.9999999626
test_17522,0.9961870615
test_17523,0.0000187077
test_17524,0.9863803771
test_17525,0.9999240510
test_17526,0.9999999621
test_17527,0.0000024222
test_17528,0.9999992585
test_17529,0.0001169120
test_17530,0.9999999675
test_17531,0.0162755940
test_17532,0.0000126239
test_17533,0.9999996449
test_17534,0.9996843502
test_17535,0.9999987492
test_17536,0.9997055036
test_17537,0.7759511135
test_17538,0.9999940179
test_17539,0.0000019842
test_17540,0.0000506762
test_17541,0.9999999577
test_17542,0.9999997346
test_17543,0.9968486956
test_17544,0.0000007510
test_17545,0.9999950785
test_17546,0.9999999189
test_17547,0.0000053071
test_17548,0.9995550756
test_17549,0.0000044861
test_17550,0.9839668849
test_17551,0.0000063815
test_17552,0.9999999536
test_17553,0.0001824499
test_17554,0.9999998306
test_17555,0.0000013121
test_17556,0.0000005989
test_17557,0.9999997085
test_17558,0.9999978088
test_17559,0.9999999877
test_17560,0.0774477564
test_17561,0.0457236833
test_17562,0.0000000506
test_17563,0.0000301841
test_17564,0.0078079196
test_17565,0.0000002467
test_17566,0.0007664009
test_17567,0.9997661094
test_17568,0.9988743549
test_17569,0.0000035905
test_17570,0.8376296311
test_17571,0.0000005708
test_17572,0.9999999462
test_17573,0.9999999569
test_17574,0.0000044761
test_17575,0.0005499754
test_17576,0.9999099465
test_17577,0.9999998772
test_17578,0.0000065668
test_17579,0.0001986509
test_17580,0.0379678316
test_17581,0.0000047226
test_17582,0.9999982356
test_17583,0.0003838186
test_17584,0.9999783258
test_17585,0.9999216690
test_17586,0.0000010753
test_17587,0.0000011198
test_17588,0.0010823825
test_17589,0.9999998705
test_17590,0.0004274345
test_17591,0.9999444198
test_17592,0.0133691168
test_17593,0.9999994606
test_17594,0.0000000461
test_17595,0.9999992616
test_17596,0.9999802292
test_17597,0.9999997834
test_17598,0.0000201269
test_17599,0.9999967999
test_17600,0.0000427425
test_17601,0.9795348178
test_17602,0.9986443562
test_17603,0.0093601095
test_17604,0.0000172158
test_17605,0.0000000165
test_17606,0.0000002282
test_17607,0.0000008584
test_17608,0.0002314047
test_17609,0.9999994476
test_17610,0.9995561679
test_17611,0.9993005663
test_17612,0.1733347991
test_17613,0.0001562130
test_17614,0.9999997562
test_17615,0.0000000513
test_17616,0.9999999814
test_17617,0.0000000104
test_17618,0.0000174738
test_17619,0.9999970140
test_17620,0.9985838039
test_17621,0.0000004545
test_17622,0.0000041725
test_17623,0.9998920472
test_17624,0.9999997111
test_17625,0.9999971160
test_17626,0.0000001657
test_17627,0.0002709336
test_17628,0.9999999710
test_17629,0.9820107489
test_17630,0.9999294819
test_17631,0.9991803236
test_17632,0.0000768316
test_17633,0.9999996155
test_17634,0.0000000061
test_17635,0.9988229707
test_17636,0.0003087662
test_17637,0.0004123584
test_17638,0.9987771825
test_17639,0.8603419612
test_17640,0.9999616607
test_17641,0.0000206062
test_17642,0.9997873387
test_17643,0.0000103257
test_17644,0.9935077689
test_17645,0.9999998690
test_17646,0.2579044943
test_17647,0.0000001827
test_17648,0.9796733898
test_17649,0.0000007324
test_17650,0.0000000152
test_17651,0.9991218178
test_17652,0.0000021812
test_17653,0.0000821392
test_17654,0.0000006534
test_17655,0.0000933257
test_17656,0.9999999567
test_17657,0.9999786440
test_17658,0.0000219372
test_17659,0.0000000335
test_17660,0.9999819770
test_17661,0.8779018834
test_17662,0.0000327875
test_17663,0.9999999825
test_17664,0.0000000275
test_17665,0.0000041758
test_17666,0.0000031832
test_17667,0.9999999344
test_17668,0.0000035233
test_17669,0.9890391682
test_17670,0.0000000049
test_17671,0.0000049277
test_17672,0.9999996909
test_17673,0.0000012482
test_17674,0.0000013257
test_17675,0.9999999357
test_17676,0.9999996137
test_17677,0.9999970188
test_17678,0.0000000254
test_17679,0.9998804831
test_17680,0.0000003011
test_17681,0.0064609014
test_17682,0.9995271078
test_17683,0.9999937413
test_17684,0.9999999385
test_17685,0.9979967428
test_17686,0.0000786377
test_17687,0.0000002020
test_17688,0.0000000052
test_17689,0.9999977734
test_17690,0.0000045425
test_17691,0.0008133800
test_17692,0.9999996156
test_17693,0.9951447026
test_17694,0.9996962994
test_17695,0.9999864226
test_17696,0.9998237113
test_17697,0.9999954253
test_17698,0.0000003728
test_17699,0.0000002294
test_17700,0.0000053133
test_17701,0.9999997516
test_17702,0.0000466175
test_17703,0.0000030404
test_17704,0.0000023939
test_17705,0.0000065720
test_17706,0.9998256468
test_17707,0.0000673408
test_17708,0.9999995771
test_17709,0.0000000135
test_17710,0.9999562474
test_17711,0.0000059035
test_17712,0.0000285818
test_17713,0.0000086648
test_17714,0.0000125207
test_17715,0.0191337910
test_17716,0.0000006884
test_17717,0.9999902957
test_17718,0.0014692003
test_17719,0.0000000122
test_17720,0.0001678461
test_17721,0.9615624902
test_17722,0.0103397680
test_17723,0.0805998365
test_17724,0.9998072633
test_17725,0.0000000175
test_17726,0.9999632184
test_17727,0.9999897148
test_17728,0.9999960469
test_17729,0.9999462338
test_17730,0.9999997869
test_17731,0.0000297589
test_17732,0.9999997831
test_17733,0.9999999731
test_17734,0.0000004119
test_17735,0.9999910504
test_17736,0.9999999745
test_17737,0.0000227637
test_17738,0.0004105810
test_17739,0.9968706568
test_17740,0.0000051189
test_17741,0.9999999573
test_17742,0.0000025573
test_17743,0.9999888228
test_17744,0.9999999841
test_17745,0.0000000082
test_17746,0.0000010540
test_17747,0.0000031250
test_17748,0.9999896765
test_17749,0.9999995721
test_17750,0.0000000066
test_17751,0.0084975324
test_17752,0.0000000733
test_17753,0.9997281068
test_17754,0.0094029315
test_17755,0.9999976179
test_17756,0.0017576116
test_17757,0.9998595501
test_17758,0.0000000112
test_17759,0.9999994392
test_17760,0.2133561871
test_17761,0.0439218666
test_17762,0.0000184194
test_17763,0.0000001812
test_17764,0.0000013137
test_17765,0.9999994820
test_17766,0.0168259717
test_17767,0.0001069353
test_17768,0.9999965846
test_17769,0.0000000229
test_17770,0.9958151208
test_17771,0.0594898571
test_17772,0.8724846676
test_17773,0.0002767842
test_17774,0.0000795650
test_17775,0.0000488398
test_17776,0.9999964373
test_17777,0.0000046828
test_17778,0.0002442316
test_17779,0.0000003071
test_17780,0.9999999806
test_17781,0.0000003009
test_17782,0.9999968122
test_17783,0.0000000574
test_17784,0.9998898949
test_17785,0.9999999558
test_17786,0.8906061908
test_17787,0.9900758723
test_17788,0.9999577913
test_17789,0.0001642493
test_17790,0.0000000670
test_17791,0.9999870017
test_17792,0.0000014255
test_17793,0.0000002460
test_17794,0.0000047529
test_17795,0.0007297871
test_17796,0.0000000721
test_17797,0.9999999665
test_17798,0.0000123530
test_17799,0.0000031029
test_17800,0.9986982413
test_17801,0.0000003275
test_17802,0.1435194237
test_17803,0.0004265476
test_17804,0.9999408714
test_17805,0.9967502849
test_17806,0.9999685242
test_17807,0.0000020621
test_17808,0.0002297971
test_17809,0.0004814944
test_17810,0.0118663585
test_17811,0.1143465222
test_17812,0.0014416444
test_17813,0.0283091157
test_17814,0.9470783021
test_17815,0.9992243328
test_17816,0.9999251398
test_17817,0.9999548916
test_17818,0.7706027001
test_17819,0.9999984158
test_17820,0.0020185153
test_17821,0.9999999297
test_17822,0.0000000154
test_17823,0.0000000102
test_17824,0.9999984382
test_17825,0.0018553303
test_17826,0.9999353637
test_17827,0.2005811048
test_17828,0.9999999735
test_17829,0.9999961504
test_17830,0.9999977234
test_17831,0.0000006025
test_17832,0.0000000360
test_17833,0.9995437902
test_17834,0.0000505151
test_17835,0.9999833971
test_17836,0.9998923902
test_17837,0.9999919913
test_17838,0.9999999091
test_17839,0.9999845289
test_17840,0.9999042429
test_17841,0.9999993405
test_17842,0.9999995273
test_17843,0.0000001641
test_17844,0.0053574867
test_17845,0.9999026379
test_17846,0.0000000104
test_17847,0.9999962566
test_17848,0.9999993245
test_17849,0.0000000320
test_17850,0.0000038686
test_17851,0.0049392528
test_17852,0.9999875214
test_17853,0.9999974599
test_17854,0.0000000199
test_17855,0.0000000170
test_17856,0.9999999782
test_17857,0.0004065441
test_17858,0.9999936883
test_17859,0.9999067637
test_17860,0.0000001225
test_17861,0.9999738311
test_17862,0.9999999848
test_17863,0.0000018938
test_17864,0.0930975757
test_17865,0.9969171011
test_17866,0.0000033699
test_17867,0.1557202003
test_17868,0.6871283422
test_17869,0.0000072500
test_17870,0.9999938599
test_17871,0.9952098228
test_17872,0.0178945103
test_17873,0.9999999620
test_17874,0.0000094905
test_17875,0.9997502508
test_17876,0.0000140625
test_17877,0.0000060793
test_17878,0.0035326545
test_17879,0.9999978104
test_17880,0.0008824084
test_17881,0.9120381962
test_17882,0.0000267804
test_17883,0.9405040506
test_17884,0.9999880459
test_17885,0.9999849002
test_17886,0.0000003466
test_17887,0.9999999797
test_17888,0.0030097090
test_17889,0.9999999372
test_17890,0.9999999364
test_17891,0.9958957880
test_17892,0.9999528685
test_17893,0.9999999368
test_17894,0.9999975241
test_17895,0.9981878168
test_17896,0.9999983486
test_17897,0.0003996450
test_17898,0.9999954013
test_17899,0.0000149737
test_17900,0.9999803205
test_17901,0.0000047154
test_17902,0.1982752941
test_17903,0.9999990544
test_17904,0.9999993826
test_17905,0.0121882892
test_17906,0.9999533987
test_17907,0.9999995749
test_17908,0.9054366511
test_17909,0.9999959324
test_17910,0.0000000630
test_17911,0.0000001248
test_17912,0.9999988250
test_17913,0.9996387183
test_17914,0.1975503813
test_17915,0.9999998665
test_17916,0.0000118043
test_17917,0.0000038476
test_17918,0.0000032812
test_17919,0.0000000891
test_17920,0.0000147447
test_17921,0.9999992932
test_17922,0.9999858147
test_17923,0.9999997958
test_17924,0.0000040949
test_17925,0.0001830506
test_17926,0.0000038969
test_17927,0.0000359011
test_17928,0.9999703325
test_17929,0.0023395821
test_17930,0.9999991608
test_17931,0.9999960415
test_17932,0.0020785663
test_17933,0.9999999306
test_17934,0.0000097346
test_17935,0.0000403093
test_17936,0.9999790954
test_17937,0.0000031860
test_17938,0.0000068761
test_17939,0.9999491860
test_17940,0.9999995905
test_17941,0.1307078553
test_17942,0.9999999483
test_17943,0.9997934214
test_17944,0.9999999905
test_17945,0.0000003121
test_17946,0.9998475601
test_17947,0.1206831150
test_17948,0.0005842302
test_17949,0.0000985177
test_17950,0.9999963501
test_17951,0.0007260114
test_17952,0.0001853655
test_17953,0.9999999700
test_17954,0.0000598132
test_17955,0.0000001446
test_17956,0.9999993834
test_17957,0.0000000066
test_17958,0.0000076642
test_17959,0.0000143119
test_17960,0.0000026945
test_17961,0.0009767180
test_17962,0.0009492480
test_17963,0.9999649136
test_17964,0.9882734784
test_17965,0.9999990910
test_17966,0.9999925302
test_17967,0.0074640490
test_17968,0.0003476714
test_17969,0.0000006185
test_17970,0.0000002170
test_17971,0.9999849080
test_17972,0.0001051053
test_17973,0.9999263613
test_17974,0.0000444007
test_17975,0.0000009427
test_17976,0.9999828804
test_17977,0.0000104844
test_17978,0.9999998199
test_17979,0.9885299763
test_17980,0.0506870664
test_17981,0.9846794083
test_17982,0.9999997781
test_17983,0.9991134987
test_17984,0.0000004387
test_17985,0.0001168250
test_17986,0.0050371896
test_17987,0.9999995331
test_17988,0.9999864639
test_17989,0.9999995002
test_17990,0.0000756099
test_17991,0.9999996101
test_17992,0.9999952027
test_17993,0.0000019784
test_17994,0.2799833646
test_17995,0.0000886939
test_17996,0.9999999757
test_17997,0.0000005185
test_17998,0.0069895949
test_17999,0.9999959159
test_18000,0.6284071152
test_18001,0.0000542715
test_18002,0.9999999091
test_18003,0.9999985003
test_18004,0.0298452095
test_18005,0.9949338483
test_18006,0.9988013826
test_18007,0.9804529546
test_18008,0.9981625411
test_18009,0.9999996311
test_18010,0.0000989224
test_18011,0.9999998462
test_18012,0.0001429622
test_18013,0.9358038934
test_18014,0.0000006380
test_18015,0.0000004708
test_18016,0.0003572298
test_18017,0.0000010540
test_18018,0.0000000250
test_18019,0.0000001456
test_18020,0.9729575753
test_18021,0.9363421507
test_18022,0.9999983146
test_18023,0.9999902295
test_18024,0.0000000580
test_18025,0.0000000187
test_18026,0.9980499632
test_18027,0.0000078645
test_18028,0.9999997433
test_18029,0.1615573918
test_18030,0.9999994259
test_18031,0.9959249603
test_18032,0.0000712917
test_18033,0.9999916594
test_18034,0.9999999478
test_18035,0.0000716462
test_18036,0.9999974164
test_18037,0.0000226623
test_18038,0.9646523748
test_18039,0.9995433975
test_18040,0.9999997380
test_18041,0.9999962291
test_18042,0.9999993095
test_18043,0.0000012509
test_18044,0.9999987261
test_18045,0.0000183093
test_18046,0.9999895657
test_18047,0.0012241652
test_18048,0.0003079031
test_18049,0.9999995371
test_18050,0.9999711581
test_18051,0.0000000064
test_18052,0.0000073110
test_18053,0.0000002672
test_18054,0.0000594621
test_18055,0.9992877813
test_18056,0.0000000999
test_18057,0.0211714721
test_18058,0.9999242529
test_18059,0.0026687302
test_18060,0.9999891796
test_18061,0.9821511157
test_18062,0.9999999303
test_18063,0.0001685227
test_18064,0.9978703431
test_18065,0.9999921899
test_18066,0.0000012690
test_18067,0.9999933125
test_18068,0.9996477955
test_18069,0.9964600671
test_18070,0.9999998878
test_18071,0.0000000057
test_18072,0.9916105461
test_18073,0.0001211866
test_18074,0.0000000528
test_18075,0.9999998653
test_18076,0.9999997647
test_18077,0.0000000047
test_18078,0.9999470971
test_18079,0.9999953523
test_18080,0.9999999808
test_18081,0.9999994477
test_18082,0.9999998595
test_18083,0.9999318462
test_18084,0.9999998393
test_18085,0.0018663202
test_18086,0.9999992501
test_18087,0.0081524687
test_18088,0.9999973614
test_18089,0.0000019456
test_18090,0.0000000203
test_18091,0.9997500632
test_18092,0.9999993446
test_18093,0.9999830623
test_18094,0.0000573625
test_18095,0.9640507093
test_18096,0.9996883241
test_18097,0.9996795151
test_18098,0.9999999267
test_18099,0.9999998820
test_18100,0.0003257372
test_18101,0.0000041020
test_18102,0.9999999007
test_18103,0.0000229433
test_18104,0.9999334961
test_18105,0.9999958940
test_18106,0.6102604908
test_18107,0.9999717341
test_18108,0.0001647417
test_18109,0.0000009885
test_18110,0.9999994513
test_18111,0.0004245034
test_18112,0.3121032846
test_18113,0.2049161044
test_18114,0.9999977346
test_18115,0.9999948380
test_18116,0.9999999675
test_18117,0.0000000592
test_18118,0.0000027572
test_18119,0.0000292637
test_18120,0.0000000377
test_18121,0.9998155672
test_18122,0.0000238368
test_18123,0.9740799062
test_18124,0.0002829283
test_18125,0.9999999782
test_18126,0.9999995068
test_18127,0.0000063260
test_18128,0.0000002279
test_18129,0.0000004504
test_18130,0.0000010546
test_18131,0.9558067326
test_18132,0.0000005675
test_18133,0.0000146109
test_18134,0.0000056240
test_18135,0.0008873893
test_18136,0.0010634009
test_18137,0.0000000444
test_18138,0.9999473093
test_18139,0.0000000404
test_18140,0.0000046007
test_18141,0.0714245603
test_18142,0.0000826382
test_18143,0.9998577076
test_18144,0.0000008510
test_18145,0.9999918282
test_18146,0.9999981921
test_18147,0.0000052136
test_18148,0.0000328074
test_18149,0.9999932534
test_18150,0.9999981032
test_18151,0.9999775502
test_18152,0.9999999270
test_18153,0.0000311024
test_18154,0.9981652080
test_18155,0.9999999704
test_18156,0.0000077282
test_18157,0.0012234763
test_18158,0.9999985520
test_18159,0.9999979080
test_18160,0.9999973030
test_18161,0.9998665164
test_18162,0.0027245110
test_18163,0.0001776804
test_18164,0.9999994833
test_18165,0.0008371037
test_18166,0.0000282994
test_18167,0.9999999765
test_18168,0.9999995789
test_18169,0.9995198346
test_18170,0.9999968365
test_18171,0.9963224319
test_18172,0.9999890287
test_18173,0.9999996728
test_18174,0.9999778119
test_18175,0.0000427900
test_18176,0.9999996725
test_18177,0.9999997875
test_18178,0.9996445271
test_18179,0.9999998357
test_18180,0.0000034937
test_18181,0.0022017165
test_18182,0.9999995278
test_18183,0.9999939456
test_18184,0.9999164810
test_18185,0.9993247199
test_18186,0.0000008448
test_18187,0.0000000449
test_18188,0.7372418152
test_18189,0.0000268951
test_18190,0.9999993047
test_18191,0.9999237335
test_18192,0.9999810694
test_18193,0.7829035556
test_18194,0.0002796503
test_18195,0.9999995999
test_18196,0.9998356643
test_18197,0.9999988872
test_18198,0.8030760315
test_18199,0.9999971254
test_18200,0.0000417851
test_18201,0.9999899845
test_18202,0.9989478915
test_18203,0.9994425379
test_18204,0.9967179838
test_18205,0.9992830703
test_18206,0.0024811898
test_18207,0.9999999000
test_18208,0.0019155916
test_18209,0.9999999763
test_18210,0.9999182291
test_18211,0.0000471843
test_18212,0.0001698326
test_18213,0.0001041806
test_18214,0.0000000410
test_18215,0.5257364084
test_18216,0.0000019340
test_18217,0.0000221389
test_18218,0.9999999844
test_18219,0.0000615361
test_18220,0.9999233285
test_18221,0.0000003804
test_18222,0.0000000199
test_18223,0.0000000222
test_18224,0.9999705361
test_18225,0.9999902136
test_18226,0.9999965984
test_18227,0.9997490347
test_18228,0.9999990103
test_18229,0.0002729580
test_18230,0.9999999081
test_18231,0.9994558331
test_18232,0.0010437470
test_18233,0.9999989561
test_18234,0.0054862281
test_18235,0.9999946918
test_18236,0.0000015392
test_18237,0.0000076499
test_18238,0.9975190966
test_18239,0.9956279020
test_18240,0.1486273992
test_18241,0.8557451524
test_18242,0.0001587819
test_18243,0.0000001982
test_18244,0.9999998989
test_18245,0.9999971524
test_18246,0.9999982719
test_18247,0.0000114737
test_18248,0.9999933728
test_18249,0.2029348063
test_18250,0.0000000622
test_18251,0.1205348339
test_18252,0.9999950574
test_18253,0.9999999210
test_18254,0.0000042240
test_18255,0.0000032020
test_18256,0.0000083462
test_18257,0.0000042335
test_18258,0.9979665591
test_18259,0.0000038795
test_18260,0.9999948254
test_18261,0.9999989204
test_18262,0.0000694231
test_18263,0.9999675999
test_18264,0.0000032910
test_18265,0.0000634237
test_18266,0.0000013275
test_18267,0.9999787373
test_18268,0.9999505714
test_18269,0.0000000102
test_18270,0.9999815871
test_18271,0.0000008100
test_18272,0.0000068559
test_18273,0.0002209286
test_18274,0.0000000705
test_18275,0.0000007239
test_18276,0.0000062170
test_18277,0.0000002049
test_18278,0.0000002215
test_18279,0.9999978166
test_18280,0.9999999715
test_18281,0.0000000528
test_18282,0.9996827828
test_18283,0.0056745891
test_18284,0.9999820635
test_18285,0.9999996527
test_18286,0.0000054590
test_18287,0.0001368767
test_18288,0.0000162873
test_18289,0.9999856639
test_18290,0.9999980897
test_18291,0.0000000152
test_18292,0.0023112425
test_18293,0.9999593122
test_18294,0.9989908786
test_18295,0.9999994370
test_18296,0.0000003050
test_18297,0.0000012217
test_18298,0.9941803856
test_18299,0.0000000048
test_18300,0.9922119483
test_18301,0.0007300030
test_18302,0.0005330197
test_18303,0.0000679136
test_18304,0.0000000089
test_18305,0.9999975038
test_18306,0.0000048239
test_18307,0.0000176521
test_18308,0.0000014347
test_18309,0.9992048235
test_18310,0.9994937754
test_18311,0.0000599768
test_18312,0.0000579496
test_18313,0.9999999835
test_18314,0.0007777032
test_18315,0.0017549045
test_18316,0.9752112535
test_18317,0.0010135143
test_18318,0.9999635707
test_18319,0.0001229915
test_18320,0.0008064269
test_18321,0.0000003024
test_18322,0.9999968866
test_18323,0.9930512306
test_18324,0.9999646579
test_18325,0.3976905039
test_18326,0.9999709176
test_18327,0.0000079096
test_18328,0.0000063367
test_18329,0.9999924511
test_18330,0.0000158156
test_18331,0.9999999893
test_18332,0.0002541193
test_18333,0.0004401611
test_18334,0.9999786901
test_18335,0.0000089643
test_18336,0.0000003410
test_18337,0.9999996364
test_18338,0.9996644037
test_18339,0.0000042234
test_18340,0.9999999352
test_18341,0.0000004947
test_18342,0.0000463474
test_18343,0.9999985623
test_18344,0.9999997535
test_18345,0.0009565473
test_18346,0.0000023735
test_18347,0.9996547879
test_18348,0.0000036687
test_18349,0.0000003060
test_18350,0.9999914938
test_18351,0.0000016205
test_18352,0.0076668759
test_18353,0.0000000360
test_18354,0.9976947939
test_18355,0.9999903557
test_18356,0.0003005607
test_18357,0.9999999820
test_18358,0.0000000111
test_18359,0.0000000278
test_18360,0.9999998921
test_18361,0.9999840525
test_18362,0.0001638624
test_18363,0.9999999833
test_18364,0.0000056947
test_18365,0.9999750964
test_18366,0.9999965094
test_18367,0.0000099617
test_18368,0.9999987350
test_18369,0.9999998821
test_18370,0.9999994898
test_18371,0.0000481702
test_18372,0.9999811176
test_18373,0.0019449549
test_18374,0.9999981016
test_18375,0.9999999062
test_18376,0.0000002586
test_18377,0.9999875431
test_18378,0.0134713266
test_18379,0.9999856347
test_18380,0.0002641819
test_18381,0.9999998601
test_18382,0.0615757942
test_18383,0.9999999257
test_18384,0.0000134439
test_18385,0.9999994901
test_18386,0.9999459249
test_18387,0.0001958177
test_18388,0.9999983058
test_18389,0.9999901840
test_18390,0.9999999773
test_18391,0.0000000167
test_18392,0.9994518135
test_18393,0.9999554999
test_18394,0.0000016222
test_18395,0.0000002136
test_18396,0.0061345971
test_18397,0.9999930335
test_18398,0.9835953298
test_18399,0.9999996747
test_18400,0.0000001830
test_18401,0.9997278879
test_18402,0.9999995315
test_18403,0.9999997784
test_18404,0.9992578208
test_18405,0.0001394243
test_18406,0.9951218013
test_18407,0.9996402935
test_18408,0.9999999466
test_18409,0.0000112676
test_18410,0.9999991253
test_18411,0.9981400137
test_18412,0.9999809979
test_18413,0.9999555447
test_18414,0.0000000122
test_18415,0.0000000059
test_18416,0.9999974604
test_18417,0.0000048063
test_18418,0.9375391033
test_18419,0.9999999685
test_18420,0.0155200281
test_18421,0.0548048914
test_18422,0.9999563677
test_18423,0.9999990947
test_18424,0.9999996589
test_18425,0.0000077599
test_18426,0.9999955599
test_18427,0.9940942770
test_18428,0.0000010830
test_18429,0.0000000220
test_18430,0.9999976420
test_18431,0.9999998390
test_18432,0.0000000492
test_18433,0.9999999572
test_18434,0.9970175886
test_18435,0.9999979230
test_18436,0.9998856161
test_18437,0.0006468855
test_18438,0.0000060020
test_18439,0.9999995382
test_18440,0.0004053357
test_18441,0.9895077256
test_18442,0.9999849599
test_18443,0.0011997956
test_18444,0.0000000463
test_18445,0.9999997663
test_18446,0.9980143323
test_18447,0.0000000765
test_18448,0.0000379545
test_18449,0.0000000218
test_18450,0.9809217946
test_18451,0.0000014925
test_18452,0.0000006944
test_18453,0.9999999215
test_18454,0.0000116245
test_18455,0.9999968138
test_18456,0.9995662157
test_18457,0.0000287288
test_18458,0.9999999397
test_18459,0.9999969735
test_18460,0.9999892940
test_18461,0.9999997464
test_18462,0.9999524649
test_18463,0.9992365553
test_18464,0.9999902045
test_18465,0.0000002427
test_18466,0.9999999485
test_18467,0.0000058337
test_18468,0.0002869508
test_18469,0.0000007666
test_18470,0.8518089359
test_18471,0.9999953797
test_18472,0.0001618845
test_18473,0.9999999576
test_18474,0.0000317589
test_18475,0.0000020188
test_18476,0.9999985273
test_18477,0.0020025928
test_18478,0.0000170822
test_18479,0.9999990852
test_18480,0.9684302770
test_18481,0.0008374984
test_18482,0.0000826139
test_18483,0.9999755117
test_18484,0.9991281711
test_18485,0.9999957508
test_18486,0.0000733172
test_18487,0.0002018258
test_18488,0.9999942681
test_18489,0.0538490435
test_18490,0.9999990116
test_18491,0.0000032118
test_18492,0.0000010824
test_18493,0.0236801781
test_18494,0.0000138314
test_18495,0.9999998773
test_18496,0.9810938269
test_18497,0.9999989761
test_18498,0.9999999895
test_18499,0.0000015768
test_18500,0.0175597473
test_18501,0.9994931275
test_18502,0.9999940897
test_18503,0.0000012054
test_18504,0.9967490602
test_18505,0.0000014645
test_18506,0.9999999784
test_18507,0.9999997893
test_18508,0.0000015519
test_18509,0.9999937957
test_18510,0.9958696844
test_18511,0.0000110148
test_18512,0.9798023473
test_18513,0.0000572788
test_18514,0.9999930044
test_18515,0.0601546308
test_18516,0.9999977676
test_18517,0.9987527412
test_18518,0.9683965463
test_18519,0.9999999865
test_18520,0.0003728013
test_18521,0.0000022843
test_18522,0.0000011129
test_18523,0.9999997755
test_18524,0.0018056193
test_18525,0.0267078843
test_18526,0.9967495517
test_18527,0.0000069095
test_18528,0.0000015501
test_18529,0.9999898370
test_18530,0.9999997843
test_18531,0.9999989998
test_18532,0.0000000063
test_18533,0.9999377267
test_18534,0.0000002095
test_18535,0.0000013228
test_18536,0.9998986789
test_18537,0.9997847019
test_18538,0.9999976493
test_18539,0.0000132722
test_18540,0.9080110253
test_18541,0.9908398069
test_18542,0.0000031538
test_18543,0.9999954971
test_18544,0.0000843691
test_18545,0.9999995801
test_18546,0.9999991522
test_18547,0.9999990455
test_18548,0.9999994244
test_18549,0.9972997483
test_18550,0.9999887768
test_18551,0.9999712655
test_18552,0.0000501783
test_18553,0.0000245078
test_18554,0.9999980467
test_18555,0.9994759256
test_18556,0.9929601949
test_18557,0.0044881545
test_18558,0.9997980536
test_18559,0.9999997549
test_18560,0.0000469561
test_18561,0.0457288438
test_18562,0.9999999646
test_18563,0.9999975334
test_18564,0.0000001556
test_18565,0.9999018054
test_18566,0.0944390442
test_18567,0.9999948133
test_18568,0.9998402106
test_18569,0.9999417734
test_18570,0.0000173590
test_18571,0.0001331074
test_18572,0.0000024878
test_18573,0.9999957833
test_18574,0.9999978386
test_18575,0.0000002191
test_18576,0.0013558049
test_18577,0.0000000353
test_18578,0.9999929990
test_18579,0.9999999192
test_18580,0.0000152365
test_18581,0.0000234989
test_18582,0.9999938011
test_18583,0.0000064112
test_18584,0.0000242372
test_18585,0.0048027109
test_18586,0.9999812819
test_18587,0.9999931756
test_18588,0.9999999116
test_18589,0.0009978407
test_18590,0.9999990356
test_18591,0.0000045109
test_18592,0.0000004554
test_18593,0.0000003360
test_18594,0.0000000128
test_18595,0.9999993852
test_18596,0.9999951903
test_18597,0.9999999130
test_18598,0.9999999614
test_18599,0.9998950631
test_18600,0.9999822144
test_18601,0.9999884354
test_18602,0.9999996582
test_18603,0.9999915831
test_18604,0.0110590642
test_18605,0.0000037124
test_18606,0.9999999841
test_18607,0.9999993790
test_18608,0.0000000488
test_18609,0.0000465198
test_18610,0.2164365512
test_18611,0.9999990004
test_18612,0.9999795816
test_18613,0.1599237073
test_18614,0.0000000402
test_18615,0.9999593764
test_18616,0.0000000988
test_18617,0.9999969024
test_18618,0.0000316776
test_18619,0.9999879591
test_18620,0.9999987771
test_18621,0.9999994989
test_18622,0.0000090937
test_18623,0.9999979051
test_18624,0.0087548237
test_18625,0.9999642927
test_18626,0.0895984867
test_18627,0.9939244369
test_18628,0.0036343751
test_18629,0.0000005285
test_18630,0.9999998354
test_18631,0.0000235751
test_18632,0.0000015081
test_18633,0.0000145211
test_18634,0.9999987908
test_18635,0.9998351968
test_18636,0.0000017994
test_18637,0.9999991039
test_18638,0.0000000409
test_18639,0.9999997695
test_18640,0.9999999552
test_18641,0.0542727760
test_18642,0.0000287568
test_18643,0.0000000168
test_18644,0.0000000137
test_18645,0.0000016599
test_18646,0.9967766527
test_18647,0.0082346949
test_18648,0.9999869899
test_18649,0.0000264379
test_18650,0.0000000606
test_18651,0.9999998131
test_18652,0.0000008923
test_18653,0.0000000077
test_18654,0.0000224032
test_18655,0.9999919509
test_18656,0.0192556444
test_18657,0.0000000416
test_18658,0.0000092114
test_18659,0.9999570516
test_18660,0.9999264145
test_18661,0.0000004544
test_18662,0.0000932140
test_18663,0.9492077540
test_18664,0.9999993506
test_18665,0.0000178783
test_18666,0.0052817753
test_18667,0.9975048837
test_18668,0.9999996849
test_18669,0.9999991674
test_18670,0.0000002050
test_18671,0.0000114868
test_18672,0.0000767307
test_18673,0.9999734644
test_18674,0.0000067735
test_18675,0.1728588759
test_18676,0.9999993439
test_18677,0.0000001439
test_18678,0.0000000214
test_18679,0.9999999695
test_18680,0.9999975777
test_18681,0.9999413243
test_18682,0.9999998114
test_18683,0.9999998826
test_18684,0.9999990457
test_18685,0.9999995956
test_18686,0.9678768201
test_18687,0.9999999432
test_18688,0.0000940849
test_18689,0.9999467067
test_18690,0.9999774381
test_18691,0.9999993342
test_18692,0.0000420662
test_18693,0.9999938827
test_18694,0.0253991800
test_18695,0.9999698493
test_18696,0.9999996543
test_18697,0.0000000210
test_18698,0.0000002438
test_18699,0.0520712482
test_18700,0.9801305455
test_18701,0.6807981290
test_18702,0.0000810956
test_18703,0.0000000119
test_18704,0.9999916076
test_18705,0.1952508260
test_18706,0.9999963287
test_18707,0.0000002373
test_18708,0.0001586351
test_18709,0.9999999804
test_18710,0.9999995816
test_18711,0.9999985166
test_18712,0.0000008878
test_18713,0.9999999850
test_18714,0.0054879836
test_18715,0.9999998975
test_18716,0.9999996718
test_18717,0.0000208595
test_18718,0.3244222898
test_18719,0.9999574839
test_18720,0.0000010920
test_18721,0.9908587850
test_18722,0.7687883596
test_18723,0.0000002728
test_18724,0.9999999694
test_18725,0.9988505492
test_18726,0.9997400347
test_18727,0.9757036772
test_18728,0.9999987847
test_18729,0.9978513913
test_18730,0.0000369992
test_18731,0.9999978293
test_18732,0.0000000100
test_18733,0.9999999908
test_18734,0.9999803944
test_18735,0.0003596549
test_18736,0.9999999765
test_18737,0.9999991850
test_18738,0.0000000059
test_18739,0.9998871934
test_18740,0.0000432151
test_18741,0.0091293580
test_18742,0.0000104189
test_18743,0.9999907239
test_18744,0.9999244778
test_18745,0.9999994608
test_18746,0.9999995021
test_18747,0.0000000134
test_18748,0.9999990930
test_18749,0.9999982147
test_18750,0.0000015633
test_18751,0.0000101301
test_18752,0.0000008425
test_18753,0.9999925459
test_18754,0.9998571097
test_18755,0.9976401084
test_18756,0.0254547026
test_18757,0.0007304011
test_18758,0.0000011109
test_18759,0.9999999215
test_18760,0.0063554257
test_18761,0.9999769516
test_18762,0.9999770126
test_18763,0.9999986268
test_18764,0.9991671256
test_18765,0.0000982891
test_18766,0.0000000464
test_18767,0.9999997826
test_18768,0.0000002866
test_18769,0.0000000161
test_18770,0.9999183799
test_18771,0.0000012006
test_18772,0.0000001143
test_18773,0.9998901268
test_18774,0.0000010106
test_18775,0.0000003999
test_18776,0.0000609905
test_18777,0.0000002952
test_18778,0.9999606783
test_18779,0.0304545029
test_18780,0.5074093156
test_18781,0.0087109526
test_18782,0.9999999843
test_18783,0.0000013058
test_18784,0.0000016581
test_18785,0.9473223554
test_18786,0.0000000720
test_18787,0.9999997505
test_18788,0.9999998990
test_18789,0.0000000723
test_18790,0.0000000414
test_18791,0.0000002271
test_18792,0.9999998387
test_18793,0.0000000157
test_18794,0.9999966343
test_18795,0.0000000117
test_18796,0.9999993833
test_18797,0.9999966833
test_18798,0.0000006573
test_18799,0.9999902562
test_18800,0.7131446877
test_18801,0.9997777419
test_18802,0.9999983389
test_18803,0.0175817050
test_18804,0.0041699492
test_18805,0.0000825258
test_18806,0.9999972204
test_18807,0.3522740588
test_18808,0.0031411633
test_18809,0.0000000440
test_18810,0.0000082682
test_18811,0.9768729665
test_18812,0.0000005862
test_18813,0.9999998760
test_18814,0.9963618193
test_18815,0.0000740047
test_18816,0.9999996369
test_18817,0.0000003145
test_18818,0.0000043950
test_18819,0.9999995659
test_18820,0.9999953579
test_18821,0.9999995738
test_18822,0.9998181876
test_18823,0.9999999697
test_18824,0.0000000060
test_18825,0.9890197059
test_18826,0.0000021115
test_18827,0.0000047601
test_18828,0.0000014798
test_18829,0.0000015046
test_18830,0.0000000287
test_18831,0.9995955711
test_18832,0.0000138300
test_18833,0.0000014625
test_18834,0.9999302409
test_18835,0.9999996687
test_18836,0.9957270001
test_18837,0.9999947578
test_18838,0.0000004271
test_18839,0.9999997270
test_18840,0.9999994420
test_18841,0.0001345268
test_18842,0.0000000272
test_18843,0.9999875273
test_18844,0.0000001511
test_18845,0.9982832745
test_18846,0.9997439746
test_18847,0.0033509003
test_18848,0.9999986759
test_18849,0.9760092433
test_18850,0.0006072770
test_18851,0.9999999239
test_18852,0.0000024525
test_18853,0.0153997490
test_18854,0.6028298283
test_18855,0.0000077831
test_18856,0.0004981996
test_18857,0.0003303202
test_18858,0.9999930457
test_18859,0.0000153478
test_18860,0.9998637830
test_18861,0.0004498235
test_18862,0.0000001421
test_18863,0.0000000485
test_18864,0.9999899954
test_18865,0.0000003593
test_18866,0.0000001159
test_18867,0.9999858638
test_18868,0.0000000086
test_18869,0.9906277605
test_18870,0.9999998003
test_18871,0.0000000991
test_18872,0.9999995317
test_18873,0.0552185458
test_18874,0.2385157880
test_18875,0.9999554635
test_18876,0.9999998839
test_18877,0.4896458015
test_18878,0.9999999732
test_18879,0.0000017939
test_18880,0.9987524058
test_18881,0.9999990905
test_18882,0.0001093463
test_18883,0.0023788710
test_18884,0.0000000875
test_18885,0.0070610826
test_18886,0.9590508624
test_18887,0.8786864818
test_18888,0.0000000758
test_18889,0.0000000061
test_18890,0.0000020987
test_18891,0.0000004590
test_18892,0.9999992795
test_18893,0.9999696230
test_18894,0.9999932990
test_18895,0.9802181086
test_18896,0.9998781772
test_18897,0.9999263103
test_18898,0.9999749588
test_18899,0.0000031474
test_18900,0.0007002969
test_18901,0.9999880101
test_18902,0.9999620215
test_18903,0.0000000627
test_18904,0.3970719237
test_18905,0.1330485509
test_18906,0.0013285285
test_18907,0.0000000863
test_18908,0.9999821815
test_18909,0.9999843571
test_18910,0.0000016671
test_18911,0.0006024601
test_18912,0.9999937058
test_18913,0.0001616591
test_18914,0.0000001982
test_18915,0.0645930992
test_18916,0.0000008103
test_18917,0.0000574006
test_18918,0.9999658122
test_18919,0.9993549738
test_18920,0.0000007742
test_18921,0.9999991462
test_18922,0.0000000147
test_18923,0.9999743231
test_18924,0.0000017074
test_18925,0.0000001333
test_18926,0.0000009242
test_18927,0.9784796563
test_18928,0.0000000132
test_18929,0.0004342229
test_18930,0.9999999504
test_18931,0.9861602252
test_18932,0.0000013895
test_18933,0.0006876474
test_18934,0.9999999697
test_18935,0.0029814127
test_18936,0.0000030534
test_18937,0.9999995155
test_18938,0.0000004654
test_18939,0.0014047285
test_18940,0.0000002403
test_18941,0.9999748343
test_18942,0.0000002144
test_18943,0.0000001270
test_18944,0.0000000976
test_18945,0.9999989040
test_18946,0.0000000156
test_18947,0.9999999343
test_18948,0.4529693546
test_18949,0.9967761767
test_18950,0.0206298661
test_18951,0.0000020650
test_18952,0.9999991930
test_18953,0.9153098416
test_18954,0.9999999583
test_18955,0.0000000509
test_18956,0.0000105114
test_18957,0.9999967179
test_18958,0.9999897958
test_18959,0.0000167455
test_18960,0.0302389527
test_18961,0.9952491347
test_18962,0.0000004036
test_18963,0.0003244665
test_18964,0.0000002700
test_18965,0.1517971605
test_18966,0.9977131485
test_18967,0.9999984181
test_18968,0.9998806547
test_18969,0.9999969252
test_18970,0.0000000354
test_18971,0.9999967296
test_18972,0.0000098072
test_18973,0.9999365665
test_18974,0.9999995847
test_18975,0.9999970506
test_18976,0.9999769405
test_18977,0.9999963487
test_18978,0.9999878237
test_18979,0.9999999803
test_18980,0.9999983274
test_18981,0.0000548447
test_18982,0.0000006615
test_18983,0.9999999434
test_18984,0.9999981045
test_18985,0.0156724467
test_18986,0.7006744430
test_18987,0.9999993319
test_18988,0.0004723397
test_18989,0.9999998010
test_18990,0.9999978280
test_18991,0.9999999864
test_18992,0.0000006990
test_18993,0.9999999860
test_18994,0.9809156664
test_18995,0.9999987959
test_18996,0.0000293428
test_18997,0.0000814638
test_18998,0.9999473615
test_18999,0.0008295539
test_19000,0.9999998234
test_19001,0.0000132968
test_19002,0.0000011018
test_19003,0.0000000118
test_19004,0.9996175114
test_19005,0.0000002352
test_19006,0.9999999408
test_19007,0.0000038712
test_19008,0.0001067028
test_19009,0.0000000549
test_19010,0.9999464205
test_19011,0.9999999805
test_19012,0.0000595427
test_19013,0.0002753374
test_19014,0.9999999793
test_19015,0.0000000627
test_19016,0.9999999314
test_19017,0.0000001077
test_19018,0.0000067968
test_19019,0.9971060239
test_19020,0.0000134306
test_19021,0.0000271272
test_19022,0.0000002350
test_19023,0.0000000918
test_19024,0.8839316965
test_19025,0.9999542888
test_19026,0.9999816859
test_19027,0.0004543914
test_19028,0.0200733354
test_19029,0.9999666272
test_19030,0.0038849478
test_19031,0.9999991626
test_19032,0.0000041884
test_19033,0.9999987703
test_19034,0.9972495399
test_19035,0.0000000339
test_19036,0.0004704072
test_19037,0.9999994909
test_19038,0.0000000186
test_19039,0.0017725853
test_19040,0.9999635496
test_19041,0.9982506863
test_19042,0.9999995412
test_19043,0.9999998452
test_19044,0.0000161163
test_19045,0.0000054183
test_19046,0.9995621727
test_19047,0.9983690406
test_19048,0.9999995398
test_19049,0.9999896586
test_19050,0.9999998652
test_19051,0.0000000967
test_19052,0.4402703921
test_19053,0.9971497734
test_19054,0.0000002035
test_19055,0.9999995607
test_19056,0.0440361098
test_19057,0.9999816583
test_19058,0.0000000227
test_19059,0.0000000121
test_19060,0.0000001853
test_19061,0.9767413899
test_19062,0.0034075255
test_19063,0.9999797675
test_19064,0.0000000948
test_19065,0.0000000527
test_19066,0.0000030672
test_19067,0.9999896434
test_19068,0.9999994573
test_19069,0.0000000110
test_19070,0.9167436857
test_19071,0.0696964003
test_19072,0.0000768990
test_19073,0.9999999683
test_19074,0.9999994558
test_19075,0.9999923558
test_19076,0.9999996955
test_19077,0.0000001512
test_19078,0.0181431967
test_19079,0.9636602374
test_19080,0.0009460350
test_19081,0.9999956579
test_19082,0.9649007069
test_19083,0.9986814565
test_19084,0.9999994306
test_19085,0.0011251644
test_19086,0.0000000529
test_19087,0.0000106118
test_19088,0.0000002277
test_19089,0.9999995662
test_19090,0.0000001738
test_19091,0.9999999676
test_19092,0.9999946480
test_19093,0.0000038857
test_19094,0.0000008581
test_19095,0.0000002103
test_19096,0.9999998983
test_19097,0.0000089926
test_19098,0.9823659328
test_19099,0.9999525087
test_19100,0.0000008728
test_19101,0.9951076605
test_19102,0.0000000534
test_19103,0.0002045082
test_19104,0.0000352002
test_19105,0.9999980848
test_19106,0.0001421448
test_19107,0.9999996492
test_19108,0.0472099025
test_19109,0.0000000658
test_19110,0.0002046523
test_19111,0.0000034065
test_19112,0.9999991943
test_19113,0.0034178787
test_19114,0.0008741342
test_19115,0.0000022916
test_19116,0.9999807765
test_19117,0.0036547132
test_19118,0.0000004116
test_19119,0.9999707159
test_19120,0.0000104540
test_19121,0.9999822148
test_19122,0.9999803641
test_19123,0.9999710727
test_19124,0.0000125773
test_19125,0.9923389956
test_19126,0.9998604548
test_19127,0.0000002086
test_19128,0.9341902214
test_19129,0.0001468927
test_19130,0.9999999400
test_19131,0.9998118640
test_19132,0.0388958839
test_19133,0.0000501545
test_19134,0.9999633399
test_19135,0.0000003097
test_19136,0.9999913957
test_19137,0.9999987748
test_19138,0.0000000084
test_19139,0.0002181852
test_19140,0.9999999166
test_19141,0.0000291345
test_19142,0.9999928714
test_19143,0.0000000232
test_19144,0.9998805434
test_19145,0.9999996999
test_19146,0.9920131201
test_19147,0.9999991795
test_19148,0.9999889286
test_19149,0.9999671844
test_19150,0.0024105630
test_19151,0.0000071745
test_19152,0.9999941590
test_19153,0.9945175028
test_19154,0.0123117948
test_19155,0.9999991772
test_19156,0.0481527422
test_19157,0.9999994417
test_19158,0.9996917884
test_19159,0.9935907973
test_19160,0.0000000057
test_19161,0.0000015367
test_19162,0.0000421679
test_19163,0.9999997892
test_19164,0.0000031923
test_19165,0.0000000284
test_19166,0.9995273001
test_19167,0.9915716809
test_19168,0.9999998845
test_19169,0.0000289492
test_19170,0.9999908781
test_19171,0.9999993242
test_19172,0.9996902292
test_19173,0.9999601090
test_19174,0.0000313101
test_19175,0.9737546883
test_19176,0.0000160538
test_19177,0.9999999335
test_19178,0.9999970413
test_19179,0.0000796231
test_19180,0.0000000210
test_19181,0.8427167264
test_19182,0.0000000161
test_19183,0.9999576291
test_19184,0.9970054845
test_19185,0.0001972473
test_19186,0.9889274586
test_19187,0.9999897825
test_19188,0.9826739662
test_19189,0.9999993550
test_19190,0.9999748673
test_19191,0.0000000711
test_19192,0.9999999447
test_19193,0.0000059722
test_19194,0.0000002391
test_19195,0.0004344905
test_19196,0.9838899119
test_19197,0.0000037941
test_19198,0.9999998546
test_19199,0.0000003106
test_19200,0.9999996353
test_19201,0.9999975862
test_19202,0.9999997577
test_19203,0.9999999844
test_19204,0.9999908530
test_19205,0.1664902499
test_19206,0.9999054096
test_19207,0.0005187253
test_19208,0.9999997259
test_19209,0.9999993071
test_19210,0.0000000806
test_19211,0.0000008152
test_19212,0.9999738670
test_19213,0.9981384866
test_19214,0.0000695178
test_19215,0.0000009570
test_19216,0.0000008564
test_19217,0.9999977892
test_19218,0.0000045101
test_19219,0.0000028363
test_19220,0.0090657240
test_19221,0.0002065223
test_19222,0.9999732413
test_19223,0.9999682815
test_19224,0.0000000101
test_19225,0.0000011188
test_19226,0.9999149742
test_19227,0.0002524997
test_19228,0.9999998584
test_19229,0.0000301174
test_19230,0.0071392050
test_19231,0.9998912687
test_19232,0.9999923795
test_19233,0.9999999845
test_19234,0.0000000051
test_19235,0.0001287753
test_19236,0.0000018241
test_19237,0.0000000071
test_19238,0.0000079156
test_19239,0.0000049972
test_19240,0.9999973446
test_19241,0.9656211432
test_19242,0.0182961479
test_19243,0.9996747130
test_19244,0.9992602385
test_19245,0.9999996090
test_19246,0.9999992313
test_19247,0.0000065214
test_19248,0.9999999214
test_19249,0.0000008761
test_19250,0.9999980538
test_19251,0.9950985464
test_19252,0.0000056220
test_19253,0.0000833669
test_19254,0.9999984181
test_19255,0.9999998986
test_19256,0.7424205926
test_19257,0.0000000067
test_19258,0.0000002494
test_19259,0.0000007383
test_19260,0.4153710028
test_19261,0.9738352335
test_19262,0.9987172462
test_19263,0.0000431978
test_19264,0.0224257083
test_19265,0.9995581896
test_19266,0.0003298113
test_19267,0.9999997100
test_19268,0.9999998818
test_19269,0.0000011014
test_19270,0.0000017777
test_19271,0.0000000236
test_19272,0.9999987022
test_19273,0.9947846801
test_19274,0.0000001278
test_19275,0.9999995275
test_19276,0.9998954193
test_19277,0.0000007880
test_19278,0.0015658895
test_19279,0.9944002005
test_19280,0.9997144547
test_19281,0.9999694341
test_19282,0.0000001761
test_19283,0.0123785405
test_19284,0.9880042767
test_19285,0.9999992963
test_19286,0.0000000093
test_19287,0.9999875221
test_19288,0.0000499251
test_19289,0.0000002193
test_19290,0.9999999732
test_19291,0.0000000271
test_19292,0.0011883763
test_19293,0.0000081012
test_19294,0.9999985436
test_19295,0.9999998597
test_19296,0.9999102413
test_19297,0.0000001906
test_19298,0.9997640631
test_19299,0.0107957211
test_19300,0.0012735739
test_19301,0.9871120083
test_19302,0.0000309772
test_19303,0.9999999102
test_19304,0.9999876974
test_19305,0.0000117160
test_19306,0.9999999689
test_19307,0.9999995316
test_19308,0.9999971552
test_19309,0.0005586709
test_19310,0.0000006635
test_19311,0.0000002570
test_19312,0.0000028031
test_19313,0.0000028590
test_19314,0.0011470227
test_19315,0.9999999716
test_19316,0.9999999062
test_19317,0.0000009519
test_19318,0.9999909791
test_19319,0.0000000255
test_19320,0.9999824508
test_19321,0.0000012060
test_19322,0.0000000584
test_19323,0.9999999772
test_19324,0.0000188665
test_19325,0.0000135363
test_19326,0.0000025429
test_19327,0.9969733798
test_19328,0.0000000533
test_19329,0.0423521621
test_19330,0.5070852435
test_19331,0.0000000151
test_19332,0.9999653224
test_19333,0.0000215277
test_19334,0.0000000416
test_19335,0.0264340201
test_19336,0.0000002392
test_19337,0.0000003449
test_19338,0.9999999549
test_19339,0.0000015307
test_19340,0.9999950872
test_19341,0.0018384871
test_19342,0.9999841121
test_19343,0.9999975149
test_19344,0.0000000232
test_19345,0.9999998442
test_19346,0.2180917771
test_19347,0.0000213029
test_19348,0.0000171281
test_19349,0.0000000083
test_19350,0.0000000076
test_19351,0.0000053487
test_19352,0.9991595485
test_19353,0.0000000213
test_19354,0.9999999864
test_19355,0.0000121894
test_19356,0.0845161842
test_19357,0.9994778179
test_19358,0.9979077954
test_19359,0.9999999773
test_19360,0.0000739092
test_19361,0.0000144496
test_19362,0.0000005464
test_19363,0.0000116928
test_19364,0.9999959210
test_19365,0.0000012745
test_19366,0.0109090603
test_19367,0.9978065388
test_19368,0.9999895480
test_19369,0.9958480704
test_19370,0.3526186575
test_19371,0.0000004483
test_19372,0.0001108368
test_19373,0.9888818835
test_19374,0.9999998869
test_19375,0.4830911831
test_19376,0.9999999827
test_19377,0.9999996989
test_19378,0.9849674503
test_19379,0.0000000337
test_19380,0.9999907257
test_19381,0.9684138524
test_19382,0.0000046791
test_19383,0.9999999537
test_19384,0.9999978631
test_19385,0.9999999026
test_19386,0.9999996606
test_19387,0.0002366660
test_19388,0.9952033236
test_19389,0.0212039530
test_19390,0.9999660156
test_19391,0.9999879105
test_19392,0.0000007640
test_19393,0.9966581661
test_19394,0.9999975410
test_19395,0.0000000331
test_19396,0.9999980819
test_19397,0.0000081862
test_19398,0.7237030062
test_19399,0.0000147556
test_19400,0.0075482243
test_19401,0.9989066407
test_19402,0.0000870073
test_19403,0.0000011065
test_19404,0.0000060443
test_19405,0.9999995975
test_19406,0.9999999393
test_19407,0.0213486632
test_19408,0.9871871216
test_19409,0.0000000055
test_19410,0.0000129983
test_19411,0.0000021856
test_19412,0.0000059643
test_19413,0.9999913900
test_19414,0.0019422190
test_19415,0.0000622624
test_19416,0.9999936183
test_19417,0.0631544853
test_19418,0.0000038444
test_19419,0.9999798144
test_19420,0.0000141120
test_19421,0.9999997190
test_19422,0.9949664278
test_19423,0.9974918734
test_19424,0.1102803113
test_19425,0.0000009992
test_19426,0.0000020711
test_19427,0.0000236573
test_19428,0.9999978183
test_19429,0.9899508923
test_19430,0.9973038260
test_19431,0.9999999315
test_19432,0.9999967810
test_19433,0.0000000130
test_19434,0.9999926573
test_19435,0.9999999726
test_19436,0.9999992082
test_19437,0.9999985185
test_19438,0.0000000175
test_19439,0.9999302650
test_19440,0.0020667253
test_19441,0.9998805536
test_19442,0.9998686604
test_19443,0.0002556147
test_19444,0.0000097609
test_19445,0.0000000935
test_19446,0.9999990433
test_19447,0.0000083516
test_19448,0.9999968615
test_19449,0.9999996232
test_19450,0.9999998313
test_19451,0.9999974999
test_19452,0.9999999856
test_19453,0.9944011946
test_19454,0.9999937103
test_19455,0.0176979137
test_19456,0.0000007074
test_19457,0.9999987069
test_19458,0.9999357643
test_19459,0.9999998452
test_19460,0.0000000095
test_19461,0.0000000954
test_19462,0.9999995826
test_19463,0.0000004287
test_19464,0.2352051362
test_19465,0.0000005400
test_19466,0.9717442862
test_19467,0.9999941372
test_19468,0.9999780618
test_19469,0.9999656451
test_19470,0.0000987567
test_19471,0.0000223918
test_19472,0.9999981118
test_19473,0.9999999774
test_19474,0.9999994580
test_19475,0.9999992216
test_19476,0.9999972425
test_19477,0.0000030187
test_19478,0.0000285298
test_19479,0.9999999868
test_19480,0.9999978841
test_19481,0.9942467153
test_19482,0.0000018742
test_19483,0.9999968280
test_19484,0.9999989203
test_19485,0.9998682885
test_19486,0.0000001756
test_19487,0.9990137710
test_19488,0.9999962012
test_19489,0.9395533540
test_19490,0.0000000304
test_19491,0.0796042429
test_19492,0.0000052805
test_19493,0.9999997607
test_19494,0.9999722546
test_19495,0.9999943243
test_19496,0.9988370424
test_19497,0.0027753038
test_19498,0.9999834391
test_19499,0.9971333800
test_19500,0.0000010549
test_19501,0.1900522761
test_19502,0.0000290173
test_19503,0.9647447573
test_19504,0.0000000747
test_19505,0.9999994655
test_19506,0.7608675358
test_19507,0.9999097843
test_19508,0.9999992384
test_19509,0.9999999478
test_19510,0.9999990567
test_19511,0.9963410796
test_19512,0.9999040834
test_19513,0.9998448393
test_19514,0.9999999719
test_19515,0.0000008309
test_19516,0.9999944824
test_19517,0.0000029338
test_19518,0.9999993569
test_19519,0.9999992125
test_19520,0.0000247882
test_19521,0.9923044292
test_19522,0.0000732770
test_19523,0.9998258669
test_19524,0.0001015345
test_19525,0.0000000644
test_19526,0.0000000224
test_19527,0.9807359040
test_19528,0.0000016561
test_19529,0.0006090457
test_19530,0.0015439525
test_19531,0.0634186887
test_19532,0.9903565108
test_19533,0.0002001654
test_19534,0.9999992567
test_19535,0.0000603360
test_19536,0.9934605078
test_19537,0.9999475335
test_19538,0.9999937084
test_19539,0.9999987367
test_19540,0.0012508017
test_19541,0.9999659948
test_19542,0.9951996962
test_19543,0.0000000284
test_19544,0.9999778325
test_19545,0.9999949718
test_19546,0.9999802727
test_19547,0.0000771695
test_19548,0.9999991506
test_19549,0.0000000109
test_19550,0.0000030252
test_19551,0.6423291150
test_19552,0.9999439390
test_19553,0.0000000393
test_19554,0.0000001269
test_19555,0.9999915124
test_19556,0.0000000862
test_19557,0.0000078256
test_19558,0.0000381749
test_19559,0.0000073753
test_19560,0.9999999208
test_19561,0.9999908386
test_19562,0.9949901125
test_19563,0.9999998817
test_19564,0.0000000225
test_19565,0.0005448411
test_19566,0.0001159039
test_19567,0.7814943878
test_19568,0.0002683354
test_19569,0.0431231651
test_19570,0.9999939268
test_19571,0.9955919111
test_19572,0.9999707377
test_19573,0.9999947518
test_19574,0.0000000227
test_19575,0.0000054043
test_19576,0.9999993886
test_19577,0.9999998605
test_19578,0.9999994058
test_19579,0.0000022249
test_19580,0.0000000062
test_19581,0.9973374363
test_19582,0.9999980806
test_19583,0.0000010986
test_19584,0.0000443921
test_19585,0.9999993916
test_19586,0.9999990130
test_19587,0.0000364950
test_19588,0.9999999636
test_19589,0.0000009109
test_19590,0.9999581853
test_19591,0.9999999428
test_19592,0.9959781698
test_19593,0.9999942744
test_19594,0.0000002702
test_19595,0.0000036874
test_19596,0.9999748742
test_19597,0.0000002054
test_19598,0.0000184411
test_19599,0.9999813122
test_19600,0.0000017725
test_19601,0.0000000164
test_19602,0.0000004042
test_19603,0.9999994468
test_19604,0.9997851034
test_19605,0.0000007452
test_19606,0.9999997324
test_19607,0.0000000081
test_19608,0.0000547493
test_19609,0.0476002238
test_19610,0.9956905817
test_19611,0.9999990242
test_19612,0.9997689282
test_19613,0.9999999771
test_19614,0.0043681812
test_19615,0.9999977416
test_19616,0.0000000054
test_19617,0.0001283149
test_19618,0.9999943816
test_19619,0.9999974002
test_19620,0.0111496373
test_19621,0.0000000049
test_19622,0.0000001640
test_19623,0.0000006339
test_19624,0.0000036736
test_19625,0.9999992858
test_19626,0.0000057705
test_19627,0.0000005843
test_19628,0.9999994900
test_19629,0.0000004671
test_19630,0.9999992277
test_19631,0.9999320832
test_19632,0.9999830691
test_19633,0.9999990272
test_19634,0.9972330404
test_19635,0.9999983373
test_19636,0.9856371288
test_19637,0.0001350356
test_19638,0.9999343086
test_19639,0.0003018860
test_19640,0.0000022921
test_19641,0.0035089663
test_19642,0.0000000496
test_19643,0.0000011836
test_19644,0.0000000073
test_19645,0.0673231717
test_19646,0.0000005041
test_19647,0.9999920771
test_19648,0.0002736626
test_19649,0.9990519632
test_19650,0.0000002101
test_19651,0.0001493554
test_19652,0.0000666396
test_19653,0.0084051244
test_19654,0.0000000429
test_19655,0.0003908790
test_19656,0.0000000609
test_19657,0.0808187812
test_19658,0.0505001997
test_19659,0.9990122865
test_19660,0.9984748118
test_19661,0.0000103482
test_19662,0.9999926638
test_19663,0.0000003013
test_19664,0.9999717403
test_19665,0.9997180847
test_19666,0.7784408301
test_19667,0.9999992676
test_19668,0.0000682383
test_19669,0.0035110931
test_19670,0.9999924625
test_19671,0.0039989553
test_19672,0.9999999311
test_19673,0.0000000697
test_19674,0.0058625703
test_19675,0.9978129449
test_19676,0.9999933069
test_19677,0.9999994101
test_19678,0.0000016690
test_19679,0.9999451372
test_19680,0.9999039458
test_19681,0.0185431536
test_19682,0.0000035591
test_19683,0.9999990324
test_19684,0.0000005995
test_19685,0.9999999136
test_19686,0.9999589793
test_19687,0.0000000567
test_19688,0.9991761775
test_19689,0.9999999262
test_19690,0.0000222883
test_19691,0.9999996934
test_19692,0.9999974876
test_19693,0.9313715729
test_19694,0.9999931960
test_19695,0.9999814187
test_19696,0.9999997988
test_19697,0.0115889760
test_19698,0.9965946623
test_19699,0.9999999119
test_19700,0.2166333876
test_19701,0.0000034301
test_19702,0.0000020920
test_19703,0.0000000058
test_19704,0.9999356270
test_19705,0.0002214410
test_19706,0.0025141366
test_19707,0.9999772368
test_19708,0.0021582305
test_19709,0.0000026172
test_19710,0.9999695794
test_19711,0.0000009033
test_19712,0.9999225954
test_19713,0.9999993799
test_19714,0.0000507457
test_19715,0.0000003856
test_19716,0.0000000640
test_19717,0.9999968801
test_19718,0.9999921075
test_19719,0.9999996074
test_19720,0.9999980072
test_19721,0.9999778934
test_19722,0.0076202629
test_19723,0.9999998946
test_19724,0.0000148168
test_19725,0.9999930073
test_19726,0.9999795809
test_19727,0.0000006524
test_19728,0.7041728758
test_19729,0.0000217968
test_19730,0.0007887892
test_19731,0.0000219777
test_19732,0.9999999369
test_19733,0.0000411478
test_19734,0.9999191382
test_19735,0.9957418445
test_19736,0.9999869903
test_19737,0.0148645251
test_19738,0.9993821453
test_19739,0.0000000180
test_19740,0.9999986441
test_19741,0.9999996376
test_19742,0.0000000202
test_19743,0.0000000074
test_19744,0.9999957854
test_19745,0.9999553167
test_19746,0.0001735525
test_19747,0.0144872750
test_19748,0.0000003718
test_19749,0.0379467973
test_19750,0.9999919418
test_19751,0.0000002843
test_19752,0.9999931942
test_19753,0.0000000238
test_19754,0.0000001055
test_19755,0.9999894449
test_19756,0.9999993732
test_19757,0.9999905491
test_19758,0.0000032087
test_19759,0.9999989849
test_19760,0.9999916146
test_19761,0.0000656139
test_19762,0.0000018748
test_19763,0.0067394168
test_19764,0.3687840110
test_19765,0.9999961015
test_19766,0.0002609385
test_19767,0.0002084271
test_19768,0.0000008894
test_19769,0.0000433181
test_19770,0.0000007468
test_19771,0.9977469435
test_19772,0.9999999664
test_19773,0.0000001660
test_19774,0.0002783421
test_19775,0.0000049064
test_19776,0.9999999766
test_19777,0.0000068972
test_19778,0.9999754103
test_19779,0.9998305741
test_19780,0.9995893002
test_19781,0.0000000205
test_19782,0.9994672937
test_19783,0.0000005848
test_19784,0.9999668639
test_19785,0.9999306908
test_19786,0.9999873584
test_19787,0.0001082435
test_19788,0.9999989605
test_19789,0.9974904522
test_19790,0.9979731390
test_19791,0.0001400055
test_19792,0.9999605664
test_19793,0.0009578218
test_19794,0.0000001765
test_19795,0.0006445222
test_19796,0.0000118181
test_19797,0.9984894295
test_19798,0.0000000617
test_19799,0.9650265056
test_19800,0.0000003464
test_19801,0.0000230458
test_19802,0.0000183511
test_19803,0.9999999413
test_19804,0.9921629014
test_19805,0.0000000236
test_19806,0.0000569189
test_19807,0.9999996574
test_19808,0.0000007245
test_19809,0.0000210599
test_19810,0.9999375737
test_19811,0.9999524257
test_19812,0.0004870139
test_19813,0.0032140603
test_19814,0.9999895883
test_19815,0.0000000617
test_19816,0.0000016328
test_19817,0.9999978259
test_19818,0.0000002241
test_19819,0.9998545490
test_19820,0.1096598959
test_19821,0.9999618546
test_19822,0.9999926764
test_19823,0.9999998209
test_19824,0.9998252823
test_19825,0.9999998061
test_19826,0.0000013513
test_19827,0.9999990992
test_19828,0.0000000178
test_19829,0.0000000115
test_19830,0.9999780624
test_19831,0.0000007110
test_19832,0.9891524749
test_19833,0.0000616773
test_19834,0.9395417537
test_19835,0.0904525679
test_19836,0.0000046669
test_19837,0.9997070296
test_19838,0.9999998651
test_19839,0.0000438912
test_19840,0.9996663390
test_19841,0.0000002988
test_19842,0.0000007536
test_19843,0.0000000149
test_19844,0.0000000077
test_19845,0.0000013314
test_19846,0.9999914285
test_19847,0.9999754822
test_19848,0.0000124935
test_19849,0.0184821047
test_19850,0.9999360659
test_19851,0.2213125691
test_19852,0.0000833880
test_19853,0.0000033058
test_19854,0.9994647536
test_19855,0.4174096441
test_19856,0.9999975813
test_19857,0.0000035505
test_19858,0.9998391474
test_19859,0.9999855199
test_19860,0.0000000525
test_19861,0.0004324795
test_19862,0.0000000492
test_19863,0.9989181705
test_19864,0.0000000824
test_19865,0.9960375425
test_19866,0.0000090571
test_19867,0.9999999829
test_19868,0.9999992915
test_19869,0.0001495596
test_19870,0.0001193230
test_19871,0.9999999807
test_19872,0.9999994836
test_19873,0.9999998785
test_19874,0.0000075475
test_19875,0.0000005363
test_19876,0.0000005876
test_19877,0.9999995562
test_19878,0.9979352761
test_19879,0.9999841267
test_19880,0.1550619026
test_19881,0.0000035571
test_19882,0.9999851223
test_19883,0.9923423755
test_19884,0.0000012388
test_19885,0.9998427385
test_19886,0.9999991848
test_19887,0.9999997564
test_19888,0.0000038359
test_19889,0.9999187377
test_19890,0.9999204756
test_19891,0.0785630111
test_19892,0.9999779733
test_19893,0.9998281665
test_19894,0.0000000668
test_19895,0.9999997697
test_19896,0.0000225930
test_19897,0.0007401194
test_19898,0.0000000901
test_19899,0.0000018842
test_19900,0.9999769162
test_19901,0.0000005689
test_19902,0.9999961805
test_19903,0.9999805767
test_19904,0.9999999818
test_19905,0.0000026241
test_19906,0.0018523621
test_19907,0.0000064466
test_19908,0.0000056105
test_19909,0.0000000138
test_19910,0.0000243216
test_19911,0.0000801370
test_19912,0.0092102592
test_19913,0.9999944302
test_19914,0.0000000140
test_19915,0.0000000102
test_19916,0.0000062072
test_19917,0.0000000578
test_19918,0.0000102500
test_19919,0.0000003433
test_19920,0.0206194383
test_19921,0.9999485069
test_19922,0.9999931643
test_19923,0.9999997070
test_19924,0.0000175786
test_19925,0.9999433811
test_19926,0.0000182815
test_19927,0.6432622892
test_19928,0.0000001050
test_19929,0.9999999109
test_19930,0.8920313196
test_19931,0.9999971258
test_19932,0.9999956595
test_19933,0.0000013332
test_19934,0.9999967730
test_19935,0.0000000082
test_19936,0.9999994305
test_19937,0.9999999036
test_19938,0.9999772075
test_19939,0.0001213883
test_19940,0.0000032717
test_19941,0.0016957598
test_19942,0.0000416578
test_19943,0.9813027045
test_19944,0.9999999673
test_19945,0.0000000680
test_19946,0.0000215380
test_19947,0.0000000070
test_19948,0.9999985478
test_19949,0.0000000306
test_19950,0.0007914136
test_19951,0.9999999839
test_19952,0.9998873786
test_19953,0.0000000141
test_19954,0.0000006200
test_19955,0.0001678557
test_19956,0.0000000179
test_19957,0.0000000969
test_19958,0.0623097425
test_19959,0.9999889713
test_19960,0.1128432035
test_19961,0.9999978996
test_19962,0.0000000139
test_19963,0.0000065912
test_19964,0.9742862981
test_19965,0.0000025607
test_19966,0.9999991514
test_19967,0.2054956552
test_19968,0.9996461598
test_19969,0.0301017096
test_19970,0.0001998431
test_19971,0.0000688392
test_19972,0.0012730841
test_19973,0.9999997749
test_19974,0.9999979751
test_19975,0.0000280233
test_19976,0.9999964386
test_19977,0.0000000311
test_19978,0.0000051081
test_19979,0.0000011357
test_19980,0.9755667290
test_19981,0.9999999834
test_19982,0.9999999277
test_19983,0.9999841063
test_19984,0.8313609080
test_19985,0.0000001879
test_19986,0.0000680975
test_19987,0.9999998086
test_19988,0.9999994098
test_19989,0.0000004729
test_19990,0.9994602651
test_19991,0.9999993285
test_19992,0.0000000223
test_19993,0.0001084772
test_19994,0.0210020001
test_19995,0.9990930162
test_19996,0.0000001490
test_19997,0.0000002521
test_19998,0.0000000101
test_19999,0.0000284848
